

================================================================
== Vitis HLS Report for 'image_processing'
================================================================
* Date:           Tue Nov  5 15:49:59 2024

* Version:        2020.2 (Build 3064766 on Wed Nov 18 09:12:47 MST 2020)
* Project:        Assigment2
* Solution:       solution1 (Vivado IP Flow Target)
* Product family: zynquplus
* Target device:  xczu3eg-sbva484-1-i


================================================================
== Performance Estimates
================================================================
+ Timing: 
    * Summary: 
    +--------+----------+----------+------------+
    |  Clock |  Target  | Estimated| Uncertainty|
    +--------+----------+----------+------------+
    |ap_clk  |  10.00 ns|  7.300 ns|     2.70 ns|
    +--------+----------+----------+------------+

+ Latency: 
    * Summary: 
    +---------+---------+-----------+-----------+------+------+---------+
    |  Latency (cycles) |   Latency (absolute)  |   Interval  | Pipeline|
    |   min   |   max   |    min    |    max    |  min |  max |   Type  |
    +---------+---------+-----------+-----------+------+------+---------+
    |     3146|     3146|  31.460 us|  31.460 us|  3147|  3147|     none|
    +---------+---------+-----------+-----------+------+------+---------+

    + Detail: 
        * Instance: 
        N/A

        * Loop: 
        +----------+---------+---------+----------+-----------+-----------+------+----------+
        |          |  Latency (cycles) | Iteration|  Initiation Interval  | Trip |          |
        | Loop Name|   min   |   max   |  Latency |  achieved |   target  | Count| Pipelined|
        +----------+---------+---------+----------+-----------+-----------+------+----------+
        |- loop2   |     3144|     3144|       155|         10|          1|   300|       yes|
        +----------+---------+---------+----------+-----------+-----------+------+----------+

============================================================
+ Verbose Summary: Synthesis Manager
============================================================
InlineROM: 1
ExposeGlobal: 0
============================================================
+ Verbose Summary: CDFG Model
============================================================
IsTopModel: 1
ResetActiveHigh: 1
IsCombinational: 0
IsDatapathOnly: 0
HasWiredReturn: 1
HasMFsm: 0
HasVarLatency: 1
IsPipeline: 0
IsRtlPipelined: 0
IsInstanceOverlapped: 0
IsDontTouch: 0
HasImplIP: 0
IsGatedGlobalClock: 0

+ Individual pipeline summary: 
  * Pipeline-0: initiation interval (II) = 10, depth = 155


============================================================
+ Verbose Summary: Schedule
============================================================
* Number of FSM states : 157
* Pipeline : 1
  Pipeline-0 : II = 10, D = 155, States = { 2 3 4 5 6 7 8 9 10 11 12 13 14 15 16 17 18 19 20 21 22 23 24 25 26 27 28 29 30 31 32 33 34 35 36 37 38 39 40 41 42 43 44 45 46 47 48 49 50 51 52 53 54 55 56 57 58 59 60 61 62 63 64 65 66 67 68 69 70 71 72 73 74 75 76 77 78 79 80 81 82 83 84 85 86 87 88 89 90 91 92 93 94 95 96 97 98 99 100 101 102 103 104 105 106 107 108 109 110 111 112 113 114 115 116 117 118 119 120 121 122 123 124 125 126 127 128 129 130 131 132 133 134 135 136 137 138 139 140 141 142 143 144 145 146 147 148 149 150 151 152 153 154 155 156 }
* Dataflow Pipeline: 0

* FSM state transitions: 
1 --> 2 
2 --> 157 3 
3 --> 4 
4 --> 5 
5 --> 6 
6 --> 7 
7 --> 8 
8 --> 9 
9 --> 10 
10 --> 11 
11 --> 12 
12 --> 13 
13 --> 14 
14 --> 15 
15 --> 16 
16 --> 17 
17 --> 18 
18 --> 19 
19 --> 20 
20 --> 21 
21 --> 22 
22 --> 23 
23 --> 24 
24 --> 25 
25 --> 26 
26 --> 27 
27 --> 28 
28 --> 29 
29 --> 30 
30 --> 31 
31 --> 32 
32 --> 33 
33 --> 34 
34 --> 35 
35 --> 36 
36 --> 37 
37 --> 38 
38 --> 39 
39 --> 40 
40 --> 41 
41 --> 42 
42 --> 43 
43 --> 44 
44 --> 45 
45 --> 46 
46 --> 47 
47 --> 48 
48 --> 49 
49 --> 50 
50 --> 51 
51 --> 52 
52 --> 53 
53 --> 54 
54 --> 55 
55 --> 56 
56 --> 57 
57 --> 58 
58 --> 59 
59 --> 60 
60 --> 61 
61 --> 62 
62 --> 63 
63 --> 64 
64 --> 65 
65 --> 66 
66 --> 67 
67 --> 68 
68 --> 69 
69 --> 70 
70 --> 71 
71 --> 72 
72 --> 73 
73 --> 74 
74 --> 75 
75 --> 76 
76 --> 77 
77 --> 78 
78 --> 79 
79 --> 80 
80 --> 81 
81 --> 82 
82 --> 83 
83 --> 84 
84 --> 85 
85 --> 86 
86 --> 87 
87 --> 88 
88 --> 89 
89 --> 90 
90 --> 91 
91 --> 92 
92 --> 93 
93 --> 94 
94 --> 95 
95 --> 96 
96 --> 97 
97 --> 98 
98 --> 99 
99 --> 100 
100 --> 101 
101 --> 102 
102 --> 103 
103 --> 104 
104 --> 105 
105 --> 106 
106 --> 107 
107 --> 108 
108 --> 109 
109 --> 110 
110 --> 111 
111 --> 112 
112 --> 113 
113 --> 114 
114 --> 115 
115 --> 116 
116 --> 117 
117 --> 118 
118 --> 119 
119 --> 120 
120 --> 121 
121 --> 122 
122 --> 123 
123 --> 124 
124 --> 125 
125 --> 126 
126 --> 127 
127 --> 128 
128 --> 129 
129 --> 130 
130 --> 131 
131 --> 132 
132 --> 133 
133 --> 134 
134 --> 135 
135 --> 136 
136 --> 137 
137 --> 138 
138 --> 139 
139 --> 140 
140 --> 141 
141 --> 142 
142 --> 143 
143 --> 144 
144 --> 145 
145 --> 146 
146 --> 147 
147 --> 148 
148 --> 149 
149 --> 150 
150 --> 151 
151 --> 152 
152 --> 153 
153 --> 154 
154 --> 155 
155 --> 156 
156 --> 2 
157 --> 

* FSM state operations: 

State 1 <SV = 0> <Delay = 1.00>
ST_1 : Operation 158 [1/1] (0.00ns)   --->   "%spectopmodule_ln0 = spectopmodule void @_ssdm_op_SpecTopModule, void @empty_7"   --->   Operation 158 'spectopmodule' 'spectopmodule_ln0' <Predicate = true> <Delay = 0.00>
ST_1 : Operation 159 [1/1] (0.00ns)   --->   "%specinterface_ln0 = specinterface void @_ssdm_op_SpecInterface, i32 %AXI_DATA, void @empty_9, i32 0, i32 0, void @empty, i32 0, i32 0, void @empty_0, void @empty_1, void @empty, i32 16, i32 16, i32 16, i32 16, void @empty, void @empty"   --->   Operation 159 'specinterface' 'specinterface_ln0' <Predicate = true> <Delay = 0.00>
ST_1 : Operation 160 [1/1] (0.00ns)   --->   "%specbitsmap_ln0 = specbitsmap void @_ssdm_op_SpecBitsMap, i32 %AXI_DATA"   --->   Operation 160 'specbitsmap' 'specbitsmap_ln0' <Predicate = true> <Delay = 0.00>
ST_1 : Operation 161 [1/1] (0.00ns)   --->   "%specinterface_ln0 = specinterface void @_ssdm_op_SpecInterface, i64 %in_r, void @empty_10, i32 0, i32 0, void @empty, i32 0, i32 0, void @empty_2, void @empty_3, void @empty, i32 0, i32 0, i32 0, i32 0, void @empty, void @empty_4"   --->   Operation 161 'specinterface' 'specinterface_ln0' <Predicate = true> <Delay = 0.00>
ST_1 : Operation 162 [1/1] (0.00ns)   --->   "%specinterface_ln0 = specinterface void @_ssdm_op_SpecInterface, i64 %in_r, void @empty_5, i32 0, i32 0, void @empty, i32 0, i32 0, void @empty, void @empty, void @empty, i32 0, i32 0, i32 0, i32 0, void @empty, void @empty_4"   --->   Operation 162 'specinterface' 'specinterface_ln0' <Predicate = true> <Delay = 0.00>
ST_1 : Operation 163 [1/1] (0.00ns)   --->   "%specinterface_ln0 = specinterface void @_ssdm_op_SpecInterface, i64 %out_r, void @empty_10, i32 0, i32 0, void @empty, i32 0, i32 0, void @empty_2, void @empty_6, void @empty, i32 0, i32 0, i32 0, i32 0, void @empty, void @empty_4"   --->   Operation 163 'specinterface' 'specinterface_ln0' <Predicate = true> <Delay = 0.00>
ST_1 : Operation 164 [1/1] (0.00ns)   --->   "%specinterface_ln0 = specinterface void @_ssdm_op_SpecInterface, i64 %out_r, void @empty_5, i32 0, i32 0, void @empty, i32 0, i32 0, void @empty, void @empty, void @empty, i32 0, i32 0, i32 0, i32 0, void @empty, void @empty_4"   --->   Operation 164 'specinterface' 'specinterface_ln0' <Predicate = true> <Delay = 0.00>
ST_1 : Operation 165 [1/1] (0.00ns)   --->   "%specinterface_ln0 = specinterface void @_ssdm_op_SpecInterface, i32 0, void @empty_10, i32 0, i32 0, void @empty, i32 0, i32 0, void @empty_2, void @empty, void @empty, i32 0, i32 0, i32 0, i32 0, void @empty, void @empty"   --->   Operation 165 'specinterface' 'specinterface_ln0' <Predicate = true> <Delay = 0.00>
ST_1 : Operation 166 [1/1] (1.00ns)   --->   "%out_read = read i64 @_ssdm_op_Read.s_axilite.i64, i64 %out_r" [main.cpp:7]   --->   Operation 166 'read' 'out_read' <Predicate = true> <Delay = 1.00> <CoreInst = "s_axilite">   --->   Core 122 's_axilite' <Latency = 0> <II = 1> <Delay = 1.00> <Adapter> <Opcode : 'read' 'write'>
ST_1 : Operation 167 [1/1] (1.00ns)   --->   "%in_read = read i64 @_ssdm_op_Read.s_axilite.i64, i64 %in_r" [main.cpp:7]   --->   Operation 167 'read' 'in_read' <Predicate = true> <Delay = 1.00> <CoreInst = "s_axilite">   --->   Core 122 's_axilite' <Latency = 0> <II = 1> <Delay = 1.00> <Adapter> <Opcode : 'read' 'write'>
ST_1 : Operation 168 [1/1] (0.48ns)   --->   "%br_ln17 = br void" [main.cpp:17]   --->   Operation 168 'br' 'br_ln17' <Predicate = true> <Delay = 0.48>

State 2 <SV = 1> <Delay = 1.47>
ST_2 : Operation 169 [1/1] (0.00ns)   --->   "%i = phi i12 %add_ln17, void %.split, i12 0, void" [main.cpp:17]   --->   Operation 169 'phi' 'i' <Predicate = true> <Delay = 0.00>
ST_2 : Operation 170 [1/1] (0.00ns)   --->   "%specpipeline_ln0 = specpipeline void @_ssdm_op_SpecPipeline, i32 4294967295, i32 0, i32 1, i32 0, void @p_str"   --->   Operation 170 'specpipeline' 'specpipeline_ln0' <Predicate = true> <Delay = 0.00>
ST_2 : Operation 171 [1/1] (0.86ns)   --->   "%icmp_ln17 = icmp_ult  i12 %i, i12 3000" [main.cpp:17]   --->   Operation 171 'icmp' 'icmp_ln17' <Predicate = true> <Delay = 0.86> <CoreInst = "Cmp">   --->   Core 9 'Cmp' <Latency = 0> <II = 1> <Delay = 1.11> <FuncUnit> <Opcode : 'icmp'> <InPorts = 2> <OutPorts = 1>
ST_2 : Operation 172 [1/1] (0.00ns)   --->   "%empty = speclooptripcount i32 @_ssdm_op_SpecLoopTripCount, i64 300, i64 300, i64 300"   --->   Operation 172 'speclooptripcount' 'empty' <Predicate = true> <Delay = 0.00>
ST_2 : Operation 173 [1/1] (0.00ns)   --->   "%br_ln17 = br i1 %icmp_ln17, void, void %.split" [main.cpp:17]   --->   Operation 173 'br' 'br_ln17' <Predicate = true> <Delay = 0.00>
ST_2 : Operation 174 [1/1] (0.00ns)   --->   "%shl_ln = bitconcatenate i14 @_ssdm_op_BitConcatenate.i14.i12.i2, i12 %i, i2 0" [main.cpp:19]   --->   Operation 174 'bitconcatenate' 'shl_ln' <Predicate = (icmp_ln17)> <Delay = 0.00>
ST_2 : Operation 175 [1/1] (0.00ns)   --->   "%zext_ln19 = zext i14 %shl_ln" [main.cpp:19]   --->   Operation 175 'zext' 'zext_ln19' <Predicate = (icmp_ln17)> <Delay = 0.00>
ST_2 : Operation 176 [1/1] (1.47ns)   --->   "%add_ln19 = add i64 %zext_ln19, i64 %in_read" [main.cpp:19]   --->   Operation 176 'add' 'add_ln19' <Predicate = (icmp_ln17)> <Delay = 1.47> <CoreInst = "Adder">   --->   Core 1 'Adder' <Latency = 0> <II = 1> <Delay = 1.47> <FuncUnit> <Opcode : 'add' 'sub'> <InPorts = 2> <OutPorts = 1>
ST_2 : Operation 177 [1/1] (0.00ns)   --->   "%trunc_ln = partselect i62 @_ssdm_op_PartSelect.i62.i64.i32.i32, i64 %add_ln19, i32 2, i32 63" [main.cpp:19]   --->   Operation 177 'partselect' 'trunc_ln' <Predicate = (icmp_ln17)> <Delay = 0.00>
ST_2 : Operation 178 [1/1] (0.00ns)   --->   "%sext_ln19 = sext i62 %trunc_ln" [main.cpp:19]   --->   Operation 178 'sext' 'sext_ln19' <Predicate = (icmp_ln17)> <Delay = 0.00>
ST_2 : Operation 179 [1/1] (0.00ns)   --->   "%AXI_DATA_addr = getelementptr i32 %AXI_DATA, i64 %sext_ln19" [main.cpp:19]   --->   Operation 179 'getelementptr' 'AXI_DATA_addr' <Predicate = (icmp_ln17)> <Delay = 0.00>
ST_2 : Operation 180 [1/1] (1.47ns)   --->   "%empty_15 = add i64 %zext_ln19, i64 %out_read" [main.cpp:19]   --->   Operation 180 'add' 'empty_15' <Predicate = (icmp_ln17)> <Delay = 1.47> <CoreInst = "Adder">   --->   Core 1 'Adder' <Latency = 0> <II = 1> <Delay = 1.47> <FuncUnit> <Opcode : 'add' 'sub'> <InPorts = 2> <OutPorts = 1>
ST_2 : Operation 181 [1/1] (0.00ns)   --->   "%trunc_ln1 = partselect i62 @_ssdm_op_PartSelect.i62.i64.i32.i32, i64 %empty_15, i32 2, i32 63" [main.cpp:20]   --->   Operation 181 'partselect' 'trunc_ln1' <Predicate = (icmp_ln17)> <Delay = 0.00>
ST_2 : Operation 182 [1/1] (0.00ns)   --->   "%sext_ln20 = sext i62 %trunc_ln1" [main.cpp:20]   --->   Operation 182 'sext' 'sext_ln20' <Predicate = (icmp_ln17)> <Delay = 0.00>
ST_2 : Operation 183 [1/1] (0.00ns)   --->   "%AXI_DATA_addr_1 = getelementptr i32 %AXI_DATA, i64 %sext_ln20" [main.cpp:20]   --->   Operation 183 'getelementptr' 'AXI_DATA_addr_1' <Predicate = (icmp_ln17)> <Delay = 0.00>

State 3 <SV = 2> <Delay = 7.30>
ST_3 : Operation 184 [7/7] (7.30ns)   --->   "%AXI_DATA_load_req = readreq i1 @_ssdm_op_ReadReq.m_axi.i32P1A, i32 %AXI_DATA_addr, i32 1" [main.cpp:19]   --->   Operation 184 'readreq' 'AXI_DATA_load_req' <Predicate = (icmp_ln17)> <Delay = 7.30> <CoreInst = "m_axi">   --->   Core 121 'm_axi' <Latency = 6> <II = 1> <Delay = 1.00> <Adapter> <Opcode : 'read' 'write' 'readreq' 'writereq' 'writeresp'>

State 4 <SV = 3> <Delay = 7.30>
ST_4 : Operation 185 [6/7] (7.30ns)   --->   "%AXI_DATA_load_req = readreq i1 @_ssdm_op_ReadReq.m_axi.i32P1A, i32 %AXI_DATA_addr, i32 1" [main.cpp:19]   --->   Operation 185 'readreq' 'AXI_DATA_load_req' <Predicate = (icmp_ln17)> <Delay = 7.30> <CoreInst = "m_axi">   --->   Core 121 'm_axi' <Latency = 6> <II = 1> <Delay = 1.00> <Adapter> <Opcode : 'read' 'write' 'readreq' 'writereq' 'writeresp'>

State 5 <SV = 4> <Delay = 7.30>
ST_5 : Operation 186 [5/7] (7.30ns)   --->   "%AXI_DATA_load_req = readreq i1 @_ssdm_op_ReadReq.m_axi.i32P1A, i32 %AXI_DATA_addr, i32 1" [main.cpp:19]   --->   Operation 186 'readreq' 'AXI_DATA_load_req' <Predicate = (icmp_ln17)> <Delay = 7.30> <CoreInst = "m_axi">   --->   Core 121 'm_axi' <Latency = 6> <II = 1> <Delay = 1.00> <Adapter> <Opcode : 'read' 'write' 'readreq' 'writereq' 'writeresp'>

State 6 <SV = 5> <Delay = 7.30>
ST_6 : Operation 187 [4/7] (7.30ns)   --->   "%AXI_DATA_load_req = readreq i1 @_ssdm_op_ReadReq.m_axi.i32P1A, i32 %AXI_DATA_addr, i32 1" [main.cpp:19]   --->   Operation 187 'readreq' 'AXI_DATA_load_req' <Predicate = (icmp_ln17)> <Delay = 7.30> <CoreInst = "m_axi">   --->   Core 121 'm_axi' <Latency = 6> <II = 1> <Delay = 1.00> <Adapter> <Opcode : 'read' 'write' 'readreq' 'writereq' 'writeresp'>

State 7 <SV = 6> <Delay = 7.30>
ST_7 : Operation 188 [3/7] (7.30ns)   --->   "%AXI_DATA_load_req = readreq i1 @_ssdm_op_ReadReq.m_axi.i32P1A, i32 %AXI_DATA_addr, i32 1" [main.cpp:19]   --->   Operation 188 'readreq' 'AXI_DATA_load_req' <Predicate = (icmp_ln17)> <Delay = 7.30> <CoreInst = "m_axi">   --->   Core 121 'm_axi' <Latency = 6> <II = 1> <Delay = 1.00> <Adapter> <Opcode : 'read' 'write' 'readreq' 'writereq' 'writeresp'>

State 8 <SV = 7> <Delay = 7.30>
ST_8 : Operation 189 [2/7] (7.30ns)   --->   "%AXI_DATA_load_req = readreq i1 @_ssdm_op_ReadReq.m_axi.i32P1A, i32 %AXI_DATA_addr, i32 1" [main.cpp:19]   --->   Operation 189 'readreq' 'AXI_DATA_load_req' <Predicate = (icmp_ln17)> <Delay = 7.30> <CoreInst = "m_axi">   --->   Core 121 'm_axi' <Latency = 6> <II = 1> <Delay = 1.00> <Adapter> <Opcode : 'read' 'write' 'readreq' 'writereq' 'writeresp'>

State 9 <SV = 8> <Delay = 7.30>
ST_9 : Operation 190 [1/7] (7.30ns)   --->   "%AXI_DATA_load_req = readreq i1 @_ssdm_op_ReadReq.m_axi.i32P1A, i32 %AXI_DATA_addr, i32 1" [main.cpp:19]   --->   Operation 190 'readreq' 'AXI_DATA_load_req' <Predicate = (icmp_ln17)> <Delay = 7.30> <CoreInst = "m_axi">   --->   Core 121 'm_axi' <Latency = 6> <II = 1> <Delay = 1.00> <Adapter> <Opcode : 'read' 'write' 'readreq' 'writereq' 'writeresp'>

State 10 <SV = 9> <Delay = 7.30>
ST_10 : Operation 191 [1/1] (7.30ns)   --->   "%AXI_DATA_addr_read = read i32 @_ssdm_op_Read.m_axi.i32P1A, i32 %AXI_DATA_addr" [main.cpp:19]   --->   Operation 191 'read' 'AXI_DATA_addr_read' <Predicate = (icmp_ln17)> <Delay = 7.30> <CoreInst = "m_axi">   --->   Core 121 'm_axi' <Latency = 6> <II = 1> <Delay = 1.00> <Adapter> <Opcode : 'read' 'write' 'readreq' 'writereq' 'writeresp'>

State 11 <SV = 10> <Delay = 7.30>
ST_11 : Operation 192 [1/1] (0.96ns)   --->   "%add_ln17 = add i12 %i, i12 10" [main.cpp:17]   --->   Operation 192 'add' 'add_ln17' <Predicate = (icmp_ln17)> <Delay = 0.96> <CoreInst = "Adder">   --->   Core 1 'Adder' <Latency = 0> <II = 1> <Delay = 1.47> <FuncUnit> <Opcode : 'add' 'sub'> <InPorts = 2> <OutPorts = 1>
ST_11 : Operation 193 [1/1] (1.11ns)   --->   "%icmp_ln19 = icmp_sgt  i32 %AXI_DATA_addr_read, i32 50" [main.cpp:19]   --->   Operation 193 'icmp' 'icmp_ln19' <Predicate = (icmp_ln17)> <Delay = 1.11> <CoreInst = "Cmp">   --->   Core 9 'Cmp' <Latency = 0> <II = 1> <Delay = 1.11> <FuncUnit> <Opcode : 'icmp'> <InPorts = 2> <OutPorts = 1>
ST_11 : Operation 194 [1/1] (0.45ns)   --->   "%select_ln20 = select i1 %icmp_ln19, i32 255, i32 0" [main.cpp:20]   --->   Operation 194 'select' 'select_ln20' <Predicate = (icmp_ln17)> <Delay = 0.45> <CoreInst = "Sel">   --->   Core 73 'Sel' <Latency = 0> <II = 1> <Delay = 0.45> <FuncUnit> <Opcode : 'select'> <InPorts = 3> <OutPorts = 1>
ST_11 : Operation 195 [1/1] (7.30ns)   --->   "%AXI_DATA_addr_1_req = writereq i1 @_ssdm_op_WriteReq.m_axi.i32P1A, i32 %AXI_DATA_addr_1, i32 1" [main.cpp:20]   --->   Operation 195 'writereq' 'AXI_DATA_addr_1_req' <Predicate = (icmp_ln17)> <Delay = 7.30> <CoreInst = "m_axi">   --->   Core 121 'm_axi' <Latency = 6> <II = 1> <Delay = 1.00> <Adapter> <Opcode : 'read' 'write' 'readreq' 'writereq' 'writeresp'>

State 12 <SV = 11> <Delay = 7.30>
ST_12 : Operation 196 [1/1] (7.30ns)   --->   "%write_ln20 = write void @_ssdm_op_Write.m_axi.i32P1A, i32 %AXI_DATA_addr_1, i32 %select_ln20, i4 15" [main.cpp:20]   --->   Operation 196 'write' 'write_ln20' <Predicate = (icmp_ln17)> <Delay = 7.30> <CoreInst = "m_axi">   --->   Core 121 'm_axi' <Latency = 6> <II = 1> <Delay = 1.00> <Adapter> <Opcode : 'read' 'write' 'readreq' 'writereq' 'writeresp'>

State 13 <SV = 12> <Delay = 7.30>
ST_13 : Operation 197 [5/5] (7.30ns)   --->   "%AXI_DATA_addr_1_resp = writeresp i1 @_ssdm_op_WriteResp.m_axi.i32P1A, i32 %AXI_DATA_addr_1" [main.cpp:20]   --->   Operation 197 'writeresp' 'AXI_DATA_addr_1_resp' <Predicate = (icmp_ln17)> <Delay = 7.30> <CoreInst = "m_axi">   --->   Core 121 'm_axi' <Latency = 6> <II = 1> <Delay = 1.00> <Adapter> <Opcode : 'read' 'write' 'readreq' 'writereq' 'writeresp'>

State 14 <SV = 13> <Delay = 7.30>
ST_14 : Operation 198 [4/5] (7.30ns)   --->   "%AXI_DATA_addr_1_resp = writeresp i1 @_ssdm_op_WriteResp.m_axi.i32P1A, i32 %AXI_DATA_addr_1" [main.cpp:20]   --->   Operation 198 'writeresp' 'AXI_DATA_addr_1_resp' <Predicate = (icmp_ln17)> <Delay = 7.30> <CoreInst = "m_axi">   --->   Core 121 'm_axi' <Latency = 6> <II = 1> <Delay = 1.00> <Adapter> <Opcode : 'read' 'write' 'readreq' 'writereq' 'writeresp'>

State 15 <SV = 14> <Delay = 7.30>
ST_15 : Operation 199 [3/5] (7.30ns)   --->   "%AXI_DATA_addr_1_resp = writeresp i1 @_ssdm_op_WriteResp.m_axi.i32P1A, i32 %AXI_DATA_addr_1" [main.cpp:20]   --->   Operation 199 'writeresp' 'AXI_DATA_addr_1_resp' <Predicate = (icmp_ln17)> <Delay = 7.30> <CoreInst = "m_axi">   --->   Core 121 'm_axi' <Latency = 6> <II = 1> <Delay = 1.00> <Adapter> <Opcode : 'read' 'write' 'readreq' 'writereq' 'writeresp'>

State 16 <SV = 15> <Delay = 7.30>
ST_16 : Operation 200 [2/5] (7.30ns)   --->   "%AXI_DATA_addr_1_resp = writeresp i1 @_ssdm_op_WriteResp.m_axi.i32P1A, i32 %AXI_DATA_addr_1" [main.cpp:20]   --->   Operation 200 'writeresp' 'AXI_DATA_addr_1_resp' <Predicate = (icmp_ln17)> <Delay = 7.30> <CoreInst = "m_axi">   --->   Core 121 'm_axi' <Latency = 6> <II = 1> <Delay = 1.00> <Adapter> <Opcode : 'read' 'write' 'readreq' 'writereq' 'writeresp'>

State 17 <SV = 16> <Delay = 7.30>
ST_17 : Operation 201 [1/5] (7.30ns)   --->   "%AXI_DATA_addr_1_resp = writeresp i1 @_ssdm_op_WriteResp.m_axi.i32P1A, i32 %AXI_DATA_addr_1" [main.cpp:20]   --->   Operation 201 'writeresp' 'AXI_DATA_addr_1_resp' <Predicate = (icmp_ln17)> <Delay = 7.30> <CoreInst = "m_axi">   --->   Core 121 'm_axi' <Latency = 6> <II = 1> <Delay = 1.00> <Adapter> <Opcode : 'read' 'write' 'readreq' 'writereq' 'writeresp'>
ST_17 : Operation 202 [1/1] (0.00ns)   --->   "%or_ln19 = or i14 %shl_ln, i14 4" [main.cpp:19]   --->   Operation 202 'or' 'or_ln19' <Predicate = (icmp_ln17)> <Delay = 0.00>
ST_17 : Operation 203 [1/1] (0.00ns)   --->   "%zext_ln19_1 = zext i14 %or_ln19" [main.cpp:19]   --->   Operation 203 'zext' 'zext_ln19_1' <Predicate = (icmp_ln17)> <Delay = 0.00>
ST_17 : Operation 204 [1/1] (1.47ns)   --->   "%add_ln19_1 = add i64 %zext_ln19_1, i64 %in_read" [main.cpp:19]   --->   Operation 204 'add' 'add_ln19_1' <Predicate = (icmp_ln17)> <Delay = 1.47> <CoreInst = "Adder">   --->   Core 1 'Adder' <Latency = 0> <II = 1> <Delay = 1.47> <FuncUnit> <Opcode : 'add' 'sub'> <InPorts = 2> <OutPorts = 1>
ST_17 : Operation 205 [1/1] (0.00ns)   --->   "%trunc_ln19_1 = partselect i62 @_ssdm_op_PartSelect.i62.i64.i32.i32, i64 %add_ln19_1, i32 2, i32 63" [main.cpp:19]   --->   Operation 205 'partselect' 'trunc_ln19_1' <Predicate = (icmp_ln17)> <Delay = 0.00>
ST_17 : Operation 206 [1/1] (0.00ns)   --->   "%sext_ln19_1 = sext i62 %trunc_ln19_1" [main.cpp:19]   --->   Operation 206 'sext' 'sext_ln19_1' <Predicate = (icmp_ln17)> <Delay = 0.00>
ST_17 : Operation 207 [1/1] (0.00ns)   --->   "%AXI_DATA_addr_2 = getelementptr i32 %AXI_DATA, i64 %sext_ln19_1" [main.cpp:19]   --->   Operation 207 'getelementptr' 'AXI_DATA_addr_2' <Predicate = (icmp_ln17)> <Delay = 0.00>
ST_17 : Operation 208 [1/1] (1.47ns)   --->   "%empty_16 = add i64 %zext_ln19_1, i64 %out_read" [main.cpp:19]   --->   Operation 208 'add' 'empty_16' <Predicate = (icmp_ln17)> <Delay = 1.47> <CoreInst = "Adder">   --->   Core 1 'Adder' <Latency = 0> <II = 1> <Delay = 1.47> <FuncUnit> <Opcode : 'add' 'sub'> <InPorts = 2> <OutPorts = 1>
ST_17 : Operation 209 [1/1] (0.00ns)   --->   "%trunc_ln20_1 = partselect i62 @_ssdm_op_PartSelect.i62.i64.i32.i32, i64 %empty_16, i32 2, i32 63" [main.cpp:20]   --->   Operation 209 'partselect' 'trunc_ln20_1' <Predicate = (icmp_ln17)> <Delay = 0.00>
ST_17 : Operation 210 [1/1] (0.00ns)   --->   "%sext_ln20_1 = sext i62 %trunc_ln20_1" [main.cpp:20]   --->   Operation 210 'sext' 'sext_ln20_1' <Predicate = (icmp_ln17)> <Delay = 0.00>
ST_17 : Operation 211 [1/1] (0.00ns)   --->   "%AXI_DATA_addr_3 = getelementptr i32 %AXI_DATA, i64 %sext_ln20_1" [main.cpp:20]   --->   Operation 211 'getelementptr' 'AXI_DATA_addr_3' <Predicate = (icmp_ln17)> <Delay = 0.00>

State 18 <SV = 17> <Delay = 7.30>
ST_18 : Operation 212 [7/7] (7.30ns)   --->   "%AXI_DATA_load_1_req = readreq i1 @_ssdm_op_ReadReq.m_axi.i32P1A, i32 %AXI_DATA_addr_2, i32 1" [main.cpp:19]   --->   Operation 212 'readreq' 'AXI_DATA_load_1_req' <Predicate = (icmp_ln17)> <Delay = 7.30> <CoreInst = "m_axi">   --->   Core 121 'm_axi' <Latency = 6> <II = 1> <Delay = 1.00> <Adapter> <Opcode : 'read' 'write' 'readreq' 'writereq' 'writeresp'>

State 19 <SV = 18> <Delay = 7.30>
ST_19 : Operation 213 [6/7] (7.30ns)   --->   "%AXI_DATA_load_1_req = readreq i1 @_ssdm_op_ReadReq.m_axi.i32P1A, i32 %AXI_DATA_addr_2, i32 1" [main.cpp:19]   --->   Operation 213 'readreq' 'AXI_DATA_load_1_req' <Predicate = (icmp_ln17)> <Delay = 7.30> <CoreInst = "m_axi">   --->   Core 121 'm_axi' <Latency = 6> <II = 1> <Delay = 1.00> <Adapter> <Opcode : 'read' 'write' 'readreq' 'writereq' 'writeresp'>

State 20 <SV = 19> <Delay = 7.30>
ST_20 : Operation 214 [5/7] (7.30ns)   --->   "%AXI_DATA_load_1_req = readreq i1 @_ssdm_op_ReadReq.m_axi.i32P1A, i32 %AXI_DATA_addr_2, i32 1" [main.cpp:19]   --->   Operation 214 'readreq' 'AXI_DATA_load_1_req' <Predicate = (icmp_ln17)> <Delay = 7.30> <CoreInst = "m_axi">   --->   Core 121 'm_axi' <Latency = 6> <II = 1> <Delay = 1.00> <Adapter> <Opcode : 'read' 'write' 'readreq' 'writereq' 'writeresp'>

State 21 <SV = 20> <Delay = 7.30>
ST_21 : Operation 215 [4/7] (7.30ns)   --->   "%AXI_DATA_load_1_req = readreq i1 @_ssdm_op_ReadReq.m_axi.i32P1A, i32 %AXI_DATA_addr_2, i32 1" [main.cpp:19]   --->   Operation 215 'readreq' 'AXI_DATA_load_1_req' <Predicate = (icmp_ln17)> <Delay = 7.30> <CoreInst = "m_axi">   --->   Core 121 'm_axi' <Latency = 6> <II = 1> <Delay = 1.00> <Adapter> <Opcode : 'read' 'write' 'readreq' 'writereq' 'writeresp'>

State 22 <SV = 21> <Delay = 7.30>
ST_22 : Operation 216 [3/7] (7.30ns)   --->   "%AXI_DATA_load_1_req = readreq i1 @_ssdm_op_ReadReq.m_axi.i32P1A, i32 %AXI_DATA_addr_2, i32 1" [main.cpp:19]   --->   Operation 216 'readreq' 'AXI_DATA_load_1_req' <Predicate = (icmp_ln17)> <Delay = 7.30> <CoreInst = "m_axi">   --->   Core 121 'm_axi' <Latency = 6> <II = 1> <Delay = 1.00> <Adapter> <Opcode : 'read' 'write' 'readreq' 'writereq' 'writeresp'>

State 23 <SV = 22> <Delay = 7.30>
ST_23 : Operation 217 [2/7] (7.30ns)   --->   "%AXI_DATA_load_1_req = readreq i1 @_ssdm_op_ReadReq.m_axi.i32P1A, i32 %AXI_DATA_addr_2, i32 1" [main.cpp:19]   --->   Operation 217 'readreq' 'AXI_DATA_load_1_req' <Predicate = (icmp_ln17)> <Delay = 7.30> <CoreInst = "m_axi">   --->   Core 121 'm_axi' <Latency = 6> <II = 1> <Delay = 1.00> <Adapter> <Opcode : 'read' 'write' 'readreq' 'writereq' 'writeresp'>

State 24 <SV = 23> <Delay = 7.30>
ST_24 : Operation 218 [1/7] (7.30ns)   --->   "%AXI_DATA_load_1_req = readreq i1 @_ssdm_op_ReadReq.m_axi.i32P1A, i32 %AXI_DATA_addr_2, i32 1" [main.cpp:19]   --->   Operation 218 'readreq' 'AXI_DATA_load_1_req' <Predicate = (icmp_ln17)> <Delay = 7.30> <CoreInst = "m_axi">   --->   Core 121 'm_axi' <Latency = 6> <II = 1> <Delay = 1.00> <Adapter> <Opcode : 'read' 'write' 'readreq' 'writereq' 'writeresp'>

State 25 <SV = 24> <Delay = 7.30>
ST_25 : Operation 219 [1/1] (7.30ns)   --->   "%AXI_DATA_addr_2_read = read i32 @_ssdm_op_Read.m_axi.i32P1A, i32 %AXI_DATA_addr_2" [main.cpp:19]   --->   Operation 219 'read' 'AXI_DATA_addr_2_read' <Predicate = (icmp_ln17)> <Delay = 7.30> <CoreInst = "m_axi">   --->   Core 121 'm_axi' <Latency = 6> <II = 1> <Delay = 1.00> <Adapter> <Opcode : 'read' 'write' 'readreq' 'writereq' 'writeresp'>

State 26 <SV = 25> <Delay = 7.30>
ST_26 : Operation 220 [1/1] (1.11ns)   --->   "%icmp_ln19_1 = icmp_sgt  i32 %AXI_DATA_addr_2_read, i32 50" [main.cpp:19]   --->   Operation 220 'icmp' 'icmp_ln19_1' <Predicate = (icmp_ln17)> <Delay = 1.11> <CoreInst = "Cmp">   --->   Core 9 'Cmp' <Latency = 0> <II = 1> <Delay = 1.11> <FuncUnit> <Opcode : 'icmp'> <InPorts = 2> <OutPorts = 1>
ST_26 : Operation 221 [1/1] (0.45ns)   --->   "%select_ln20_1 = select i1 %icmp_ln19_1, i32 255, i32 0" [main.cpp:20]   --->   Operation 221 'select' 'select_ln20_1' <Predicate = (icmp_ln17)> <Delay = 0.45> <CoreInst = "Sel">   --->   Core 73 'Sel' <Latency = 0> <II = 1> <Delay = 0.45> <FuncUnit> <Opcode : 'select'> <InPorts = 3> <OutPorts = 1>
ST_26 : Operation 222 [1/1] (7.30ns)   --->   "%AXI_DATA_addr_3_req = writereq i1 @_ssdm_op_WriteReq.m_axi.i32P1A, i32 %AXI_DATA_addr_3, i32 1" [main.cpp:20]   --->   Operation 222 'writereq' 'AXI_DATA_addr_3_req' <Predicate = (icmp_ln17)> <Delay = 7.30> <CoreInst = "m_axi">   --->   Core 121 'm_axi' <Latency = 6> <II = 1> <Delay = 1.00> <Adapter> <Opcode : 'read' 'write' 'readreq' 'writereq' 'writeresp'>

State 27 <SV = 26> <Delay = 7.30>
ST_27 : Operation 223 [1/1] (7.30ns)   --->   "%write_ln20 = write void @_ssdm_op_Write.m_axi.i32P1A, i32 %AXI_DATA_addr_3, i32 %select_ln20_1, i4 15" [main.cpp:20]   --->   Operation 223 'write' 'write_ln20' <Predicate = (icmp_ln17)> <Delay = 7.30> <CoreInst = "m_axi">   --->   Core 121 'm_axi' <Latency = 6> <II = 1> <Delay = 1.00> <Adapter> <Opcode : 'read' 'write' 'readreq' 'writereq' 'writeresp'>

State 28 <SV = 27> <Delay = 7.30>
ST_28 : Operation 224 [5/5] (7.30ns)   --->   "%AXI_DATA_addr_3_resp = writeresp i1 @_ssdm_op_WriteResp.m_axi.i32P1A, i32 %AXI_DATA_addr_3" [main.cpp:20]   --->   Operation 224 'writeresp' 'AXI_DATA_addr_3_resp' <Predicate = (icmp_ln17)> <Delay = 7.30> <CoreInst = "m_axi">   --->   Core 121 'm_axi' <Latency = 6> <II = 1> <Delay = 1.00> <Adapter> <Opcode : 'read' 'write' 'readreq' 'writereq' 'writeresp'>

State 29 <SV = 28> <Delay = 7.30>
ST_29 : Operation 225 [4/5] (7.30ns)   --->   "%AXI_DATA_addr_3_resp = writeresp i1 @_ssdm_op_WriteResp.m_axi.i32P1A, i32 %AXI_DATA_addr_3" [main.cpp:20]   --->   Operation 225 'writeresp' 'AXI_DATA_addr_3_resp' <Predicate = (icmp_ln17)> <Delay = 7.30> <CoreInst = "m_axi">   --->   Core 121 'm_axi' <Latency = 6> <II = 1> <Delay = 1.00> <Adapter> <Opcode : 'read' 'write' 'readreq' 'writereq' 'writeresp'>

State 30 <SV = 29> <Delay = 7.30>
ST_30 : Operation 226 [3/5] (7.30ns)   --->   "%AXI_DATA_addr_3_resp = writeresp i1 @_ssdm_op_WriteResp.m_axi.i32P1A, i32 %AXI_DATA_addr_3" [main.cpp:20]   --->   Operation 226 'writeresp' 'AXI_DATA_addr_3_resp' <Predicate = (icmp_ln17)> <Delay = 7.30> <CoreInst = "m_axi">   --->   Core 121 'm_axi' <Latency = 6> <II = 1> <Delay = 1.00> <Adapter> <Opcode : 'read' 'write' 'readreq' 'writereq' 'writeresp'>

State 31 <SV = 30> <Delay = 7.30>
ST_31 : Operation 227 [2/5] (7.30ns)   --->   "%AXI_DATA_addr_3_resp = writeresp i1 @_ssdm_op_WriteResp.m_axi.i32P1A, i32 %AXI_DATA_addr_3" [main.cpp:20]   --->   Operation 227 'writeresp' 'AXI_DATA_addr_3_resp' <Predicate = (icmp_ln17)> <Delay = 7.30> <CoreInst = "m_axi">   --->   Core 121 'm_axi' <Latency = 6> <II = 1> <Delay = 1.00> <Adapter> <Opcode : 'read' 'write' 'readreq' 'writereq' 'writeresp'>

State 32 <SV = 31> <Delay = 7.30>
ST_32 : Operation 228 [1/5] (7.30ns)   --->   "%AXI_DATA_addr_3_resp = writeresp i1 @_ssdm_op_WriteResp.m_axi.i32P1A, i32 %AXI_DATA_addr_3" [main.cpp:20]   --->   Operation 228 'writeresp' 'AXI_DATA_addr_3_resp' <Predicate = (icmp_ln17)> <Delay = 7.30> <CoreInst = "m_axi">   --->   Core 121 'm_axi' <Latency = 6> <II = 1> <Delay = 1.00> <Adapter> <Opcode : 'read' 'write' 'readreq' 'writereq' 'writeresp'>

State 33 <SV = 32> <Delay = 2.45>
ST_33 : Operation 229 [1/1] (0.98ns)   --->   "%add_ln19_2 = add i14 %shl_ln, i14 8" [main.cpp:19]   --->   Operation 229 'add' 'add_ln19_2' <Predicate = (icmp_ln17)> <Delay = 0.98> <CoreInst = "Adder">   --->   Core 1 'Adder' <Latency = 0> <II = 1> <Delay = 1.47> <FuncUnit> <Opcode : 'add' 'sub'> <InPorts = 2> <OutPorts = 1>
ST_33 : Operation 230 [1/1] (0.00ns)   --->   "%zext_ln19_2 = zext i14 %add_ln19_2" [main.cpp:19]   --->   Operation 230 'zext' 'zext_ln19_2' <Predicate = (icmp_ln17)> <Delay = 0.00>
ST_33 : Operation 231 [1/1] (1.47ns)   --->   "%add_ln19_3 = add i64 %zext_ln19_2, i64 %in_read" [main.cpp:19]   --->   Operation 231 'add' 'add_ln19_3' <Predicate = (icmp_ln17)> <Delay = 1.47> <CoreInst = "Adder">   --->   Core 1 'Adder' <Latency = 0> <II = 1> <Delay = 1.47> <FuncUnit> <Opcode : 'add' 'sub'> <InPorts = 2> <OutPorts = 1>
ST_33 : Operation 232 [1/1] (0.00ns)   --->   "%trunc_ln19_2 = partselect i62 @_ssdm_op_PartSelect.i62.i64.i32.i32, i64 %add_ln19_3, i32 2, i32 63" [main.cpp:19]   --->   Operation 232 'partselect' 'trunc_ln19_2' <Predicate = (icmp_ln17)> <Delay = 0.00>
ST_33 : Operation 233 [1/1] (0.00ns)   --->   "%sext_ln19_2 = sext i62 %trunc_ln19_2" [main.cpp:19]   --->   Operation 233 'sext' 'sext_ln19_2' <Predicate = (icmp_ln17)> <Delay = 0.00>
ST_33 : Operation 234 [1/1] (0.00ns)   --->   "%AXI_DATA_addr_4 = getelementptr i32 %AXI_DATA, i64 %sext_ln19_2" [main.cpp:19]   --->   Operation 234 'getelementptr' 'AXI_DATA_addr_4' <Predicate = (icmp_ln17)> <Delay = 0.00>
ST_33 : Operation 235 [1/1] (1.47ns)   --->   "%empty_17 = add i64 %zext_ln19_2, i64 %out_read" [main.cpp:19]   --->   Operation 235 'add' 'empty_17' <Predicate = (icmp_ln17)> <Delay = 1.47> <CoreInst = "Adder">   --->   Core 1 'Adder' <Latency = 0> <II = 1> <Delay = 1.47> <FuncUnit> <Opcode : 'add' 'sub'> <InPorts = 2> <OutPorts = 1>
ST_33 : Operation 236 [1/1] (0.00ns)   --->   "%trunc_ln20_2 = partselect i62 @_ssdm_op_PartSelect.i62.i64.i32.i32, i64 %empty_17, i32 2, i32 63" [main.cpp:20]   --->   Operation 236 'partselect' 'trunc_ln20_2' <Predicate = (icmp_ln17)> <Delay = 0.00>
ST_33 : Operation 237 [1/1] (0.00ns)   --->   "%sext_ln20_2 = sext i62 %trunc_ln20_2" [main.cpp:20]   --->   Operation 237 'sext' 'sext_ln20_2' <Predicate = (icmp_ln17)> <Delay = 0.00>
ST_33 : Operation 238 [1/1] (0.00ns)   --->   "%AXI_DATA_addr_5 = getelementptr i32 %AXI_DATA, i64 %sext_ln20_2" [main.cpp:20]   --->   Operation 238 'getelementptr' 'AXI_DATA_addr_5' <Predicate = (icmp_ln17)> <Delay = 0.00>

State 34 <SV = 33> <Delay = 7.30>
ST_34 : Operation 239 [7/7] (7.30ns)   --->   "%AXI_DATA_load_2_req = readreq i1 @_ssdm_op_ReadReq.m_axi.i32P1A, i32 %AXI_DATA_addr_4, i32 1" [main.cpp:19]   --->   Operation 239 'readreq' 'AXI_DATA_load_2_req' <Predicate = (icmp_ln17)> <Delay = 7.30> <CoreInst = "m_axi">   --->   Core 121 'm_axi' <Latency = 6> <II = 1> <Delay = 1.00> <Adapter> <Opcode : 'read' 'write' 'readreq' 'writereq' 'writeresp'>

State 35 <SV = 34> <Delay = 7.30>
ST_35 : Operation 240 [6/7] (7.30ns)   --->   "%AXI_DATA_load_2_req = readreq i1 @_ssdm_op_ReadReq.m_axi.i32P1A, i32 %AXI_DATA_addr_4, i32 1" [main.cpp:19]   --->   Operation 240 'readreq' 'AXI_DATA_load_2_req' <Predicate = (icmp_ln17)> <Delay = 7.30> <CoreInst = "m_axi">   --->   Core 121 'm_axi' <Latency = 6> <II = 1> <Delay = 1.00> <Adapter> <Opcode : 'read' 'write' 'readreq' 'writereq' 'writeresp'>

State 36 <SV = 35> <Delay = 7.30>
ST_36 : Operation 241 [5/7] (7.30ns)   --->   "%AXI_DATA_load_2_req = readreq i1 @_ssdm_op_ReadReq.m_axi.i32P1A, i32 %AXI_DATA_addr_4, i32 1" [main.cpp:19]   --->   Operation 241 'readreq' 'AXI_DATA_load_2_req' <Predicate = (icmp_ln17)> <Delay = 7.30> <CoreInst = "m_axi">   --->   Core 121 'm_axi' <Latency = 6> <II = 1> <Delay = 1.00> <Adapter> <Opcode : 'read' 'write' 'readreq' 'writereq' 'writeresp'>

State 37 <SV = 36> <Delay = 7.30>
ST_37 : Operation 242 [4/7] (7.30ns)   --->   "%AXI_DATA_load_2_req = readreq i1 @_ssdm_op_ReadReq.m_axi.i32P1A, i32 %AXI_DATA_addr_4, i32 1" [main.cpp:19]   --->   Operation 242 'readreq' 'AXI_DATA_load_2_req' <Predicate = (icmp_ln17)> <Delay = 7.30> <CoreInst = "m_axi">   --->   Core 121 'm_axi' <Latency = 6> <II = 1> <Delay = 1.00> <Adapter> <Opcode : 'read' 'write' 'readreq' 'writereq' 'writeresp'>

State 38 <SV = 37> <Delay = 7.30>
ST_38 : Operation 243 [3/7] (7.30ns)   --->   "%AXI_DATA_load_2_req = readreq i1 @_ssdm_op_ReadReq.m_axi.i32P1A, i32 %AXI_DATA_addr_4, i32 1" [main.cpp:19]   --->   Operation 243 'readreq' 'AXI_DATA_load_2_req' <Predicate = (icmp_ln17)> <Delay = 7.30> <CoreInst = "m_axi">   --->   Core 121 'm_axi' <Latency = 6> <II = 1> <Delay = 1.00> <Adapter> <Opcode : 'read' 'write' 'readreq' 'writereq' 'writeresp'>

State 39 <SV = 38> <Delay = 7.30>
ST_39 : Operation 244 [2/7] (7.30ns)   --->   "%AXI_DATA_load_2_req = readreq i1 @_ssdm_op_ReadReq.m_axi.i32P1A, i32 %AXI_DATA_addr_4, i32 1" [main.cpp:19]   --->   Operation 244 'readreq' 'AXI_DATA_load_2_req' <Predicate = (icmp_ln17)> <Delay = 7.30> <CoreInst = "m_axi">   --->   Core 121 'm_axi' <Latency = 6> <II = 1> <Delay = 1.00> <Adapter> <Opcode : 'read' 'write' 'readreq' 'writereq' 'writeresp'>

State 40 <SV = 39> <Delay = 7.30>
ST_40 : Operation 245 [1/7] (7.30ns)   --->   "%AXI_DATA_load_2_req = readreq i1 @_ssdm_op_ReadReq.m_axi.i32P1A, i32 %AXI_DATA_addr_4, i32 1" [main.cpp:19]   --->   Operation 245 'readreq' 'AXI_DATA_load_2_req' <Predicate = (icmp_ln17)> <Delay = 7.30> <CoreInst = "m_axi">   --->   Core 121 'm_axi' <Latency = 6> <II = 1> <Delay = 1.00> <Adapter> <Opcode : 'read' 'write' 'readreq' 'writereq' 'writeresp'>

State 41 <SV = 40> <Delay = 7.30>
ST_41 : Operation 246 [1/1] (7.30ns)   --->   "%AXI_DATA_addr_4_read = read i32 @_ssdm_op_Read.m_axi.i32P1A, i32 %AXI_DATA_addr_4" [main.cpp:19]   --->   Operation 246 'read' 'AXI_DATA_addr_4_read' <Predicate = (icmp_ln17)> <Delay = 7.30> <CoreInst = "m_axi">   --->   Core 121 'm_axi' <Latency = 6> <II = 1> <Delay = 1.00> <Adapter> <Opcode : 'read' 'write' 'readreq' 'writereq' 'writeresp'>

State 42 <SV = 41> <Delay = 7.30>
ST_42 : Operation 247 [1/1] (1.11ns)   --->   "%icmp_ln19_2 = icmp_sgt  i32 %AXI_DATA_addr_4_read, i32 50" [main.cpp:19]   --->   Operation 247 'icmp' 'icmp_ln19_2' <Predicate = (icmp_ln17)> <Delay = 1.11> <CoreInst = "Cmp">   --->   Core 9 'Cmp' <Latency = 0> <II = 1> <Delay = 1.11> <FuncUnit> <Opcode : 'icmp'> <InPorts = 2> <OutPorts = 1>
ST_42 : Operation 248 [1/1] (0.45ns)   --->   "%select_ln20_2 = select i1 %icmp_ln19_2, i32 255, i32 0" [main.cpp:20]   --->   Operation 248 'select' 'select_ln20_2' <Predicate = (icmp_ln17)> <Delay = 0.45> <CoreInst = "Sel">   --->   Core 73 'Sel' <Latency = 0> <II = 1> <Delay = 0.45> <FuncUnit> <Opcode : 'select'> <InPorts = 3> <OutPorts = 1>
ST_42 : Operation 249 [1/1] (7.30ns)   --->   "%AXI_DATA_addr_5_req = writereq i1 @_ssdm_op_WriteReq.m_axi.i32P1A, i32 %AXI_DATA_addr_5, i32 1" [main.cpp:20]   --->   Operation 249 'writereq' 'AXI_DATA_addr_5_req' <Predicate = (icmp_ln17)> <Delay = 7.30> <CoreInst = "m_axi">   --->   Core 121 'm_axi' <Latency = 6> <II = 1> <Delay = 1.00> <Adapter> <Opcode : 'read' 'write' 'readreq' 'writereq' 'writeresp'>

State 43 <SV = 42> <Delay = 7.30>
ST_43 : Operation 250 [1/1] (7.30ns)   --->   "%write_ln20 = write void @_ssdm_op_Write.m_axi.i32P1A, i32 %AXI_DATA_addr_5, i32 %select_ln20_2, i4 15" [main.cpp:20]   --->   Operation 250 'write' 'write_ln20' <Predicate = (icmp_ln17)> <Delay = 7.30> <CoreInst = "m_axi">   --->   Core 121 'm_axi' <Latency = 6> <II = 1> <Delay = 1.00> <Adapter> <Opcode : 'read' 'write' 'readreq' 'writereq' 'writeresp'>

State 44 <SV = 43> <Delay = 7.30>
ST_44 : Operation 251 [5/5] (7.30ns)   --->   "%AXI_DATA_addr_5_resp = writeresp i1 @_ssdm_op_WriteResp.m_axi.i32P1A, i32 %AXI_DATA_addr_5" [main.cpp:20]   --->   Operation 251 'writeresp' 'AXI_DATA_addr_5_resp' <Predicate = (icmp_ln17)> <Delay = 7.30> <CoreInst = "m_axi">   --->   Core 121 'm_axi' <Latency = 6> <II = 1> <Delay = 1.00> <Adapter> <Opcode : 'read' 'write' 'readreq' 'writereq' 'writeresp'>

State 45 <SV = 44> <Delay = 7.30>
ST_45 : Operation 252 [4/5] (7.30ns)   --->   "%AXI_DATA_addr_5_resp = writeresp i1 @_ssdm_op_WriteResp.m_axi.i32P1A, i32 %AXI_DATA_addr_5" [main.cpp:20]   --->   Operation 252 'writeresp' 'AXI_DATA_addr_5_resp' <Predicate = (icmp_ln17)> <Delay = 7.30> <CoreInst = "m_axi">   --->   Core 121 'm_axi' <Latency = 6> <II = 1> <Delay = 1.00> <Adapter> <Opcode : 'read' 'write' 'readreq' 'writereq' 'writeresp'>

State 46 <SV = 45> <Delay = 7.30>
ST_46 : Operation 253 [3/5] (7.30ns)   --->   "%AXI_DATA_addr_5_resp = writeresp i1 @_ssdm_op_WriteResp.m_axi.i32P1A, i32 %AXI_DATA_addr_5" [main.cpp:20]   --->   Operation 253 'writeresp' 'AXI_DATA_addr_5_resp' <Predicate = (icmp_ln17)> <Delay = 7.30> <CoreInst = "m_axi">   --->   Core 121 'm_axi' <Latency = 6> <II = 1> <Delay = 1.00> <Adapter> <Opcode : 'read' 'write' 'readreq' 'writereq' 'writeresp'>

State 47 <SV = 46> <Delay = 7.30>
ST_47 : Operation 254 [2/5] (7.30ns)   --->   "%AXI_DATA_addr_5_resp = writeresp i1 @_ssdm_op_WriteResp.m_axi.i32P1A, i32 %AXI_DATA_addr_5" [main.cpp:20]   --->   Operation 254 'writeresp' 'AXI_DATA_addr_5_resp' <Predicate = (icmp_ln17)> <Delay = 7.30> <CoreInst = "m_axi">   --->   Core 121 'm_axi' <Latency = 6> <II = 1> <Delay = 1.00> <Adapter> <Opcode : 'read' 'write' 'readreq' 'writereq' 'writeresp'>

State 48 <SV = 47> <Delay = 7.30>
ST_48 : Operation 255 [1/5] (7.30ns)   --->   "%AXI_DATA_addr_5_resp = writeresp i1 @_ssdm_op_WriteResp.m_axi.i32P1A, i32 %AXI_DATA_addr_5" [main.cpp:20]   --->   Operation 255 'writeresp' 'AXI_DATA_addr_5_resp' <Predicate = (icmp_ln17)> <Delay = 7.30> <CoreInst = "m_axi">   --->   Core 121 'm_axi' <Latency = 6> <II = 1> <Delay = 1.00> <Adapter> <Opcode : 'read' 'write' 'readreq' 'writereq' 'writeresp'>
ST_48 : Operation 256 [1/1] (0.98ns)   --->   "%add_ln19_4 = add i14 %shl_ln, i14 12" [main.cpp:19]   --->   Operation 256 'add' 'add_ln19_4' <Predicate = (icmp_ln17)> <Delay = 0.98> <CoreInst = "Adder">   --->   Core 1 'Adder' <Latency = 0> <II = 1> <Delay = 1.47> <FuncUnit> <Opcode : 'add' 'sub'> <InPorts = 2> <OutPorts = 1>
ST_48 : Operation 257 [1/1] (0.00ns)   --->   "%zext_ln19_3 = zext i14 %add_ln19_4" [main.cpp:19]   --->   Operation 257 'zext' 'zext_ln19_3' <Predicate = (icmp_ln17)> <Delay = 0.00>
ST_48 : Operation 258 [1/1] (1.47ns)   --->   "%add_ln19_5 = add i64 %zext_ln19_3, i64 %in_read" [main.cpp:19]   --->   Operation 258 'add' 'add_ln19_5' <Predicate = (icmp_ln17)> <Delay = 1.47> <CoreInst = "Adder">   --->   Core 1 'Adder' <Latency = 0> <II = 1> <Delay = 1.47> <FuncUnit> <Opcode : 'add' 'sub'> <InPorts = 2> <OutPorts = 1>
ST_48 : Operation 259 [1/1] (0.00ns)   --->   "%trunc_ln19_3 = partselect i62 @_ssdm_op_PartSelect.i62.i64.i32.i32, i64 %add_ln19_5, i32 2, i32 63" [main.cpp:19]   --->   Operation 259 'partselect' 'trunc_ln19_3' <Predicate = (icmp_ln17)> <Delay = 0.00>
ST_48 : Operation 260 [1/1] (0.00ns)   --->   "%sext_ln19_3 = sext i62 %trunc_ln19_3" [main.cpp:19]   --->   Operation 260 'sext' 'sext_ln19_3' <Predicate = (icmp_ln17)> <Delay = 0.00>
ST_48 : Operation 261 [1/1] (0.00ns)   --->   "%AXI_DATA_addr_6 = getelementptr i32 %AXI_DATA, i64 %sext_ln19_3" [main.cpp:19]   --->   Operation 261 'getelementptr' 'AXI_DATA_addr_6' <Predicate = (icmp_ln17)> <Delay = 0.00>
ST_48 : Operation 262 [1/1] (1.47ns)   --->   "%empty_18 = add i64 %zext_ln19_3, i64 %out_read" [main.cpp:19]   --->   Operation 262 'add' 'empty_18' <Predicate = (icmp_ln17)> <Delay = 1.47> <CoreInst = "Adder">   --->   Core 1 'Adder' <Latency = 0> <II = 1> <Delay = 1.47> <FuncUnit> <Opcode : 'add' 'sub'> <InPorts = 2> <OutPorts = 1>
ST_48 : Operation 263 [1/1] (0.00ns)   --->   "%trunc_ln20_3 = partselect i62 @_ssdm_op_PartSelect.i62.i64.i32.i32, i64 %empty_18, i32 2, i32 63" [main.cpp:20]   --->   Operation 263 'partselect' 'trunc_ln20_3' <Predicate = (icmp_ln17)> <Delay = 0.00>
ST_48 : Operation 264 [1/1] (0.00ns)   --->   "%sext_ln20_3 = sext i62 %trunc_ln20_3" [main.cpp:20]   --->   Operation 264 'sext' 'sext_ln20_3' <Predicate = (icmp_ln17)> <Delay = 0.00>
ST_48 : Operation 265 [1/1] (0.00ns)   --->   "%AXI_DATA_addr_7 = getelementptr i32 %AXI_DATA, i64 %sext_ln20_3" [main.cpp:20]   --->   Operation 265 'getelementptr' 'AXI_DATA_addr_7' <Predicate = (icmp_ln17)> <Delay = 0.00>

State 49 <SV = 48> <Delay = 7.30>
ST_49 : Operation 266 [7/7] (7.30ns)   --->   "%AXI_DATA_load_3_req = readreq i1 @_ssdm_op_ReadReq.m_axi.i32P1A, i32 %AXI_DATA_addr_6, i32 1" [main.cpp:19]   --->   Operation 266 'readreq' 'AXI_DATA_load_3_req' <Predicate = (icmp_ln17)> <Delay = 7.30> <CoreInst = "m_axi">   --->   Core 121 'm_axi' <Latency = 6> <II = 1> <Delay = 1.00> <Adapter> <Opcode : 'read' 'write' 'readreq' 'writereq' 'writeresp'>

State 50 <SV = 49> <Delay = 7.30>
ST_50 : Operation 267 [6/7] (7.30ns)   --->   "%AXI_DATA_load_3_req = readreq i1 @_ssdm_op_ReadReq.m_axi.i32P1A, i32 %AXI_DATA_addr_6, i32 1" [main.cpp:19]   --->   Operation 267 'readreq' 'AXI_DATA_load_3_req' <Predicate = (icmp_ln17)> <Delay = 7.30> <CoreInst = "m_axi">   --->   Core 121 'm_axi' <Latency = 6> <II = 1> <Delay = 1.00> <Adapter> <Opcode : 'read' 'write' 'readreq' 'writereq' 'writeresp'>

State 51 <SV = 50> <Delay = 7.30>
ST_51 : Operation 268 [5/7] (7.30ns)   --->   "%AXI_DATA_load_3_req = readreq i1 @_ssdm_op_ReadReq.m_axi.i32P1A, i32 %AXI_DATA_addr_6, i32 1" [main.cpp:19]   --->   Operation 268 'readreq' 'AXI_DATA_load_3_req' <Predicate = (icmp_ln17)> <Delay = 7.30> <CoreInst = "m_axi">   --->   Core 121 'm_axi' <Latency = 6> <II = 1> <Delay = 1.00> <Adapter> <Opcode : 'read' 'write' 'readreq' 'writereq' 'writeresp'>

State 52 <SV = 51> <Delay = 7.30>
ST_52 : Operation 269 [4/7] (7.30ns)   --->   "%AXI_DATA_load_3_req = readreq i1 @_ssdm_op_ReadReq.m_axi.i32P1A, i32 %AXI_DATA_addr_6, i32 1" [main.cpp:19]   --->   Operation 269 'readreq' 'AXI_DATA_load_3_req' <Predicate = (icmp_ln17)> <Delay = 7.30> <CoreInst = "m_axi">   --->   Core 121 'm_axi' <Latency = 6> <II = 1> <Delay = 1.00> <Adapter> <Opcode : 'read' 'write' 'readreq' 'writereq' 'writeresp'>

State 53 <SV = 52> <Delay = 7.30>
ST_53 : Operation 270 [3/7] (7.30ns)   --->   "%AXI_DATA_load_3_req = readreq i1 @_ssdm_op_ReadReq.m_axi.i32P1A, i32 %AXI_DATA_addr_6, i32 1" [main.cpp:19]   --->   Operation 270 'readreq' 'AXI_DATA_load_3_req' <Predicate = (icmp_ln17)> <Delay = 7.30> <CoreInst = "m_axi">   --->   Core 121 'm_axi' <Latency = 6> <II = 1> <Delay = 1.00> <Adapter> <Opcode : 'read' 'write' 'readreq' 'writereq' 'writeresp'>

State 54 <SV = 53> <Delay = 7.30>
ST_54 : Operation 271 [2/7] (7.30ns)   --->   "%AXI_DATA_load_3_req = readreq i1 @_ssdm_op_ReadReq.m_axi.i32P1A, i32 %AXI_DATA_addr_6, i32 1" [main.cpp:19]   --->   Operation 271 'readreq' 'AXI_DATA_load_3_req' <Predicate = (icmp_ln17)> <Delay = 7.30> <CoreInst = "m_axi">   --->   Core 121 'm_axi' <Latency = 6> <II = 1> <Delay = 1.00> <Adapter> <Opcode : 'read' 'write' 'readreq' 'writereq' 'writeresp'>

State 55 <SV = 54> <Delay = 7.30>
ST_55 : Operation 272 [1/7] (7.30ns)   --->   "%AXI_DATA_load_3_req = readreq i1 @_ssdm_op_ReadReq.m_axi.i32P1A, i32 %AXI_DATA_addr_6, i32 1" [main.cpp:19]   --->   Operation 272 'readreq' 'AXI_DATA_load_3_req' <Predicate = (icmp_ln17)> <Delay = 7.30> <CoreInst = "m_axi">   --->   Core 121 'm_axi' <Latency = 6> <II = 1> <Delay = 1.00> <Adapter> <Opcode : 'read' 'write' 'readreq' 'writereq' 'writeresp'>

State 56 <SV = 55> <Delay = 7.30>
ST_56 : Operation 273 [1/1] (7.30ns)   --->   "%AXI_DATA_addr_6_read = read i32 @_ssdm_op_Read.m_axi.i32P1A, i32 %AXI_DATA_addr_6" [main.cpp:19]   --->   Operation 273 'read' 'AXI_DATA_addr_6_read' <Predicate = (icmp_ln17)> <Delay = 7.30> <CoreInst = "m_axi">   --->   Core 121 'm_axi' <Latency = 6> <II = 1> <Delay = 1.00> <Adapter> <Opcode : 'read' 'write' 'readreq' 'writereq' 'writeresp'>

State 57 <SV = 56> <Delay = 7.30>
ST_57 : Operation 274 [1/1] (1.11ns)   --->   "%icmp_ln19_3 = icmp_sgt  i32 %AXI_DATA_addr_6_read, i32 50" [main.cpp:19]   --->   Operation 274 'icmp' 'icmp_ln19_3' <Predicate = (icmp_ln17)> <Delay = 1.11> <CoreInst = "Cmp">   --->   Core 9 'Cmp' <Latency = 0> <II = 1> <Delay = 1.11> <FuncUnit> <Opcode : 'icmp'> <InPorts = 2> <OutPorts = 1>
ST_57 : Operation 275 [1/1] (0.45ns)   --->   "%select_ln20_3 = select i1 %icmp_ln19_3, i32 255, i32 0" [main.cpp:20]   --->   Operation 275 'select' 'select_ln20_3' <Predicate = (icmp_ln17)> <Delay = 0.45> <CoreInst = "Sel">   --->   Core 73 'Sel' <Latency = 0> <II = 1> <Delay = 0.45> <FuncUnit> <Opcode : 'select'> <InPorts = 3> <OutPorts = 1>
ST_57 : Operation 276 [1/1] (7.30ns)   --->   "%AXI_DATA_addr_7_req = writereq i1 @_ssdm_op_WriteReq.m_axi.i32P1A, i32 %AXI_DATA_addr_7, i32 1" [main.cpp:20]   --->   Operation 276 'writereq' 'AXI_DATA_addr_7_req' <Predicate = (icmp_ln17)> <Delay = 7.30> <CoreInst = "m_axi">   --->   Core 121 'm_axi' <Latency = 6> <II = 1> <Delay = 1.00> <Adapter> <Opcode : 'read' 'write' 'readreq' 'writereq' 'writeresp'>

State 58 <SV = 57> <Delay = 7.30>
ST_58 : Operation 277 [1/1] (7.30ns)   --->   "%write_ln20 = write void @_ssdm_op_Write.m_axi.i32P1A, i32 %AXI_DATA_addr_7, i32 %select_ln20_3, i4 15" [main.cpp:20]   --->   Operation 277 'write' 'write_ln20' <Predicate = (icmp_ln17)> <Delay = 7.30> <CoreInst = "m_axi">   --->   Core 121 'm_axi' <Latency = 6> <II = 1> <Delay = 1.00> <Adapter> <Opcode : 'read' 'write' 'readreq' 'writereq' 'writeresp'>

State 59 <SV = 58> <Delay = 7.30>
ST_59 : Operation 278 [5/5] (7.30ns)   --->   "%AXI_DATA_addr_7_resp = writeresp i1 @_ssdm_op_WriteResp.m_axi.i32P1A, i32 %AXI_DATA_addr_7" [main.cpp:20]   --->   Operation 278 'writeresp' 'AXI_DATA_addr_7_resp' <Predicate = (icmp_ln17)> <Delay = 7.30> <CoreInst = "m_axi">   --->   Core 121 'm_axi' <Latency = 6> <II = 1> <Delay = 1.00> <Adapter> <Opcode : 'read' 'write' 'readreq' 'writereq' 'writeresp'>

State 60 <SV = 59> <Delay = 7.30>
ST_60 : Operation 279 [4/5] (7.30ns)   --->   "%AXI_DATA_addr_7_resp = writeresp i1 @_ssdm_op_WriteResp.m_axi.i32P1A, i32 %AXI_DATA_addr_7" [main.cpp:20]   --->   Operation 279 'writeresp' 'AXI_DATA_addr_7_resp' <Predicate = (icmp_ln17)> <Delay = 7.30> <CoreInst = "m_axi">   --->   Core 121 'm_axi' <Latency = 6> <II = 1> <Delay = 1.00> <Adapter> <Opcode : 'read' 'write' 'readreq' 'writereq' 'writeresp'>

State 61 <SV = 60> <Delay = 7.30>
ST_61 : Operation 280 [3/5] (7.30ns)   --->   "%AXI_DATA_addr_7_resp = writeresp i1 @_ssdm_op_WriteResp.m_axi.i32P1A, i32 %AXI_DATA_addr_7" [main.cpp:20]   --->   Operation 280 'writeresp' 'AXI_DATA_addr_7_resp' <Predicate = (icmp_ln17)> <Delay = 7.30> <CoreInst = "m_axi">   --->   Core 121 'm_axi' <Latency = 6> <II = 1> <Delay = 1.00> <Adapter> <Opcode : 'read' 'write' 'readreq' 'writereq' 'writeresp'>

State 62 <SV = 61> <Delay = 7.30>
ST_62 : Operation 281 [2/5] (7.30ns)   --->   "%AXI_DATA_addr_7_resp = writeresp i1 @_ssdm_op_WriteResp.m_axi.i32P1A, i32 %AXI_DATA_addr_7" [main.cpp:20]   --->   Operation 281 'writeresp' 'AXI_DATA_addr_7_resp' <Predicate = (icmp_ln17)> <Delay = 7.30> <CoreInst = "m_axi">   --->   Core 121 'm_axi' <Latency = 6> <II = 1> <Delay = 1.00> <Adapter> <Opcode : 'read' 'write' 'readreq' 'writereq' 'writeresp'>

State 63 <SV = 62> <Delay = 7.30>
ST_63 : Operation 282 [1/5] (7.30ns)   --->   "%AXI_DATA_addr_7_resp = writeresp i1 @_ssdm_op_WriteResp.m_axi.i32P1A, i32 %AXI_DATA_addr_7" [main.cpp:20]   --->   Operation 282 'writeresp' 'AXI_DATA_addr_7_resp' <Predicate = (icmp_ln17)> <Delay = 7.30> <CoreInst = "m_axi">   --->   Core 121 'm_axi' <Latency = 6> <II = 1> <Delay = 1.00> <Adapter> <Opcode : 'read' 'write' 'readreq' 'writereq' 'writeresp'>

State 64 <SV = 63> <Delay = 2.45>
ST_64 : Operation 283 [1/1] (0.98ns)   --->   "%add_ln19_6 = add i14 %shl_ln, i14 16" [main.cpp:19]   --->   Operation 283 'add' 'add_ln19_6' <Predicate = (icmp_ln17)> <Delay = 0.98> <CoreInst = "Adder">   --->   Core 1 'Adder' <Latency = 0> <II = 1> <Delay = 1.47> <FuncUnit> <Opcode : 'add' 'sub'> <InPorts = 2> <OutPorts = 1>
ST_64 : Operation 284 [1/1] (0.00ns)   --->   "%zext_ln19_4 = zext i14 %add_ln19_6" [main.cpp:19]   --->   Operation 284 'zext' 'zext_ln19_4' <Predicate = (icmp_ln17)> <Delay = 0.00>
ST_64 : Operation 285 [1/1] (1.47ns)   --->   "%add_ln19_7 = add i64 %zext_ln19_4, i64 %in_read" [main.cpp:19]   --->   Operation 285 'add' 'add_ln19_7' <Predicate = (icmp_ln17)> <Delay = 1.47> <CoreInst = "Adder">   --->   Core 1 'Adder' <Latency = 0> <II = 1> <Delay = 1.47> <FuncUnit> <Opcode : 'add' 'sub'> <InPorts = 2> <OutPorts = 1>
ST_64 : Operation 286 [1/1] (0.00ns)   --->   "%trunc_ln19_4 = partselect i62 @_ssdm_op_PartSelect.i62.i64.i32.i32, i64 %add_ln19_7, i32 2, i32 63" [main.cpp:19]   --->   Operation 286 'partselect' 'trunc_ln19_4' <Predicate = (icmp_ln17)> <Delay = 0.00>
ST_64 : Operation 287 [1/1] (0.00ns)   --->   "%sext_ln19_4 = sext i62 %trunc_ln19_4" [main.cpp:19]   --->   Operation 287 'sext' 'sext_ln19_4' <Predicate = (icmp_ln17)> <Delay = 0.00>
ST_64 : Operation 288 [1/1] (0.00ns)   --->   "%AXI_DATA_addr_8 = getelementptr i32 %AXI_DATA, i64 %sext_ln19_4" [main.cpp:19]   --->   Operation 288 'getelementptr' 'AXI_DATA_addr_8' <Predicate = (icmp_ln17)> <Delay = 0.00>
ST_64 : Operation 289 [1/1] (1.47ns)   --->   "%empty_19 = add i64 %zext_ln19_4, i64 %out_read" [main.cpp:19]   --->   Operation 289 'add' 'empty_19' <Predicate = (icmp_ln17)> <Delay = 1.47> <CoreInst = "Adder">   --->   Core 1 'Adder' <Latency = 0> <II = 1> <Delay = 1.47> <FuncUnit> <Opcode : 'add' 'sub'> <InPorts = 2> <OutPorts = 1>
ST_64 : Operation 290 [1/1] (0.00ns)   --->   "%trunc_ln20_4 = partselect i62 @_ssdm_op_PartSelect.i62.i64.i32.i32, i64 %empty_19, i32 2, i32 63" [main.cpp:20]   --->   Operation 290 'partselect' 'trunc_ln20_4' <Predicate = (icmp_ln17)> <Delay = 0.00>
ST_64 : Operation 291 [1/1] (0.00ns)   --->   "%sext_ln20_4 = sext i62 %trunc_ln20_4" [main.cpp:20]   --->   Operation 291 'sext' 'sext_ln20_4' <Predicate = (icmp_ln17)> <Delay = 0.00>
ST_64 : Operation 292 [1/1] (0.00ns)   --->   "%AXI_DATA_addr_9 = getelementptr i32 %AXI_DATA, i64 %sext_ln20_4" [main.cpp:20]   --->   Operation 292 'getelementptr' 'AXI_DATA_addr_9' <Predicate = (icmp_ln17)> <Delay = 0.00>

State 65 <SV = 64> <Delay = 7.30>
ST_65 : Operation 293 [7/7] (7.30ns)   --->   "%AXI_DATA_load_4_req = readreq i1 @_ssdm_op_ReadReq.m_axi.i32P1A, i32 %AXI_DATA_addr_8, i32 1" [main.cpp:19]   --->   Operation 293 'readreq' 'AXI_DATA_load_4_req' <Predicate = (icmp_ln17)> <Delay = 7.30> <CoreInst = "m_axi">   --->   Core 121 'm_axi' <Latency = 6> <II = 1> <Delay = 1.00> <Adapter> <Opcode : 'read' 'write' 'readreq' 'writereq' 'writeresp'>

State 66 <SV = 65> <Delay = 7.30>
ST_66 : Operation 294 [6/7] (7.30ns)   --->   "%AXI_DATA_load_4_req = readreq i1 @_ssdm_op_ReadReq.m_axi.i32P1A, i32 %AXI_DATA_addr_8, i32 1" [main.cpp:19]   --->   Operation 294 'readreq' 'AXI_DATA_load_4_req' <Predicate = (icmp_ln17)> <Delay = 7.30> <CoreInst = "m_axi">   --->   Core 121 'm_axi' <Latency = 6> <II = 1> <Delay = 1.00> <Adapter> <Opcode : 'read' 'write' 'readreq' 'writereq' 'writeresp'>

State 67 <SV = 66> <Delay = 7.30>
ST_67 : Operation 295 [5/7] (7.30ns)   --->   "%AXI_DATA_load_4_req = readreq i1 @_ssdm_op_ReadReq.m_axi.i32P1A, i32 %AXI_DATA_addr_8, i32 1" [main.cpp:19]   --->   Operation 295 'readreq' 'AXI_DATA_load_4_req' <Predicate = (icmp_ln17)> <Delay = 7.30> <CoreInst = "m_axi">   --->   Core 121 'm_axi' <Latency = 6> <II = 1> <Delay = 1.00> <Adapter> <Opcode : 'read' 'write' 'readreq' 'writereq' 'writeresp'>

State 68 <SV = 67> <Delay = 7.30>
ST_68 : Operation 296 [4/7] (7.30ns)   --->   "%AXI_DATA_load_4_req = readreq i1 @_ssdm_op_ReadReq.m_axi.i32P1A, i32 %AXI_DATA_addr_8, i32 1" [main.cpp:19]   --->   Operation 296 'readreq' 'AXI_DATA_load_4_req' <Predicate = (icmp_ln17)> <Delay = 7.30> <CoreInst = "m_axi">   --->   Core 121 'm_axi' <Latency = 6> <II = 1> <Delay = 1.00> <Adapter> <Opcode : 'read' 'write' 'readreq' 'writereq' 'writeresp'>

State 69 <SV = 68> <Delay = 7.30>
ST_69 : Operation 297 [3/7] (7.30ns)   --->   "%AXI_DATA_load_4_req = readreq i1 @_ssdm_op_ReadReq.m_axi.i32P1A, i32 %AXI_DATA_addr_8, i32 1" [main.cpp:19]   --->   Operation 297 'readreq' 'AXI_DATA_load_4_req' <Predicate = (icmp_ln17)> <Delay = 7.30> <CoreInst = "m_axi">   --->   Core 121 'm_axi' <Latency = 6> <II = 1> <Delay = 1.00> <Adapter> <Opcode : 'read' 'write' 'readreq' 'writereq' 'writeresp'>

State 70 <SV = 69> <Delay = 7.30>
ST_70 : Operation 298 [2/7] (7.30ns)   --->   "%AXI_DATA_load_4_req = readreq i1 @_ssdm_op_ReadReq.m_axi.i32P1A, i32 %AXI_DATA_addr_8, i32 1" [main.cpp:19]   --->   Operation 298 'readreq' 'AXI_DATA_load_4_req' <Predicate = (icmp_ln17)> <Delay = 7.30> <CoreInst = "m_axi">   --->   Core 121 'm_axi' <Latency = 6> <II = 1> <Delay = 1.00> <Adapter> <Opcode : 'read' 'write' 'readreq' 'writereq' 'writeresp'>

State 71 <SV = 70> <Delay = 7.30>
ST_71 : Operation 299 [1/7] (7.30ns)   --->   "%AXI_DATA_load_4_req = readreq i1 @_ssdm_op_ReadReq.m_axi.i32P1A, i32 %AXI_DATA_addr_8, i32 1" [main.cpp:19]   --->   Operation 299 'readreq' 'AXI_DATA_load_4_req' <Predicate = (icmp_ln17)> <Delay = 7.30> <CoreInst = "m_axi">   --->   Core 121 'm_axi' <Latency = 6> <II = 1> <Delay = 1.00> <Adapter> <Opcode : 'read' 'write' 'readreq' 'writereq' 'writeresp'>

State 72 <SV = 71> <Delay = 7.30>
ST_72 : Operation 300 [1/1] (7.30ns)   --->   "%AXI_DATA_addr_8_read = read i32 @_ssdm_op_Read.m_axi.i32P1A, i32 %AXI_DATA_addr_8" [main.cpp:19]   --->   Operation 300 'read' 'AXI_DATA_addr_8_read' <Predicate = (icmp_ln17)> <Delay = 7.30> <CoreInst = "m_axi">   --->   Core 121 'm_axi' <Latency = 6> <II = 1> <Delay = 1.00> <Adapter> <Opcode : 'read' 'write' 'readreq' 'writereq' 'writeresp'>

State 73 <SV = 72> <Delay = 7.30>
ST_73 : Operation 301 [1/1] (1.11ns)   --->   "%icmp_ln19_4 = icmp_sgt  i32 %AXI_DATA_addr_8_read, i32 50" [main.cpp:19]   --->   Operation 301 'icmp' 'icmp_ln19_4' <Predicate = (icmp_ln17)> <Delay = 1.11> <CoreInst = "Cmp">   --->   Core 9 'Cmp' <Latency = 0> <II = 1> <Delay = 1.11> <FuncUnit> <Opcode : 'icmp'> <InPorts = 2> <OutPorts = 1>
ST_73 : Operation 302 [1/1] (0.45ns)   --->   "%select_ln20_4 = select i1 %icmp_ln19_4, i32 255, i32 0" [main.cpp:20]   --->   Operation 302 'select' 'select_ln20_4' <Predicate = (icmp_ln17)> <Delay = 0.45> <CoreInst = "Sel">   --->   Core 73 'Sel' <Latency = 0> <II = 1> <Delay = 0.45> <FuncUnit> <Opcode : 'select'> <InPorts = 3> <OutPorts = 1>
ST_73 : Operation 303 [1/1] (7.30ns)   --->   "%AXI_DATA_addr_9_req = writereq i1 @_ssdm_op_WriteReq.m_axi.i32P1A, i32 %AXI_DATA_addr_9, i32 1" [main.cpp:20]   --->   Operation 303 'writereq' 'AXI_DATA_addr_9_req' <Predicate = (icmp_ln17)> <Delay = 7.30> <CoreInst = "m_axi">   --->   Core 121 'm_axi' <Latency = 6> <II = 1> <Delay = 1.00> <Adapter> <Opcode : 'read' 'write' 'readreq' 'writereq' 'writeresp'>

State 74 <SV = 73> <Delay = 7.30>
ST_74 : Operation 304 [1/1] (7.30ns)   --->   "%write_ln20 = write void @_ssdm_op_Write.m_axi.i32P1A, i32 %AXI_DATA_addr_9, i32 %select_ln20_4, i4 15" [main.cpp:20]   --->   Operation 304 'write' 'write_ln20' <Predicate = (icmp_ln17)> <Delay = 7.30> <CoreInst = "m_axi">   --->   Core 121 'm_axi' <Latency = 6> <II = 1> <Delay = 1.00> <Adapter> <Opcode : 'read' 'write' 'readreq' 'writereq' 'writeresp'>

State 75 <SV = 74> <Delay = 7.30>
ST_75 : Operation 305 [5/5] (7.30ns)   --->   "%AXI_DATA_addr_9_resp = writeresp i1 @_ssdm_op_WriteResp.m_axi.i32P1A, i32 %AXI_DATA_addr_9" [main.cpp:20]   --->   Operation 305 'writeresp' 'AXI_DATA_addr_9_resp' <Predicate = (icmp_ln17)> <Delay = 7.30> <CoreInst = "m_axi">   --->   Core 121 'm_axi' <Latency = 6> <II = 1> <Delay = 1.00> <Adapter> <Opcode : 'read' 'write' 'readreq' 'writereq' 'writeresp'>

State 76 <SV = 75> <Delay = 7.30>
ST_76 : Operation 306 [4/5] (7.30ns)   --->   "%AXI_DATA_addr_9_resp = writeresp i1 @_ssdm_op_WriteResp.m_axi.i32P1A, i32 %AXI_DATA_addr_9" [main.cpp:20]   --->   Operation 306 'writeresp' 'AXI_DATA_addr_9_resp' <Predicate = (icmp_ln17)> <Delay = 7.30> <CoreInst = "m_axi">   --->   Core 121 'm_axi' <Latency = 6> <II = 1> <Delay = 1.00> <Adapter> <Opcode : 'read' 'write' 'readreq' 'writereq' 'writeresp'>

State 77 <SV = 76> <Delay = 7.30>
ST_77 : Operation 307 [3/5] (7.30ns)   --->   "%AXI_DATA_addr_9_resp = writeresp i1 @_ssdm_op_WriteResp.m_axi.i32P1A, i32 %AXI_DATA_addr_9" [main.cpp:20]   --->   Operation 307 'writeresp' 'AXI_DATA_addr_9_resp' <Predicate = (icmp_ln17)> <Delay = 7.30> <CoreInst = "m_axi">   --->   Core 121 'm_axi' <Latency = 6> <II = 1> <Delay = 1.00> <Adapter> <Opcode : 'read' 'write' 'readreq' 'writereq' 'writeresp'>

State 78 <SV = 77> <Delay = 7.30>
ST_78 : Operation 308 [2/5] (7.30ns)   --->   "%AXI_DATA_addr_9_resp = writeresp i1 @_ssdm_op_WriteResp.m_axi.i32P1A, i32 %AXI_DATA_addr_9" [main.cpp:20]   --->   Operation 308 'writeresp' 'AXI_DATA_addr_9_resp' <Predicate = (icmp_ln17)> <Delay = 7.30> <CoreInst = "m_axi">   --->   Core 121 'm_axi' <Latency = 6> <II = 1> <Delay = 1.00> <Adapter> <Opcode : 'read' 'write' 'readreq' 'writereq' 'writeresp'>

State 79 <SV = 78> <Delay = 7.30>
ST_79 : Operation 309 [1/5] (7.30ns)   --->   "%AXI_DATA_addr_9_resp = writeresp i1 @_ssdm_op_WriteResp.m_axi.i32P1A, i32 %AXI_DATA_addr_9" [main.cpp:20]   --->   Operation 309 'writeresp' 'AXI_DATA_addr_9_resp' <Predicate = (icmp_ln17)> <Delay = 7.30> <CoreInst = "m_axi">   --->   Core 121 'm_axi' <Latency = 6> <II = 1> <Delay = 1.00> <Adapter> <Opcode : 'read' 'write' 'readreq' 'writereq' 'writeresp'>
ST_79 : Operation 310 [1/1] (0.98ns)   --->   "%add_ln19_8 = add i14 %shl_ln, i14 20" [main.cpp:19]   --->   Operation 310 'add' 'add_ln19_8' <Predicate = (icmp_ln17)> <Delay = 0.98> <CoreInst = "Adder">   --->   Core 1 'Adder' <Latency = 0> <II = 1> <Delay = 1.47> <FuncUnit> <Opcode : 'add' 'sub'> <InPorts = 2> <OutPorts = 1>
ST_79 : Operation 311 [1/1] (0.00ns)   --->   "%zext_ln19_5 = zext i14 %add_ln19_8" [main.cpp:19]   --->   Operation 311 'zext' 'zext_ln19_5' <Predicate = (icmp_ln17)> <Delay = 0.00>
ST_79 : Operation 312 [1/1] (1.47ns)   --->   "%add_ln19_9 = add i64 %zext_ln19_5, i64 %in_read" [main.cpp:19]   --->   Operation 312 'add' 'add_ln19_9' <Predicate = (icmp_ln17)> <Delay = 1.47> <CoreInst = "Adder">   --->   Core 1 'Adder' <Latency = 0> <II = 1> <Delay = 1.47> <FuncUnit> <Opcode : 'add' 'sub'> <InPorts = 2> <OutPorts = 1>
ST_79 : Operation 313 [1/1] (0.00ns)   --->   "%trunc_ln19_5 = partselect i62 @_ssdm_op_PartSelect.i62.i64.i32.i32, i64 %add_ln19_9, i32 2, i32 63" [main.cpp:19]   --->   Operation 313 'partselect' 'trunc_ln19_5' <Predicate = (icmp_ln17)> <Delay = 0.00>
ST_79 : Operation 314 [1/1] (0.00ns)   --->   "%sext_ln19_5 = sext i62 %trunc_ln19_5" [main.cpp:19]   --->   Operation 314 'sext' 'sext_ln19_5' <Predicate = (icmp_ln17)> <Delay = 0.00>
ST_79 : Operation 315 [1/1] (0.00ns)   --->   "%AXI_DATA_addr_10 = getelementptr i32 %AXI_DATA, i64 %sext_ln19_5" [main.cpp:19]   --->   Operation 315 'getelementptr' 'AXI_DATA_addr_10' <Predicate = (icmp_ln17)> <Delay = 0.00>
ST_79 : Operation 316 [1/1] (1.47ns)   --->   "%empty_20 = add i64 %zext_ln19_5, i64 %out_read" [main.cpp:19]   --->   Operation 316 'add' 'empty_20' <Predicate = (icmp_ln17)> <Delay = 1.47> <CoreInst = "Adder">   --->   Core 1 'Adder' <Latency = 0> <II = 1> <Delay = 1.47> <FuncUnit> <Opcode : 'add' 'sub'> <InPorts = 2> <OutPorts = 1>
ST_79 : Operation 317 [1/1] (0.00ns)   --->   "%trunc_ln20_5 = partselect i62 @_ssdm_op_PartSelect.i62.i64.i32.i32, i64 %empty_20, i32 2, i32 63" [main.cpp:20]   --->   Operation 317 'partselect' 'trunc_ln20_5' <Predicate = (icmp_ln17)> <Delay = 0.00>
ST_79 : Operation 318 [1/1] (0.00ns)   --->   "%sext_ln20_5 = sext i62 %trunc_ln20_5" [main.cpp:20]   --->   Operation 318 'sext' 'sext_ln20_5' <Predicate = (icmp_ln17)> <Delay = 0.00>
ST_79 : Operation 319 [1/1] (0.00ns)   --->   "%AXI_DATA_addr_11 = getelementptr i32 %AXI_DATA, i64 %sext_ln20_5" [main.cpp:20]   --->   Operation 319 'getelementptr' 'AXI_DATA_addr_11' <Predicate = (icmp_ln17)> <Delay = 0.00>

State 80 <SV = 79> <Delay = 7.30>
ST_80 : Operation 320 [7/7] (7.30ns)   --->   "%AXI_DATA_load_5_req = readreq i1 @_ssdm_op_ReadReq.m_axi.i32P1A, i32 %AXI_DATA_addr_10, i32 1" [main.cpp:19]   --->   Operation 320 'readreq' 'AXI_DATA_load_5_req' <Predicate = (icmp_ln17)> <Delay = 7.30> <CoreInst = "m_axi">   --->   Core 121 'm_axi' <Latency = 6> <II = 1> <Delay = 1.00> <Adapter> <Opcode : 'read' 'write' 'readreq' 'writereq' 'writeresp'>

State 81 <SV = 80> <Delay = 7.30>
ST_81 : Operation 321 [6/7] (7.30ns)   --->   "%AXI_DATA_load_5_req = readreq i1 @_ssdm_op_ReadReq.m_axi.i32P1A, i32 %AXI_DATA_addr_10, i32 1" [main.cpp:19]   --->   Operation 321 'readreq' 'AXI_DATA_load_5_req' <Predicate = (icmp_ln17)> <Delay = 7.30> <CoreInst = "m_axi">   --->   Core 121 'm_axi' <Latency = 6> <II = 1> <Delay = 1.00> <Adapter> <Opcode : 'read' 'write' 'readreq' 'writereq' 'writeresp'>

State 82 <SV = 81> <Delay = 7.30>
ST_82 : Operation 322 [5/7] (7.30ns)   --->   "%AXI_DATA_load_5_req = readreq i1 @_ssdm_op_ReadReq.m_axi.i32P1A, i32 %AXI_DATA_addr_10, i32 1" [main.cpp:19]   --->   Operation 322 'readreq' 'AXI_DATA_load_5_req' <Predicate = (icmp_ln17)> <Delay = 7.30> <CoreInst = "m_axi">   --->   Core 121 'm_axi' <Latency = 6> <II = 1> <Delay = 1.00> <Adapter> <Opcode : 'read' 'write' 'readreq' 'writereq' 'writeresp'>

State 83 <SV = 82> <Delay = 7.30>
ST_83 : Operation 323 [4/7] (7.30ns)   --->   "%AXI_DATA_load_5_req = readreq i1 @_ssdm_op_ReadReq.m_axi.i32P1A, i32 %AXI_DATA_addr_10, i32 1" [main.cpp:19]   --->   Operation 323 'readreq' 'AXI_DATA_load_5_req' <Predicate = (icmp_ln17)> <Delay = 7.30> <CoreInst = "m_axi">   --->   Core 121 'm_axi' <Latency = 6> <II = 1> <Delay = 1.00> <Adapter> <Opcode : 'read' 'write' 'readreq' 'writereq' 'writeresp'>

State 84 <SV = 83> <Delay = 7.30>
ST_84 : Operation 324 [3/7] (7.30ns)   --->   "%AXI_DATA_load_5_req = readreq i1 @_ssdm_op_ReadReq.m_axi.i32P1A, i32 %AXI_DATA_addr_10, i32 1" [main.cpp:19]   --->   Operation 324 'readreq' 'AXI_DATA_load_5_req' <Predicate = (icmp_ln17)> <Delay = 7.30> <CoreInst = "m_axi">   --->   Core 121 'm_axi' <Latency = 6> <II = 1> <Delay = 1.00> <Adapter> <Opcode : 'read' 'write' 'readreq' 'writereq' 'writeresp'>

State 85 <SV = 84> <Delay = 7.30>
ST_85 : Operation 325 [2/7] (7.30ns)   --->   "%AXI_DATA_load_5_req = readreq i1 @_ssdm_op_ReadReq.m_axi.i32P1A, i32 %AXI_DATA_addr_10, i32 1" [main.cpp:19]   --->   Operation 325 'readreq' 'AXI_DATA_load_5_req' <Predicate = (icmp_ln17)> <Delay = 7.30> <CoreInst = "m_axi">   --->   Core 121 'm_axi' <Latency = 6> <II = 1> <Delay = 1.00> <Adapter> <Opcode : 'read' 'write' 'readreq' 'writereq' 'writeresp'>

State 86 <SV = 85> <Delay = 7.30>
ST_86 : Operation 326 [1/7] (7.30ns)   --->   "%AXI_DATA_load_5_req = readreq i1 @_ssdm_op_ReadReq.m_axi.i32P1A, i32 %AXI_DATA_addr_10, i32 1" [main.cpp:19]   --->   Operation 326 'readreq' 'AXI_DATA_load_5_req' <Predicate = (icmp_ln17)> <Delay = 7.30> <CoreInst = "m_axi">   --->   Core 121 'm_axi' <Latency = 6> <II = 1> <Delay = 1.00> <Adapter> <Opcode : 'read' 'write' 'readreq' 'writereq' 'writeresp'>

State 87 <SV = 86> <Delay = 7.30>
ST_87 : Operation 327 [1/1] (7.30ns)   --->   "%AXI_DATA_addr_10_read = read i32 @_ssdm_op_Read.m_axi.i32P1A, i32 %AXI_DATA_addr_10" [main.cpp:19]   --->   Operation 327 'read' 'AXI_DATA_addr_10_read' <Predicate = (icmp_ln17)> <Delay = 7.30> <CoreInst = "m_axi">   --->   Core 121 'm_axi' <Latency = 6> <II = 1> <Delay = 1.00> <Adapter> <Opcode : 'read' 'write' 'readreq' 'writereq' 'writeresp'>

State 88 <SV = 87> <Delay = 7.30>
ST_88 : Operation 328 [1/1] (1.11ns)   --->   "%icmp_ln19_5 = icmp_sgt  i32 %AXI_DATA_addr_10_read, i32 50" [main.cpp:19]   --->   Operation 328 'icmp' 'icmp_ln19_5' <Predicate = (icmp_ln17)> <Delay = 1.11> <CoreInst = "Cmp">   --->   Core 9 'Cmp' <Latency = 0> <II = 1> <Delay = 1.11> <FuncUnit> <Opcode : 'icmp'> <InPorts = 2> <OutPorts = 1>
ST_88 : Operation 329 [1/1] (0.45ns)   --->   "%select_ln20_5 = select i1 %icmp_ln19_5, i32 255, i32 0" [main.cpp:20]   --->   Operation 329 'select' 'select_ln20_5' <Predicate = (icmp_ln17)> <Delay = 0.45> <CoreInst = "Sel">   --->   Core 73 'Sel' <Latency = 0> <II = 1> <Delay = 0.45> <FuncUnit> <Opcode : 'select'> <InPorts = 3> <OutPorts = 1>
ST_88 : Operation 330 [1/1] (7.30ns)   --->   "%AXI_DATA_addr_11_req = writereq i1 @_ssdm_op_WriteReq.m_axi.i32P1A, i32 %AXI_DATA_addr_11, i32 1" [main.cpp:20]   --->   Operation 330 'writereq' 'AXI_DATA_addr_11_req' <Predicate = (icmp_ln17)> <Delay = 7.30> <CoreInst = "m_axi">   --->   Core 121 'm_axi' <Latency = 6> <II = 1> <Delay = 1.00> <Adapter> <Opcode : 'read' 'write' 'readreq' 'writereq' 'writeresp'>

State 89 <SV = 88> <Delay = 7.30>
ST_89 : Operation 331 [1/1] (7.30ns)   --->   "%write_ln20 = write void @_ssdm_op_Write.m_axi.i32P1A, i32 %AXI_DATA_addr_11, i32 %select_ln20_5, i4 15" [main.cpp:20]   --->   Operation 331 'write' 'write_ln20' <Predicate = (icmp_ln17)> <Delay = 7.30> <CoreInst = "m_axi">   --->   Core 121 'm_axi' <Latency = 6> <II = 1> <Delay = 1.00> <Adapter> <Opcode : 'read' 'write' 'readreq' 'writereq' 'writeresp'>

State 90 <SV = 89> <Delay = 7.30>
ST_90 : Operation 332 [5/5] (7.30ns)   --->   "%AXI_DATA_addr_11_resp = writeresp i1 @_ssdm_op_WriteResp.m_axi.i32P1A, i32 %AXI_DATA_addr_11" [main.cpp:20]   --->   Operation 332 'writeresp' 'AXI_DATA_addr_11_resp' <Predicate = (icmp_ln17)> <Delay = 7.30> <CoreInst = "m_axi">   --->   Core 121 'm_axi' <Latency = 6> <II = 1> <Delay = 1.00> <Adapter> <Opcode : 'read' 'write' 'readreq' 'writereq' 'writeresp'>

State 91 <SV = 90> <Delay = 7.30>
ST_91 : Operation 333 [4/5] (7.30ns)   --->   "%AXI_DATA_addr_11_resp = writeresp i1 @_ssdm_op_WriteResp.m_axi.i32P1A, i32 %AXI_DATA_addr_11" [main.cpp:20]   --->   Operation 333 'writeresp' 'AXI_DATA_addr_11_resp' <Predicate = (icmp_ln17)> <Delay = 7.30> <CoreInst = "m_axi">   --->   Core 121 'm_axi' <Latency = 6> <II = 1> <Delay = 1.00> <Adapter> <Opcode : 'read' 'write' 'readreq' 'writereq' 'writeresp'>

State 92 <SV = 91> <Delay = 7.30>
ST_92 : Operation 334 [3/5] (7.30ns)   --->   "%AXI_DATA_addr_11_resp = writeresp i1 @_ssdm_op_WriteResp.m_axi.i32P1A, i32 %AXI_DATA_addr_11" [main.cpp:20]   --->   Operation 334 'writeresp' 'AXI_DATA_addr_11_resp' <Predicate = (icmp_ln17)> <Delay = 7.30> <CoreInst = "m_axi">   --->   Core 121 'm_axi' <Latency = 6> <II = 1> <Delay = 1.00> <Adapter> <Opcode : 'read' 'write' 'readreq' 'writereq' 'writeresp'>

State 93 <SV = 92> <Delay = 7.30>
ST_93 : Operation 335 [2/5] (7.30ns)   --->   "%AXI_DATA_addr_11_resp = writeresp i1 @_ssdm_op_WriteResp.m_axi.i32P1A, i32 %AXI_DATA_addr_11" [main.cpp:20]   --->   Operation 335 'writeresp' 'AXI_DATA_addr_11_resp' <Predicate = (icmp_ln17)> <Delay = 7.30> <CoreInst = "m_axi">   --->   Core 121 'm_axi' <Latency = 6> <II = 1> <Delay = 1.00> <Adapter> <Opcode : 'read' 'write' 'readreq' 'writereq' 'writeresp'>

State 94 <SV = 93> <Delay = 7.30>
ST_94 : Operation 336 [1/5] (7.30ns)   --->   "%AXI_DATA_addr_11_resp = writeresp i1 @_ssdm_op_WriteResp.m_axi.i32P1A, i32 %AXI_DATA_addr_11" [main.cpp:20]   --->   Operation 336 'writeresp' 'AXI_DATA_addr_11_resp' <Predicate = (icmp_ln17)> <Delay = 7.30> <CoreInst = "m_axi">   --->   Core 121 'm_axi' <Latency = 6> <II = 1> <Delay = 1.00> <Adapter> <Opcode : 'read' 'write' 'readreq' 'writereq' 'writeresp'>

State 95 <SV = 94> <Delay = 2.45>
ST_95 : Operation 337 [1/1] (0.98ns)   --->   "%add_ln19_10 = add i14 %shl_ln, i14 24" [main.cpp:19]   --->   Operation 337 'add' 'add_ln19_10' <Predicate = (icmp_ln17)> <Delay = 0.98> <CoreInst = "Adder">   --->   Core 1 'Adder' <Latency = 0> <II = 1> <Delay = 1.47> <FuncUnit> <Opcode : 'add' 'sub'> <InPorts = 2> <OutPorts = 1>
ST_95 : Operation 338 [1/1] (0.00ns)   --->   "%zext_ln19_6 = zext i14 %add_ln19_10" [main.cpp:19]   --->   Operation 338 'zext' 'zext_ln19_6' <Predicate = (icmp_ln17)> <Delay = 0.00>
ST_95 : Operation 339 [1/1] (1.47ns)   --->   "%add_ln19_11 = add i64 %zext_ln19_6, i64 %in_read" [main.cpp:19]   --->   Operation 339 'add' 'add_ln19_11' <Predicate = (icmp_ln17)> <Delay = 1.47> <CoreInst = "Adder">   --->   Core 1 'Adder' <Latency = 0> <II = 1> <Delay = 1.47> <FuncUnit> <Opcode : 'add' 'sub'> <InPorts = 2> <OutPorts = 1>
ST_95 : Operation 340 [1/1] (0.00ns)   --->   "%trunc_ln19_6 = partselect i62 @_ssdm_op_PartSelect.i62.i64.i32.i32, i64 %add_ln19_11, i32 2, i32 63" [main.cpp:19]   --->   Operation 340 'partselect' 'trunc_ln19_6' <Predicate = (icmp_ln17)> <Delay = 0.00>
ST_95 : Operation 341 [1/1] (0.00ns)   --->   "%sext_ln19_6 = sext i62 %trunc_ln19_6" [main.cpp:19]   --->   Operation 341 'sext' 'sext_ln19_6' <Predicate = (icmp_ln17)> <Delay = 0.00>
ST_95 : Operation 342 [1/1] (0.00ns)   --->   "%AXI_DATA_addr_12 = getelementptr i32 %AXI_DATA, i64 %sext_ln19_6" [main.cpp:19]   --->   Operation 342 'getelementptr' 'AXI_DATA_addr_12' <Predicate = (icmp_ln17)> <Delay = 0.00>
ST_95 : Operation 343 [1/1] (1.47ns)   --->   "%empty_21 = add i64 %zext_ln19_6, i64 %out_read" [main.cpp:19]   --->   Operation 343 'add' 'empty_21' <Predicate = (icmp_ln17)> <Delay = 1.47> <CoreInst = "Adder">   --->   Core 1 'Adder' <Latency = 0> <II = 1> <Delay = 1.47> <FuncUnit> <Opcode : 'add' 'sub'> <InPorts = 2> <OutPorts = 1>
ST_95 : Operation 344 [1/1] (0.00ns)   --->   "%trunc_ln20_6 = partselect i62 @_ssdm_op_PartSelect.i62.i64.i32.i32, i64 %empty_21, i32 2, i32 63" [main.cpp:20]   --->   Operation 344 'partselect' 'trunc_ln20_6' <Predicate = (icmp_ln17)> <Delay = 0.00>
ST_95 : Operation 345 [1/1] (0.00ns)   --->   "%sext_ln20_6 = sext i62 %trunc_ln20_6" [main.cpp:20]   --->   Operation 345 'sext' 'sext_ln20_6' <Predicate = (icmp_ln17)> <Delay = 0.00>
ST_95 : Operation 346 [1/1] (0.00ns)   --->   "%AXI_DATA_addr_13 = getelementptr i32 %AXI_DATA, i64 %sext_ln20_6" [main.cpp:20]   --->   Operation 346 'getelementptr' 'AXI_DATA_addr_13' <Predicate = (icmp_ln17)> <Delay = 0.00>

State 96 <SV = 95> <Delay = 7.30>
ST_96 : Operation 347 [7/7] (7.30ns)   --->   "%AXI_DATA_load_6_req = readreq i1 @_ssdm_op_ReadReq.m_axi.i32P1A, i32 %AXI_DATA_addr_12, i32 1" [main.cpp:19]   --->   Operation 347 'readreq' 'AXI_DATA_load_6_req' <Predicate = (icmp_ln17)> <Delay = 7.30> <CoreInst = "m_axi">   --->   Core 121 'm_axi' <Latency = 6> <II = 1> <Delay = 1.00> <Adapter> <Opcode : 'read' 'write' 'readreq' 'writereq' 'writeresp'>

State 97 <SV = 96> <Delay = 7.30>
ST_97 : Operation 348 [6/7] (7.30ns)   --->   "%AXI_DATA_load_6_req = readreq i1 @_ssdm_op_ReadReq.m_axi.i32P1A, i32 %AXI_DATA_addr_12, i32 1" [main.cpp:19]   --->   Operation 348 'readreq' 'AXI_DATA_load_6_req' <Predicate = (icmp_ln17)> <Delay = 7.30> <CoreInst = "m_axi">   --->   Core 121 'm_axi' <Latency = 6> <II = 1> <Delay = 1.00> <Adapter> <Opcode : 'read' 'write' 'readreq' 'writereq' 'writeresp'>

State 98 <SV = 97> <Delay = 7.30>
ST_98 : Operation 349 [5/7] (7.30ns)   --->   "%AXI_DATA_load_6_req = readreq i1 @_ssdm_op_ReadReq.m_axi.i32P1A, i32 %AXI_DATA_addr_12, i32 1" [main.cpp:19]   --->   Operation 349 'readreq' 'AXI_DATA_load_6_req' <Predicate = (icmp_ln17)> <Delay = 7.30> <CoreInst = "m_axi">   --->   Core 121 'm_axi' <Latency = 6> <II = 1> <Delay = 1.00> <Adapter> <Opcode : 'read' 'write' 'readreq' 'writereq' 'writeresp'>

State 99 <SV = 98> <Delay = 7.30>
ST_99 : Operation 350 [4/7] (7.30ns)   --->   "%AXI_DATA_load_6_req = readreq i1 @_ssdm_op_ReadReq.m_axi.i32P1A, i32 %AXI_DATA_addr_12, i32 1" [main.cpp:19]   --->   Operation 350 'readreq' 'AXI_DATA_load_6_req' <Predicate = (icmp_ln17)> <Delay = 7.30> <CoreInst = "m_axi">   --->   Core 121 'm_axi' <Latency = 6> <II = 1> <Delay = 1.00> <Adapter> <Opcode : 'read' 'write' 'readreq' 'writereq' 'writeresp'>

State 100 <SV = 99> <Delay = 7.30>
ST_100 : Operation 351 [3/7] (7.30ns)   --->   "%AXI_DATA_load_6_req = readreq i1 @_ssdm_op_ReadReq.m_axi.i32P1A, i32 %AXI_DATA_addr_12, i32 1" [main.cpp:19]   --->   Operation 351 'readreq' 'AXI_DATA_load_6_req' <Predicate = (icmp_ln17)> <Delay = 7.30> <CoreInst = "m_axi">   --->   Core 121 'm_axi' <Latency = 6> <II = 1> <Delay = 1.00> <Adapter> <Opcode : 'read' 'write' 'readreq' 'writereq' 'writeresp'>

State 101 <SV = 100> <Delay = 7.30>
ST_101 : Operation 352 [2/7] (7.30ns)   --->   "%AXI_DATA_load_6_req = readreq i1 @_ssdm_op_ReadReq.m_axi.i32P1A, i32 %AXI_DATA_addr_12, i32 1" [main.cpp:19]   --->   Operation 352 'readreq' 'AXI_DATA_load_6_req' <Predicate = (icmp_ln17)> <Delay = 7.30> <CoreInst = "m_axi">   --->   Core 121 'm_axi' <Latency = 6> <II = 1> <Delay = 1.00> <Adapter> <Opcode : 'read' 'write' 'readreq' 'writereq' 'writeresp'>

State 102 <SV = 101> <Delay = 7.30>
ST_102 : Operation 353 [1/7] (7.30ns)   --->   "%AXI_DATA_load_6_req = readreq i1 @_ssdm_op_ReadReq.m_axi.i32P1A, i32 %AXI_DATA_addr_12, i32 1" [main.cpp:19]   --->   Operation 353 'readreq' 'AXI_DATA_load_6_req' <Predicate = (icmp_ln17)> <Delay = 7.30> <CoreInst = "m_axi">   --->   Core 121 'm_axi' <Latency = 6> <II = 1> <Delay = 1.00> <Adapter> <Opcode : 'read' 'write' 'readreq' 'writereq' 'writeresp'>

State 103 <SV = 102> <Delay = 7.30>
ST_103 : Operation 354 [1/1] (7.30ns)   --->   "%AXI_DATA_addr_12_read = read i32 @_ssdm_op_Read.m_axi.i32P1A, i32 %AXI_DATA_addr_12" [main.cpp:19]   --->   Operation 354 'read' 'AXI_DATA_addr_12_read' <Predicate = (icmp_ln17)> <Delay = 7.30> <CoreInst = "m_axi">   --->   Core 121 'm_axi' <Latency = 6> <II = 1> <Delay = 1.00> <Adapter> <Opcode : 'read' 'write' 'readreq' 'writereq' 'writeresp'>

State 104 <SV = 103> <Delay = 7.30>
ST_104 : Operation 355 [1/1] (1.11ns)   --->   "%icmp_ln19_6 = icmp_sgt  i32 %AXI_DATA_addr_12_read, i32 50" [main.cpp:19]   --->   Operation 355 'icmp' 'icmp_ln19_6' <Predicate = (icmp_ln17)> <Delay = 1.11> <CoreInst = "Cmp">   --->   Core 9 'Cmp' <Latency = 0> <II = 1> <Delay = 1.11> <FuncUnit> <Opcode : 'icmp'> <InPorts = 2> <OutPorts = 1>
ST_104 : Operation 356 [1/1] (0.45ns)   --->   "%select_ln20_6 = select i1 %icmp_ln19_6, i32 255, i32 0" [main.cpp:20]   --->   Operation 356 'select' 'select_ln20_6' <Predicate = (icmp_ln17)> <Delay = 0.45> <CoreInst = "Sel">   --->   Core 73 'Sel' <Latency = 0> <II = 1> <Delay = 0.45> <FuncUnit> <Opcode : 'select'> <InPorts = 3> <OutPorts = 1>
ST_104 : Operation 357 [1/1] (7.30ns)   --->   "%AXI_DATA_addr_13_req = writereq i1 @_ssdm_op_WriteReq.m_axi.i32P1A, i32 %AXI_DATA_addr_13, i32 1" [main.cpp:20]   --->   Operation 357 'writereq' 'AXI_DATA_addr_13_req' <Predicate = (icmp_ln17)> <Delay = 7.30> <CoreInst = "m_axi">   --->   Core 121 'm_axi' <Latency = 6> <II = 1> <Delay = 1.00> <Adapter> <Opcode : 'read' 'write' 'readreq' 'writereq' 'writeresp'>

State 105 <SV = 104> <Delay = 7.30>
ST_105 : Operation 358 [1/1] (7.30ns)   --->   "%write_ln20 = write void @_ssdm_op_Write.m_axi.i32P1A, i32 %AXI_DATA_addr_13, i32 %select_ln20_6, i4 15" [main.cpp:20]   --->   Operation 358 'write' 'write_ln20' <Predicate = (icmp_ln17)> <Delay = 7.30> <CoreInst = "m_axi">   --->   Core 121 'm_axi' <Latency = 6> <II = 1> <Delay = 1.00> <Adapter> <Opcode : 'read' 'write' 'readreq' 'writereq' 'writeresp'>

State 106 <SV = 105> <Delay = 7.30>
ST_106 : Operation 359 [5/5] (7.30ns)   --->   "%AXI_DATA_addr_13_resp = writeresp i1 @_ssdm_op_WriteResp.m_axi.i32P1A, i32 %AXI_DATA_addr_13" [main.cpp:20]   --->   Operation 359 'writeresp' 'AXI_DATA_addr_13_resp' <Predicate = (icmp_ln17)> <Delay = 7.30> <CoreInst = "m_axi">   --->   Core 121 'm_axi' <Latency = 6> <II = 1> <Delay = 1.00> <Adapter> <Opcode : 'read' 'write' 'readreq' 'writereq' 'writeresp'>

State 107 <SV = 106> <Delay = 7.30>
ST_107 : Operation 360 [4/5] (7.30ns)   --->   "%AXI_DATA_addr_13_resp = writeresp i1 @_ssdm_op_WriteResp.m_axi.i32P1A, i32 %AXI_DATA_addr_13" [main.cpp:20]   --->   Operation 360 'writeresp' 'AXI_DATA_addr_13_resp' <Predicate = (icmp_ln17)> <Delay = 7.30> <CoreInst = "m_axi">   --->   Core 121 'm_axi' <Latency = 6> <II = 1> <Delay = 1.00> <Adapter> <Opcode : 'read' 'write' 'readreq' 'writereq' 'writeresp'>

State 108 <SV = 107> <Delay = 7.30>
ST_108 : Operation 361 [3/5] (7.30ns)   --->   "%AXI_DATA_addr_13_resp = writeresp i1 @_ssdm_op_WriteResp.m_axi.i32P1A, i32 %AXI_DATA_addr_13" [main.cpp:20]   --->   Operation 361 'writeresp' 'AXI_DATA_addr_13_resp' <Predicate = (icmp_ln17)> <Delay = 7.30> <CoreInst = "m_axi">   --->   Core 121 'm_axi' <Latency = 6> <II = 1> <Delay = 1.00> <Adapter> <Opcode : 'read' 'write' 'readreq' 'writereq' 'writeresp'>

State 109 <SV = 108> <Delay = 7.30>
ST_109 : Operation 362 [2/5] (7.30ns)   --->   "%AXI_DATA_addr_13_resp = writeresp i1 @_ssdm_op_WriteResp.m_axi.i32P1A, i32 %AXI_DATA_addr_13" [main.cpp:20]   --->   Operation 362 'writeresp' 'AXI_DATA_addr_13_resp' <Predicate = (icmp_ln17)> <Delay = 7.30> <CoreInst = "m_axi">   --->   Core 121 'm_axi' <Latency = 6> <II = 1> <Delay = 1.00> <Adapter> <Opcode : 'read' 'write' 'readreq' 'writereq' 'writeresp'>

State 110 <SV = 109> <Delay = 7.30>
ST_110 : Operation 363 [1/5] (7.30ns)   --->   "%AXI_DATA_addr_13_resp = writeresp i1 @_ssdm_op_WriteResp.m_axi.i32P1A, i32 %AXI_DATA_addr_13" [main.cpp:20]   --->   Operation 363 'writeresp' 'AXI_DATA_addr_13_resp' <Predicate = (icmp_ln17)> <Delay = 7.30> <CoreInst = "m_axi">   --->   Core 121 'm_axi' <Latency = 6> <II = 1> <Delay = 1.00> <Adapter> <Opcode : 'read' 'write' 'readreq' 'writereq' 'writeresp'>
ST_110 : Operation 364 [1/1] (0.98ns)   --->   "%add_ln19_12 = add i14 %shl_ln, i14 28" [main.cpp:19]   --->   Operation 364 'add' 'add_ln19_12' <Predicate = (icmp_ln17)> <Delay = 0.98> <CoreInst = "Adder">   --->   Core 1 'Adder' <Latency = 0> <II = 1> <Delay = 1.47> <FuncUnit> <Opcode : 'add' 'sub'> <InPorts = 2> <OutPorts = 1>
ST_110 : Operation 365 [1/1] (0.00ns)   --->   "%zext_ln19_7 = zext i14 %add_ln19_12" [main.cpp:19]   --->   Operation 365 'zext' 'zext_ln19_7' <Predicate = (icmp_ln17)> <Delay = 0.00>
ST_110 : Operation 366 [1/1] (1.47ns)   --->   "%add_ln19_13 = add i64 %zext_ln19_7, i64 %in_read" [main.cpp:19]   --->   Operation 366 'add' 'add_ln19_13' <Predicate = (icmp_ln17)> <Delay = 1.47> <CoreInst = "Adder">   --->   Core 1 'Adder' <Latency = 0> <II = 1> <Delay = 1.47> <FuncUnit> <Opcode : 'add' 'sub'> <InPorts = 2> <OutPorts = 1>
ST_110 : Operation 367 [1/1] (0.00ns)   --->   "%trunc_ln19_7 = partselect i62 @_ssdm_op_PartSelect.i62.i64.i32.i32, i64 %add_ln19_13, i32 2, i32 63" [main.cpp:19]   --->   Operation 367 'partselect' 'trunc_ln19_7' <Predicate = (icmp_ln17)> <Delay = 0.00>
ST_110 : Operation 368 [1/1] (0.00ns)   --->   "%sext_ln19_7 = sext i62 %trunc_ln19_7" [main.cpp:19]   --->   Operation 368 'sext' 'sext_ln19_7' <Predicate = (icmp_ln17)> <Delay = 0.00>
ST_110 : Operation 369 [1/1] (0.00ns)   --->   "%AXI_DATA_addr_14 = getelementptr i32 %AXI_DATA, i64 %sext_ln19_7" [main.cpp:19]   --->   Operation 369 'getelementptr' 'AXI_DATA_addr_14' <Predicate = (icmp_ln17)> <Delay = 0.00>
ST_110 : Operation 370 [1/1] (1.47ns)   --->   "%empty_22 = add i64 %zext_ln19_7, i64 %out_read" [main.cpp:19]   --->   Operation 370 'add' 'empty_22' <Predicate = (icmp_ln17)> <Delay = 1.47> <CoreInst = "Adder">   --->   Core 1 'Adder' <Latency = 0> <II = 1> <Delay = 1.47> <FuncUnit> <Opcode : 'add' 'sub'> <InPorts = 2> <OutPorts = 1>
ST_110 : Operation 371 [1/1] (0.00ns)   --->   "%trunc_ln20_7 = partselect i62 @_ssdm_op_PartSelect.i62.i64.i32.i32, i64 %empty_22, i32 2, i32 63" [main.cpp:20]   --->   Operation 371 'partselect' 'trunc_ln20_7' <Predicate = (icmp_ln17)> <Delay = 0.00>
ST_110 : Operation 372 [1/1] (0.00ns)   --->   "%sext_ln20_7 = sext i62 %trunc_ln20_7" [main.cpp:20]   --->   Operation 372 'sext' 'sext_ln20_7' <Predicate = (icmp_ln17)> <Delay = 0.00>
ST_110 : Operation 373 [1/1] (0.00ns)   --->   "%AXI_DATA_addr_15 = getelementptr i32 %AXI_DATA, i64 %sext_ln20_7" [main.cpp:20]   --->   Operation 373 'getelementptr' 'AXI_DATA_addr_15' <Predicate = (icmp_ln17)> <Delay = 0.00>

State 111 <SV = 110> <Delay = 7.30>
ST_111 : Operation 374 [7/7] (7.30ns)   --->   "%AXI_DATA_load_7_req = readreq i1 @_ssdm_op_ReadReq.m_axi.i32P1A, i32 %AXI_DATA_addr_14, i32 1" [main.cpp:19]   --->   Operation 374 'readreq' 'AXI_DATA_load_7_req' <Predicate = (icmp_ln17)> <Delay = 7.30> <CoreInst = "m_axi">   --->   Core 121 'm_axi' <Latency = 6> <II = 1> <Delay = 1.00> <Adapter> <Opcode : 'read' 'write' 'readreq' 'writereq' 'writeresp'>

State 112 <SV = 111> <Delay = 7.30>
ST_112 : Operation 375 [6/7] (7.30ns)   --->   "%AXI_DATA_load_7_req = readreq i1 @_ssdm_op_ReadReq.m_axi.i32P1A, i32 %AXI_DATA_addr_14, i32 1" [main.cpp:19]   --->   Operation 375 'readreq' 'AXI_DATA_load_7_req' <Predicate = (icmp_ln17)> <Delay = 7.30> <CoreInst = "m_axi">   --->   Core 121 'm_axi' <Latency = 6> <II = 1> <Delay = 1.00> <Adapter> <Opcode : 'read' 'write' 'readreq' 'writereq' 'writeresp'>

State 113 <SV = 112> <Delay = 7.30>
ST_113 : Operation 376 [5/7] (7.30ns)   --->   "%AXI_DATA_load_7_req = readreq i1 @_ssdm_op_ReadReq.m_axi.i32P1A, i32 %AXI_DATA_addr_14, i32 1" [main.cpp:19]   --->   Operation 376 'readreq' 'AXI_DATA_load_7_req' <Predicate = (icmp_ln17)> <Delay = 7.30> <CoreInst = "m_axi">   --->   Core 121 'm_axi' <Latency = 6> <II = 1> <Delay = 1.00> <Adapter> <Opcode : 'read' 'write' 'readreq' 'writereq' 'writeresp'>

State 114 <SV = 113> <Delay = 7.30>
ST_114 : Operation 377 [4/7] (7.30ns)   --->   "%AXI_DATA_load_7_req = readreq i1 @_ssdm_op_ReadReq.m_axi.i32P1A, i32 %AXI_DATA_addr_14, i32 1" [main.cpp:19]   --->   Operation 377 'readreq' 'AXI_DATA_load_7_req' <Predicate = (icmp_ln17)> <Delay = 7.30> <CoreInst = "m_axi">   --->   Core 121 'm_axi' <Latency = 6> <II = 1> <Delay = 1.00> <Adapter> <Opcode : 'read' 'write' 'readreq' 'writereq' 'writeresp'>

State 115 <SV = 114> <Delay = 7.30>
ST_115 : Operation 378 [3/7] (7.30ns)   --->   "%AXI_DATA_load_7_req = readreq i1 @_ssdm_op_ReadReq.m_axi.i32P1A, i32 %AXI_DATA_addr_14, i32 1" [main.cpp:19]   --->   Operation 378 'readreq' 'AXI_DATA_load_7_req' <Predicate = (icmp_ln17)> <Delay = 7.30> <CoreInst = "m_axi">   --->   Core 121 'm_axi' <Latency = 6> <II = 1> <Delay = 1.00> <Adapter> <Opcode : 'read' 'write' 'readreq' 'writereq' 'writeresp'>

State 116 <SV = 115> <Delay = 7.30>
ST_116 : Operation 379 [2/7] (7.30ns)   --->   "%AXI_DATA_load_7_req = readreq i1 @_ssdm_op_ReadReq.m_axi.i32P1A, i32 %AXI_DATA_addr_14, i32 1" [main.cpp:19]   --->   Operation 379 'readreq' 'AXI_DATA_load_7_req' <Predicate = (icmp_ln17)> <Delay = 7.30> <CoreInst = "m_axi">   --->   Core 121 'm_axi' <Latency = 6> <II = 1> <Delay = 1.00> <Adapter> <Opcode : 'read' 'write' 'readreq' 'writereq' 'writeresp'>

State 117 <SV = 116> <Delay = 7.30>
ST_117 : Operation 380 [1/7] (7.30ns)   --->   "%AXI_DATA_load_7_req = readreq i1 @_ssdm_op_ReadReq.m_axi.i32P1A, i32 %AXI_DATA_addr_14, i32 1" [main.cpp:19]   --->   Operation 380 'readreq' 'AXI_DATA_load_7_req' <Predicate = (icmp_ln17)> <Delay = 7.30> <CoreInst = "m_axi">   --->   Core 121 'm_axi' <Latency = 6> <II = 1> <Delay = 1.00> <Adapter> <Opcode : 'read' 'write' 'readreq' 'writereq' 'writeresp'>

State 118 <SV = 117> <Delay = 7.30>
ST_118 : Operation 381 [1/1] (7.30ns)   --->   "%AXI_DATA_addr_14_read = read i32 @_ssdm_op_Read.m_axi.i32P1A, i32 %AXI_DATA_addr_14" [main.cpp:19]   --->   Operation 381 'read' 'AXI_DATA_addr_14_read' <Predicate = (icmp_ln17)> <Delay = 7.30> <CoreInst = "m_axi">   --->   Core 121 'm_axi' <Latency = 6> <II = 1> <Delay = 1.00> <Adapter> <Opcode : 'read' 'write' 'readreq' 'writereq' 'writeresp'>

State 119 <SV = 118> <Delay = 7.30>
ST_119 : Operation 382 [1/1] (1.11ns)   --->   "%icmp_ln19_7 = icmp_sgt  i32 %AXI_DATA_addr_14_read, i32 50" [main.cpp:19]   --->   Operation 382 'icmp' 'icmp_ln19_7' <Predicate = (icmp_ln17)> <Delay = 1.11> <CoreInst = "Cmp">   --->   Core 9 'Cmp' <Latency = 0> <II = 1> <Delay = 1.11> <FuncUnit> <Opcode : 'icmp'> <InPorts = 2> <OutPorts = 1>
ST_119 : Operation 383 [1/1] (0.45ns)   --->   "%select_ln20_7 = select i1 %icmp_ln19_7, i32 255, i32 0" [main.cpp:20]   --->   Operation 383 'select' 'select_ln20_7' <Predicate = (icmp_ln17)> <Delay = 0.45> <CoreInst = "Sel">   --->   Core 73 'Sel' <Latency = 0> <II = 1> <Delay = 0.45> <FuncUnit> <Opcode : 'select'> <InPorts = 3> <OutPorts = 1>
ST_119 : Operation 384 [1/1] (7.30ns)   --->   "%AXI_DATA_addr_15_req = writereq i1 @_ssdm_op_WriteReq.m_axi.i32P1A, i32 %AXI_DATA_addr_15, i32 1" [main.cpp:20]   --->   Operation 384 'writereq' 'AXI_DATA_addr_15_req' <Predicate = (icmp_ln17)> <Delay = 7.30> <CoreInst = "m_axi">   --->   Core 121 'm_axi' <Latency = 6> <II = 1> <Delay = 1.00> <Adapter> <Opcode : 'read' 'write' 'readreq' 'writereq' 'writeresp'>

State 120 <SV = 119> <Delay = 7.30>
ST_120 : Operation 385 [1/1] (7.30ns)   --->   "%write_ln20 = write void @_ssdm_op_Write.m_axi.i32P1A, i32 %AXI_DATA_addr_15, i32 %select_ln20_7, i4 15" [main.cpp:20]   --->   Operation 385 'write' 'write_ln20' <Predicate = (icmp_ln17)> <Delay = 7.30> <CoreInst = "m_axi">   --->   Core 121 'm_axi' <Latency = 6> <II = 1> <Delay = 1.00> <Adapter> <Opcode : 'read' 'write' 'readreq' 'writereq' 'writeresp'>

State 121 <SV = 120> <Delay = 7.30>
ST_121 : Operation 386 [5/5] (7.30ns)   --->   "%AXI_DATA_addr_15_resp = writeresp i1 @_ssdm_op_WriteResp.m_axi.i32P1A, i32 %AXI_DATA_addr_15" [main.cpp:20]   --->   Operation 386 'writeresp' 'AXI_DATA_addr_15_resp' <Predicate = (icmp_ln17)> <Delay = 7.30> <CoreInst = "m_axi">   --->   Core 121 'm_axi' <Latency = 6> <II = 1> <Delay = 1.00> <Adapter> <Opcode : 'read' 'write' 'readreq' 'writereq' 'writeresp'>

State 122 <SV = 121> <Delay = 7.30>
ST_122 : Operation 387 [4/5] (7.30ns)   --->   "%AXI_DATA_addr_15_resp = writeresp i1 @_ssdm_op_WriteResp.m_axi.i32P1A, i32 %AXI_DATA_addr_15" [main.cpp:20]   --->   Operation 387 'writeresp' 'AXI_DATA_addr_15_resp' <Predicate = (icmp_ln17)> <Delay = 7.30> <CoreInst = "m_axi">   --->   Core 121 'm_axi' <Latency = 6> <II = 1> <Delay = 1.00> <Adapter> <Opcode : 'read' 'write' 'readreq' 'writereq' 'writeresp'>

State 123 <SV = 122> <Delay = 7.30>
ST_123 : Operation 388 [3/5] (7.30ns)   --->   "%AXI_DATA_addr_15_resp = writeresp i1 @_ssdm_op_WriteResp.m_axi.i32P1A, i32 %AXI_DATA_addr_15" [main.cpp:20]   --->   Operation 388 'writeresp' 'AXI_DATA_addr_15_resp' <Predicate = (icmp_ln17)> <Delay = 7.30> <CoreInst = "m_axi">   --->   Core 121 'm_axi' <Latency = 6> <II = 1> <Delay = 1.00> <Adapter> <Opcode : 'read' 'write' 'readreq' 'writereq' 'writeresp'>

State 124 <SV = 123> <Delay = 7.30>
ST_124 : Operation 389 [2/5] (7.30ns)   --->   "%AXI_DATA_addr_15_resp = writeresp i1 @_ssdm_op_WriteResp.m_axi.i32P1A, i32 %AXI_DATA_addr_15" [main.cpp:20]   --->   Operation 389 'writeresp' 'AXI_DATA_addr_15_resp' <Predicate = (icmp_ln17)> <Delay = 7.30> <CoreInst = "m_axi">   --->   Core 121 'm_axi' <Latency = 6> <II = 1> <Delay = 1.00> <Adapter> <Opcode : 'read' 'write' 'readreq' 'writereq' 'writeresp'>

State 125 <SV = 124> <Delay = 7.30>
ST_125 : Operation 390 [1/5] (7.30ns)   --->   "%AXI_DATA_addr_15_resp = writeresp i1 @_ssdm_op_WriteResp.m_axi.i32P1A, i32 %AXI_DATA_addr_15" [main.cpp:20]   --->   Operation 390 'writeresp' 'AXI_DATA_addr_15_resp' <Predicate = (icmp_ln17)> <Delay = 7.30> <CoreInst = "m_axi">   --->   Core 121 'm_axi' <Latency = 6> <II = 1> <Delay = 1.00> <Adapter> <Opcode : 'read' 'write' 'readreq' 'writereq' 'writeresp'>

State 126 <SV = 125> <Delay = 2.45>
ST_126 : Operation 391 [1/1] (0.98ns)   --->   "%add_ln19_14 = add i14 %shl_ln, i14 32" [main.cpp:19]   --->   Operation 391 'add' 'add_ln19_14' <Predicate = (icmp_ln17)> <Delay = 0.98> <CoreInst = "Adder">   --->   Core 1 'Adder' <Latency = 0> <II = 1> <Delay = 1.47> <FuncUnit> <Opcode : 'add' 'sub'> <InPorts = 2> <OutPorts = 1>
ST_126 : Operation 392 [1/1] (0.00ns)   --->   "%zext_ln19_8 = zext i14 %add_ln19_14" [main.cpp:19]   --->   Operation 392 'zext' 'zext_ln19_8' <Predicate = (icmp_ln17)> <Delay = 0.00>
ST_126 : Operation 393 [1/1] (1.47ns)   --->   "%add_ln19_15 = add i64 %zext_ln19_8, i64 %in_read" [main.cpp:19]   --->   Operation 393 'add' 'add_ln19_15' <Predicate = (icmp_ln17)> <Delay = 1.47> <CoreInst = "Adder">   --->   Core 1 'Adder' <Latency = 0> <II = 1> <Delay = 1.47> <FuncUnit> <Opcode : 'add' 'sub'> <InPorts = 2> <OutPorts = 1>
ST_126 : Operation 394 [1/1] (0.00ns)   --->   "%trunc_ln19_8 = partselect i62 @_ssdm_op_PartSelect.i62.i64.i32.i32, i64 %add_ln19_15, i32 2, i32 63" [main.cpp:19]   --->   Operation 394 'partselect' 'trunc_ln19_8' <Predicate = (icmp_ln17)> <Delay = 0.00>
ST_126 : Operation 395 [1/1] (0.00ns)   --->   "%sext_ln19_8 = sext i62 %trunc_ln19_8" [main.cpp:19]   --->   Operation 395 'sext' 'sext_ln19_8' <Predicate = (icmp_ln17)> <Delay = 0.00>
ST_126 : Operation 396 [1/1] (0.00ns)   --->   "%AXI_DATA_addr_16 = getelementptr i32 %AXI_DATA, i64 %sext_ln19_8" [main.cpp:19]   --->   Operation 396 'getelementptr' 'AXI_DATA_addr_16' <Predicate = (icmp_ln17)> <Delay = 0.00>
ST_126 : Operation 397 [1/1] (1.47ns)   --->   "%empty_23 = add i64 %zext_ln19_8, i64 %out_read" [main.cpp:19]   --->   Operation 397 'add' 'empty_23' <Predicate = (icmp_ln17)> <Delay = 1.47> <CoreInst = "Adder">   --->   Core 1 'Adder' <Latency = 0> <II = 1> <Delay = 1.47> <FuncUnit> <Opcode : 'add' 'sub'> <InPorts = 2> <OutPorts = 1>
ST_126 : Operation 398 [1/1] (0.00ns)   --->   "%trunc_ln20_8 = partselect i62 @_ssdm_op_PartSelect.i62.i64.i32.i32, i64 %empty_23, i32 2, i32 63" [main.cpp:20]   --->   Operation 398 'partselect' 'trunc_ln20_8' <Predicate = (icmp_ln17)> <Delay = 0.00>
ST_126 : Operation 399 [1/1] (0.00ns)   --->   "%sext_ln20_8 = sext i62 %trunc_ln20_8" [main.cpp:20]   --->   Operation 399 'sext' 'sext_ln20_8' <Predicate = (icmp_ln17)> <Delay = 0.00>
ST_126 : Operation 400 [1/1] (0.00ns)   --->   "%AXI_DATA_addr_17 = getelementptr i32 %AXI_DATA, i64 %sext_ln20_8" [main.cpp:20]   --->   Operation 400 'getelementptr' 'AXI_DATA_addr_17' <Predicate = (icmp_ln17)> <Delay = 0.00>

State 127 <SV = 126> <Delay = 7.30>
ST_127 : Operation 401 [7/7] (7.30ns)   --->   "%AXI_DATA_load_8_req = readreq i1 @_ssdm_op_ReadReq.m_axi.i32P1A, i32 %AXI_DATA_addr_16, i32 1" [main.cpp:19]   --->   Operation 401 'readreq' 'AXI_DATA_load_8_req' <Predicate = (icmp_ln17)> <Delay = 7.30> <CoreInst = "m_axi">   --->   Core 121 'm_axi' <Latency = 6> <II = 1> <Delay = 1.00> <Adapter> <Opcode : 'read' 'write' 'readreq' 'writereq' 'writeresp'>

State 128 <SV = 127> <Delay = 7.30>
ST_128 : Operation 402 [6/7] (7.30ns)   --->   "%AXI_DATA_load_8_req = readreq i1 @_ssdm_op_ReadReq.m_axi.i32P1A, i32 %AXI_DATA_addr_16, i32 1" [main.cpp:19]   --->   Operation 402 'readreq' 'AXI_DATA_load_8_req' <Predicate = (icmp_ln17)> <Delay = 7.30> <CoreInst = "m_axi">   --->   Core 121 'm_axi' <Latency = 6> <II = 1> <Delay = 1.00> <Adapter> <Opcode : 'read' 'write' 'readreq' 'writereq' 'writeresp'>

State 129 <SV = 128> <Delay = 7.30>
ST_129 : Operation 403 [5/7] (7.30ns)   --->   "%AXI_DATA_load_8_req = readreq i1 @_ssdm_op_ReadReq.m_axi.i32P1A, i32 %AXI_DATA_addr_16, i32 1" [main.cpp:19]   --->   Operation 403 'readreq' 'AXI_DATA_load_8_req' <Predicate = (icmp_ln17)> <Delay = 7.30> <CoreInst = "m_axi">   --->   Core 121 'm_axi' <Latency = 6> <II = 1> <Delay = 1.00> <Adapter> <Opcode : 'read' 'write' 'readreq' 'writereq' 'writeresp'>

State 130 <SV = 129> <Delay = 7.30>
ST_130 : Operation 404 [4/7] (7.30ns)   --->   "%AXI_DATA_load_8_req = readreq i1 @_ssdm_op_ReadReq.m_axi.i32P1A, i32 %AXI_DATA_addr_16, i32 1" [main.cpp:19]   --->   Operation 404 'readreq' 'AXI_DATA_load_8_req' <Predicate = (icmp_ln17)> <Delay = 7.30> <CoreInst = "m_axi">   --->   Core 121 'm_axi' <Latency = 6> <II = 1> <Delay = 1.00> <Adapter> <Opcode : 'read' 'write' 'readreq' 'writereq' 'writeresp'>

State 131 <SV = 130> <Delay = 7.30>
ST_131 : Operation 405 [3/7] (7.30ns)   --->   "%AXI_DATA_load_8_req = readreq i1 @_ssdm_op_ReadReq.m_axi.i32P1A, i32 %AXI_DATA_addr_16, i32 1" [main.cpp:19]   --->   Operation 405 'readreq' 'AXI_DATA_load_8_req' <Predicate = (icmp_ln17)> <Delay = 7.30> <CoreInst = "m_axi">   --->   Core 121 'm_axi' <Latency = 6> <II = 1> <Delay = 1.00> <Adapter> <Opcode : 'read' 'write' 'readreq' 'writereq' 'writeresp'>

State 132 <SV = 131> <Delay = 7.30>
ST_132 : Operation 406 [2/7] (7.30ns)   --->   "%AXI_DATA_load_8_req = readreq i1 @_ssdm_op_ReadReq.m_axi.i32P1A, i32 %AXI_DATA_addr_16, i32 1" [main.cpp:19]   --->   Operation 406 'readreq' 'AXI_DATA_load_8_req' <Predicate = (icmp_ln17)> <Delay = 7.30> <CoreInst = "m_axi">   --->   Core 121 'm_axi' <Latency = 6> <II = 1> <Delay = 1.00> <Adapter> <Opcode : 'read' 'write' 'readreq' 'writereq' 'writeresp'>

State 133 <SV = 132> <Delay = 7.30>
ST_133 : Operation 407 [1/7] (7.30ns)   --->   "%AXI_DATA_load_8_req = readreq i1 @_ssdm_op_ReadReq.m_axi.i32P1A, i32 %AXI_DATA_addr_16, i32 1" [main.cpp:19]   --->   Operation 407 'readreq' 'AXI_DATA_load_8_req' <Predicate = (icmp_ln17)> <Delay = 7.30> <CoreInst = "m_axi">   --->   Core 121 'm_axi' <Latency = 6> <II = 1> <Delay = 1.00> <Adapter> <Opcode : 'read' 'write' 'readreq' 'writereq' 'writeresp'>

State 134 <SV = 133> <Delay = 7.30>
ST_134 : Operation 408 [1/1] (7.30ns)   --->   "%AXI_DATA_addr_16_read = read i32 @_ssdm_op_Read.m_axi.i32P1A, i32 %AXI_DATA_addr_16" [main.cpp:19]   --->   Operation 408 'read' 'AXI_DATA_addr_16_read' <Predicate = (icmp_ln17)> <Delay = 7.30> <CoreInst = "m_axi">   --->   Core 121 'm_axi' <Latency = 6> <II = 1> <Delay = 1.00> <Adapter> <Opcode : 'read' 'write' 'readreq' 'writereq' 'writeresp'>

State 135 <SV = 134> <Delay = 7.30>
ST_135 : Operation 409 [1/1] (1.11ns)   --->   "%icmp_ln19_8 = icmp_sgt  i32 %AXI_DATA_addr_16_read, i32 50" [main.cpp:19]   --->   Operation 409 'icmp' 'icmp_ln19_8' <Predicate = (icmp_ln17)> <Delay = 1.11> <CoreInst = "Cmp">   --->   Core 9 'Cmp' <Latency = 0> <II = 1> <Delay = 1.11> <FuncUnit> <Opcode : 'icmp'> <InPorts = 2> <OutPorts = 1>
ST_135 : Operation 410 [1/1] (0.45ns)   --->   "%select_ln20_8 = select i1 %icmp_ln19_8, i32 255, i32 0" [main.cpp:20]   --->   Operation 410 'select' 'select_ln20_8' <Predicate = (icmp_ln17)> <Delay = 0.45> <CoreInst = "Sel">   --->   Core 73 'Sel' <Latency = 0> <II = 1> <Delay = 0.45> <FuncUnit> <Opcode : 'select'> <InPorts = 3> <OutPorts = 1>
ST_135 : Operation 411 [1/1] (7.30ns)   --->   "%AXI_DATA_addr_17_req = writereq i1 @_ssdm_op_WriteReq.m_axi.i32P1A, i32 %AXI_DATA_addr_17, i32 1" [main.cpp:20]   --->   Operation 411 'writereq' 'AXI_DATA_addr_17_req' <Predicate = (icmp_ln17)> <Delay = 7.30> <CoreInst = "m_axi">   --->   Core 121 'm_axi' <Latency = 6> <II = 1> <Delay = 1.00> <Adapter> <Opcode : 'read' 'write' 'readreq' 'writereq' 'writeresp'>

State 136 <SV = 135> <Delay = 7.30>
ST_136 : Operation 412 [1/1] (7.30ns)   --->   "%write_ln20 = write void @_ssdm_op_Write.m_axi.i32P1A, i32 %AXI_DATA_addr_17, i32 %select_ln20_8, i4 15" [main.cpp:20]   --->   Operation 412 'write' 'write_ln20' <Predicate = (icmp_ln17)> <Delay = 7.30> <CoreInst = "m_axi">   --->   Core 121 'm_axi' <Latency = 6> <II = 1> <Delay = 1.00> <Adapter> <Opcode : 'read' 'write' 'readreq' 'writereq' 'writeresp'>

State 137 <SV = 136> <Delay = 7.30>
ST_137 : Operation 413 [5/5] (7.30ns)   --->   "%AXI_DATA_addr_17_resp = writeresp i1 @_ssdm_op_WriteResp.m_axi.i32P1A, i32 %AXI_DATA_addr_17" [main.cpp:20]   --->   Operation 413 'writeresp' 'AXI_DATA_addr_17_resp' <Predicate = (icmp_ln17)> <Delay = 7.30> <CoreInst = "m_axi">   --->   Core 121 'm_axi' <Latency = 6> <II = 1> <Delay = 1.00> <Adapter> <Opcode : 'read' 'write' 'readreq' 'writereq' 'writeresp'>

State 138 <SV = 137> <Delay = 7.30>
ST_138 : Operation 414 [4/5] (7.30ns)   --->   "%AXI_DATA_addr_17_resp = writeresp i1 @_ssdm_op_WriteResp.m_axi.i32P1A, i32 %AXI_DATA_addr_17" [main.cpp:20]   --->   Operation 414 'writeresp' 'AXI_DATA_addr_17_resp' <Predicate = (icmp_ln17)> <Delay = 7.30> <CoreInst = "m_axi">   --->   Core 121 'm_axi' <Latency = 6> <II = 1> <Delay = 1.00> <Adapter> <Opcode : 'read' 'write' 'readreq' 'writereq' 'writeresp'>

State 139 <SV = 138> <Delay = 7.30>
ST_139 : Operation 415 [3/5] (7.30ns)   --->   "%AXI_DATA_addr_17_resp = writeresp i1 @_ssdm_op_WriteResp.m_axi.i32P1A, i32 %AXI_DATA_addr_17" [main.cpp:20]   --->   Operation 415 'writeresp' 'AXI_DATA_addr_17_resp' <Predicate = (icmp_ln17)> <Delay = 7.30> <CoreInst = "m_axi">   --->   Core 121 'm_axi' <Latency = 6> <II = 1> <Delay = 1.00> <Adapter> <Opcode : 'read' 'write' 'readreq' 'writereq' 'writeresp'>

State 140 <SV = 139> <Delay = 7.30>
ST_140 : Operation 416 [2/5] (7.30ns)   --->   "%AXI_DATA_addr_17_resp = writeresp i1 @_ssdm_op_WriteResp.m_axi.i32P1A, i32 %AXI_DATA_addr_17" [main.cpp:20]   --->   Operation 416 'writeresp' 'AXI_DATA_addr_17_resp' <Predicate = (icmp_ln17)> <Delay = 7.30> <CoreInst = "m_axi">   --->   Core 121 'm_axi' <Latency = 6> <II = 1> <Delay = 1.00> <Adapter> <Opcode : 'read' 'write' 'readreq' 'writereq' 'writeresp'>

State 141 <SV = 140> <Delay = 7.30>
ST_141 : Operation 417 [1/5] (7.30ns)   --->   "%AXI_DATA_addr_17_resp = writeresp i1 @_ssdm_op_WriteResp.m_axi.i32P1A, i32 %AXI_DATA_addr_17" [main.cpp:20]   --->   Operation 417 'writeresp' 'AXI_DATA_addr_17_resp' <Predicate = (icmp_ln17)> <Delay = 7.30> <CoreInst = "m_axi">   --->   Core 121 'm_axi' <Latency = 6> <II = 1> <Delay = 1.00> <Adapter> <Opcode : 'read' 'write' 'readreq' 'writereq' 'writeresp'>
ST_141 : Operation 418 [1/1] (0.98ns)   --->   "%add_ln19_16 = add i14 %shl_ln, i14 36" [main.cpp:19]   --->   Operation 418 'add' 'add_ln19_16' <Predicate = (icmp_ln17)> <Delay = 0.98> <CoreInst = "Adder">   --->   Core 1 'Adder' <Latency = 0> <II = 1> <Delay = 1.47> <FuncUnit> <Opcode : 'add' 'sub'> <InPorts = 2> <OutPorts = 1>
ST_141 : Operation 419 [1/1] (0.00ns)   --->   "%zext_ln19_9 = zext i14 %add_ln19_16" [main.cpp:19]   --->   Operation 419 'zext' 'zext_ln19_9' <Predicate = (icmp_ln17)> <Delay = 0.00>
ST_141 : Operation 420 [1/1] (1.47ns)   --->   "%add_ln19_17 = add i64 %zext_ln19_9, i64 %in_read" [main.cpp:19]   --->   Operation 420 'add' 'add_ln19_17' <Predicate = (icmp_ln17)> <Delay = 1.47> <CoreInst = "Adder">   --->   Core 1 'Adder' <Latency = 0> <II = 1> <Delay = 1.47> <FuncUnit> <Opcode : 'add' 'sub'> <InPorts = 2> <OutPorts = 1>
ST_141 : Operation 421 [1/1] (0.00ns)   --->   "%trunc_ln19_9 = partselect i62 @_ssdm_op_PartSelect.i62.i64.i32.i32, i64 %add_ln19_17, i32 2, i32 63" [main.cpp:19]   --->   Operation 421 'partselect' 'trunc_ln19_9' <Predicate = (icmp_ln17)> <Delay = 0.00>
ST_141 : Operation 422 [1/1] (0.00ns)   --->   "%sext_ln19_9 = sext i62 %trunc_ln19_9" [main.cpp:19]   --->   Operation 422 'sext' 'sext_ln19_9' <Predicate = (icmp_ln17)> <Delay = 0.00>
ST_141 : Operation 423 [1/1] (0.00ns)   --->   "%AXI_DATA_addr_18 = getelementptr i32 %AXI_DATA, i64 %sext_ln19_9" [main.cpp:19]   --->   Operation 423 'getelementptr' 'AXI_DATA_addr_18' <Predicate = (icmp_ln17)> <Delay = 0.00>
ST_141 : Operation 424 [1/1] (1.47ns)   --->   "%empty_24 = add i64 %zext_ln19_9, i64 %out_read" [main.cpp:19]   --->   Operation 424 'add' 'empty_24' <Predicate = (icmp_ln17)> <Delay = 1.47> <CoreInst = "Adder">   --->   Core 1 'Adder' <Latency = 0> <II = 1> <Delay = 1.47> <FuncUnit> <Opcode : 'add' 'sub'> <InPorts = 2> <OutPorts = 1>
ST_141 : Operation 425 [1/1] (0.00ns)   --->   "%trunc_ln20_9 = partselect i62 @_ssdm_op_PartSelect.i62.i64.i32.i32, i64 %empty_24, i32 2, i32 63" [main.cpp:20]   --->   Operation 425 'partselect' 'trunc_ln20_9' <Predicate = (icmp_ln17)> <Delay = 0.00>
ST_141 : Operation 426 [1/1] (0.00ns)   --->   "%sext_ln20_9 = sext i62 %trunc_ln20_9" [main.cpp:20]   --->   Operation 426 'sext' 'sext_ln20_9' <Predicate = (icmp_ln17)> <Delay = 0.00>
ST_141 : Operation 427 [1/1] (0.00ns)   --->   "%AXI_DATA_addr_19 = getelementptr i32 %AXI_DATA, i64 %sext_ln20_9" [main.cpp:20]   --->   Operation 427 'getelementptr' 'AXI_DATA_addr_19' <Predicate = (icmp_ln17)> <Delay = 0.00>

State 142 <SV = 141> <Delay = 7.30>
ST_142 : Operation 428 [7/7] (7.30ns)   --->   "%AXI_DATA_load_9_req = readreq i1 @_ssdm_op_ReadReq.m_axi.i32P1A, i32 %AXI_DATA_addr_18, i32 1" [main.cpp:19]   --->   Operation 428 'readreq' 'AXI_DATA_load_9_req' <Predicate = (icmp_ln17)> <Delay = 7.30> <CoreInst = "m_axi">   --->   Core 121 'm_axi' <Latency = 6> <II = 1> <Delay = 1.00> <Adapter> <Opcode : 'read' 'write' 'readreq' 'writereq' 'writeresp'>

State 143 <SV = 142> <Delay = 7.30>
ST_143 : Operation 429 [6/7] (7.30ns)   --->   "%AXI_DATA_load_9_req = readreq i1 @_ssdm_op_ReadReq.m_axi.i32P1A, i32 %AXI_DATA_addr_18, i32 1" [main.cpp:19]   --->   Operation 429 'readreq' 'AXI_DATA_load_9_req' <Predicate = (icmp_ln17)> <Delay = 7.30> <CoreInst = "m_axi">   --->   Core 121 'm_axi' <Latency = 6> <II = 1> <Delay = 1.00> <Adapter> <Opcode : 'read' 'write' 'readreq' 'writereq' 'writeresp'>

State 144 <SV = 143> <Delay = 7.30>
ST_144 : Operation 430 [5/7] (7.30ns)   --->   "%AXI_DATA_load_9_req = readreq i1 @_ssdm_op_ReadReq.m_axi.i32P1A, i32 %AXI_DATA_addr_18, i32 1" [main.cpp:19]   --->   Operation 430 'readreq' 'AXI_DATA_load_9_req' <Predicate = (icmp_ln17)> <Delay = 7.30> <CoreInst = "m_axi">   --->   Core 121 'm_axi' <Latency = 6> <II = 1> <Delay = 1.00> <Adapter> <Opcode : 'read' 'write' 'readreq' 'writereq' 'writeresp'>

State 145 <SV = 144> <Delay = 7.30>
ST_145 : Operation 431 [4/7] (7.30ns)   --->   "%AXI_DATA_load_9_req = readreq i1 @_ssdm_op_ReadReq.m_axi.i32P1A, i32 %AXI_DATA_addr_18, i32 1" [main.cpp:19]   --->   Operation 431 'readreq' 'AXI_DATA_load_9_req' <Predicate = (icmp_ln17)> <Delay = 7.30> <CoreInst = "m_axi">   --->   Core 121 'm_axi' <Latency = 6> <II = 1> <Delay = 1.00> <Adapter> <Opcode : 'read' 'write' 'readreq' 'writereq' 'writeresp'>

State 146 <SV = 145> <Delay = 7.30>
ST_146 : Operation 432 [3/7] (7.30ns)   --->   "%AXI_DATA_load_9_req = readreq i1 @_ssdm_op_ReadReq.m_axi.i32P1A, i32 %AXI_DATA_addr_18, i32 1" [main.cpp:19]   --->   Operation 432 'readreq' 'AXI_DATA_load_9_req' <Predicate = (icmp_ln17)> <Delay = 7.30> <CoreInst = "m_axi">   --->   Core 121 'm_axi' <Latency = 6> <II = 1> <Delay = 1.00> <Adapter> <Opcode : 'read' 'write' 'readreq' 'writereq' 'writeresp'>

State 147 <SV = 146> <Delay = 7.30>
ST_147 : Operation 433 [2/7] (7.30ns)   --->   "%AXI_DATA_load_9_req = readreq i1 @_ssdm_op_ReadReq.m_axi.i32P1A, i32 %AXI_DATA_addr_18, i32 1" [main.cpp:19]   --->   Operation 433 'readreq' 'AXI_DATA_load_9_req' <Predicate = (icmp_ln17)> <Delay = 7.30> <CoreInst = "m_axi">   --->   Core 121 'm_axi' <Latency = 6> <II = 1> <Delay = 1.00> <Adapter> <Opcode : 'read' 'write' 'readreq' 'writereq' 'writeresp'>

State 148 <SV = 147> <Delay = 7.30>
ST_148 : Operation 434 [1/7] (7.30ns)   --->   "%AXI_DATA_load_9_req = readreq i1 @_ssdm_op_ReadReq.m_axi.i32P1A, i32 %AXI_DATA_addr_18, i32 1" [main.cpp:19]   --->   Operation 434 'readreq' 'AXI_DATA_load_9_req' <Predicate = (icmp_ln17)> <Delay = 7.30> <CoreInst = "m_axi">   --->   Core 121 'm_axi' <Latency = 6> <II = 1> <Delay = 1.00> <Adapter> <Opcode : 'read' 'write' 'readreq' 'writereq' 'writeresp'>

State 149 <SV = 148> <Delay = 7.30>
ST_149 : Operation 435 [1/1] (7.30ns)   --->   "%AXI_DATA_addr_18_read = read i32 @_ssdm_op_Read.m_axi.i32P1A, i32 %AXI_DATA_addr_18" [main.cpp:19]   --->   Operation 435 'read' 'AXI_DATA_addr_18_read' <Predicate = (icmp_ln17)> <Delay = 7.30> <CoreInst = "m_axi">   --->   Core 121 'm_axi' <Latency = 6> <II = 1> <Delay = 1.00> <Adapter> <Opcode : 'read' 'write' 'readreq' 'writereq' 'writeresp'>

State 150 <SV = 149> <Delay = 7.30>
ST_150 : Operation 436 [1/1] (1.11ns)   --->   "%icmp_ln19_9 = icmp_sgt  i32 %AXI_DATA_addr_18_read, i32 50" [main.cpp:19]   --->   Operation 436 'icmp' 'icmp_ln19_9' <Predicate = (icmp_ln17)> <Delay = 1.11> <CoreInst = "Cmp">   --->   Core 9 'Cmp' <Latency = 0> <II = 1> <Delay = 1.11> <FuncUnit> <Opcode : 'icmp'> <InPorts = 2> <OutPorts = 1>
ST_150 : Operation 437 [1/1] (0.45ns)   --->   "%select_ln20_9 = select i1 %icmp_ln19_9, i32 255, i32 0" [main.cpp:20]   --->   Operation 437 'select' 'select_ln20_9' <Predicate = (icmp_ln17)> <Delay = 0.45> <CoreInst = "Sel">   --->   Core 73 'Sel' <Latency = 0> <II = 1> <Delay = 0.45> <FuncUnit> <Opcode : 'select'> <InPorts = 3> <OutPorts = 1>
ST_150 : Operation 438 [1/1] (7.30ns)   --->   "%AXI_DATA_addr_19_req = writereq i1 @_ssdm_op_WriteReq.m_axi.i32P1A, i32 %AXI_DATA_addr_19, i32 1" [main.cpp:20]   --->   Operation 438 'writereq' 'AXI_DATA_addr_19_req' <Predicate = (icmp_ln17)> <Delay = 7.30> <CoreInst = "m_axi">   --->   Core 121 'm_axi' <Latency = 6> <II = 1> <Delay = 1.00> <Adapter> <Opcode : 'read' 'write' 'readreq' 'writereq' 'writeresp'>

State 151 <SV = 150> <Delay = 7.30>
ST_151 : Operation 439 [1/1] (7.30ns)   --->   "%write_ln20 = write void @_ssdm_op_Write.m_axi.i32P1A, i32 %AXI_DATA_addr_19, i32 %select_ln20_9, i4 15" [main.cpp:20]   --->   Operation 439 'write' 'write_ln20' <Predicate = (icmp_ln17)> <Delay = 7.30> <CoreInst = "m_axi">   --->   Core 121 'm_axi' <Latency = 6> <II = 1> <Delay = 1.00> <Adapter> <Opcode : 'read' 'write' 'readreq' 'writereq' 'writeresp'>

State 152 <SV = 151> <Delay = 7.30>
ST_152 : Operation 440 [5/5] (7.30ns)   --->   "%AXI_DATA_addr_19_resp = writeresp i1 @_ssdm_op_WriteResp.m_axi.i32P1A, i32 %AXI_DATA_addr_19" [main.cpp:20]   --->   Operation 440 'writeresp' 'AXI_DATA_addr_19_resp' <Predicate = (icmp_ln17)> <Delay = 7.30> <CoreInst = "m_axi">   --->   Core 121 'm_axi' <Latency = 6> <II = 1> <Delay = 1.00> <Adapter> <Opcode : 'read' 'write' 'readreq' 'writereq' 'writeresp'>

State 153 <SV = 152> <Delay = 7.30>
ST_153 : Operation 441 [4/5] (7.30ns)   --->   "%AXI_DATA_addr_19_resp = writeresp i1 @_ssdm_op_WriteResp.m_axi.i32P1A, i32 %AXI_DATA_addr_19" [main.cpp:20]   --->   Operation 441 'writeresp' 'AXI_DATA_addr_19_resp' <Predicate = (icmp_ln17)> <Delay = 7.30> <CoreInst = "m_axi">   --->   Core 121 'm_axi' <Latency = 6> <II = 1> <Delay = 1.00> <Adapter> <Opcode : 'read' 'write' 'readreq' 'writereq' 'writeresp'>

State 154 <SV = 153> <Delay = 7.30>
ST_154 : Operation 442 [3/5] (7.30ns)   --->   "%AXI_DATA_addr_19_resp = writeresp i1 @_ssdm_op_WriteResp.m_axi.i32P1A, i32 %AXI_DATA_addr_19" [main.cpp:20]   --->   Operation 442 'writeresp' 'AXI_DATA_addr_19_resp' <Predicate = (icmp_ln17)> <Delay = 7.30> <CoreInst = "m_axi">   --->   Core 121 'm_axi' <Latency = 6> <II = 1> <Delay = 1.00> <Adapter> <Opcode : 'read' 'write' 'readreq' 'writereq' 'writeresp'>

State 155 <SV = 154> <Delay = 7.30>
ST_155 : Operation 443 [2/5] (7.30ns)   --->   "%AXI_DATA_addr_19_resp = writeresp i1 @_ssdm_op_WriteResp.m_axi.i32P1A, i32 %AXI_DATA_addr_19" [main.cpp:20]   --->   Operation 443 'writeresp' 'AXI_DATA_addr_19_resp' <Predicate = (icmp_ln17)> <Delay = 7.30> <CoreInst = "m_axi">   --->   Core 121 'm_axi' <Latency = 6> <II = 1> <Delay = 1.00> <Adapter> <Opcode : 'read' 'write' 'readreq' 'writereq' 'writeresp'>

State 156 <SV = 155> <Delay = 7.30>
ST_156 : Operation 444 [1/1] (0.00ns)   --->   "%specloopname_ln17 = specloopname void @_ssdm_op_SpecLoopName, void @empty_8" [main.cpp:17]   --->   Operation 444 'specloopname' 'specloopname_ln17' <Predicate = (icmp_ln17)> <Delay = 0.00>
ST_156 : Operation 445 [1/5] (7.30ns)   --->   "%AXI_DATA_addr_19_resp = writeresp i1 @_ssdm_op_WriteResp.m_axi.i32P1A, i32 %AXI_DATA_addr_19" [main.cpp:20]   --->   Operation 445 'writeresp' 'AXI_DATA_addr_19_resp' <Predicate = (icmp_ln17)> <Delay = 7.30> <CoreInst = "m_axi">   --->   Core 121 'm_axi' <Latency = 6> <II = 1> <Delay = 1.00> <Adapter> <Opcode : 'read' 'write' 'readreq' 'writereq' 'writeresp'>
ST_156 : Operation 446 [1/1] (0.00ns)   --->   "%br_ln0 = br void"   --->   Operation 446 'br' 'br_ln0' <Predicate = (icmp_ln17)> <Delay = 0.00>

State 157 <SV = 2> <Delay = 0.00>
ST_157 : Operation 447 [1/1] (0.00ns)   --->   "%ret_ln49 = ret" [main.cpp:49]   --->   Operation 447 'ret' 'ret_ln49' <Predicate = true> <Delay = 0.00>


============================================================
+ Verbose Summary: Binding
============================================================
STG Binding: 
---------------- STG Properties BEGIN ----------------
- Is combinational: 0
- Is one-state seq: 0
- Is datapath-only: 0
- Is pipelined: 0
- Is top level: 1
Port [ Return ] is wired: 1; IO mode=ap_ctrl_hs:ce=0
Port [ AXI_DATA]:  wired=1; compound=1; hidden=0; nouse=0; global=0; static=0; extern=0; dir=2; type=4; pingpong=0; private_global=0; IO mode=m_axi:ce=0
Port [ in_r]:  wired=1; compound=0; hidden=0; nouse=0; global=0; static=0; extern=0; dir=0; type=0; pingpong=0; private_global=0; IO mode=ap_none:ce=0
Port [ out_r]:  wired=1; compound=0; hidden=0; nouse=0; global=0; static=0; extern=0; dir=0; type=0; pingpong=0; private_global=0; IO mode=ap_none:ce=0
---------------- STG Properties END ------------------

---------------- Datapath Model BEGIN ----------------

<LifeTime>
<method=bitvector/>
spectopmodule_ln0     (spectopmodule    ) [ 00000000000000000000000000000000000000000000000000000000000000000000000000000000000000000000000000000000000000000000000000000000000000000000000000000000000000]
specinterface_ln0     (specinterface    ) [ 00000000000000000000000000000000000000000000000000000000000000000000000000000000000000000000000000000000000000000000000000000000000000000000000000000000000000]
specbitsmap_ln0       (specbitsmap      ) [ 00000000000000000000000000000000000000000000000000000000000000000000000000000000000000000000000000000000000000000000000000000000000000000000000000000000000000]
specinterface_ln0     (specinterface    ) [ 00000000000000000000000000000000000000000000000000000000000000000000000000000000000000000000000000000000000000000000000000000000000000000000000000000000000000]
specinterface_ln0     (specinterface    ) [ 00000000000000000000000000000000000000000000000000000000000000000000000000000000000000000000000000000000000000000000000000000000000000000000000000000000000000]
specinterface_ln0     (specinterface    ) [ 00000000000000000000000000000000000000000000000000000000000000000000000000000000000000000000000000000000000000000000000000000000000000000000000000000000000000]
specinterface_ln0     (specinterface    ) [ 00000000000000000000000000000000000000000000000000000000000000000000000000000000000000000000000000000000000000000000000000000000000000000000000000000000000000]
specinterface_ln0     (specinterface    ) [ 00000000000000000000000000000000000000000000000000000000000000000000000000000000000000000000000000000000000000000000000000000000000000000000000000000000000000]
out_read              (read             ) [ 00111111111111111111111111111111111111111111111111111111111111111111111111111111111111111111111111111111111111111111111111111111111111111111111111111111111110]
in_read               (read             ) [ 00111111111111111111111111111111111111111111111111111111111111111111111111111111111111111111111111111111111111111111111111111111111111111111111111111111111110]
br_ln17               (br               ) [ 01111111111111111111111111111111111111111111111111111111111111111111111111111111111111111111111111111111111111111111111111111111111111111111111111111111111110]
i                     (phi              ) [ 00111111111100000000000000000000000000000000000000000000000000000000000000000000000000000000000000000000000000000000000000000000000000000000000000000000000000]
specpipeline_ln0      (specpipeline     ) [ 00000000000000000000000000000000000000000000000000000000000000000000000000000000000000000000000000000000000000000000000000000000000000000000000000000000000000]
icmp_ln17             (icmp             ) [ 00111111111111111111111111111111111111111111111111111111111111111111111111111111111111111111111111111111111111111111111111111111111111111111111111111111111110]
empty                 (speclooptripcount) [ 00000000000000000000000000000000000000000000000000000000000000000000000000000000000000000000000000000000000000000000000000000000000000000000000000000000000000]
br_ln17               (br               ) [ 00000000000000000000000000000000000000000000000000000000000000000000000000000000000000000000000000000000000000000000000000000000000000000000000000000000000000]
shl_ln                (bitconcatenate   ) [ 00111111111111111111111111111111111111111111111111111111111111111111111111111111111111111111111111111111111111111111111111111111111111111111110000000000000000]
zext_ln19             (zext             ) [ 00000000000000000000000000000000000000000000000000000000000000000000000000000000000000000000000000000000000000000000000000000000000000000000000000000000000000]
add_ln19              (add              ) [ 00000000000000000000000000000000000000000000000000000000000000000000000000000000000000000000000000000000000000000000000000000000000000000000000000000000000000]
trunc_ln              (partselect       ) [ 00000000000000000000000000000000000000000000000000000000000000000000000000000000000000000000000000000000000000000000000000000000000000000000000000000000000000]
sext_ln19             (sext             ) [ 00000000000000000000000000000000000000000000000000000000000000000000000000000000000000000000000000000000000000000000000000000000000000000000000000000000000000]
AXI_DATA_addr         (getelementptr    ) [ 00011111111000000000000000000000000000000000000000000000000000000000000000000000000000000000000000000000000000000000000000000000000000000000000000000000000000]
empty_15              (add              ) [ 00000000000000000000000000000000000000000000000000000000000000000000000000000000000000000000000000000000000000000000000000000000000000000000000000000000000000]
trunc_ln1             (partselect       ) [ 00000000000000000000000000000000000000000000000000000000000000000000000000000000000000000000000000000000000000000000000000000000000000000000000000000000000000]
sext_ln20             (sext             ) [ 00000000000000000000000000000000000000000000000000000000000000000000000000000000000000000000000000000000000000000000000000000000000000000000000000000000000000]
AXI_DATA_addr_1       (getelementptr    ) [ 00111111111111111100000000000000000000000000000000000000000000000000000000000000000000000000000000000000000000000000000000000000000000000000000000000000000000]
AXI_DATA_load_req     (readreq          ) [ 00000000000000000000000000000000000000000000000000000000000000000000000000000000000000000000000000000000000000000000000000000000000000000000000000000000000000]
AXI_DATA_addr_read    (read             ) [ 00000000000100000000000000000000000000000000000000000000000000000000000000000000000000000000000000000000000000000000000000000000000000000000000000000000000000]
add_ln17              (add              ) [ 01111111111111111111111111111111111111111111111111111111111111111111111111111111111111111111111111111111111111111111111111111111111111111111111111111111111110]
icmp_ln19             (icmp             ) [ 00000000000000000000000000000000000000000000000000000000000000000000000000000000000000000000000000000000000000000000000000000000000000000000000000000000000000]
select_ln20           (select           ) [ 00100000000010000000000000000000000000000000000000000000000000000000000000000000000000000000000000000000000000000000000000000000000000000000000000000000000000]
AXI_DATA_addr_1_req   (writereq         ) [ 00000000000000000000000000000000000000000000000000000000000000000000000000000000000000000000000000000000000000000000000000000000000000000000000000000000000000]
write_ln20            (write            ) [ 00000000000000000000000000000000000000000000000000000000000000000000000000000000000000000000000000000000000000000000000000000000000000000000000000000000000000]
AXI_DATA_addr_1_resp  (writeresp        ) [ 00000000000000000000000000000000000000000000000000000000000000000000000000000000000000000000000000000000000000000000000000000000000000000000000000000000000000]
or_ln19               (or               ) [ 00000000000000000000000000000000000000000000000000000000000000000000000000000000000000000000000000000000000000000000000000000000000000000000000000000000000000]
zext_ln19_1           (zext             ) [ 00000000000000000000000000000000000000000000000000000000000000000000000000000000000000000000000000000000000000000000000000000000000000000000000000000000000000]
add_ln19_1            (add              ) [ 00000000000000000000000000000000000000000000000000000000000000000000000000000000000000000000000000000000000000000000000000000000000000000000000000000000000000]
trunc_ln19_1          (partselect       ) [ 00000000000000000000000000000000000000000000000000000000000000000000000000000000000000000000000000000000000000000000000000000000000000000000000000000000000000]
sext_ln19_1           (sext             ) [ 00000000000000000000000000000000000000000000000000000000000000000000000000000000000000000000000000000000000000000000000000000000000000000000000000000000000000]
AXI_DATA_addr_2       (getelementptr    ) [ 00111100111100000011111111000000000000000000000000000000000000000000000000000000000000000000000000000000000000000000000000000000000000000000000000000000000000]
empty_16              (add              ) [ 00000000000000000000000000000000000000000000000000000000000000000000000000000000000000000000000000000000000000000000000000000000000000000000000000000000000000]
trunc_ln20_1          (partselect       ) [ 00000000000000000000000000000000000000000000000000000000000000000000000000000000000000000000000000000000000000000000000000000000000000000000000000000000000000]
sext_ln20_1           (sext             ) [ 00000000000000000000000000000000000000000000000000000000000000000000000000000000000000000000000000000000000000000000000000000000000000000000000000000000000000]
AXI_DATA_addr_3       (getelementptr    ) [ 00111111111100000011111111111111100000000000000000000000000000000000000000000000000000000000000000000000000000000000000000000000000000000000000000000000000000]
AXI_DATA_load_1_req   (readreq          ) [ 00000000000000000000000000000000000000000000000000000000000000000000000000000000000000000000000000000000000000000000000000000000000000000000000000000000000000]
AXI_DATA_addr_2_read  (read             ) [ 00000010000000000000000000100000000000000000000000000000000000000000000000000000000000000000000000000000000000000000000000000000000000000000000000000000000000]
icmp_ln19_1           (icmp             ) [ 00000000000000000000000000000000000000000000000000000000000000000000000000000000000000000000000000000000000000000000000000000000000000000000000000000000000000]
select_ln20_1         (select           ) [ 00000001000000000000000000010000000000000000000000000000000000000000000000000000000000000000000000000000000000000000000000000000000000000000000000000000000000]
AXI_DATA_addr_3_req   (writereq         ) [ 00000000000000000000000000000000000000000000000000000000000000000000000000000000000000000000000000000000000000000000000000000000000000000000000000000000000000]
write_ln20            (write            ) [ 00000000000000000000000000000000000000000000000000000000000000000000000000000000000000000000000000000000000000000000000000000000000000000000000000000000000000]
AXI_DATA_addr_3_resp  (writeresp        ) [ 00000000000000000000000000000000000000000000000000000000000000000000000000000000000000000000000000000000000000000000000000000000000000000000000000000000000000]
add_ln19_2            (add              ) [ 00000000000000000000000000000000000000000000000000000000000000000000000000000000000000000000000000000000000000000000000000000000000000000000000000000000000000]
zext_ln19_2           (zext             ) [ 00000000000000000000000000000000000000000000000000000000000000000000000000000000000000000000000000000000000000000000000000000000000000000000000000000000000000]
add_ln19_3            (add              ) [ 00000000000000000000000000000000000000000000000000000000000000000000000000000000000000000000000000000000000000000000000000000000000000000000000000000000000000]
trunc_ln19_2          (partselect       ) [ 00000000000000000000000000000000000000000000000000000000000000000000000000000000000000000000000000000000000000000000000000000000000000000000000000000000000000]
sext_ln19_2           (sext             ) [ 00000000000000000000000000000000000000000000000000000000000000000000000000000000000000000000000000000000000000000000000000000000000000000000000000000000000000]
AXI_DATA_addr_4       (getelementptr    ) [ 00001111111100000000000000000000001111111100000000000000000000000000000000000000000000000000000000000000000000000000000000000000000000000000000000000000000000]
empty_17              (add              ) [ 00000000000000000000000000000000000000000000000000000000000000000000000000000000000000000000000000000000000000000000000000000000000000000000000000000000000000]
trunc_ln20_2          (partselect       ) [ 00000000000000000000000000000000000000000000000000000000000000000000000000000000000000000000000000000000000000000000000000000000000000000000000000000000000000]
sext_ln20_2           (sext             ) [ 00000000000000000000000000000000000000000000000000000000000000000000000000000000000000000000000000000000000000000000000000000000000000000000000000000000000000]
AXI_DATA_addr_5       (getelementptr    ) [ 00111111111100000000000000000000001111111111111110000000000000000000000000000000000000000000000000000000000000000000000000000000000000000000000000000000000000]
AXI_DATA_load_2_req   (readreq          ) [ 00000000000000000000000000000000000000000000000000000000000000000000000000000000000000000000000000000000000000000000000000000000000000000000000000000000000000]
AXI_DATA_addr_4_read  (read             ) [ 00100000000000000000000000000000000000000010000000000000000000000000000000000000000000000000000000000000000000000000000000000000000000000000000000000000000000]
icmp_ln19_2           (icmp             ) [ 00000000000000000000000000000000000000000000000000000000000000000000000000000000000000000000000000000000000000000000000000000000000000000000000000000000000000]
select_ln20_2         (select           ) [ 00010000000000000000000000000000000000000001000000000000000000000000000000000000000000000000000000000000000000000000000000000000000000000000000000000000000000]
AXI_DATA_addr_5_req   (writereq         ) [ 00000000000000000000000000000000000000000000000000000000000000000000000000000000000000000000000000000000000000000000000000000000000000000000000000000000000000]
write_ln20            (write            ) [ 00000000000000000000000000000000000000000000000000000000000000000000000000000000000000000000000000000000000000000000000000000000000000000000000000000000000000]
AXI_DATA_addr_5_resp  (writeresp        ) [ 00000000000000000000000000000000000000000000000000000000000000000000000000000000000000000000000000000000000000000000000000000000000000000000000000000000000000]
add_ln19_4            (add              ) [ 00000000000000000000000000000000000000000000000000000000000000000000000000000000000000000000000000000000000000000000000000000000000000000000000000000000000000]
zext_ln19_3           (zext             ) [ 00000000000000000000000000000000000000000000000000000000000000000000000000000000000000000000000000000000000000000000000000000000000000000000000000000000000000]
add_ln19_5            (add              ) [ 00000000000000000000000000000000000000000000000000000000000000000000000000000000000000000000000000000000000000000000000000000000000000000000000000000000000000]
trunc_ln19_3          (partselect       ) [ 00000000000000000000000000000000000000000000000000000000000000000000000000000000000000000000000000000000000000000000000000000000000000000000000000000000000000]
sext_ln19_3           (sext             ) [ 00000000000000000000000000000000000000000000000000000000000000000000000000000000000000000000000000000000000000000000000000000000000000000000000000000000000000]
AXI_DATA_addr_6       (getelementptr    ) [ 00111110011100000000000000000000000000000000000001111111100000000000000000000000000000000000000000000000000000000000000000000000000000000000000000000000000000]
empty_18              (add              ) [ 00000000000000000000000000000000000000000000000000000000000000000000000000000000000000000000000000000000000000000000000000000000000000000000000000000000000000]
trunc_ln20_3          (partselect       ) [ 00000000000000000000000000000000000000000000000000000000000000000000000000000000000000000000000000000000000000000000000000000000000000000000000000000000000000]
sext_ln20_3           (sext             ) [ 00000000000000000000000000000000000000000000000000000000000000000000000000000000000000000000000000000000000000000000000000000000000000000000000000000000000000]
AXI_DATA_addr_7       (getelementptr    ) [ 00111111111100000000000000000000000000000000000001111111111111110000000000000000000000000000000000000000000000000000000000000000000000000000000000000000000000]
AXI_DATA_load_3_req   (readreq          ) [ 00000000000000000000000000000000000000000000000000000000000000000000000000000000000000000000000000000000000000000000000000000000000000000000000000000000000000]
AXI_DATA_addr_6_read  (read             ) [ 00000001000000000000000000000000000000000000000000000000010000000000000000000000000000000000000000000000000000000000000000000000000000000000000000000000000000]
icmp_ln19_3           (icmp             ) [ 00000000000000000000000000000000000000000000000000000000000000000000000000000000000000000000000000000000000000000000000000000000000000000000000000000000000000]
select_ln20_3         (select           ) [ 00000000100000000000000000000000000000000000000000000000001000000000000000000000000000000000000000000000000000000000000000000000000000000000000000000000000000]
AXI_DATA_addr_7_req   (writereq         ) [ 00000000000000000000000000000000000000000000000000000000000000000000000000000000000000000000000000000000000000000000000000000000000000000000000000000000000000]
write_ln20            (write            ) [ 00000000000000000000000000000000000000000000000000000000000000000000000000000000000000000000000000000000000000000000000000000000000000000000000000000000000000]
AXI_DATA_addr_7_resp  (writeresp        ) [ 00000000000000000000000000000000000000000000000000000000000000000000000000000000000000000000000000000000000000000000000000000000000000000000000000000000000000]
add_ln19_6            (add              ) [ 00000000000000000000000000000000000000000000000000000000000000000000000000000000000000000000000000000000000000000000000000000000000000000000000000000000000000]
zext_ln19_4           (zext             ) [ 00000000000000000000000000000000000000000000000000000000000000000000000000000000000000000000000000000000000000000000000000000000000000000000000000000000000000]
add_ln19_7            (add              ) [ 00000000000000000000000000000000000000000000000000000000000000000000000000000000000000000000000000000000000000000000000000000000000000000000000000000000000000]
trunc_ln19_4          (partselect       ) [ 00000000000000000000000000000000000000000000000000000000000000000000000000000000000000000000000000000000000000000000000000000000000000000000000000000000000000]
sext_ln19_4           (sext             ) [ 00000000000000000000000000000000000000000000000000000000000000000000000000000000000000000000000000000000000000000000000000000000000000000000000000000000000000]
AXI_DATA_addr_8       (getelementptr    ) [ 00100111111100000000000000000000000000000000000000000000000000000111111110000000000000000000000000000000000000000000000000000000000000000000000000000000000000]
empty_19              (add              ) [ 00000000000000000000000000000000000000000000000000000000000000000000000000000000000000000000000000000000000000000000000000000000000000000000000000000000000000]
trunc_ln20_4          (partselect       ) [ 00000000000000000000000000000000000000000000000000000000000000000000000000000000000000000000000000000000000000000000000000000000000000000000000000000000000000]
sext_ln20_4           (sext             ) [ 00000000000000000000000000000000000000000000000000000000000000000000000000000000000000000000000000000000000000000000000000000000000000000000000000000000000000]
AXI_DATA_addr_9       (getelementptr    ) [ 00111111111100000000000000000000000000000000000000000000000000000111111111111111000000000000000000000000000000000000000000000000000000000000000000000000000000]
AXI_DATA_load_4_req   (readreq          ) [ 00000000000000000000000000000000000000000000000000000000000000000000000000000000000000000000000000000000000000000000000000000000000000000000000000000000000000]
AXI_DATA_addr_8_read  (read             ) [ 00010000000000000000000000000000000000000000000000000000000000000000000001000000000000000000000000000000000000000000000000000000000000000000000000000000000000]
icmp_ln19_4           (icmp             ) [ 00000000000000000000000000000000000000000000000000000000000000000000000000000000000000000000000000000000000000000000000000000000000000000000000000000000000000]
select_ln20_4         (select           ) [ 00001000000000000000000000000000000000000000000000000000000000000000000000100000000000000000000000000000000000000000000000000000000000000000000000000000000000]
AXI_DATA_addr_9_req   (writereq         ) [ 00000000000000000000000000000000000000000000000000000000000000000000000000000000000000000000000000000000000000000000000000000000000000000000000000000000000000]
write_ln20            (write            ) [ 00000000000000000000000000000000000000000000000000000000000000000000000000000000000000000000000000000000000000000000000000000000000000000000000000000000000000]
AXI_DATA_addr_9_resp  (writeresp        ) [ 00000000000000000000000000000000000000000000000000000000000000000000000000000000000000000000000000000000000000000000000000000000000000000000000000000000000000]
add_ln19_8            (add              ) [ 00000000000000000000000000000000000000000000000000000000000000000000000000000000000000000000000000000000000000000000000000000000000000000000000000000000000000]
zext_ln19_5           (zext             ) [ 00000000000000000000000000000000000000000000000000000000000000000000000000000000000000000000000000000000000000000000000000000000000000000000000000000000000000]
add_ln19_9            (add              ) [ 00000000000000000000000000000000000000000000000000000000000000000000000000000000000000000000000000000000000000000000000000000000000000000000000000000000000000]
trunc_ln19_5          (partselect       ) [ 00000000000000000000000000000000000000000000000000000000000000000000000000000000000000000000000000000000000000000000000000000000000000000000000000000000000000]
sext_ln19_5           (sext             ) [ 00000000000000000000000000000000000000000000000000000000000000000000000000000000000000000000000000000000000000000000000000000000000000000000000000000000000000]
AXI_DATA_addr_10      (getelementptr    ) [ 00111111001100000000000000000000000000000000000000000000000000000000000000000000111111110000000000000000000000000000000000000000000000000000000000000000000000]
empty_20              (add              ) [ 00000000000000000000000000000000000000000000000000000000000000000000000000000000000000000000000000000000000000000000000000000000000000000000000000000000000000]
trunc_ln20_5          (partselect       ) [ 00000000000000000000000000000000000000000000000000000000000000000000000000000000000000000000000000000000000000000000000000000000000000000000000000000000000000]
sext_ln20_5           (sext             ) [ 00000000000000000000000000000000000000000000000000000000000000000000000000000000000000000000000000000000000000000000000000000000000000000000000000000000000000]
AXI_DATA_addr_11      (getelementptr    ) [ 00111111111100000000000000000000000000000000000000000000000000000000000000000000111111111111111000000000000000000000000000000000000000000000000000000000000000]
AXI_DATA_load_5_req   (readreq          ) [ 00000000000000000000000000000000000000000000000000000000000000000000000000000000000000000000000000000000000000000000000000000000000000000000000000000000000000]
AXI_DATA_addr_10_read (read             ) [ 00000000100000000000000000000000000000000000000000000000000000000000000000000000000000001000000000000000000000000000000000000000000000000000000000000000000000]
icmp_ln19_5           (icmp             ) [ 00000000000000000000000000000000000000000000000000000000000000000000000000000000000000000000000000000000000000000000000000000000000000000000000000000000000000]
select_ln20_5         (select           ) [ 00000000010000000000000000000000000000000000000000000000000000000000000000000000000000000100000000000000000000000000000000000000000000000000000000000000000000]
AXI_DATA_addr_11_req  (writereq         ) [ 00000000000000000000000000000000000000000000000000000000000000000000000000000000000000000000000000000000000000000000000000000000000000000000000000000000000000]
write_ln20            (write            ) [ 00000000000000000000000000000000000000000000000000000000000000000000000000000000000000000000000000000000000000000000000000000000000000000000000000000000000000]
AXI_DATA_addr_11_resp (writeresp        ) [ 00000000000000000000000000000000000000000000000000000000000000000000000000000000000000000000000000000000000000000000000000000000000000000000000000000000000000]
add_ln19_10           (add              ) [ 00000000000000000000000000000000000000000000000000000000000000000000000000000000000000000000000000000000000000000000000000000000000000000000000000000000000000]
zext_ln19_6           (zext             ) [ 00000000000000000000000000000000000000000000000000000000000000000000000000000000000000000000000000000000000000000000000000000000000000000000000000000000000000]
add_ln19_11           (add              ) [ 00000000000000000000000000000000000000000000000000000000000000000000000000000000000000000000000000000000000000000000000000000000000000000000000000000000000000]
trunc_ln19_6          (partselect       ) [ 00000000000000000000000000000000000000000000000000000000000000000000000000000000000000000000000000000000000000000000000000000000000000000000000000000000000000]
sext_ln19_6           (sext             ) [ 00000000000000000000000000000000000000000000000000000000000000000000000000000000000000000000000000000000000000000000000000000000000000000000000000000000000000]
AXI_DATA_addr_12      (getelementptr    ) [ 00110011111100000000000000000000000000000000000000000000000000000000000000000000000000000000000011111111000000000000000000000000000000000000000000000000000000]
empty_21              (add              ) [ 00000000000000000000000000000000000000000000000000000000000000000000000000000000000000000000000000000000000000000000000000000000000000000000000000000000000000]
trunc_ln20_6          (partselect       ) [ 00000000000000000000000000000000000000000000000000000000000000000000000000000000000000000000000000000000000000000000000000000000000000000000000000000000000000]
sext_ln20_6           (sext             ) [ 00000000000000000000000000000000000000000000000000000000000000000000000000000000000000000000000000000000000000000000000000000000000000000000000000000000000000]
AXI_DATA_addr_13      (getelementptr    ) [ 00111111111100000000000000000000000000000000000000000000000000000000000000000000000000000000000011111111111111100000000000000000000000000000000000000000000000]
AXI_DATA_load_6_req   (readreq          ) [ 00000000000000000000000000000000000000000000000000000000000000000000000000000000000000000000000000000000000000000000000000000000000000000000000000000000000000]
AXI_DATA_addr_12_read (read             ) [ 00001000000000000000000000000000000000000000000000000000000000000000000000000000000000000000000000000000100000000000000000000000000000000000000000000000000000]
icmp_ln19_6           (icmp             ) [ 00000000000000000000000000000000000000000000000000000000000000000000000000000000000000000000000000000000000000000000000000000000000000000000000000000000000000]
select_ln20_6         (select           ) [ 00000100000000000000000000000000000000000000000000000000000000000000000000000000000000000000000000000000010000000000000000000000000000000000000000000000000000]
AXI_DATA_addr_13_req  (writereq         ) [ 00000000000000000000000000000000000000000000000000000000000000000000000000000000000000000000000000000000000000000000000000000000000000000000000000000000000000]
write_ln20            (write            ) [ 00000000000000000000000000000000000000000000000000000000000000000000000000000000000000000000000000000000000000000000000000000000000000000000000000000000000000]
AXI_DATA_addr_13_resp (writeresp        ) [ 00000000000000000000000000000000000000000000000000000000000000000000000000000000000000000000000000000000000000000000000000000000000000000000000000000000000000]
add_ln19_12           (add              ) [ 00000000000000000000000000000000000000000000000000000000000000000000000000000000000000000000000000000000000000000000000000000000000000000000000000000000000000]
zext_ln19_7           (zext             ) [ 00000000000000000000000000000000000000000000000000000000000000000000000000000000000000000000000000000000000000000000000000000000000000000000000000000000000000]
add_ln19_13           (add              ) [ 00000000000000000000000000000000000000000000000000000000000000000000000000000000000000000000000000000000000000000000000000000000000000000000000000000000000000]
trunc_ln19_7          (partselect       ) [ 00000000000000000000000000000000000000000000000000000000000000000000000000000000000000000000000000000000000000000000000000000000000000000000000000000000000000]
sext_ln19_7           (sext             ) [ 00000000000000000000000000000000000000000000000000000000000000000000000000000000000000000000000000000000000000000000000000000000000000000000000000000000000000]
AXI_DATA_addr_14      (getelementptr    ) [ 00111111100100000000000000000000000000000000000000000000000000000000000000000000000000000000000000000000000000011111111000000000000000000000000000000000000000]
empty_22              (add              ) [ 00000000000000000000000000000000000000000000000000000000000000000000000000000000000000000000000000000000000000000000000000000000000000000000000000000000000000]
trunc_ln20_7          (partselect       ) [ 00000000000000000000000000000000000000000000000000000000000000000000000000000000000000000000000000000000000000000000000000000000000000000000000000000000000000]
sext_ln20_7           (sext             ) [ 00000000000000000000000000000000000000000000000000000000000000000000000000000000000000000000000000000000000000000000000000000000000000000000000000000000000000]
AXI_DATA_addr_15      (getelementptr    ) [ 00111111111100000000000000000000000000000000000000000000000000000000000000000000000000000000000000000000000000011111111111111100000000000000000000000000000000]
AXI_DATA_load_7_req   (readreq          ) [ 00000000000000000000000000000000000000000000000000000000000000000000000000000000000000000000000000000000000000000000000000000000000000000000000000000000000000]
AXI_DATA_addr_14_read (read             ) [ 00000000010000000000000000000000000000000000000000000000000000000000000000000000000000000000000000000000000000000000000100000000000000000000000000000000000000]
icmp_ln19_7           (icmp             ) [ 00000000000000000000000000000000000000000000000000000000000000000000000000000000000000000000000000000000000000000000000000000000000000000000000000000000000000]
select_ln20_7         (select           ) [ 00000000001000000000000000000000000000000000000000000000000000000000000000000000000000000000000000000000000000000000000010000000000000000000000000000000000000]
AXI_DATA_addr_15_req  (writereq         ) [ 00000000000000000000000000000000000000000000000000000000000000000000000000000000000000000000000000000000000000000000000000000000000000000000000000000000000000]
write_ln20            (write            ) [ 00000000000000000000000000000000000000000000000000000000000000000000000000000000000000000000000000000000000000000000000000000000000000000000000000000000000000]
AXI_DATA_addr_15_resp (writeresp        ) [ 00000000000000000000000000000000000000000000000000000000000000000000000000000000000000000000000000000000000000000000000000000000000000000000000000000000000000]
add_ln19_14           (add              ) [ 00000000000000000000000000000000000000000000000000000000000000000000000000000000000000000000000000000000000000000000000000000000000000000000000000000000000000]
zext_ln19_8           (zext             ) [ 00000000000000000000000000000000000000000000000000000000000000000000000000000000000000000000000000000000000000000000000000000000000000000000000000000000000000]
add_ln19_15           (add              ) [ 00000000000000000000000000000000000000000000000000000000000000000000000000000000000000000000000000000000000000000000000000000000000000000000000000000000000000]
trunc_ln19_8          (partselect       ) [ 00000000000000000000000000000000000000000000000000000000000000000000000000000000000000000000000000000000000000000000000000000000000000000000000000000000000000]
sext_ln19_8           (sext             ) [ 00000000000000000000000000000000000000000000000000000000000000000000000000000000000000000000000000000000000000000000000000000000000000000000000000000000000000]
AXI_DATA_addr_16      (getelementptr    ) [ 00111001111100000000000000000000000000000000000000000000000000000000000000000000000000000000000000000000000000000000000000000001111111100000000000000000000000]
empty_23              (add              ) [ 00000000000000000000000000000000000000000000000000000000000000000000000000000000000000000000000000000000000000000000000000000000000000000000000000000000000000]
trunc_ln20_8          (partselect       ) [ 00000000000000000000000000000000000000000000000000000000000000000000000000000000000000000000000000000000000000000000000000000000000000000000000000000000000000]
sext_ln20_8           (sext             ) [ 00000000000000000000000000000000000000000000000000000000000000000000000000000000000000000000000000000000000000000000000000000000000000000000000000000000000000]
AXI_DATA_addr_17      (getelementptr    ) [ 00111111111100000000000000000000000000000000000000000000000000000000000000000000000000000000000000000000000000000000000000000001111111111111110000000000000000]
AXI_DATA_load_8_req   (readreq          ) [ 00000000000000000000000000000000000000000000000000000000000000000000000000000000000000000000000000000000000000000000000000000000000000000000000000000000000000]
AXI_DATA_addr_16_read (read             ) [ 00000100000000000000000000000000000000000000000000000000000000000000000000000000000000000000000000000000000000000000000000000000000000010000000000000000000000]
icmp_ln19_8           (icmp             ) [ 00000000000000000000000000000000000000000000000000000000000000000000000000000000000000000000000000000000000000000000000000000000000000000000000000000000000000]
select_ln20_8         (select           ) [ 00000010000000000000000000000000000000000000000000000000000000000000000000000000000000000000000000000000000000000000000000000000000000001000000000000000000000]
AXI_DATA_addr_17_req  (writereq         ) [ 00000000000000000000000000000000000000000000000000000000000000000000000000000000000000000000000000000000000000000000000000000000000000000000000000000000000000]
write_ln20            (write            ) [ 00000000000000000000000000000000000000000000000000000000000000000000000000000000000000000000000000000000000000000000000000000000000000000000000000000000000000]
AXI_DATA_addr_17_resp (writeresp        ) [ 00000000000000000000000000000000000000000000000000000000000000000000000000000000000000000000000000000000000000000000000000000000000000000000000000000000000000]
add_ln19_16           (add              ) [ 00000000000000000000000000000000000000000000000000000000000000000000000000000000000000000000000000000000000000000000000000000000000000000000000000000000000000]
zext_ln19_9           (zext             ) [ 00000000000000000000000000000000000000000000000000000000000000000000000000000000000000000000000000000000000000000000000000000000000000000000000000000000000000]
add_ln19_17           (add              ) [ 00000000000000000000000000000000000000000000000000000000000000000000000000000000000000000000000000000000000000000000000000000000000000000000000000000000000000]
trunc_ln19_9          (partselect       ) [ 00000000000000000000000000000000000000000000000000000000000000000000000000000000000000000000000000000000000000000000000000000000000000000000000000000000000000]
sext_ln19_9           (sext             ) [ 00000000000000000000000000000000000000000000000000000000000000000000000000000000000000000000000000000000000000000000000000000000000000000000000000000000000000]
AXI_DATA_addr_18      (getelementptr    ) [ 00111111110000000000000000000000000000000000000000000000000000000000000000000000000000000000000000000000000000000000000000000000000000000000001111111100000000]
empty_24              (add              ) [ 00000000000000000000000000000000000000000000000000000000000000000000000000000000000000000000000000000000000000000000000000000000000000000000000000000000000000]
trunc_ln20_9          (partselect       ) [ 00000000000000000000000000000000000000000000000000000000000000000000000000000000000000000000000000000000000000000000000000000000000000000000000000000000000000]
sext_ln20_9           (sext             ) [ 00000000000000000000000000000000000000000000000000000000000000000000000000000000000000000000000000000000000000000000000000000000000000000000000000000000000000]
AXI_DATA_addr_19      (getelementptr    ) [ 00111111111100000000000000000000000000000000000000000000000000000000000000000000000000000000000000000000000000000000000000000000000000000000001111111111111110]
AXI_DATA_load_9_req   (readreq          ) [ 00000000000000000000000000000000000000000000000000000000000000000000000000000000000000000000000000000000000000000000000000000000000000000000000000000000000000]
AXI_DATA_addr_18_read (read             ) [ 00000000001000000000000000000000000000000000000000000000000000000000000000000000000000000000000000000000000000000000000000000000000000000000000000000010000000]
icmp_ln19_9           (icmp             ) [ 00000000000000000000000000000000000000000000000000000000000000000000000000000000000000000000000000000000000000000000000000000000000000000000000000000000000000]
select_ln20_9         (select           ) [ 00000000000100000000000000000000000000000000000000000000000000000000000000000000000000000000000000000000000000000000000000000000000000000000000000000001000000]
AXI_DATA_addr_19_req  (writereq         ) [ 00000000000000000000000000000000000000000000000000000000000000000000000000000000000000000000000000000000000000000000000000000000000000000000000000000000000000]
write_ln20            (write            ) [ 00000000000000000000000000000000000000000000000000000000000000000000000000000000000000000000000000000000000000000000000000000000000000000000000000000000000000]
specloopname_ln17     (specloopname     ) [ 00000000000000000000000000000000000000000000000000000000000000000000000000000000000000000000000000000000000000000000000000000000000000000000000000000000000000]
AXI_DATA_addr_19_resp (writeresp        ) [ 00000000000000000000000000000000000000000000000000000000000000000000000000000000000000000000000000000000000000000000000000000000000000000000000000000000000000]
br_ln0                (br               ) [ 01111111111111111111111111111111111111111111111111111111111111111111111111111111111111111111111111111111111111111111111111111111111111111111111111111111111110]
ret_ln49              (ret              ) [ 00000000000000000000000000000000000000000000000000000000000000000000000000000000000000000000000000000000000000000000000000000000000000000000000000000000000000]
</LifeTime>

<model>

<comp_list>
<comp id="0" class="1000" name="AXI_DATA">
<pin_list>
<pin id="1" dir="1" index="0" bw="1" slack="0"/>
</pin_list>
<bind>
<StgValue><ssdm name="AXI_DATA"/></StgValue>
</bind>
</comp>

<comp id="2" class="1000" name="in_r">
<pin_list>
<pin id="3" dir="1" index="0" bw="1" slack="0"/>
</pin_list>
<bind>
<StgValue><ssdm name="in_r"/></StgValue>
</bind>
</comp>

<comp id="4" class="1000" name="out_r">
<pin_list>
<pin id="5" dir="1" index="0" bw="1" slack="0"/>
</pin_list>
<bind>
<StgValue><ssdm name="out_r"/></StgValue>
</bind>
</comp>

<comp id="6" class="1001" name="const_6">
<pin_list>
<pin id="7" dir="1" index="0" bw="1" slack="2147483647"/>
</pin_list>
<bind>
<StgValue><ssdm name="_ssdm_op_SpecTopModule"/></StgValue>
</bind>
</comp>

<comp id="8" class="1001" name="const_8">
<pin_list>
<pin id="9" dir="1" index="0" bw="1" slack="2147483647"/>
</pin_list>
<bind>
<StgValue><ssdm name="empty_7"/></StgValue>
</bind>
</comp>

<comp id="10" class="1001" name="const_10">
<pin_list>
<pin id="11" dir="1" index="0" bw="1" slack="2147483647"/>
</pin_list>
<bind>
<StgValue><ssdm name="_ssdm_op_SpecInterface"/></StgValue>
</bind>
</comp>

<comp id="12" class="1001" name="const_12">
<pin_list>
<pin id="13" dir="1" index="0" bw="1" slack="2147483647"/>
</pin_list>
<bind>
<StgValue><ssdm name="empty_9"/></StgValue>
</bind>
</comp>

<comp id="14" class="1001" name="const_14">
<pin_list>
<pin id="15" dir="1" index="0" bw="1" slack="0"/>
</pin_list>
<bind>
<StgValue><ssdm name=""/></StgValue>
</bind>
</comp>

<comp id="16" class="1001" name="const_16">
<pin_list>
<pin id="17" dir="1" index="0" bw="1" slack="2147483647"/>
</pin_list>
<bind>
<StgValue><ssdm name="empty"/></StgValue>
</bind>
</comp>

<comp id="18" class="1001" name="const_18">
<pin_list>
<pin id="19" dir="1" index="0" bw="1" slack="2147483647"/>
</pin_list>
<bind>
<StgValue><ssdm name="empty_0"/></StgValue>
</bind>
</comp>

<comp id="20" class="1001" name="const_20">
<pin_list>
<pin id="21" dir="1" index="0" bw="1" slack="2147483647"/>
</pin_list>
<bind>
<StgValue><ssdm name="empty_1"/></StgValue>
</bind>
</comp>

<comp id="22" class="1001" name="const_22">
<pin_list>
<pin id="23" dir="1" index="0" bw="1" slack="2147483647"/>
</pin_list>
<bind>
<StgValue><ssdm name=""/></StgValue>
</bind>
</comp>

<comp id="24" class="1001" name="const_24">
<pin_list>
<pin id="25" dir="1" index="0" bw="1" slack="2147483647"/>
</pin_list>
<bind>
<StgValue><ssdm name="_ssdm_op_SpecBitsMap"/></StgValue>
</bind>
</comp>

<comp id="26" class="1001" name="const_26">
<pin_list>
<pin id="27" dir="1" index="0" bw="1" slack="2147483647"/>
</pin_list>
<bind>
<StgValue><ssdm name="empty_10"/></StgValue>
</bind>
</comp>

<comp id="28" class="1001" name="const_28">
<pin_list>
<pin id="29" dir="1" index="0" bw="1" slack="2147483647"/>
</pin_list>
<bind>
<StgValue><ssdm name="empty_2"/></StgValue>
</bind>
</comp>

<comp id="30" class="1001" name="const_30">
<pin_list>
<pin id="31" dir="1" index="0" bw="1" slack="2147483647"/>
</pin_list>
<bind>
<StgValue><ssdm name="empty_3"/></StgValue>
</bind>
</comp>

<comp id="32" class="1001" name="const_32">
<pin_list>
<pin id="33" dir="1" index="0" bw="1" slack="2147483647"/>
</pin_list>
<bind>
<StgValue><ssdm name="empty_4"/></StgValue>
</bind>
</comp>

<comp id="34" class="1001" name="const_34">
<pin_list>
<pin id="35" dir="1" index="0" bw="1" slack="2147483647"/>
</pin_list>
<bind>
<StgValue><ssdm name="empty_5"/></StgValue>
</bind>
</comp>

<comp id="36" class="1001" name="const_36">
<pin_list>
<pin id="37" dir="1" index="0" bw="1" slack="2147483647"/>
</pin_list>
<bind>
<StgValue><ssdm name="empty_6"/></StgValue>
</bind>
</comp>

<comp id="38" class="1001" name="const_38">
<pin_list>
<pin id="39" dir="1" index="0" bw="1" slack="0"/>
</pin_list>
<bind>
<StgValue><ssdm name="_ssdm_op_Read.s_axilite.i64"/></StgValue>
</bind>
</comp>

<comp id="40" class="1001" name="const_40">
<pin_list>
<pin id="41" dir="1" index="0" bw="1" slack="1"/>
</pin_list>
<bind>
<StgValue><ssdm name=""/></StgValue>
</bind>
</comp>

<comp id="42" class="1001" name="const_42">
<pin_list>
<pin id="43" dir="1" index="0" bw="1" slack="2147483647"/>
</pin_list>
<bind>
<StgValue><ssdm name="_ssdm_op_SpecPipeline"/></StgValue>
</bind>
</comp>

<comp id="44" class="1001" name="const_44">
<pin_list>
<pin id="45" dir="1" index="0" bw="1" slack="2147483647"/>
</pin_list>
<bind>
<StgValue><ssdm name=""/></StgValue>
</bind>
</comp>

<comp id="46" class="1001" name="const_46">
<pin_list>
<pin id="47" dir="1" index="0" bw="1" slack="0"/>
</pin_list>
<bind>
<StgValue><ssdm name=""/></StgValue>
</bind>
</comp>

<comp id="48" class="1001" name="const_48">
<pin_list>
<pin id="49" dir="1" index="0" bw="1" slack="2147483647"/>
</pin_list>
<bind>
<StgValue><ssdm name="p_str"/></StgValue>
</bind>
</comp>

<comp id="50" class="1001" name="const_50">
<pin_list>
<pin id="51" dir="1" index="0" bw="1" slack="0"/>
</pin_list>
<bind>
<StgValue><ssdm name=""/></StgValue>
</bind>
</comp>

<comp id="52" class="1001" name="const_52">
<pin_list>
<pin id="53" dir="1" index="0" bw="1" slack="2147483647"/>
</pin_list>
<bind>
<StgValue><ssdm name="_ssdm_op_SpecLoopTripCount"/></StgValue>
</bind>
</comp>

<comp id="54" class="1001" name="const_54">
<pin_list>
<pin id="55" dir="1" index="0" bw="1" slack="2147483647"/>
</pin_list>
<bind>
<StgValue><ssdm name=""/></StgValue>
</bind>
</comp>

<comp id="56" class="1001" name="const_56">
<pin_list>
<pin id="57" dir="1" index="0" bw="1" slack="0"/>
</pin_list>
<bind>
<StgValue><ssdm name="_ssdm_op_BitConcatenate.i14.i12.i2"/></StgValue>
</bind>
</comp>

<comp id="58" class="1001" name="const_58">
<pin_list>
<pin id="59" dir="1" index="0" bw="1" slack="0"/>
</pin_list>
<bind>
<StgValue><ssdm name=""/></StgValue>
</bind>
</comp>

<comp id="60" class="1001" name="const_60">
<pin_list>
<pin id="61" dir="1" index="0" bw="1" slack="0"/>
</pin_list>
<bind>
<StgValue><ssdm name="_ssdm_op_PartSelect.i62.i64.i32.i32"/></StgValue>
</bind>
</comp>

<comp id="62" class="1001" name="const_62">
<pin_list>
<pin id="63" dir="1" index="0" bw="1" slack="0"/>
</pin_list>
<bind>
<StgValue><ssdm name=""/></StgValue>
</bind>
</comp>

<comp id="64" class="1001" name="const_64">
<pin_list>
<pin id="65" dir="1" index="0" bw="1" slack="0"/>
</pin_list>
<bind>
<StgValue><ssdm name=""/></StgValue>
</bind>
</comp>

<comp id="66" class="1001" name="const_66">
<pin_list>
<pin id="67" dir="1" index="0" bw="1" slack="0"/>
</pin_list>
<bind>
<StgValue><ssdm name="_ssdm_op_ReadReq.m_axi.i32P1A"/></StgValue>
</bind>
</comp>

<comp id="68" class="1001" name="const_68">
<pin_list>
<pin id="69" dir="1" index="0" bw="1" slack="0"/>
</pin_list>
<bind>
<StgValue><ssdm name="_ssdm_op_Read.m_axi.i32P1A"/></StgValue>
</bind>
</comp>

<comp id="70" class="1001" name="const_70">
<pin_list>
<pin id="71" dir="1" index="0" bw="1" slack="0"/>
</pin_list>
<bind>
<StgValue><ssdm name=""/></StgValue>
</bind>
</comp>

<comp id="72" class="1001" name="const_72">
<pin_list>
<pin id="73" dir="1" index="0" bw="1" slack="0"/>
</pin_list>
<bind>
<StgValue><ssdm name=""/></StgValue>
</bind>
</comp>

<comp id="74" class="1001" name="const_74">
<pin_list>
<pin id="75" dir="1" index="0" bw="1" slack="0"/>
</pin_list>
<bind>
<StgValue><ssdm name=""/></StgValue>
</bind>
</comp>

<comp id="76" class="1001" name="const_76">
<pin_list>
<pin id="77" dir="1" index="0" bw="1" slack="0"/>
</pin_list>
<bind>
<StgValue><ssdm name="_ssdm_op_WriteReq.m_axi.i32P1A"/></StgValue>
</bind>
</comp>

<comp id="78" class="1001" name="const_78">
<pin_list>
<pin id="79" dir="1" index="0" bw="1" slack="0"/>
</pin_list>
<bind>
<StgValue><ssdm name="_ssdm_op_Write.m_axi.i32P1A"/></StgValue>
</bind>
</comp>

<comp id="80" class="1001" name="const_80">
<pin_list>
<pin id="81" dir="1" index="0" bw="1" slack="0"/>
</pin_list>
<bind>
<StgValue><ssdm name=""/></StgValue>
</bind>
</comp>

<comp id="82" class="1001" name="const_82">
<pin_list>
<pin id="83" dir="1" index="0" bw="1" slack="0"/>
</pin_list>
<bind>
<StgValue><ssdm name="_ssdm_op_WriteResp.m_axi.i32P1A"/></StgValue>
</bind>
</comp>

<comp id="84" class="1001" name="const_84">
<pin_list>
<pin id="85" dir="1" index="0" bw="1" slack="0"/>
</pin_list>
<bind>
<StgValue><ssdm name=""/></StgValue>
</bind>
</comp>

<comp id="86" class="1001" name="const_86">
<pin_list>
<pin id="87" dir="1" index="0" bw="1" slack="0"/>
</pin_list>
<bind>
<StgValue><ssdm name=""/></StgValue>
</bind>
</comp>

<comp id="88" class="1001" name="const_88">
<pin_list>
<pin id="89" dir="1" index="0" bw="1" slack="0"/>
</pin_list>
<bind>
<StgValue><ssdm name=""/></StgValue>
</bind>
</comp>

<comp id="90" class="1001" name="const_90">
<pin_list>
<pin id="91" dir="1" index="0" bw="1" slack="0"/>
</pin_list>
<bind>
<StgValue><ssdm name=""/></StgValue>
</bind>
</comp>

<comp id="92" class="1001" name="const_92">
<pin_list>
<pin id="93" dir="1" index="0" bw="1" slack="0"/>
</pin_list>
<bind>
<StgValue><ssdm name=""/></StgValue>
</bind>
</comp>

<comp id="94" class="1001" name="const_94">
<pin_list>
<pin id="95" dir="1" index="0" bw="1" slack="0"/>
</pin_list>
<bind>
<StgValue><ssdm name=""/></StgValue>
</bind>
</comp>

<comp id="96" class="1001" name="const_96">
<pin_list>
<pin id="97" dir="1" index="0" bw="1" slack="0"/>
</pin_list>
<bind>
<StgValue><ssdm name=""/></StgValue>
</bind>
</comp>

<comp id="98" class="1001" name="const_98">
<pin_list>
<pin id="99" dir="1" index="0" bw="1" slack="0"/>
</pin_list>
<bind>
<StgValue><ssdm name=""/></StgValue>
</bind>
</comp>

<comp id="100" class="1001" name="const_100">
<pin_list>
<pin id="101" dir="1" index="0" bw="1" slack="0"/>
</pin_list>
<bind>
<StgValue><ssdm name=""/></StgValue>
</bind>
</comp>

<comp id="102" class="1001" name="const_102">
<pin_list>
<pin id="103" dir="1" index="0" bw="1" slack="2147483647"/>
</pin_list>
<bind>
<StgValue><ssdm name="_ssdm_op_SpecLoopName"/></StgValue>
</bind>
</comp>

<comp id="104" class="1001" name="const_104">
<pin_list>
<pin id="105" dir="1" index="0" bw="1" slack="2147483647"/>
</pin_list>
<bind>
<StgValue><ssdm name="empty_8"/></StgValue>
</bind>
</comp>

<comp id="106" class="1004" name="out_read_read_fu_106">
<pin_list>
<pin id="107" dir="0" index="0" bw="64" slack="0"/>
<pin id="108" dir="0" index="1" bw="64" slack="0"/>
<pin id="109" dir="1" index="2" bw="64" slack="1"/>
</pin_list>
<bind>
<opcode="read(1150) " fcode="read"/>
<opset="out_read/1 "/>
</bind>
</comp>

<comp id="112" class="1004" name="in_read_read_fu_112">
<pin_list>
<pin id="113" dir="0" index="0" bw="64" slack="0"/>
<pin id="114" dir="0" index="1" bw="64" slack="0"/>
<pin id="115" dir="1" index="2" bw="64" slack="1"/>
</pin_list>
<bind>
<opcode="read(1150) " fcode="read"/>
<opset="in_read/1 "/>
</bind>
</comp>

<comp id="118" class="1004" name="grp_readreq_fu_118">
<pin_list>
<pin id="119" dir="0" index="0" bw="1" slack="0"/>
<pin id="120" dir="0" index="1" bw="32" slack="1"/>
<pin id="121" dir="0" index="2" bw="1" slack="0"/>
<pin id="122" dir="1" index="3" bw="1" slack="2147483647"/>
</pin_list>
<bind>
<opcode="readreq(1154) " fcode="readreq"/>
<opset="AXI_DATA_load_req/3 "/>
</bind>
</comp>

<comp id="125" class="1004" name="AXI_DATA_addr_read_read_fu_125">
<pin_list>
<pin id="126" dir="0" index="0" bw="32" slack="0"/>
<pin id="127" dir="0" index="1" bw="32" slack="8"/>
<pin id="128" dir="1" index="2" bw="32" slack="1"/>
</pin_list>
<bind>
<opcode="read(1150) " fcode="read"/>
<opset="AXI_DATA_addr_read/10 "/>
</bind>
</comp>

<comp id="130" class="1004" name="grp_writeresp_fu_130">
<pin_list>
<pin id="131" dir="0" index="0" bw="1" slack="0"/>
<pin id="132" dir="0" index="1" bw="32" slack="9"/>
<pin id="133" dir="0" index="2" bw="1" slack="0"/>
<pin id="134" dir="1" index="3" bw="1" slack="2147483647"/>
</pin_list>
<bind>
<opcode="writereq(1155) writeresp(1158) " fcode="writeresp"/>
<opset="AXI_DATA_addr_1_req/11 AXI_DATA_addr_1_resp/13 "/>
</bind>
</comp>

<comp id="137" class="1004" name="write_ln20_write_fu_137">
<pin_list>
<pin id="138" dir="0" index="0" bw="0" slack="0"/>
<pin id="139" dir="0" index="1" bw="32" slack="10"/>
<pin id="140" dir="0" index="2" bw="9" slack="1"/>
<pin id="141" dir="0" index="3" bw="1" slack="0"/>
<pin id="142" dir="1" index="4" bw="0" slack="2147483647"/>
</pin_list>
<bind>
<opcode="write(1151) " fcode="write"/>
<opset="write_ln20/12 "/>
</bind>
</comp>

<comp id="146" class="1004" name="grp_readreq_fu_146">
<pin_list>
<pin id="147" dir="0" index="0" bw="1" slack="0"/>
<pin id="148" dir="0" index="1" bw="32" slack="1"/>
<pin id="149" dir="0" index="2" bw="1" slack="0"/>
<pin id="150" dir="1" index="3" bw="1" slack="2147483647"/>
</pin_list>
<bind>
<opcode="readreq(1154) " fcode="readreq"/>
<opset="AXI_DATA_load_1_req/18 "/>
</bind>
</comp>

<comp id="153" class="1004" name="AXI_DATA_addr_2_read_read_fu_153">
<pin_list>
<pin id="154" dir="0" index="0" bw="32" slack="0"/>
<pin id="155" dir="0" index="1" bw="32" slack="8"/>
<pin id="156" dir="1" index="2" bw="32" slack="1"/>
</pin_list>
<bind>
<opcode="read(1150) " fcode="read"/>
<opset="AXI_DATA_addr_2_read/25 "/>
</bind>
</comp>

<comp id="158" class="1004" name="grp_writeresp_fu_158">
<pin_list>
<pin id="159" dir="0" index="0" bw="1" slack="0"/>
<pin id="160" dir="0" index="1" bw="32" slack="9"/>
<pin id="161" dir="0" index="2" bw="1" slack="0"/>
<pin id="162" dir="1" index="3" bw="1" slack="2147483647"/>
</pin_list>
<bind>
<opcode="writereq(1155) writeresp(1158) " fcode="writeresp"/>
<opset="AXI_DATA_addr_3_req/26 AXI_DATA_addr_3_resp/28 "/>
</bind>
</comp>

<comp id="165" class="1004" name="write_ln20_write_fu_165">
<pin_list>
<pin id="166" dir="0" index="0" bw="0" slack="0"/>
<pin id="167" dir="0" index="1" bw="32" slack="10"/>
<pin id="168" dir="0" index="2" bw="9" slack="1"/>
<pin id="169" dir="0" index="3" bw="1" slack="0"/>
<pin id="170" dir="1" index="4" bw="0" slack="2147483647"/>
</pin_list>
<bind>
<opcode="write(1151) " fcode="write"/>
<opset="write_ln20/27 "/>
</bind>
</comp>

<comp id="174" class="1004" name="grp_readreq_fu_174">
<pin_list>
<pin id="175" dir="0" index="0" bw="1" slack="0"/>
<pin id="176" dir="0" index="1" bw="32" slack="1"/>
<pin id="177" dir="0" index="2" bw="1" slack="0"/>
<pin id="178" dir="1" index="3" bw="1" slack="2147483647"/>
</pin_list>
<bind>
<opcode="readreq(1154) " fcode="readreq"/>
<opset="AXI_DATA_load_2_req/34 "/>
</bind>
</comp>

<comp id="181" class="1004" name="AXI_DATA_addr_4_read_read_fu_181">
<pin_list>
<pin id="182" dir="0" index="0" bw="32" slack="0"/>
<pin id="183" dir="0" index="1" bw="32" slack="8"/>
<pin id="184" dir="1" index="2" bw="32" slack="1"/>
</pin_list>
<bind>
<opcode="read(1150) " fcode="read"/>
<opset="AXI_DATA_addr_4_read/41 "/>
</bind>
</comp>

<comp id="186" class="1004" name="grp_writeresp_fu_186">
<pin_list>
<pin id="187" dir="0" index="0" bw="1" slack="0"/>
<pin id="188" dir="0" index="1" bw="32" slack="9"/>
<pin id="189" dir="0" index="2" bw="1" slack="0"/>
<pin id="190" dir="1" index="3" bw="1" slack="2147483647"/>
</pin_list>
<bind>
<opcode="writereq(1155) writeresp(1158) " fcode="writeresp"/>
<opset="AXI_DATA_addr_5_req/42 AXI_DATA_addr_5_resp/44 "/>
</bind>
</comp>

<comp id="193" class="1004" name="write_ln20_write_fu_193">
<pin_list>
<pin id="194" dir="0" index="0" bw="0" slack="0"/>
<pin id="195" dir="0" index="1" bw="32" slack="10"/>
<pin id="196" dir="0" index="2" bw="9" slack="1"/>
<pin id="197" dir="0" index="3" bw="1" slack="0"/>
<pin id="198" dir="1" index="4" bw="0" slack="2147483647"/>
</pin_list>
<bind>
<opcode="write(1151) " fcode="write"/>
<opset="write_ln20/43 "/>
</bind>
</comp>

<comp id="202" class="1004" name="grp_readreq_fu_202">
<pin_list>
<pin id="203" dir="0" index="0" bw="1" slack="0"/>
<pin id="204" dir="0" index="1" bw="32" slack="1"/>
<pin id="205" dir="0" index="2" bw="1" slack="0"/>
<pin id="206" dir="1" index="3" bw="1" slack="2147483647"/>
</pin_list>
<bind>
<opcode="readreq(1154) " fcode="readreq"/>
<opset="AXI_DATA_load_3_req/49 "/>
</bind>
</comp>

<comp id="209" class="1004" name="AXI_DATA_addr_6_read_read_fu_209">
<pin_list>
<pin id="210" dir="0" index="0" bw="32" slack="0"/>
<pin id="211" dir="0" index="1" bw="32" slack="8"/>
<pin id="212" dir="1" index="2" bw="32" slack="1"/>
</pin_list>
<bind>
<opcode="read(1150) " fcode="read"/>
<opset="AXI_DATA_addr_6_read/56 "/>
</bind>
</comp>

<comp id="214" class="1004" name="grp_writeresp_fu_214">
<pin_list>
<pin id="215" dir="0" index="0" bw="1" slack="0"/>
<pin id="216" dir="0" index="1" bw="32" slack="9"/>
<pin id="217" dir="0" index="2" bw="1" slack="0"/>
<pin id="218" dir="1" index="3" bw="1" slack="2147483647"/>
</pin_list>
<bind>
<opcode="writereq(1155) writeresp(1158) " fcode="writeresp"/>
<opset="AXI_DATA_addr_7_req/57 AXI_DATA_addr_7_resp/59 "/>
</bind>
</comp>

<comp id="221" class="1004" name="write_ln20_write_fu_221">
<pin_list>
<pin id="222" dir="0" index="0" bw="0" slack="0"/>
<pin id="223" dir="0" index="1" bw="32" slack="10"/>
<pin id="224" dir="0" index="2" bw="9" slack="1"/>
<pin id="225" dir="0" index="3" bw="1" slack="0"/>
<pin id="226" dir="1" index="4" bw="0" slack="2147483647"/>
</pin_list>
<bind>
<opcode="write(1151) " fcode="write"/>
<opset="write_ln20/58 "/>
</bind>
</comp>

<comp id="230" class="1004" name="grp_readreq_fu_230">
<pin_list>
<pin id="231" dir="0" index="0" bw="1" slack="0"/>
<pin id="232" dir="0" index="1" bw="32" slack="1"/>
<pin id="233" dir="0" index="2" bw="1" slack="0"/>
<pin id="234" dir="1" index="3" bw="1" slack="2147483647"/>
</pin_list>
<bind>
<opcode="readreq(1154) " fcode="readreq"/>
<opset="AXI_DATA_load_4_req/65 "/>
</bind>
</comp>

<comp id="237" class="1004" name="AXI_DATA_addr_8_read_read_fu_237">
<pin_list>
<pin id="238" dir="0" index="0" bw="32" slack="0"/>
<pin id="239" dir="0" index="1" bw="32" slack="8"/>
<pin id="240" dir="1" index="2" bw="32" slack="1"/>
</pin_list>
<bind>
<opcode="read(1150) " fcode="read"/>
<opset="AXI_DATA_addr_8_read/72 "/>
</bind>
</comp>

<comp id="242" class="1004" name="grp_writeresp_fu_242">
<pin_list>
<pin id="243" dir="0" index="0" bw="1" slack="0"/>
<pin id="244" dir="0" index="1" bw="32" slack="9"/>
<pin id="245" dir="0" index="2" bw="1" slack="0"/>
<pin id="246" dir="1" index="3" bw="1" slack="2147483647"/>
</pin_list>
<bind>
<opcode="writereq(1155) writeresp(1158) " fcode="writeresp"/>
<opset="AXI_DATA_addr_9_req/73 AXI_DATA_addr_9_resp/75 "/>
</bind>
</comp>

<comp id="249" class="1004" name="write_ln20_write_fu_249">
<pin_list>
<pin id="250" dir="0" index="0" bw="0" slack="0"/>
<pin id="251" dir="0" index="1" bw="32" slack="10"/>
<pin id="252" dir="0" index="2" bw="9" slack="1"/>
<pin id="253" dir="0" index="3" bw="1" slack="0"/>
<pin id="254" dir="1" index="4" bw="0" slack="2147483647"/>
</pin_list>
<bind>
<opcode="write(1151) " fcode="write"/>
<opset="write_ln20/74 "/>
</bind>
</comp>

<comp id="258" class="1004" name="grp_readreq_fu_258">
<pin_list>
<pin id="259" dir="0" index="0" bw="1" slack="0"/>
<pin id="260" dir="0" index="1" bw="32" slack="1"/>
<pin id="261" dir="0" index="2" bw="1" slack="0"/>
<pin id="262" dir="1" index="3" bw="1" slack="2147483647"/>
</pin_list>
<bind>
<opcode="readreq(1154) " fcode="readreq"/>
<opset="AXI_DATA_load_5_req/80 "/>
</bind>
</comp>

<comp id="265" class="1004" name="AXI_DATA_addr_10_read_read_fu_265">
<pin_list>
<pin id="266" dir="0" index="0" bw="32" slack="0"/>
<pin id="267" dir="0" index="1" bw="32" slack="8"/>
<pin id="268" dir="1" index="2" bw="32" slack="1"/>
</pin_list>
<bind>
<opcode="read(1150) " fcode="read"/>
<opset="AXI_DATA_addr_10_read/87 "/>
</bind>
</comp>

<comp id="270" class="1004" name="grp_writeresp_fu_270">
<pin_list>
<pin id="271" dir="0" index="0" bw="1" slack="0"/>
<pin id="272" dir="0" index="1" bw="32" slack="9"/>
<pin id="273" dir="0" index="2" bw="1" slack="0"/>
<pin id="274" dir="1" index="3" bw="1" slack="2147483647"/>
</pin_list>
<bind>
<opcode="writereq(1155) writeresp(1158) " fcode="writeresp"/>
<opset="AXI_DATA_addr_11_req/88 AXI_DATA_addr_11_resp/90 "/>
</bind>
</comp>

<comp id="277" class="1004" name="write_ln20_write_fu_277">
<pin_list>
<pin id="278" dir="0" index="0" bw="0" slack="0"/>
<pin id="279" dir="0" index="1" bw="32" slack="10"/>
<pin id="280" dir="0" index="2" bw="9" slack="1"/>
<pin id="281" dir="0" index="3" bw="1" slack="0"/>
<pin id="282" dir="1" index="4" bw="0" slack="2147483647"/>
</pin_list>
<bind>
<opcode="write(1151) " fcode="write"/>
<opset="write_ln20/89 "/>
</bind>
</comp>

<comp id="286" class="1004" name="grp_readreq_fu_286">
<pin_list>
<pin id="287" dir="0" index="0" bw="1" slack="0"/>
<pin id="288" dir="0" index="1" bw="32" slack="1"/>
<pin id="289" dir="0" index="2" bw="1" slack="0"/>
<pin id="290" dir="1" index="3" bw="1" slack="2147483647"/>
</pin_list>
<bind>
<opcode="readreq(1154) " fcode="readreq"/>
<opset="AXI_DATA_load_6_req/96 "/>
</bind>
</comp>

<comp id="293" class="1004" name="AXI_DATA_addr_12_read_read_fu_293">
<pin_list>
<pin id="294" dir="0" index="0" bw="32" slack="0"/>
<pin id="295" dir="0" index="1" bw="32" slack="8"/>
<pin id="296" dir="1" index="2" bw="32" slack="1"/>
</pin_list>
<bind>
<opcode="read(1150) " fcode="read"/>
<opset="AXI_DATA_addr_12_read/103 "/>
</bind>
</comp>

<comp id="298" class="1004" name="grp_writeresp_fu_298">
<pin_list>
<pin id="299" dir="0" index="0" bw="1" slack="0"/>
<pin id="300" dir="0" index="1" bw="32" slack="9"/>
<pin id="301" dir="0" index="2" bw="1" slack="0"/>
<pin id="302" dir="1" index="3" bw="1" slack="2147483647"/>
</pin_list>
<bind>
<opcode="writereq(1155) writeresp(1158) " fcode="writeresp"/>
<opset="AXI_DATA_addr_13_req/104 AXI_DATA_addr_13_resp/106 "/>
</bind>
</comp>

<comp id="305" class="1004" name="write_ln20_write_fu_305">
<pin_list>
<pin id="306" dir="0" index="0" bw="0" slack="0"/>
<pin id="307" dir="0" index="1" bw="32" slack="10"/>
<pin id="308" dir="0" index="2" bw="9" slack="1"/>
<pin id="309" dir="0" index="3" bw="1" slack="0"/>
<pin id="310" dir="1" index="4" bw="0" slack="2147483647"/>
</pin_list>
<bind>
<opcode="write(1151) " fcode="write"/>
<opset="write_ln20/105 "/>
</bind>
</comp>

<comp id="314" class="1004" name="grp_readreq_fu_314">
<pin_list>
<pin id="315" dir="0" index="0" bw="1" slack="0"/>
<pin id="316" dir="0" index="1" bw="32" slack="1"/>
<pin id="317" dir="0" index="2" bw="1" slack="0"/>
<pin id="318" dir="1" index="3" bw="1" slack="2147483647"/>
</pin_list>
<bind>
<opcode="readreq(1154) " fcode="readreq"/>
<opset="AXI_DATA_load_7_req/111 "/>
</bind>
</comp>

<comp id="321" class="1004" name="AXI_DATA_addr_14_read_read_fu_321">
<pin_list>
<pin id="322" dir="0" index="0" bw="32" slack="0"/>
<pin id="323" dir="0" index="1" bw="32" slack="8"/>
<pin id="324" dir="1" index="2" bw="32" slack="1"/>
</pin_list>
<bind>
<opcode="read(1150) " fcode="read"/>
<opset="AXI_DATA_addr_14_read/118 "/>
</bind>
</comp>

<comp id="326" class="1004" name="grp_writeresp_fu_326">
<pin_list>
<pin id="327" dir="0" index="0" bw="1" slack="0"/>
<pin id="328" dir="0" index="1" bw="32" slack="9"/>
<pin id="329" dir="0" index="2" bw="1" slack="0"/>
<pin id="330" dir="1" index="3" bw="1" slack="2147483647"/>
</pin_list>
<bind>
<opcode="writereq(1155) writeresp(1158) " fcode="writeresp"/>
<opset="AXI_DATA_addr_15_req/119 AXI_DATA_addr_15_resp/121 "/>
</bind>
</comp>

<comp id="333" class="1004" name="write_ln20_write_fu_333">
<pin_list>
<pin id="334" dir="0" index="0" bw="0" slack="0"/>
<pin id="335" dir="0" index="1" bw="32" slack="10"/>
<pin id="336" dir="0" index="2" bw="9" slack="1"/>
<pin id="337" dir="0" index="3" bw="1" slack="0"/>
<pin id="338" dir="1" index="4" bw="0" slack="2147483647"/>
</pin_list>
<bind>
<opcode="write(1151) " fcode="write"/>
<opset="write_ln20/120 "/>
</bind>
</comp>

<comp id="342" class="1004" name="grp_readreq_fu_342">
<pin_list>
<pin id="343" dir="0" index="0" bw="1" slack="0"/>
<pin id="344" dir="0" index="1" bw="32" slack="1"/>
<pin id="345" dir="0" index="2" bw="1" slack="0"/>
<pin id="346" dir="1" index="3" bw="1" slack="2147483647"/>
</pin_list>
<bind>
<opcode="readreq(1154) " fcode="readreq"/>
<opset="AXI_DATA_load_8_req/127 "/>
</bind>
</comp>

<comp id="349" class="1004" name="AXI_DATA_addr_16_read_read_fu_349">
<pin_list>
<pin id="350" dir="0" index="0" bw="32" slack="0"/>
<pin id="351" dir="0" index="1" bw="32" slack="8"/>
<pin id="352" dir="1" index="2" bw="32" slack="1"/>
</pin_list>
<bind>
<opcode="read(1150) " fcode="read"/>
<opset="AXI_DATA_addr_16_read/134 "/>
</bind>
</comp>

<comp id="354" class="1004" name="grp_writeresp_fu_354">
<pin_list>
<pin id="355" dir="0" index="0" bw="1" slack="0"/>
<pin id="356" dir="0" index="1" bw="32" slack="9"/>
<pin id="357" dir="0" index="2" bw="1" slack="0"/>
<pin id="358" dir="1" index="3" bw="1" slack="2147483647"/>
</pin_list>
<bind>
<opcode="writereq(1155) writeresp(1158) " fcode="writeresp"/>
<opset="AXI_DATA_addr_17_req/135 AXI_DATA_addr_17_resp/137 "/>
</bind>
</comp>

<comp id="361" class="1004" name="write_ln20_write_fu_361">
<pin_list>
<pin id="362" dir="0" index="0" bw="0" slack="0"/>
<pin id="363" dir="0" index="1" bw="32" slack="10"/>
<pin id="364" dir="0" index="2" bw="9" slack="1"/>
<pin id="365" dir="0" index="3" bw="1" slack="0"/>
<pin id="366" dir="1" index="4" bw="0" slack="2147483647"/>
</pin_list>
<bind>
<opcode="write(1151) " fcode="write"/>
<opset="write_ln20/136 "/>
</bind>
</comp>

<comp id="370" class="1004" name="grp_readreq_fu_370">
<pin_list>
<pin id="371" dir="0" index="0" bw="1" slack="0"/>
<pin id="372" dir="0" index="1" bw="32" slack="1"/>
<pin id="373" dir="0" index="2" bw="1" slack="0"/>
<pin id="374" dir="1" index="3" bw="1" slack="2147483647"/>
</pin_list>
<bind>
<opcode="readreq(1154) " fcode="readreq"/>
<opset="AXI_DATA_load_9_req/142 "/>
</bind>
</comp>

<comp id="377" class="1004" name="AXI_DATA_addr_18_read_read_fu_377">
<pin_list>
<pin id="378" dir="0" index="0" bw="32" slack="0"/>
<pin id="379" dir="0" index="1" bw="32" slack="8"/>
<pin id="380" dir="1" index="2" bw="32" slack="1"/>
</pin_list>
<bind>
<opcode="read(1150) " fcode="read"/>
<opset="AXI_DATA_addr_18_read/149 "/>
</bind>
</comp>

<comp id="382" class="1004" name="grp_writeresp_fu_382">
<pin_list>
<pin id="383" dir="0" index="0" bw="1" slack="0"/>
<pin id="384" dir="0" index="1" bw="32" slack="9"/>
<pin id="385" dir="0" index="2" bw="1" slack="0"/>
<pin id="386" dir="1" index="3" bw="1" slack="2147483647"/>
</pin_list>
<bind>
<opcode="writereq(1155) writeresp(1158) " fcode="writeresp"/>
<opset="AXI_DATA_addr_19_req/150 AXI_DATA_addr_19_resp/152 "/>
</bind>
</comp>

<comp id="389" class="1004" name="write_ln20_write_fu_389">
<pin_list>
<pin id="390" dir="0" index="0" bw="0" slack="0"/>
<pin id="391" dir="0" index="1" bw="32" slack="10"/>
<pin id="392" dir="0" index="2" bw="9" slack="1"/>
<pin id="393" dir="0" index="3" bw="1" slack="0"/>
<pin id="394" dir="1" index="4" bw="0" slack="2147483647"/>
</pin_list>
<bind>
<opcode="write(1151) " fcode="write"/>
<opset="write_ln20/151 "/>
</bind>
</comp>

<comp id="398" class="1005" name="i_reg_398">
<pin_list>
<pin id="399" dir="0" index="0" bw="12" slack="1"/>
<pin id="400" dir="1" index="1" bw="12" slack="1"/>
</pin_list>
<bind>
<opset="i (phireg) "/>
</bind>
</comp>

<comp id="402" class="1004" name="i_phi_fu_402">
<pin_list>
<pin id="403" dir="0" index="0" bw="12" slack="1"/>
<pin id="404" dir="0" index="1" bw="0" slack="2147483647"/>
<pin id="405" dir="0" index="2" bw="1" slack="1"/>
<pin id="406" dir="0" index="3" bw="0" slack="2147483647"/>
<pin id="407" dir="1" index="4" bw="12" slack="0"/>
</pin_list>
<bind>
<opcode="phi(47) " fcode="phi"/>
<opset="i/2 "/>
</bind>
</comp>

<comp id="410" class="1004" name="icmp_ln17_fu_410">
<pin_list>
<pin id="411" dir="0" index="0" bw="12" slack="0"/>
<pin id="412" dir="0" index="1" bw="12" slack="0"/>
<pin id="413" dir="1" index="2" bw="1" slack="1"/>
</pin_list>
<bind>
<opcode="icmp(45) " fcode="icmp"/>
<opset="icmp_ln17/2 "/>
</bind>
</comp>

<comp id="416" class="1004" name="shl_ln_fu_416">
<pin_list>
<pin id="417" dir="0" index="0" bw="14" slack="0"/>
<pin id="418" dir="0" index="1" bw="12" slack="0"/>
<pin id="419" dir="0" index="2" bw="1" slack="0"/>
<pin id="420" dir="1" index="3" bw="14" slack="0"/>
</pin_list>
<bind>
<opcode="bitconcatenate(1004) " fcode="bitconcatenate"/>
<opset="shl_ln/2 "/>
</bind>
</comp>

<comp id="424" class="1004" name="zext_ln19_fu_424">
<pin_list>
<pin id="425" dir="0" index="0" bw="14" slack="0"/>
<pin id="426" dir="1" index="1" bw="64" slack="0"/>
</pin_list>
<bind>
<opcode="zext(34) " fcode="zext"/>
<opset="zext_ln19/2 "/>
</bind>
</comp>

<comp id="428" class="1004" name="add_ln19_fu_428">
<pin_list>
<pin id="429" dir="0" index="0" bw="14" slack="0"/>
<pin id="430" dir="0" index="1" bw="64" slack="1"/>
<pin id="431" dir="1" index="2" bw="64" slack="0"/>
</pin_list>
<bind>
<opcode="add(8) " fcode="add"/>
<opset="add_ln19/2 "/>
</bind>
</comp>

<comp id="433" class="1004" name="trunc_ln_fu_433">
<pin_list>
<pin id="434" dir="0" index="0" bw="62" slack="0"/>
<pin id="435" dir="0" index="1" bw="64" slack="0"/>
<pin id="436" dir="0" index="2" bw="3" slack="0"/>
<pin id="437" dir="0" index="3" bw="7" slack="0"/>
<pin id="438" dir="1" index="4" bw="62" slack="0"/>
</pin_list>
<bind>
<opcode="partselect(1002) " fcode="partselect"/>
<opset="trunc_ln/2 "/>
</bind>
</comp>

<comp id="443" class="1004" name="sext_ln19_fu_443">
<pin_list>
<pin id="444" dir="0" index="0" bw="62" slack="0"/>
<pin id="445" dir="1" index="1" bw="64" slack="0"/>
</pin_list>
<bind>
<opcode="sext(35) " fcode="sext"/>
<opset="sext_ln19/2 "/>
</bind>
</comp>

<comp id="447" class="1004" name="AXI_DATA_addr_fu_447">
<pin_list>
<pin id="448" dir="0" index="0" bw="32" slack="0"/>
<pin id="449" dir="0" index="1" bw="62" slack="0"/>
<pin id="450" dir="1" index="2" bw="32" slack="1"/>
</pin_list>
<bind>
<opcode="getelementptr(29) " fcode="getelementptr"/>
<opset="AXI_DATA_addr/2 "/>
</bind>
</comp>

<comp id="453" class="1004" name="empty_15_fu_453">
<pin_list>
<pin id="454" dir="0" index="0" bw="14" slack="0"/>
<pin id="455" dir="0" index="1" bw="64" slack="1"/>
<pin id="456" dir="1" index="2" bw="64" slack="0"/>
</pin_list>
<bind>
<opcode="add(8) " fcode="add"/>
<opset="empty_15/2 "/>
</bind>
</comp>

<comp id="458" class="1004" name="trunc_ln1_fu_458">
<pin_list>
<pin id="459" dir="0" index="0" bw="62" slack="0"/>
<pin id="460" dir="0" index="1" bw="64" slack="0"/>
<pin id="461" dir="0" index="2" bw="3" slack="0"/>
<pin id="462" dir="0" index="3" bw="7" slack="0"/>
<pin id="463" dir="1" index="4" bw="62" slack="0"/>
</pin_list>
<bind>
<opcode="partselect(1002) " fcode="partselect"/>
<opset="trunc_ln1/2 "/>
</bind>
</comp>

<comp id="468" class="1004" name="sext_ln20_fu_468">
<pin_list>
<pin id="469" dir="0" index="0" bw="62" slack="0"/>
<pin id="470" dir="1" index="1" bw="64" slack="0"/>
</pin_list>
<bind>
<opcode="sext(35) " fcode="sext"/>
<opset="sext_ln20/2 "/>
</bind>
</comp>

<comp id="472" class="1004" name="AXI_DATA_addr_1_fu_472">
<pin_list>
<pin id="473" dir="0" index="0" bw="32" slack="0"/>
<pin id="474" dir="0" index="1" bw="62" slack="0"/>
<pin id="475" dir="1" index="2" bw="32" slack="9"/>
</pin_list>
<bind>
<opcode="getelementptr(29) " fcode="getelementptr"/>
<opset="AXI_DATA_addr_1/2 "/>
</bind>
</comp>

<comp id="478" class="1004" name="add_ln17_fu_478">
<pin_list>
<pin id="479" dir="0" index="0" bw="12" slack="9"/>
<pin id="480" dir="0" index="1" bw="5" slack="0"/>
<pin id="481" dir="1" index="2" bw="12" slack="1"/>
</pin_list>
<bind>
<opcode="add(8) " fcode="add"/>
<opset="add_ln17/11 "/>
</bind>
</comp>

<comp id="484" class="1004" name="icmp_ln19_fu_484">
<pin_list>
<pin id="485" dir="0" index="0" bw="32" slack="1"/>
<pin id="486" dir="0" index="1" bw="7" slack="0"/>
<pin id="487" dir="1" index="2" bw="1" slack="0"/>
</pin_list>
<bind>
<opcode="icmp(45) " fcode="icmp"/>
<opset="icmp_ln19/11 "/>
</bind>
</comp>

<comp id="489" class="1004" name="select_ln20_fu_489">
<pin_list>
<pin id="490" dir="0" index="0" bw="1" slack="0"/>
<pin id="491" dir="0" index="1" bw="9" slack="0"/>
<pin id="492" dir="0" index="2" bw="1" slack="0"/>
<pin id="493" dir="1" index="3" bw="32" slack="1"/>
</pin_list>
<bind>
<opcode="select(49) " fcode="select"/>
<opset="select_ln20/11 "/>
</bind>
</comp>

<comp id="497" class="1004" name="or_ln19_fu_497">
<pin_list>
<pin id="498" dir="0" index="0" bw="14" slack="15"/>
<pin id="499" dir="0" index="1" bw="4" slack="0"/>
<pin id="500" dir="1" index="2" bw="14" slack="0"/>
</pin_list>
<bind>
<opcode="or(24) " fcode="or"/>
<opset="or_ln19/17 "/>
</bind>
</comp>

<comp id="502" class="1004" name="zext_ln19_1_fu_502">
<pin_list>
<pin id="503" dir="0" index="0" bw="14" slack="0"/>
<pin id="504" dir="1" index="1" bw="64" slack="0"/>
</pin_list>
<bind>
<opcode="zext(34) " fcode="zext"/>
<opset="zext_ln19_1/17 "/>
</bind>
</comp>

<comp id="506" class="1004" name="add_ln19_1_fu_506">
<pin_list>
<pin id="507" dir="0" index="0" bw="14" slack="0"/>
<pin id="508" dir="0" index="1" bw="64" slack="16"/>
<pin id="509" dir="1" index="2" bw="64" slack="0"/>
</pin_list>
<bind>
<opcode="add(8) " fcode="add"/>
<opset="add_ln19_1/17 "/>
</bind>
</comp>

<comp id="511" class="1004" name="trunc_ln19_1_fu_511">
<pin_list>
<pin id="512" dir="0" index="0" bw="62" slack="0"/>
<pin id="513" dir="0" index="1" bw="64" slack="0"/>
<pin id="514" dir="0" index="2" bw="3" slack="0"/>
<pin id="515" dir="0" index="3" bw="7" slack="0"/>
<pin id="516" dir="1" index="4" bw="62" slack="0"/>
</pin_list>
<bind>
<opcode="partselect(1002) " fcode="partselect"/>
<opset="trunc_ln19_1/17 "/>
</bind>
</comp>

<comp id="521" class="1004" name="sext_ln19_1_fu_521">
<pin_list>
<pin id="522" dir="0" index="0" bw="62" slack="0"/>
<pin id="523" dir="1" index="1" bw="64" slack="0"/>
</pin_list>
<bind>
<opcode="sext(35) " fcode="sext"/>
<opset="sext_ln19_1/17 "/>
</bind>
</comp>

<comp id="525" class="1004" name="AXI_DATA_addr_2_fu_525">
<pin_list>
<pin id="526" dir="0" index="0" bw="32" slack="0"/>
<pin id="527" dir="0" index="1" bw="62" slack="0"/>
<pin id="528" dir="1" index="2" bw="32" slack="1"/>
</pin_list>
<bind>
<opcode="getelementptr(29) " fcode="getelementptr"/>
<opset="AXI_DATA_addr_2/17 "/>
</bind>
</comp>

<comp id="531" class="1004" name="empty_16_fu_531">
<pin_list>
<pin id="532" dir="0" index="0" bw="14" slack="0"/>
<pin id="533" dir="0" index="1" bw="64" slack="16"/>
<pin id="534" dir="1" index="2" bw="64" slack="0"/>
</pin_list>
<bind>
<opcode="add(8) " fcode="add"/>
<opset="empty_16/17 "/>
</bind>
</comp>

<comp id="536" class="1004" name="trunc_ln20_1_fu_536">
<pin_list>
<pin id="537" dir="0" index="0" bw="62" slack="0"/>
<pin id="538" dir="0" index="1" bw="64" slack="0"/>
<pin id="539" dir="0" index="2" bw="3" slack="0"/>
<pin id="540" dir="0" index="3" bw="7" slack="0"/>
<pin id="541" dir="1" index="4" bw="62" slack="0"/>
</pin_list>
<bind>
<opcode="partselect(1002) " fcode="partselect"/>
<opset="trunc_ln20_1/17 "/>
</bind>
</comp>

<comp id="546" class="1004" name="sext_ln20_1_fu_546">
<pin_list>
<pin id="547" dir="0" index="0" bw="62" slack="0"/>
<pin id="548" dir="1" index="1" bw="64" slack="0"/>
</pin_list>
<bind>
<opcode="sext(35) " fcode="sext"/>
<opset="sext_ln20_1/17 "/>
</bind>
</comp>

<comp id="550" class="1004" name="AXI_DATA_addr_3_fu_550">
<pin_list>
<pin id="551" dir="0" index="0" bw="32" slack="0"/>
<pin id="552" dir="0" index="1" bw="62" slack="0"/>
<pin id="553" dir="1" index="2" bw="32" slack="9"/>
</pin_list>
<bind>
<opcode="getelementptr(29) " fcode="getelementptr"/>
<opset="AXI_DATA_addr_3/17 "/>
</bind>
</comp>

<comp id="556" class="1004" name="icmp_ln19_1_fu_556">
<pin_list>
<pin id="557" dir="0" index="0" bw="32" slack="1"/>
<pin id="558" dir="0" index="1" bw="7" slack="0"/>
<pin id="559" dir="1" index="2" bw="1" slack="0"/>
</pin_list>
<bind>
<opcode="icmp(45) " fcode="icmp"/>
<opset="icmp_ln19_1/26 "/>
</bind>
</comp>

<comp id="561" class="1004" name="select_ln20_1_fu_561">
<pin_list>
<pin id="562" dir="0" index="0" bw="1" slack="0"/>
<pin id="563" dir="0" index="1" bw="9" slack="0"/>
<pin id="564" dir="0" index="2" bw="1" slack="0"/>
<pin id="565" dir="1" index="3" bw="32" slack="1"/>
</pin_list>
<bind>
<opcode="select(49) " fcode="select"/>
<opset="select_ln20_1/26 "/>
</bind>
</comp>

<comp id="569" class="1004" name="add_ln19_2_fu_569">
<pin_list>
<pin id="570" dir="0" index="0" bw="14" slack="31"/>
<pin id="571" dir="0" index="1" bw="5" slack="0"/>
<pin id="572" dir="1" index="2" bw="14" slack="0"/>
</pin_list>
<bind>
<opcode="add(8) " fcode="add"/>
<opset="add_ln19_2/33 "/>
</bind>
</comp>

<comp id="574" class="1004" name="zext_ln19_2_fu_574">
<pin_list>
<pin id="575" dir="0" index="0" bw="14" slack="0"/>
<pin id="576" dir="1" index="1" bw="64" slack="0"/>
</pin_list>
<bind>
<opcode="zext(34) " fcode="zext"/>
<opset="zext_ln19_2/33 "/>
</bind>
</comp>

<comp id="578" class="1004" name="add_ln19_3_fu_578">
<pin_list>
<pin id="579" dir="0" index="0" bw="14" slack="0"/>
<pin id="580" dir="0" index="1" bw="64" slack="32"/>
<pin id="581" dir="1" index="2" bw="64" slack="0"/>
</pin_list>
<bind>
<opcode="add(8) " fcode="add"/>
<opset="add_ln19_3/33 "/>
</bind>
</comp>

<comp id="583" class="1004" name="trunc_ln19_2_fu_583">
<pin_list>
<pin id="584" dir="0" index="0" bw="62" slack="0"/>
<pin id="585" dir="0" index="1" bw="64" slack="0"/>
<pin id="586" dir="0" index="2" bw="3" slack="0"/>
<pin id="587" dir="0" index="3" bw="7" slack="0"/>
<pin id="588" dir="1" index="4" bw="62" slack="0"/>
</pin_list>
<bind>
<opcode="partselect(1002) " fcode="partselect"/>
<opset="trunc_ln19_2/33 "/>
</bind>
</comp>

<comp id="593" class="1004" name="sext_ln19_2_fu_593">
<pin_list>
<pin id="594" dir="0" index="0" bw="62" slack="0"/>
<pin id="595" dir="1" index="1" bw="64" slack="0"/>
</pin_list>
<bind>
<opcode="sext(35) " fcode="sext"/>
<opset="sext_ln19_2/33 "/>
</bind>
</comp>

<comp id="597" class="1004" name="AXI_DATA_addr_4_fu_597">
<pin_list>
<pin id="598" dir="0" index="0" bw="32" slack="0"/>
<pin id="599" dir="0" index="1" bw="62" slack="0"/>
<pin id="600" dir="1" index="2" bw="32" slack="1"/>
</pin_list>
<bind>
<opcode="getelementptr(29) " fcode="getelementptr"/>
<opset="AXI_DATA_addr_4/33 "/>
</bind>
</comp>

<comp id="603" class="1004" name="empty_17_fu_603">
<pin_list>
<pin id="604" dir="0" index="0" bw="14" slack="0"/>
<pin id="605" dir="0" index="1" bw="64" slack="32"/>
<pin id="606" dir="1" index="2" bw="64" slack="0"/>
</pin_list>
<bind>
<opcode="add(8) " fcode="add"/>
<opset="empty_17/33 "/>
</bind>
</comp>

<comp id="608" class="1004" name="trunc_ln20_2_fu_608">
<pin_list>
<pin id="609" dir="0" index="0" bw="62" slack="0"/>
<pin id="610" dir="0" index="1" bw="64" slack="0"/>
<pin id="611" dir="0" index="2" bw="3" slack="0"/>
<pin id="612" dir="0" index="3" bw="7" slack="0"/>
<pin id="613" dir="1" index="4" bw="62" slack="0"/>
</pin_list>
<bind>
<opcode="partselect(1002) " fcode="partselect"/>
<opset="trunc_ln20_2/33 "/>
</bind>
</comp>

<comp id="618" class="1004" name="sext_ln20_2_fu_618">
<pin_list>
<pin id="619" dir="0" index="0" bw="62" slack="0"/>
<pin id="620" dir="1" index="1" bw="64" slack="0"/>
</pin_list>
<bind>
<opcode="sext(35) " fcode="sext"/>
<opset="sext_ln20_2/33 "/>
</bind>
</comp>

<comp id="622" class="1004" name="AXI_DATA_addr_5_fu_622">
<pin_list>
<pin id="623" dir="0" index="0" bw="32" slack="0"/>
<pin id="624" dir="0" index="1" bw="62" slack="0"/>
<pin id="625" dir="1" index="2" bw="32" slack="9"/>
</pin_list>
<bind>
<opcode="getelementptr(29) " fcode="getelementptr"/>
<opset="AXI_DATA_addr_5/33 "/>
</bind>
</comp>

<comp id="628" class="1004" name="icmp_ln19_2_fu_628">
<pin_list>
<pin id="629" dir="0" index="0" bw="32" slack="1"/>
<pin id="630" dir="0" index="1" bw="7" slack="0"/>
<pin id="631" dir="1" index="2" bw="1" slack="0"/>
</pin_list>
<bind>
<opcode="icmp(45) " fcode="icmp"/>
<opset="icmp_ln19_2/42 "/>
</bind>
</comp>

<comp id="633" class="1004" name="select_ln20_2_fu_633">
<pin_list>
<pin id="634" dir="0" index="0" bw="1" slack="0"/>
<pin id="635" dir="0" index="1" bw="9" slack="0"/>
<pin id="636" dir="0" index="2" bw="1" slack="0"/>
<pin id="637" dir="1" index="3" bw="32" slack="1"/>
</pin_list>
<bind>
<opcode="select(49) " fcode="select"/>
<opset="select_ln20_2/42 "/>
</bind>
</comp>

<comp id="641" class="1004" name="add_ln19_4_fu_641">
<pin_list>
<pin id="642" dir="0" index="0" bw="14" slack="46"/>
<pin id="643" dir="0" index="1" bw="5" slack="0"/>
<pin id="644" dir="1" index="2" bw="14" slack="0"/>
</pin_list>
<bind>
<opcode="add(8) " fcode="add"/>
<opset="add_ln19_4/48 "/>
</bind>
</comp>

<comp id="646" class="1004" name="zext_ln19_3_fu_646">
<pin_list>
<pin id="647" dir="0" index="0" bw="14" slack="0"/>
<pin id="648" dir="1" index="1" bw="64" slack="0"/>
</pin_list>
<bind>
<opcode="zext(34) " fcode="zext"/>
<opset="zext_ln19_3/48 "/>
</bind>
</comp>

<comp id="650" class="1004" name="add_ln19_5_fu_650">
<pin_list>
<pin id="651" dir="0" index="0" bw="14" slack="0"/>
<pin id="652" dir="0" index="1" bw="64" slack="47"/>
<pin id="653" dir="1" index="2" bw="64" slack="0"/>
</pin_list>
<bind>
<opcode="add(8) " fcode="add"/>
<opset="add_ln19_5/48 "/>
</bind>
</comp>

<comp id="655" class="1004" name="trunc_ln19_3_fu_655">
<pin_list>
<pin id="656" dir="0" index="0" bw="62" slack="0"/>
<pin id="657" dir="0" index="1" bw="64" slack="0"/>
<pin id="658" dir="0" index="2" bw="3" slack="0"/>
<pin id="659" dir="0" index="3" bw="7" slack="0"/>
<pin id="660" dir="1" index="4" bw="62" slack="0"/>
</pin_list>
<bind>
<opcode="partselect(1002) " fcode="partselect"/>
<opset="trunc_ln19_3/48 "/>
</bind>
</comp>

<comp id="665" class="1004" name="sext_ln19_3_fu_665">
<pin_list>
<pin id="666" dir="0" index="0" bw="62" slack="0"/>
<pin id="667" dir="1" index="1" bw="64" slack="0"/>
</pin_list>
<bind>
<opcode="sext(35) " fcode="sext"/>
<opset="sext_ln19_3/48 "/>
</bind>
</comp>

<comp id="669" class="1004" name="AXI_DATA_addr_6_fu_669">
<pin_list>
<pin id="670" dir="0" index="0" bw="32" slack="0"/>
<pin id="671" dir="0" index="1" bw="62" slack="0"/>
<pin id="672" dir="1" index="2" bw="32" slack="1"/>
</pin_list>
<bind>
<opcode="getelementptr(29) " fcode="getelementptr"/>
<opset="AXI_DATA_addr_6/48 "/>
</bind>
</comp>

<comp id="675" class="1004" name="empty_18_fu_675">
<pin_list>
<pin id="676" dir="0" index="0" bw="14" slack="0"/>
<pin id="677" dir="0" index="1" bw="64" slack="47"/>
<pin id="678" dir="1" index="2" bw="64" slack="0"/>
</pin_list>
<bind>
<opcode="add(8) " fcode="add"/>
<opset="empty_18/48 "/>
</bind>
</comp>

<comp id="680" class="1004" name="trunc_ln20_3_fu_680">
<pin_list>
<pin id="681" dir="0" index="0" bw="62" slack="0"/>
<pin id="682" dir="0" index="1" bw="64" slack="0"/>
<pin id="683" dir="0" index="2" bw="3" slack="0"/>
<pin id="684" dir="0" index="3" bw="7" slack="0"/>
<pin id="685" dir="1" index="4" bw="62" slack="0"/>
</pin_list>
<bind>
<opcode="partselect(1002) " fcode="partselect"/>
<opset="trunc_ln20_3/48 "/>
</bind>
</comp>

<comp id="690" class="1004" name="sext_ln20_3_fu_690">
<pin_list>
<pin id="691" dir="0" index="0" bw="62" slack="0"/>
<pin id="692" dir="1" index="1" bw="64" slack="0"/>
</pin_list>
<bind>
<opcode="sext(35) " fcode="sext"/>
<opset="sext_ln20_3/48 "/>
</bind>
</comp>

<comp id="694" class="1004" name="AXI_DATA_addr_7_fu_694">
<pin_list>
<pin id="695" dir="0" index="0" bw="32" slack="0"/>
<pin id="696" dir="0" index="1" bw="62" slack="0"/>
<pin id="697" dir="1" index="2" bw="32" slack="9"/>
</pin_list>
<bind>
<opcode="getelementptr(29) " fcode="getelementptr"/>
<opset="AXI_DATA_addr_7/48 "/>
</bind>
</comp>

<comp id="700" class="1004" name="icmp_ln19_3_fu_700">
<pin_list>
<pin id="701" dir="0" index="0" bw="32" slack="1"/>
<pin id="702" dir="0" index="1" bw="7" slack="0"/>
<pin id="703" dir="1" index="2" bw="1" slack="0"/>
</pin_list>
<bind>
<opcode="icmp(45) " fcode="icmp"/>
<opset="icmp_ln19_3/57 "/>
</bind>
</comp>

<comp id="705" class="1004" name="select_ln20_3_fu_705">
<pin_list>
<pin id="706" dir="0" index="0" bw="1" slack="0"/>
<pin id="707" dir="0" index="1" bw="9" slack="0"/>
<pin id="708" dir="0" index="2" bw="1" slack="0"/>
<pin id="709" dir="1" index="3" bw="32" slack="1"/>
</pin_list>
<bind>
<opcode="select(49) " fcode="select"/>
<opset="select_ln20_3/57 "/>
</bind>
</comp>

<comp id="713" class="1004" name="add_ln19_6_fu_713">
<pin_list>
<pin id="714" dir="0" index="0" bw="14" slack="62"/>
<pin id="715" dir="0" index="1" bw="6" slack="0"/>
<pin id="716" dir="1" index="2" bw="14" slack="0"/>
</pin_list>
<bind>
<opcode="add(8) " fcode="add"/>
<opset="add_ln19_6/64 "/>
</bind>
</comp>

<comp id="718" class="1004" name="zext_ln19_4_fu_718">
<pin_list>
<pin id="719" dir="0" index="0" bw="14" slack="0"/>
<pin id="720" dir="1" index="1" bw="64" slack="0"/>
</pin_list>
<bind>
<opcode="zext(34) " fcode="zext"/>
<opset="zext_ln19_4/64 "/>
</bind>
</comp>

<comp id="722" class="1004" name="add_ln19_7_fu_722">
<pin_list>
<pin id="723" dir="0" index="0" bw="14" slack="0"/>
<pin id="724" dir="0" index="1" bw="64" slack="63"/>
<pin id="725" dir="1" index="2" bw="64" slack="0"/>
</pin_list>
<bind>
<opcode="add(8) " fcode="add"/>
<opset="add_ln19_7/64 "/>
</bind>
</comp>

<comp id="727" class="1004" name="trunc_ln19_4_fu_727">
<pin_list>
<pin id="728" dir="0" index="0" bw="62" slack="0"/>
<pin id="729" dir="0" index="1" bw="64" slack="0"/>
<pin id="730" dir="0" index="2" bw="3" slack="0"/>
<pin id="731" dir="0" index="3" bw="7" slack="0"/>
<pin id="732" dir="1" index="4" bw="62" slack="0"/>
</pin_list>
<bind>
<opcode="partselect(1002) " fcode="partselect"/>
<opset="trunc_ln19_4/64 "/>
</bind>
</comp>

<comp id="737" class="1004" name="sext_ln19_4_fu_737">
<pin_list>
<pin id="738" dir="0" index="0" bw="62" slack="0"/>
<pin id="739" dir="1" index="1" bw="64" slack="0"/>
</pin_list>
<bind>
<opcode="sext(35) " fcode="sext"/>
<opset="sext_ln19_4/64 "/>
</bind>
</comp>

<comp id="741" class="1004" name="AXI_DATA_addr_8_fu_741">
<pin_list>
<pin id="742" dir="0" index="0" bw="32" slack="0"/>
<pin id="743" dir="0" index="1" bw="62" slack="0"/>
<pin id="744" dir="1" index="2" bw="32" slack="1"/>
</pin_list>
<bind>
<opcode="getelementptr(29) " fcode="getelementptr"/>
<opset="AXI_DATA_addr_8/64 "/>
</bind>
</comp>

<comp id="747" class="1004" name="empty_19_fu_747">
<pin_list>
<pin id="748" dir="0" index="0" bw="14" slack="0"/>
<pin id="749" dir="0" index="1" bw="64" slack="63"/>
<pin id="750" dir="1" index="2" bw="64" slack="0"/>
</pin_list>
<bind>
<opcode="add(8) " fcode="add"/>
<opset="empty_19/64 "/>
</bind>
</comp>

<comp id="752" class="1004" name="trunc_ln20_4_fu_752">
<pin_list>
<pin id="753" dir="0" index="0" bw="62" slack="0"/>
<pin id="754" dir="0" index="1" bw="64" slack="0"/>
<pin id="755" dir="0" index="2" bw="3" slack="0"/>
<pin id="756" dir="0" index="3" bw="7" slack="0"/>
<pin id="757" dir="1" index="4" bw="62" slack="0"/>
</pin_list>
<bind>
<opcode="partselect(1002) " fcode="partselect"/>
<opset="trunc_ln20_4/64 "/>
</bind>
</comp>

<comp id="762" class="1004" name="sext_ln20_4_fu_762">
<pin_list>
<pin id="763" dir="0" index="0" bw="62" slack="0"/>
<pin id="764" dir="1" index="1" bw="64" slack="0"/>
</pin_list>
<bind>
<opcode="sext(35) " fcode="sext"/>
<opset="sext_ln20_4/64 "/>
</bind>
</comp>

<comp id="766" class="1004" name="AXI_DATA_addr_9_fu_766">
<pin_list>
<pin id="767" dir="0" index="0" bw="32" slack="0"/>
<pin id="768" dir="0" index="1" bw="62" slack="0"/>
<pin id="769" dir="1" index="2" bw="32" slack="9"/>
</pin_list>
<bind>
<opcode="getelementptr(29) " fcode="getelementptr"/>
<opset="AXI_DATA_addr_9/64 "/>
</bind>
</comp>

<comp id="772" class="1004" name="icmp_ln19_4_fu_772">
<pin_list>
<pin id="773" dir="0" index="0" bw="32" slack="1"/>
<pin id="774" dir="0" index="1" bw="7" slack="0"/>
<pin id="775" dir="1" index="2" bw="1" slack="0"/>
</pin_list>
<bind>
<opcode="icmp(45) " fcode="icmp"/>
<opset="icmp_ln19_4/73 "/>
</bind>
</comp>

<comp id="777" class="1004" name="select_ln20_4_fu_777">
<pin_list>
<pin id="778" dir="0" index="0" bw="1" slack="0"/>
<pin id="779" dir="0" index="1" bw="9" slack="0"/>
<pin id="780" dir="0" index="2" bw="1" slack="0"/>
<pin id="781" dir="1" index="3" bw="32" slack="1"/>
</pin_list>
<bind>
<opcode="select(49) " fcode="select"/>
<opset="select_ln20_4/73 "/>
</bind>
</comp>

<comp id="785" class="1004" name="add_ln19_8_fu_785">
<pin_list>
<pin id="786" dir="0" index="0" bw="14" slack="77"/>
<pin id="787" dir="0" index="1" bw="6" slack="0"/>
<pin id="788" dir="1" index="2" bw="14" slack="0"/>
</pin_list>
<bind>
<opcode="add(8) " fcode="add"/>
<opset="add_ln19_8/79 "/>
</bind>
</comp>

<comp id="790" class="1004" name="zext_ln19_5_fu_790">
<pin_list>
<pin id="791" dir="0" index="0" bw="14" slack="0"/>
<pin id="792" dir="1" index="1" bw="64" slack="0"/>
</pin_list>
<bind>
<opcode="zext(34) " fcode="zext"/>
<opset="zext_ln19_5/79 "/>
</bind>
</comp>

<comp id="794" class="1004" name="add_ln19_9_fu_794">
<pin_list>
<pin id="795" dir="0" index="0" bw="14" slack="0"/>
<pin id="796" dir="0" index="1" bw="64" slack="78"/>
<pin id="797" dir="1" index="2" bw="64" slack="0"/>
</pin_list>
<bind>
<opcode="add(8) " fcode="add"/>
<opset="add_ln19_9/79 "/>
</bind>
</comp>

<comp id="799" class="1004" name="trunc_ln19_5_fu_799">
<pin_list>
<pin id="800" dir="0" index="0" bw="62" slack="0"/>
<pin id="801" dir="0" index="1" bw="64" slack="0"/>
<pin id="802" dir="0" index="2" bw="3" slack="0"/>
<pin id="803" dir="0" index="3" bw="7" slack="0"/>
<pin id="804" dir="1" index="4" bw="62" slack="0"/>
</pin_list>
<bind>
<opcode="partselect(1002) " fcode="partselect"/>
<opset="trunc_ln19_5/79 "/>
</bind>
</comp>

<comp id="809" class="1004" name="sext_ln19_5_fu_809">
<pin_list>
<pin id="810" dir="0" index="0" bw="62" slack="0"/>
<pin id="811" dir="1" index="1" bw="64" slack="0"/>
</pin_list>
<bind>
<opcode="sext(35) " fcode="sext"/>
<opset="sext_ln19_5/79 "/>
</bind>
</comp>

<comp id="813" class="1004" name="AXI_DATA_addr_10_fu_813">
<pin_list>
<pin id="814" dir="0" index="0" bw="32" slack="0"/>
<pin id="815" dir="0" index="1" bw="62" slack="0"/>
<pin id="816" dir="1" index="2" bw="32" slack="1"/>
</pin_list>
<bind>
<opcode="getelementptr(29) " fcode="getelementptr"/>
<opset="AXI_DATA_addr_10/79 "/>
</bind>
</comp>

<comp id="819" class="1004" name="empty_20_fu_819">
<pin_list>
<pin id="820" dir="0" index="0" bw="14" slack="0"/>
<pin id="821" dir="0" index="1" bw="64" slack="78"/>
<pin id="822" dir="1" index="2" bw="64" slack="0"/>
</pin_list>
<bind>
<opcode="add(8) " fcode="add"/>
<opset="empty_20/79 "/>
</bind>
</comp>

<comp id="824" class="1004" name="trunc_ln20_5_fu_824">
<pin_list>
<pin id="825" dir="0" index="0" bw="62" slack="0"/>
<pin id="826" dir="0" index="1" bw="64" slack="0"/>
<pin id="827" dir="0" index="2" bw="3" slack="0"/>
<pin id="828" dir="0" index="3" bw="7" slack="0"/>
<pin id="829" dir="1" index="4" bw="62" slack="0"/>
</pin_list>
<bind>
<opcode="partselect(1002) " fcode="partselect"/>
<opset="trunc_ln20_5/79 "/>
</bind>
</comp>

<comp id="834" class="1004" name="sext_ln20_5_fu_834">
<pin_list>
<pin id="835" dir="0" index="0" bw="62" slack="0"/>
<pin id="836" dir="1" index="1" bw="64" slack="0"/>
</pin_list>
<bind>
<opcode="sext(35) " fcode="sext"/>
<opset="sext_ln20_5/79 "/>
</bind>
</comp>

<comp id="838" class="1004" name="AXI_DATA_addr_11_fu_838">
<pin_list>
<pin id="839" dir="0" index="0" bw="32" slack="0"/>
<pin id="840" dir="0" index="1" bw="62" slack="0"/>
<pin id="841" dir="1" index="2" bw="32" slack="9"/>
</pin_list>
<bind>
<opcode="getelementptr(29) " fcode="getelementptr"/>
<opset="AXI_DATA_addr_11/79 "/>
</bind>
</comp>

<comp id="844" class="1004" name="icmp_ln19_5_fu_844">
<pin_list>
<pin id="845" dir="0" index="0" bw="32" slack="1"/>
<pin id="846" dir="0" index="1" bw="7" slack="0"/>
<pin id="847" dir="1" index="2" bw="1" slack="0"/>
</pin_list>
<bind>
<opcode="icmp(45) " fcode="icmp"/>
<opset="icmp_ln19_5/88 "/>
</bind>
</comp>

<comp id="849" class="1004" name="select_ln20_5_fu_849">
<pin_list>
<pin id="850" dir="0" index="0" bw="1" slack="0"/>
<pin id="851" dir="0" index="1" bw="9" slack="0"/>
<pin id="852" dir="0" index="2" bw="1" slack="0"/>
<pin id="853" dir="1" index="3" bw="32" slack="1"/>
</pin_list>
<bind>
<opcode="select(49) " fcode="select"/>
<opset="select_ln20_5/88 "/>
</bind>
</comp>

<comp id="857" class="1004" name="add_ln19_10_fu_857">
<pin_list>
<pin id="858" dir="0" index="0" bw="14" slack="93"/>
<pin id="859" dir="0" index="1" bw="6" slack="0"/>
<pin id="860" dir="1" index="2" bw="14" slack="0"/>
</pin_list>
<bind>
<opcode="add(8) " fcode="add"/>
<opset="add_ln19_10/95 "/>
</bind>
</comp>

<comp id="862" class="1004" name="zext_ln19_6_fu_862">
<pin_list>
<pin id="863" dir="0" index="0" bw="14" slack="0"/>
<pin id="864" dir="1" index="1" bw="64" slack="0"/>
</pin_list>
<bind>
<opcode="zext(34) " fcode="zext"/>
<opset="zext_ln19_6/95 "/>
</bind>
</comp>

<comp id="866" class="1004" name="add_ln19_11_fu_866">
<pin_list>
<pin id="867" dir="0" index="0" bw="14" slack="0"/>
<pin id="868" dir="0" index="1" bw="64" slack="94"/>
<pin id="869" dir="1" index="2" bw="64" slack="0"/>
</pin_list>
<bind>
<opcode="add(8) " fcode="add"/>
<opset="add_ln19_11/95 "/>
</bind>
</comp>

<comp id="871" class="1004" name="trunc_ln19_6_fu_871">
<pin_list>
<pin id="872" dir="0" index="0" bw="62" slack="0"/>
<pin id="873" dir="0" index="1" bw="64" slack="0"/>
<pin id="874" dir="0" index="2" bw="3" slack="0"/>
<pin id="875" dir="0" index="3" bw="7" slack="0"/>
<pin id="876" dir="1" index="4" bw="62" slack="0"/>
</pin_list>
<bind>
<opcode="partselect(1002) " fcode="partselect"/>
<opset="trunc_ln19_6/95 "/>
</bind>
</comp>

<comp id="881" class="1004" name="sext_ln19_6_fu_881">
<pin_list>
<pin id="882" dir="0" index="0" bw="62" slack="0"/>
<pin id="883" dir="1" index="1" bw="64" slack="0"/>
</pin_list>
<bind>
<opcode="sext(35) " fcode="sext"/>
<opset="sext_ln19_6/95 "/>
</bind>
</comp>

<comp id="885" class="1004" name="AXI_DATA_addr_12_fu_885">
<pin_list>
<pin id="886" dir="0" index="0" bw="32" slack="0"/>
<pin id="887" dir="0" index="1" bw="62" slack="0"/>
<pin id="888" dir="1" index="2" bw="32" slack="1"/>
</pin_list>
<bind>
<opcode="getelementptr(29) " fcode="getelementptr"/>
<opset="AXI_DATA_addr_12/95 "/>
</bind>
</comp>

<comp id="891" class="1004" name="empty_21_fu_891">
<pin_list>
<pin id="892" dir="0" index="0" bw="14" slack="0"/>
<pin id="893" dir="0" index="1" bw="64" slack="94"/>
<pin id="894" dir="1" index="2" bw="64" slack="0"/>
</pin_list>
<bind>
<opcode="add(8) " fcode="add"/>
<opset="empty_21/95 "/>
</bind>
</comp>

<comp id="896" class="1004" name="trunc_ln20_6_fu_896">
<pin_list>
<pin id="897" dir="0" index="0" bw="62" slack="0"/>
<pin id="898" dir="0" index="1" bw="64" slack="0"/>
<pin id="899" dir="0" index="2" bw="3" slack="0"/>
<pin id="900" dir="0" index="3" bw="7" slack="0"/>
<pin id="901" dir="1" index="4" bw="62" slack="0"/>
</pin_list>
<bind>
<opcode="partselect(1002) " fcode="partselect"/>
<opset="trunc_ln20_6/95 "/>
</bind>
</comp>

<comp id="906" class="1004" name="sext_ln20_6_fu_906">
<pin_list>
<pin id="907" dir="0" index="0" bw="62" slack="0"/>
<pin id="908" dir="1" index="1" bw="64" slack="0"/>
</pin_list>
<bind>
<opcode="sext(35) " fcode="sext"/>
<opset="sext_ln20_6/95 "/>
</bind>
</comp>

<comp id="910" class="1004" name="AXI_DATA_addr_13_fu_910">
<pin_list>
<pin id="911" dir="0" index="0" bw="32" slack="0"/>
<pin id="912" dir="0" index="1" bw="62" slack="0"/>
<pin id="913" dir="1" index="2" bw="32" slack="9"/>
</pin_list>
<bind>
<opcode="getelementptr(29) " fcode="getelementptr"/>
<opset="AXI_DATA_addr_13/95 "/>
</bind>
</comp>

<comp id="916" class="1004" name="icmp_ln19_6_fu_916">
<pin_list>
<pin id="917" dir="0" index="0" bw="32" slack="1"/>
<pin id="918" dir="0" index="1" bw="7" slack="0"/>
<pin id="919" dir="1" index="2" bw="1" slack="0"/>
</pin_list>
<bind>
<opcode="icmp(45) " fcode="icmp"/>
<opset="icmp_ln19_6/104 "/>
</bind>
</comp>

<comp id="921" class="1004" name="select_ln20_6_fu_921">
<pin_list>
<pin id="922" dir="0" index="0" bw="1" slack="0"/>
<pin id="923" dir="0" index="1" bw="9" slack="0"/>
<pin id="924" dir="0" index="2" bw="1" slack="0"/>
<pin id="925" dir="1" index="3" bw="32" slack="1"/>
</pin_list>
<bind>
<opcode="select(49) " fcode="select"/>
<opset="select_ln20_6/104 "/>
</bind>
</comp>

<comp id="929" class="1004" name="add_ln19_12_fu_929">
<pin_list>
<pin id="930" dir="0" index="0" bw="14" slack="108"/>
<pin id="931" dir="0" index="1" bw="6" slack="0"/>
<pin id="932" dir="1" index="2" bw="14" slack="0"/>
</pin_list>
<bind>
<opcode="add(8) " fcode="add"/>
<opset="add_ln19_12/110 "/>
</bind>
</comp>

<comp id="934" class="1004" name="zext_ln19_7_fu_934">
<pin_list>
<pin id="935" dir="0" index="0" bw="14" slack="0"/>
<pin id="936" dir="1" index="1" bw="64" slack="0"/>
</pin_list>
<bind>
<opcode="zext(34) " fcode="zext"/>
<opset="zext_ln19_7/110 "/>
</bind>
</comp>

<comp id="938" class="1004" name="add_ln19_13_fu_938">
<pin_list>
<pin id="939" dir="0" index="0" bw="14" slack="0"/>
<pin id="940" dir="0" index="1" bw="64" slack="109"/>
<pin id="941" dir="1" index="2" bw="64" slack="0"/>
</pin_list>
<bind>
<opcode="add(8) " fcode="add"/>
<opset="add_ln19_13/110 "/>
</bind>
</comp>

<comp id="943" class="1004" name="trunc_ln19_7_fu_943">
<pin_list>
<pin id="944" dir="0" index="0" bw="62" slack="0"/>
<pin id="945" dir="0" index="1" bw="64" slack="0"/>
<pin id="946" dir="0" index="2" bw="3" slack="0"/>
<pin id="947" dir="0" index="3" bw="7" slack="0"/>
<pin id="948" dir="1" index="4" bw="62" slack="0"/>
</pin_list>
<bind>
<opcode="partselect(1002) " fcode="partselect"/>
<opset="trunc_ln19_7/110 "/>
</bind>
</comp>

<comp id="953" class="1004" name="sext_ln19_7_fu_953">
<pin_list>
<pin id="954" dir="0" index="0" bw="62" slack="0"/>
<pin id="955" dir="1" index="1" bw="64" slack="0"/>
</pin_list>
<bind>
<opcode="sext(35) " fcode="sext"/>
<opset="sext_ln19_7/110 "/>
</bind>
</comp>

<comp id="957" class="1004" name="AXI_DATA_addr_14_fu_957">
<pin_list>
<pin id="958" dir="0" index="0" bw="32" slack="0"/>
<pin id="959" dir="0" index="1" bw="62" slack="0"/>
<pin id="960" dir="1" index="2" bw="32" slack="1"/>
</pin_list>
<bind>
<opcode="getelementptr(29) " fcode="getelementptr"/>
<opset="AXI_DATA_addr_14/110 "/>
</bind>
</comp>

<comp id="963" class="1004" name="empty_22_fu_963">
<pin_list>
<pin id="964" dir="0" index="0" bw="14" slack="0"/>
<pin id="965" dir="0" index="1" bw="64" slack="109"/>
<pin id="966" dir="1" index="2" bw="64" slack="0"/>
</pin_list>
<bind>
<opcode="add(8) " fcode="add"/>
<opset="empty_22/110 "/>
</bind>
</comp>

<comp id="968" class="1004" name="trunc_ln20_7_fu_968">
<pin_list>
<pin id="969" dir="0" index="0" bw="62" slack="0"/>
<pin id="970" dir="0" index="1" bw="64" slack="0"/>
<pin id="971" dir="0" index="2" bw="3" slack="0"/>
<pin id="972" dir="0" index="3" bw="7" slack="0"/>
<pin id="973" dir="1" index="4" bw="62" slack="0"/>
</pin_list>
<bind>
<opcode="partselect(1002) " fcode="partselect"/>
<opset="trunc_ln20_7/110 "/>
</bind>
</comp>

<comp id="978" class="1004" name="sext_ln20_7_fu_978">
<pin_list>
<pin id="979" dir="0" index="0" bw="62" slack="0"/>
<pin id="980" dir="1" index="1" bw="64" slack="0"/>
</pin_list>
<bind>
<opcode="sext(35) " fcode="sext"/>
<opset="sext_ln20_7/110 "/>
</bind>
</comp>

<comp id="982" class="1004" name="AXI_DATA_addr_15_fu_982">
<pin_list>
<pin id="983" dir="0" index="0" bw="32" slack="0"/>
<pin id="984" dir="0" index="1" bw="62" slack="0"/>
<pin id="985" dir="1" index="2" bw="32" slack="9"/>
</pin_list>
<bind>
<opcode="getelementptr(29) " fcode="getelementptr"/>
<opset="AXI_DATA_addr_15/110 "/>
</bind>
</comp>

<comp id="988" class="1004" name="icmp_ln19_7_fu_988">
<pin_list>
<pin id="989" dir="0" index="0" bw="32" slack="1"/>
<pin id="990" dir="0" index="1" bw="7" slack="0"/>
<pin id="991" dir="1" index="2" bw="1" slack="0"/>
</pin_list>
<bind>
<opcode="icmp(45) " fcode="icmp"/>
<opset="icmp_ln19_7/119 "/>
</bind>
</comp>

<comp id="993" class="1004" name="select_ln20_7_fu_993">
<pin_list>
<pin id="994" dir="0" index="0" bw="1" slack="0"/>
<pin id="995" dir="0" index="1" bw="9" slack="0"/>
<pin id="996" dir="0" index="2" bw="1" slack="0"/>
<pin id="997" dir="1" index="3" bw="32" slack="1"/>
</pin_list>
<bind>
<opcode="select(49) " fcode="select"/>
<opset="select_ln20_7/119 "/>
</bind>
</comp>

<comp id="1001" class="1004" name="add_ln19_14_fu_1001">
<pin_list>
<pin id="1002" dir="0" index="0" bw="14" slack="124"/>
<pin id="1003" dir="0" index="1" bw="7" slack="0"/>
<pin id="1004" dir="1" index="2" bw="14" slack="0"/>
</pin_list>
<bind>
<opcode="add(8) " fcode="add"/>
<opset="add_ln19_14/126 "/>
</bind>
</comp>

<comp id="1006" class="1004" name="zext_ln19_8_fu_1006">
<pin_list>
<pin id="1007" dir="0" index="0" bw="14" slack="0"/>
<pin id="1008" dir="1" index="1" bw="64" slack="0"/>
</pin_list>
<bind>
<opcode="zext(34) " fcode="zext"/>
<opset="zext_ln19_8/126 "/>
</bind>
</comp>

<comp id="1010" class="1004" name="add_ln19_15_fu_1010">
<pin_list>
<pin id="1011" dir="0" index="0" bw="14" slack="0"/>
<pin id="1012" dir="0" index="1" bw="64" slack="125"/>
<pin id="1013" dir="1" index="2" bw="64" slack="0"/>
</pin_list>
<bind>
<opcode="add(8) " fcode="add"/>
<opset="add_ln19_15/126 "/>
</bind>
</comp>

<comp id="1015" class="1004" name="trunc_ln19_8_fu_1015">
<pin_list>
<pin id="1016" dir="0" index="0" bw="62" slack="0"/>
<pin id="1017" dir="0" index="1" bw="64" slack="0"/>
<pin id="1018" dir="0" index="2" bw="3" slack="0"/>
<pin id="1019" dir="0" index="3" bw="7" slack="0"/>
<pin id="1020" dir="1" index="4" bw="62" slack="0"/>
</pin_list>
<bind>
<opcode="partselect(1002) " fcode="partselect"/>
<opset="trunc_ln19_8/126 "/>
</bind>
</comp>

<comp id="1025" class="1004" name="sext_ln19_8_fu_1025">
<pin_list>
<pin id="1026" dir="0" index="0" bw="62" slack="0"/>
<pin id="1027" dir="1" index="1" bw="64" slack="0"/>
</pin_list>
<bind>
<opcode="sext(35) " fcode="sext"/>
<opset="sext_ln19_8/126 "/>
</bind>
</comp>

<comp id="1029" class="1004" name="AXI_DATA_addr_16_fu_1029">
<pin_list>
<pin id="1030" dir="0" index="0" bw="32" slack="0"/>
<pin id="1031" dir="0" index="1" bw="62" slack="0"/>
<pin id="1032" dir="1" index="2" bw="32" slack="1"/>
</pin_list>
<bind>
<opcode="getelementptr(29) " fcode="getelementptr"/>
<opset="AXI_DATA_addr_16/126 "/>
</bind>
</comp>

<comp id="1035" class="1004" name="empty_23_fu_1035">
<pin_list>
<pin id="1036" dir="0" index="0" bw="14" slack="0"/>
<pin id="1037" dir="0" index="1" bw="64" slack="125"/>
<pin id="1038" dir="1" index="2" bw="64" slack="0"/>
</pin_list>
<bind>
<opcode="add(8) " fcode="add"/>
<opset="empty_23/126 "/>
</bind>
</comp>

<comp id="1040" class="1004" name="trunc_ln20_8_fu_1040">
<pin_list>
<pin id="1041" dir="0" index="0" bw="62" slack="0"/>
<pin id="1042" dir="0" index="1" bw="64" slack="0"/>
<pin id="1043" dir="0" index="2" bw="3" slack="0"/>
<pin id="1044" dir="0" index="3" bw="7" slack="0"/>
<pin id="1045" dir="1" index="4" bw="62" slack="0"/>
</pin_list>
<bind>
<opcode="partselect(1002) " fcode="partselect"/>
<opset="trunc_ln20_8/126 "/>
</bind>
</comp>

<comp id="1050" class="1004" name="sext_ln20_8_fu_1050">
<pin_list>
<pin id="1051" dir="0" index="0" bw="62" slack="0"/>
<pin id="1052" dir="1" index="1" bw="64" slack="0"/>
</pin_list>
<bind>
<opcode="sext(35) " fcode="sext"/>
<opset="sext_ln20_8/126 "/>
</bind>
</comp>

<comp id="1054" class="1004" name="AXI_DATA_addr_17_fu_1054">
<pin_list>
<pin id="1055" dir="0" index="0" bw="32" slack="0"/>
<pin id="1056" dir="0" index="1" bw="62" slack="0"/>
<pin id="1057" dir="1" index="2" bw="32" slack="9"/>
</pin_list>
<bind>
<opcode="getelementptr(29) " fcode="getelementptr"/>
<opset="AXI_DATA_addr_17/126 "/>
</bind>
</comp>

<comp id="1060" class="1004" name="icmp_ln19_8_fu_1060">
<pin_list>
<pin id="1061" dir="0" index="0" bw="32" slack="1"/>
<pin id="1062" dir="0" index="1" bw="7" slack="0"/>
<pin id="1063" dir="1" index="2" bw="1" slack="0"/>
</pin_list>
<bind>
<opcode="icmp(45) " fcode="icmp"/>
<opset="icmp_ln19_8/135 "/>
</bind>
</comp>

<comp id="1065" class="1004" name="select_ln20_8_fu_1065">
<pin_list>
<pin id="1066" dir="0" index="0" bw="1" slack="0"/>
<pin id="1067" dir="0" index="1" bw="9" slack="0"/>
<pin id="1068" dir="0" index="2" bw="1" slack="0"/>
<pin id="1069" dir="1" index="3" bw="32" slack="1"/>
</pin_list>
<bind>
<opcode="select(49) " fcode="select"/>
<opset="select_ln20_8/135 "/>
</bind>
</comp>

<comp id="1073" class="1004" name="add_ln19_16_fu_1073">
<pin_list>
<pin id="1074" dir="0" index="0" bw="14" slack="139"/>
<pin id="1075" dir="0" index="1" bw="7" slack="0"/>
<pin id="1076" dir="1" index="2" bw="14" slack="0"/>
</pin_list>
<bind>
<opcode="add(8) " fcode="add"/>
<opset="add_ln19_16/141 "/>
</bind>
</comp>

<comp id="1078" class="1004" name="zext_ln19_9_fu_1078">
<pin_list>
<pin id="1079" dir="0" index="0" bw="14" slack="0"/>
<pin id="1080" dir="1" index="1" bw="64" slack="0"/>
</pin_list>
<bind>
<opcode="zext(34) " fcode="zext"/>
<opset="zext_ln19_9/141 "/>
</bind>
</comp>

<comp id="1082" class="1004" name="add_ln19_17_fu_1082">
<pin_list>
<pin id="1083" dir="0" index="0" bw="14" slack="0"/>
<pin id="1084" dir="0" index="1" bw="64" slack="140"/>
<pin id="1085" dir="1" index="2" bw="64" slack="0"/>
</pin_list>
<bind>
<opcode="add(8) " fcode="add"/>
<opset="add_ln19_17/141 "/>
</bind>
</comp>

<comp id="1087" class="1004" name="trunc_ln19_9_fu_1087">
<pin_list>
<pin id="1088" dir="0" index="0" bw="62" slack="0"/>
<pin id="1089" dir="0" index="1" bw="64" slack="0"/>
<pin id="1090" dir="0" index="2" bw="3" slack="0"/>
<pin id="1091" dir="0" index="3" bw="7" slack="0"/>
<pin id="1092" dir="1" index="4" bw="62" slack="0"/>
</pin_list>
<bind>
<opcode="partselect(1002) " fcode="partselect"/>
<opset="trunc_ln19_9/141 "/>
</bind>
</comp>

<comp id="1097" class="1004" name="sext_ln19_9_fu_1097">
<pin_list>
<pin id="1098" dir="0" index="0" bw="62" slack="0"/>
<pin id="1099" dir="1" index="1" bw="64" slack="0"/>
</pin_list>
<bind>
<opcode="sext(35) " fcode="sext"/>
<opset="sext_ln19_9/141 "/>
</bind>
</comp>

<comp id="1101" class="1004" name="AXI_DATA_addr_18_fu_1101">
<pin_list>
<pin id="1102" dir="0" index="0" bw="32" slack="0"/>
<pin id="1103" dir="0" index="1" bw="62" slack="0"/>
<pin id="1104" dir="1" index="2" bw="32" slack="1"/>
</pin_list>
<bind>
<opcode="getelementptr(29) " fcode="getelementptr"/>
<opset="AXI_DATA_addr_18/141 "/>
</bind>
</comp>

<comp id="1107" class="1004" name="empty_24_fu_1107">
<pin_list>
<pin id="1108" dir="0" index="0" bw="14" slack="0"/>
<pin id="1109" dir="0" index="1" bw="64" slack="140"/>
<pin id="1110" dir="1" index="2" bw="64" slack="0"/>
</pin_list>
<bind>
<opcode="add(8) " fcode="add"/>
<opset="empty_24/141 "/>
</bind>
</comp>

<comp id="1112" class="1004" name="trunc_ln20_9_fu_1112">
<pin_list>
<pin id="1113" dir="0" index="0" bw="62" slack="0"/>
<pin id="1114" dir="0" index="1" bw="64" slack="0"/>
<pin id="1115" dir="0" index="2" bw="3" slack="0"/>
<pin id="1116" dir="0" index="3" bw="7" slack="0"/>
<pin id="1117" dir="1" index="4" bw="62" slack="0"/>
</pin_list>
<bind>
<opcode="partselect(1002) " fcode="partselect"/>
<opset="trunc_ln20_9/141 "/>
</bind>
</comp>

<comp id="1122" class="1004" name="sext_ln20_9_fu_1122">
<pin_list>
<pin id="1123" dir="0" index="0" bw="62" slack="0"/>
<pin id="1124" dir="1" index="1" bw="64" slack="0"/>
</pin_list>
<bind>
<opcode="sext(35) " fcode="sext"/>
<opset="sext_ln20_9/141 "/>
</bind>
</comp>

<comp id="1126" class="1004" name="AXI_DATA_addr_19_fu_1126">
<pin_list>
<pin id="1127" dir="0" index="0" bw="32" slack="0"/>
<pin id="1128" dir="0" index="1" bw="62" slack="0"/>
<pin id="1129" dir="1" index="2" bw="32" slack="9"/>
</pin_list>
<bind>
<opcode="getelementptr(29) " fcode="getelementptr"/>
<opset="AXI_DATA_addr_19/141 "/>
</bind>
</comp>

<comp id="1132" class="1004" name="icmp_ln19_9_fu_1132">
<pin_list>
<pin id="1133" dir="0" index="0" bw="32" slack="1"/>
<pin id="1134" dir="0" index="1" bw="7" slack="0"/>
<pin id="1135" dir="1" index="2" bw="1" slack="0"/>
</pin_list>
<bind>
<opcode="icmp(45) " fcode="icmp"/>
<opset="icmp_ln19_9/150 "/>
</bind>
</comp>

<comp id="1137" class="1004" name="select_ln20_9_fu_1137">
<pin_list>
<pin id="1138" dir="0" index="0" bw="1" slack="0"/>
<pin id="1139" dir="0" index="1" bw="9" slack="0"/>
<pin id="1140" dir="0" index="2" bw="1" slack="0"/>
<pin id="1141" dir="1" index="3" bw="32" slack="1"/>
</pin_list>
<bind>
<opcode="select(49) " fcode="select"/>
<opset="select_ln20_9/150 "/>
</bind>
</comp>

<comp id="1145" class="1005" name="out_read_reg_1145">
<pin_list>
<pin id="1146" dir="0" index="0" bw="64" slack="1"/>
<pin id="1147" dir="1" index="1" bw="64" slack="1"/>
</pin_list>
<bind>
<opset="out_read "/>
</bind>
</comp>

<comp id="1159" class="1005" name="in_read_reg_1159">
<pin_list>
<pin id="1160" dir="0" index="0" bw="64" slack="1"/>
<pin id="1161" dir="1" index="1" bw="64" slack="1"/>
</pin_list>
<bind>
<opset="in_read "/>
</bind>
</comp>

<comp id="1173" class="1005" name="icmp_ln17_reg_1173">
<pin_list>
<pin id="1174" dir="0" index="0" bw="1" slack="1"/>
<pin id="1175" dir="1" index="1" bw="1" slack="2147483647"/>
</pin_list>
<bind>
<opset="icmp_ln17 "/>
</bind>
</comp>

<comp id="1177" class="1005" name="shl_ln_reg_1177">
<pin_list>
<pin id="1178" dir="0" index="0" bw="14" slack="15"/>
<pin id="1179" dir="1" index="1" bw="14" slack="15"/>
</pin_list>
<bind>
<opset="shl_ln "/>
</bind>
</comp>

<comp id="1190" class="1005" name="AXI_DATA_addr_reg_1190">
<pin_list>
<pin id="1191" dir="0" index="0" bw="32" slack="1"/>
<pin id="1192" dir="1" index="1" bw="32" slack="1"/>
</pin_list>
<bind>
<opset="AXI_DATA_addr "/>
</bind>
</comp>

<comp id="1196" class="1005" name="AXI_DATA_addr_1_reg_1196">
<pin_list>
<pin id="1197" dir="0" index="0" bw="32" slack="9"/>
<pin id="1198" dir="1" index="1" bw="32" slack="9"/>
</pin_list>
<bind>
<opset="AXI_DATA_addr_1 "/>
</bind>
</comp>

<comp id="1202" class="1005" name="AXI_DATA_addr_read_reg_1202">
<pin_list>
<pin id="1203" dir="0" index="0" bw="32" slack="1"/>
<pin id="1204" dir="1" index="1" bw="32" slack="1"/>
</pin_list>
<bind>
<opset="AXI_DATA_addr_read "/>
</bind>
</comp>

<comp id="1207" class="1005" name="add_ln17_reg_1207">
<pin_list>
<pin id="1208" dir="0" index="0" bw="12" slack="1"/>
<pin id="1209" dir="1" index="1" bw="12" slack="1"/>
</pin_list>
<bind>
<opset="add_ln17 "/>
</bind>
</comp>

<comp id="1212" class="1005" name="select_ln20_reg_1212">
<pin_list>
<pin id="1213" dir="0" index="0" bw="32" slack="1"/>
<pin id="1214" dir="1" index="1" bw="32" slack="1"/>
</pin_list>
<bind>
<opset="select_ln20 "/>
</bind>
</comp>

<comp id="1217" class="1005" name="AXI_DATA_addr_2_reg_1217">
<pin_list>
<pin id="1218" dir="0" index="0" bw="32" slack="1"/>
<pin id="1219" dir="1" index="1" bw="32" slack="1"/>
</pin_list>
<bind>
<opset="AXI_DATA_addr_2 "/>
</bind>
</comp>

<comp id="1223" class="1005" name="AXI_DATA_addr_3_reg_1223">
<pin_list>
<pin id="1224" dir="0" index="0" bw="32" slack="9"/>
<pin id="1225" dir="1" index="1" bw="32" slack="9"/>
</pin_list>
<bind>
<opset="AXI_DATA_addr_3 "/>
</bind>
</comp>

<comp id="1229" class="1005" name="AXI_DATA_addr_2_read_reg_1229">
<pin_list>
<pin id="1230" dir="0" index="0" bw="32" slack="1"/>
<pin id="1231" dir="1" index="1" bw="32" slack="1"/>
</pin_list>
<bind>
<opset="AXI_DATA_addr_2_read "/>
</bind>
</comp>

<comp id="1234" class="1005" name="select_ln20_1_reg_1234">
<pin_list>
<pin id="1235" dir="0" index="0" bw="32" slack="1"/>
<pin id="1236" dir="1" index="1" bw="32" slack="1"/>
</pin_list>
<bind>
<opset="select_ln20_1 "/>
</bind>
</comp>

<comp id="1239" class="1005" name="AXI_DATA_addr_4_reg_1239">
<pin_list>
<pin id="1240" dir="0" index="0" bw="32" slack="1"/>
<pin id="1241" dir="1" index="1" bw="32" slack="1"/>
</pin_list>
<bind>
<opset="AXI_DATA_addr_4 "/>
</bind>
</comp>

<comp id="1245" class="1005" name="AXI_DATA_addr_5_reg_1245">
<pin_list>
<pin id="1246" dir="0" index="0" bw="32" slack="9"/>
<pin id="1247" dir="1" index="1" bw="32" slack="9"/>
</pin_list>
<bind>
<opset="AXI_DATA_addr_5 "/>
</bind>
</comp>

<comp id="1251" class="1005" name="AXI_DATA_addr_4_read_reg_1251">
<pin_list>
<pin id="1252" dir="0" index="0" bw="32" slack="1"/>
<pin id="1253" dir="1" index="1" bw="32" slack="1"/>
</pin_list>
<bind>
<opset="AXI_DATA_addr_4_read "/>
</bind>
</comp>

<comp id="1256" class="1005" name="select_ln20_2_reg_1256">
<pin_list>
<pin id="1257" dir="0" index="0" bw="32" slack="1"/>
<pin id="1258" dir="1" index="1" bw="32" slack="1"/>
</pin_list>
<bind>
<opset="select_ln20_2 "/>
</bind>
</comp>

<comp id="1261" class="1005" name="AXI_DATA_addr_6_reg_1261">
<pin_list>
<pin id="1262" dir="0" index="0" bw="32" slack="1"/>
<pin id="1263" dir="1" index="1" bw="32" slack="1"/>
</pin_list>
<bind>
<opset="AXI_DATA_addr_6 "/>
</bind>
</comp>

<comp id="1267" class="1005" name="AXI_DATA_addr_7_reg_1267">
<pin_list>
<pin id="1268" dir="0" index="0" bw="32" slack="9"/>
<pin id="1269" dir="1" index="1" bw="32" slack="9"/>
</pin_list>
<bind>
<opset="AXI_DATA_addr_7 "/>
</bind>
</comp>

<comp id="1273" class="1005" name="AXI_DATA_addr_6_read_reg_1273">
<pin_list>
<pin id="1274" dir="0" index="0" bw="32" slack="1"/>
<pin id="1275" dir="1" index="1" bw="32" slack="1"/>
</pin_list>
<bind>
<opset="AXI_DATA_addr_6_read "/>
</bind>
</comp>

<comp id="1278" class="1005" name="select_ln20_3_reg_1278">
<pin_list>
<pin id="1279" dir="0" index="0" bw="32" slack="1"/>
<pin id="1280" dir="1" index="1" bw="32" slack="1"/>
</pin_list>
<bind>
<opset="select_ln20_3 "/>
</bind>
</comp>

<comp id="1283" class="1005" name="AXI_DATA_addr_8_reg_1283">
<pin_list>
<pin id="1284" dir="0" index="0" bw="32" slack="1"/>
<pin id="1285" dir="1" index="1" bw="32" slack="1"/>
</pin_list>
<bind>
<opset="AXI_DATA_addr_8 "/>
</bind>
</comp>

<comp id="1289" class="1005" name="AXI_DATA_addr_9_reg_1289">
<pin_list>
<pin id="1290" dir="0" index="0" bw="32" slack="9"/>
<pin id="1291" dir="1" index="1" bw="32" slack="9"/>
</pin_list>
<bind>
<opset="AXI_DATA_addr_9 "/>
</bind>
</comp>

<comp id="1295" class="1005" name="AXI_DATA_addr_8_read_reg_1295">
<pin_list>
<pin id="1296" dir="0" index="0" bw="32" slack="1"/>
<pin id="1297" dir="1" index="1" bw="32" slack="1"/>
</pin_list>
<bind>
<opset="AXI_DATA_addr_8_read "/>
</bind>
</comp>

<comp id="1300" class="1005" name="select_ln20_4_reg_1300">
<pin_list>
<pin id="1301" dir="0" index="0" bw="32" slack="1"/>
<pin id="1302" dir="1" index="1" bw="32" slack="1"/>
</pin_list>
<bind>
<opset="select_ln20_4 "/>
</bind>
</comp>

<comp id="1305" class="1005" name="AXI_DATA_addr_10_reg_1305">
<pin_list>
<pin id="1306" dir="0" index="0" bw="32" slack="1"/>
<pin id="1307" dir="1" index="1" bw="32" slack="1"/>
</pin_list>
<bind>
<opset="AXI_DATA_addr_10 "/>
</bind>
</comp>

<comp id="1311" class="1005" name="AXI_DATA_addr_11_reg_1311">
<pin_list>
<pin id="1312" dir="0" index="0" bw="32" slack="9"/>
<pin id="1313" dir="1" index="1" bw="32" slack="9"/>
</pin_list>
<bind>
<opset="AXI_DATA_addr_11 "/>
</bind>
</comp>

<comp id="1317" class="1005" name="AXI_DATA_addr_10_read_reg_1317">
<pin_list>
<pin id="1318" dir="0" index="0" bw="32" slack="1"/>
<pin id="1319" dir="1" index="1" bw="32" slack="1"/>
</pin_list>
<bind>
<opset="AXI_DATA_addr_10_read "/>
</bind>
</comp>

<comp id="1322" class="1005" name="select_ln20_5_reg_1322">
<pin_list>
<pin id="1323" dir="0" index="0" bw="32" slack="1"/>
<pin id="1324" dir="1" index="1" bw="32" slack="1"/>
</pin_list>
<bind>
<opset="select_ln20_5 "/>
</bind>
</comp>

<comp id="1327" class="1005" name="AXI_DATA_addr_12_reg_1327">
<pin_list>
<pin id="1328" dir="0" index="0" bw="32" slack="1"/>
<pin id="1329" dir="1" index="1" bw="32" slack="1"/>
</pin_list>
<bind>
<opset="AXI_DATA_addr_12 "/>
</bind>
</comp>

<comp id="1333" class="1005" name="AXI_DATA_addr_13_reg_1333">
<pin_list>
<pin id="1334" dir="0" index="0" bw="32" slack="9"/>
<pin id="1335" dir="1" index="1" bw="32" slack="9"/>
</pin_list>
<bind>
<opset="AXI_DATA_addr_13 "/>
</bind>
</comp>

<comp id="1339" class="1005" name="AXI_DATA_addr_12_read_reg_1339">
<pin_list>
<pin id="1340" dir="0" index="0" bw="32" slack="1"/>
<pin id="1341" dir="1" index="1" bw="32" slack="1"/>
</pin_list>
<bind>
<opset="AXI_DATA_addr_12_read "/>
</bind>
</comp>

<comp id="1344" class="1005" name="select_ln20_6_reg_1344">
<pin_list>
<pin id="1345" dir="0" index="0" bw="32" slack="1"/>
<pin id="1346" dir="1" index="1" bw="32" slack="1"/>
</pin_list>
<bind>
<opset="select_ln20_6 "/>
</bind>
</comp>

<comp id="1349" class="1005" name="AXI_DATA_addr_14_reg_1349">
<pin_list>
<pin id="1350" dir="0" index="0" bw="32" slack="1"/>
<pin id="1351" dir="1" index="1" bw="32" slack="1"/>
</pin_list>
<bind>
<opset="AXI_DATA_addr_14 "/>
</bind>
</comp>

<comp id="1355" class="1005" name="AXI_DATA_addr_15_reg_1355">
<pin_list>
<pin id="1356" dir="0" index="0" bw="32" slack="9"/>
<pin id="1357" dir="1" index="1" bw="32" slack="9"/>
</pin_list>
<bind>
<opset="AXI_DATA_addr_15 "/>
</bind>
</comp>

<comp id="1361" class="1005" name="AXI_DATA_addr_14_read_reg_1361">
<pin_list>
<pin id="1362" dir="0" index="0" bw="32" slack="1"/>
<pin id="1363" dir="1" index="1" bw="32" slack="1"/>
</pin_list>
<bind>
<opset="AXI_DATA_addr_14_read "/>
</bind>
</comp>

<comp id="1366" class="1005" name="select_ln20_7_reg_1366">
<pin_list>
<pin id="1367" dir="0" index="0" bw="32" slack="1"/>
<pin id="1368" dir="1" index="1" bw="32" slack="1"/>
</pin_list>
<bind>
<opset="select_ln20_7 "/>
</bind>
</comp>

<comp id="1371" class="1005" name="AXI_DATA_addr_16_reg_1371">
<pin_list>
<pin id="1372" dir="0" index="0" bw="32" slack="1"/>
<pin id="1373" dir="1" index="1" bw="32" slack="1"/>
</pin_list>
<bind>
<opset="AXI_DATA_addr_16 "/>
</bind>
</comp>

<comp id="1377" class="1005" name="AXI_DATA_addr_17_reg_1377">
<pin_list>
<pin id="1378" dir="0" index="0" bw="32" slack="9"/>
<pin id="1379" dir="1" index="1" bw="32" slack="9"/>
</pin_list>
<bind>
<opset="AXI_DATA_addr_17 "/>
</bind>
</comp>

<comp id="1383" class="1005" name="AXI_DATA_addr_16_read_reg_1383">
<pin_list>
<pin id="1384" dir="0" index="0" bw="32" slack="1"/>
<pin id="1385" dir="1" index="1" bw="32" slack="1"/>
</pin_list>
<bind>
<opset="AXI_DATA_addr_16_read "/>
</bind>
</comp>

<comp id="1388" class="1005" name="select_ln20_8_reg_1388">
<pin_list>
<pin id="1389" dir="0" index="0" bw="32" slack="1"/>
<pin id="1390" dir="1" index="1" bw="32" slack="1"/>
</pin_list>
<bind>
<opset="select_ln20_8 "/>
</bind>
</comp>

<comp id="1393" class="1005" name="AXI_DATA_addr_18_reg_1393">
<pin_list>
<pin id="1394" dir="0" index="0" bw="32" slack="1"/>
<pin id="1395" dir="1" index="1" bw="32" slack="1"/>
</pin_list>
<bind>
<opset="AXI_DATA_addr_18 "/>
</bind>
</comp>

<comp id="1399" class="1005" name="AXI_DATA_addr_19_reg_1399">
<pin_list>
<pin id="1400" dir="0" index="0" bw="32" slack="9"/>
<pin id="1401" dir="1" index="1" bw="32" slack="9"/>
</pin_list>
<bind>
<opset="AXI_DATA_addr_19 "/>
</bind>
</comp>

<comp id="1405" class="1005" name="AXI_DATA_addr_18_read_reg_1405">
<pin_list>
<pin id="1406" dir="0" index="0" bw="32" slack="1"/>
<pin id="1407" dir="1" index="1" bw="32" slack="1"/>
</pin_list>
<bind>
<opset="AXI_DATA_addr_18_read "/>
</bind>
</comp>

<comp id="1410" class="1005" name="select_ln20_9_reg_1410">
<pin_list>
<pin id="1411" dir="0" index="0" bw="32" slack="1"/>
<pin id="1412" dir="1" index="1" bw="32" slack="1"/>
</pin_list>
<bind>
<opset="select_ln20_9 "/>
</bind>
</comp>

</comp_list>

<net_list>
<net id="110"><net_src comp="38" pin="0"/><net_sink comp="106" pin=0"/></net>

<net id="111"><net_src comp="4" pin="0"/><net_sink comp="106" pin=1"/></net>

<net id="116"><net_src comp="38" pin="0"/><net_sink comp="112" pin=0"/></net>

<net id="117"><net_src comp="2" pin="0"/><net_sink comp="112" pin=1"/></net>

<net id="123"><net_src comp="66" pin="0"/><net_sink comp="118" pin=0"/></net>

<net id="124"><net_src comp="46" pin="0"/><net_sink comp="118" pin=2"/></net>

<net id="129"><net_src comp="68" pin="0"/><net_sink comp="125" pin=0"/></net>

<net id="135"><net_src comp="76" pin="0"/><net_sink comp="130" pin=0"/></net>

<net id="136"><net_src comp="46" pin="0"/><net_sink comp="130" pin=2"/></net>

<net id="143"><net_src comp="78" pin="0"/><net_sink comp="137" pin=0"/></net>

<net id="144"><net_src comp="80" pin="0"/><net_sink comp="137" pin=3"/></net>

<net id="145"><net_src comp="82" pin="0"/><net_sink comp="130" pin=0"/></net>

<net id="151"><net_src comp="66" pin="0"/><net_sink comp="146" pin=0"/></net>

<net id="152"><net_src comp="46" pin="0"/><net_sink comp="146" pin=2"/></net>

<net id="157"><net_src comp="68" pin="0"/><net_sink comp="153" pin=0"/></net>

<net id="163"><net_src comp="76" pin="0"/><net_sink comp="158" pin=0"/></net>

<net id="164"><net_src comp="46" pin="0"/><net_sink comp="158" pin=2"/></net>

<net id="171"><net_src comp="78" pin="0"/><net_sink comp="165" pin=0"/></net>

<net id="172"><net_src comp="80" pin="0"/><net_sink comp="165" pin=3"/></net>

<net id="173"><net_src comp="82" pin="0"/><net_sink comp="158" pin=0"/></net>

<net id="179"><net_src comp="66" pin="0"/><net_sink comp="174" pin=0"/></net>

<net id="180"><net_src comp="46" pin="0"/><net_sink comp="174" pin=2"/></net>

<net id="185"><net_src comp="68" pin="0"/><net_sink comp="181" pin=0"/></net>

<net id="191"><net_src comp="76" pin="0"/><net_sink comp="186" pin=0"/></net>

<net id="192"><net_src comp="46" pin="0"/><net_sink comp="186" pin=2"/></net>

<net id="199"><net_src comp="78" pin="0"/><net_sink comp="193" pin=0"/></net>

<net id="200"><net_src comp="80" pin="0"/><net_sink comp="193" pin=3"/></net>

<net id="201"><net_src comp="82" pin="0"/><net_sink comp="186" pin=0"/></net>

<net id="207"><net_src comp="66" pin="0"/><net_sink comp="202" pin=0"/></net>

<net id="208"><net_src comp="46" pin="0"/><net_sink comp="202" pin=2"/></net>

<net id="213"><net_src comp="68" pin="0"/><net_sink comp="209" pin=0"/></net>

<net id="219"><net_src comp="76" pin="0"/><net_sink comp="214" pin=0"/></net>

<net id="220"><net_src comp="46" pin="0"/><net_sink comp="214" pin=2"/></net>

<net id="227"><net_src comp="78" pin="0"/><net_sink comp="221" pin=0"/></net>

<net id="228"><net_src comp="80" pin="0"/><net_sink comp="221" pin=3"/></net>

<net id="229"><net_src comp="82" pin="0"/><net_sink comp="214" pin=0"/></net>

<net id="235"><net_src comp="66" pin="0"/><net_sink comp="230" pin=0"/></net>

<net id="236"><net_src comp="46" pin="0"/><net_sink comp="230" pin=2"/></net>

<net id="241"><net_src comp="68" pin="0"/><net_sink comp="237" pin=0"/></net>

<net id="247"><net_src comp="76" pin="0"/><net_sink comp="242" pin=0"/></net>

<net id="248"><net_src comp="46" pin="0"/><net_sink comp="242" pin=2"/></net>

<net id="255"><net_src comp="78" pin="0"/><net_sink comp="249" pin=0"/></net>

<net id="256"><net_src comp="80" pin="0"/><net_sink comp="249" pin=3"/></net>

<net id="257"><net_src comp="82" pin="0"/><net_sink comp="242" pin=0"/></net>

<net id="263"><net_src comp="66" pin="0"/><net_sink comp="258" pin=0"/></net>

<net id="264"><net_src comp="46" pin="0"/><net_sink comp="258" pin=2"/></net>

<net id="269"><net_src comp="68" pin="0"/><net_sink comp="265" pin=0"/></net>

<net id="275"><net_src comp="76" pin="0"/><net_sink comp="270" pin=0"/></net>

<net id="276"><net_src comp="46" pin="0"/><net_sink comp="270" pin=2"/></net>

<net id="283"><net_src comp="78" pin="0"/><net_sink comp="277" pin=0"/></net>

<net id="284"><net_src comp="80" pin="0"/><net_sink comp="277" pin=3"/></net>

<net id="285"><net_src comp="82" pin="0"/><net_sink comp="270" pin=0"/></net>

<net id="291"><net_src comp="66" pin="0"/><net_sink comp="286" pin=0"/></net>

<net id="292"><net_src comp="46" pin="0"/><net_sink comp="286" pin=2"/></net>

<net id="297"><net_src comp="68" pin="0"/><net_sink comp="293" pin=0"/></net>

<net id="303"><net_src comp="76" pin="0"/><net_sink comp="298" pin=0"/></net>

<net id="304"><net_src comp="46" pin="0"/><net_sink comp="298" pin=2"/></net>

<net id="311"><net_src comp="78" pin="0"/><net_sink comp="305" pin=0"/></net>

<net id="312"><net_src comp="80" pin="0"/><net_sink comp="305" pin=3"/></net>

<net id="313"><net_src comp="82" pin="0"/><net_sink comp="298" pin=0"/></net>

<net id="319"><net_src comp="66" pin="0"/><net_sink comp="314" pin=0"/></net>

<net id="320"><net_src comp="46" pin="0"/><net_sink comp="314" pin=2"/></net>

<net id="325"><net_src comp="68" pin="0"/><net_sink comp="321" pin=0"/></net>

<net id="331"><net_src comp="76" pin="0"/><net_sink comp="326" pin=0"/></net>

<net id="332"><net_src comp="46" pin="0"/><net_sink comp="326" pin=2"/></net>

<net id="339"><net_src comp="78" pin="0"/><net_sink comp="333" pin=0"/></net>

<net id="340"><net_src comp="80" pin="0"/><net_sink comp="333" pin=3"/></net>

<net id="341"><net_src comp="82" pin="0"/><net_sink comp="326" pin=0"/></net>

<net id="347"><net_src comp="66" pin="0"/><net_sink comp="342" pin=0"/></net>

<net id="348"><net_src comp="46" pin="0"/><net_sink comp="342" pin=2"/></net>

<net id="353"><net_src comp="68" pin="0"/><net_sink comp="349" pin=0"/></net>

<net id="359"><net_src comp="76" pin="0"/><net_sink comp="354" pin=0"/></net>

<net id="360"><net_src comp="46" pin="0"/><net_sink comp="354" pin=2"/></net>

<net id="367"><net_src comp="78" pin="0"/><net_sink comp="361" pin=0"/></net>

<net id="368"><net_src comp="80" pin="0"/><net_sink comp="361" pin=3"/></net>

<net id="369"><net_src comp="82" pin="0"/><net_sink comp="354" pin=0"/></net>

<net id="375"><net_src comp="66" pin="0"/><net_sink comp="370" pin=0"/></net>

<net id="376"><net_src comp="46" pin="0"/><net_sink comp="370" pin=2"/></net>

<net id="381"><net_src comp="68" pin="0"/><net_sink comp="377" pin=0"/></net>

<net id="387"><net_src comp="76" pin="0"/><net_sink comp="382" pin=0"/></net>

<net id="388"><net_src comp="46" pin="0"/><net_sink comp="382" pin=2"/></net>

<net id="395"><net_src comp="78" pin="0"/><net_sink comp="389" pin=0"/></net>

<net id="396"><net_src comp="80" pin="0"/><net_sink comp="389" pin=3"/></net>

<net id="397"><net_src comp="82" pin="0"/><net_sink comp="382" pin=0"/></net>

<net id="401"><net_src comp="40" pin="0"/><net_sink comp="398" pin=0"/></net>

<net id="408"><net_src comp="398" pin="1"/><net_sink comp="402" pin=2"/></net>

<net id="409"><net_src comp="402" pin="4"/><net_sink comp="398" pin=0"/></net>

<net id="414"><net_src comp="402" pin="4"/><net_sink comp="410" pin=0"/></net>

<net id="415"><net_src comp="50" pin="0"/><net_sink comp="410" pin=1"/></net>

<net id="421"><net_src comp="56" pin="0"/><net_sink comp="416" pin=0"/></net>

<net id="422"><net_src comp="402" pin="4"/><net_sink comp="416" pin=1"/></net>

<net id="423"><net_src comp="58" pin="0"/><net_sink comp="416" pin=2"/></net>

<net id="427"><net_src comp="416" pin="3"/><net_sink comp="424" pin=0"/></net>

<net id="432"><net_src comp="424" pin="1"/><net_sink comp="428" pin=0"/></net>

<net id="439"><net_src comp="60" pin="0"/><net_sink comp="433" pin=0"/></net>

<net id="440"><net_src comp="428" pin="2"/><net_sink comp="433" pin=1"/></net>

<net id="441"><net_src comp="62" pin="0"/><net_sink comp="433" pin=2"/></net>

<net id="442"><net_src comp="64" pin="0"/><net_sink comp="433" pin=3"/></net>

<net id="446"><net_src comp="433" pin="4"/><net_sink comp="443" pin=0"/></net>

<net id="451"><net_src comp="0" pin="0"/><net_sink comp="447" pin=0"/></net>

<net id="452"><net_src comp="443" pin="1"/><net_sink comp="447" pin=1"/></net>

<net id="457"><net_src comp="424" pin="1"/><net_sink comp="453" pin=0"/></net>

<net id="464"><net_src comp="60" pin="0"/><net_sink comp="458" pin=0"/></net>

<net id="465"><net_src comp="453" pin="2"/><net_sink comp="458" pin=1"/></net>

<net id="466"><net_src comp="62" pin="0"/><net_sink comp="458" pin=2"/></net>

<net id="467"><net_src comp="64" pin="0"/><net_sink comp="458" pin=3"/></net>

<net id="471"><net_src comp="458" pin="4"/><net_sink comp="468" pin=0"/></net>

<net id="476"><net_src comp="0" pin="0"/><net_sink comp="472" pin=0"/></net>

<net id="477"><net_src comp="468" pin="1"/><net_sink comp="472" pin=1"/></net>

<net id="482"><net_src comp="398" pin="1"/><net_sink comp="478" pin=0"/></net>

<net id="483"><net_src comp="70" pin="0"/><net_sink comp="478" pin=1"/></net>

<net id="488"><net_src comp="72" pin="0"/><net_sink comp="484" pin=1"/></net>

<net id="494"><net_src comp="484" pin="2"/><net_sink comp="489" pin=0"/></net>

<net id="495"><net_src comp="74" pin="0"/><net_sink comp="489" pin=1"/></net>

<net id="496"><net_src comp="14" pin="0"/><net_sink comp="489" pin=2"/></net>

<net id="501"><net_src comp="84" pin="0"/><net_sink comp="497" pin=1"/></net>

<net id="505"><net_src comp="497" pin="2"/><net_sink comp="502" pin=0"/></net>

<net id="510"><net_src comp="502" pin="1"/><net_sink comp="506" pin=0"/></net>

<net id="517"><net_src comp="60" pin="0"/><net_sink comp="511" pin=0"/></net>

<net id="518"><net_src comp="506" pin="2"/><net_sink comp="511" pin=1"/></net>

<net id="519"><net_src comp="62" pin="0"/><net_sink comp="511" pin=2"/></net>

<net id="520"><net_src comp="64" pin="0"/><net_sink comp="511" pin=3"/></net>

<net id="524"><net_src comp="511" pin="4"/><net_sink comp="521" pin=0"/></net>

<net id="529"><net_src comp="0" pin="0"/><net_sink comp="525" pin=0"/></net>

<net id="530"><net_src comp="521" pin="1"/><net_sink comp="525" pin=1"/></net>

<net id="535"><net_src comp="502" pin="1"/><net_sink comp="531" pin=0"/></net>

<net id="542"><net_src comp="60" pin="0"/><net_sink comp="536" pin=0"/></net>

<net id="543"><net_src comp="531" pin="2"/><net_sink comp="536" pin=1"/></net>

<net id="544"><net_src comp="62" pin="0"/><net_sink comp="536" pin=2"/></net>

<net id="545"><net_src comp="64" pin="0"/><net_sink comp="536" pin=3"/></net>

<net id="549"><net_src comp="536" pin="4"/><net_sink comp="546" pin=0"/></net>

<net id="554"><net_src comp="0" pin="0"/><net_sink comp="550" pin=0"/></net>

<net id="555"><net_src comp="546" pin="1"/><net_sink comp="550" pin=1"/></net>

<net id="560"><net_src comp="72" pin="0"/><net_sink comp="556" pin=1"/></net>

<net id="566"><net_src comp="556" pin="2"/><net_sink comp="561" pin=0"/></net>

<net id="567"><net_src comp="74" pin="0"/><net_sink comp="561" pin=1"/></net>

<net id="568"><net_src comp="14" pin="0"/><net_sink comp="561" pin=2"/></net>

<net id="573"><net_src comp="86" pin="0"/><net_sink comp="569" pin=1"/></net>

<net id="577"><net_src comp="569" pin="2"/><net_sink comp="574" pin=0"/></net>

<net id="582"><net_src comp="574" pin="1"/><net_sink comp="578" pin=0"/></net>

<net id="589"><net_src comp="60" pin="0"/><net_sink comp="583" pin=0"/></net>

<net id="590"><net_src comp="578" pin="2"/><net_sink comp="583" pin=1"/></net>

<net id="591"><net_src comp="62" pin="0"/><net_sink comp="583" pin=2"/></net>

<net id="592"><net_src comp="64" pin="0"/><net_sink comp="583" pin=3"/></net>

<net id="596"><net_src comp="583" pin="4"/><net_sink comp="593" pin=0"/></net>

<net id="601"><net_src comp="0" pin="0"/><net_sink comp="597" pin=0"/></net>

<net id="602"><net_src comp="593" pin="1"/><net_sink comp="597" pin=1"/></net>

<net id="607"><net_src comp="574" pin="1"/><net_sink comp="603" pin=0"/></net>

<net id="614"><net_src comp="60" pin="0"/><net_sink comp="608" pin=0"/></net>

<net id="615"><net_src comp="603" pin="2"/><net_sink comp="608" pin=1"/></net>

<net id="616"><net_src comp="62" pin="0"/><net_sink comp="608" pin=2"/></net>

<net id="617"><net_src comp="64" pin="0"/><net_sink comp="608" pin=3"/></net>

<net id="621"><net_src comp="608" pin="4"/><net_sink comp="618" pin=0"/></net>

<net id="626"><net_src comp="0" pin="0"/><net_sink comp="622" pin=0"/></net>

<net id="627"><net_src comp="618" pin="1"/><net_sink comp="622" pin=1"/></net>

<net id="632"><net_src comp="72" pin="0"/><net_sink comp="628" pin=1"/></net>

<net id="638"><net_src comp="628" pin="2"/><net_sink comp="633" pin=0"/></net>

<net id="639"><net_src comp="74" pin="0"/><net_sink comp="633" pin=1"/></net>

<net id="640"><net_src comp="14" pin="0"/><net_sink comp="633" pin=2"/></net>

<net id="645"><net_src comp="88" pin="0"/><net_sink comp="641" pin=1"/></net>

<net id="649"><net_src comp="641" pin="2"/><net_sink comp="646" pin=0"/></net>

<net id="654"><net_src comp="646" pin="1"/><net_sink comp="650" pin=0"/></net>

<net id="661"><net_src comp="60" pin="0"/><net_sink comp="655" pin=0"/></net>

<net id="662"><net_src comp="650" pin="2"/><net_sink comp="655" pin=1"/></net>

<net id="663"><net_src comp="62" pin="0"/><net_sink comp="655" pin=2"/></net>

<net id="664"><net_src comp="64" pin="0"/><net_sink comp="655" pin=3"/></net>

<net id="668"><net_src comp="655" pin="4"/><net_sink comp="665" pin=0"/></net>

<net id="673"><net_src comp="0" pin="0"/><net_sink comp="669" pin=0"/></net>

<net id="674"><net_src comp="665" pin="1"/><net_sink comp="669" pin=1"/></net>

<net id="679"><net_src comp="646" pin="1"/><net_sink comp="675" pin=0"/></net>

<net id="686"><net_src comp="60" pin="0"/><net_sink comp="680" pin=0"/></net>

<net id="687"><net_src comp="675" pin="2"/><net_sink comp="680" pin=1"/></net>

<net id="688"><net_src comp="62" pin="0"/><net_sink comp="680" pin=2"/></net>

<net id="689"><net_src comp="64" pin="0"/><net_sink comp="680" pin=3"/></net>

<net id="693"><net_src comp="680" pin="4"/><net_sink comp="690" pin=0"/></net>

<net id="698"><net_src comp="0" pin="0"/><net_sink comp="694" pin=0"/></net>

<net id="699"><net_src comp="690" pin="1"/><net_sink comp="694" pin=1"/></net>

<net id="704"><net_src comp="72" pin="0"/><net_sink comp="700" pin=1"/></net>

<net id="710"><net_src comp="700" pin="2"/><net_sink comp="705" pin=0"/></net>

<net id="711"><net_src comp="74" pin="0"/><net_sink comp="705" pin=1"/></net>

<net id="712"><net_src comp="14" pin="0"/><net_sink comp="705" pin=2"/></net>

<net id="717"><net_src comp="90" pin="0"/><net_sink comp="713" pin=1"/></net>

<net id="721"><net_src comp="713" pin="2"/><net_sink comp="718" pin=0"/></net>

<net id="726"><net_src comp="718" pin="1"/><net_sink comp="722" pin=0"/></net>

<net id="733"><net_src comp="60" pin="0"/><net_sink comp="727" pin=0"/></net>

<net id="734"><net_src comp="722" pin="2"/><net_sink comp="727" pin=1"/></net>

<net id="735"><net_src comp="62" pin="0"/><net_sink comp="727" pin=2"/></net>

<net id="736"><net_src comp="64" pin="0"/><net_sink comp="727" pin=3"/></net>

<net id="740"><net_src comp="727" pin="4"/><net_sink comp="737" pin=0"/></net>

<net id="745"><net_src comp="0" pin="0"/><net_sink comp="741" pin=0"/></net>

<net id="746"><net_src comp="737" pin="1"/><net_sink comp="741" pin=1"/></net>

<net id="751"><net_src comp="718" pin="1"/><net_sink comp="747" pin=0"/></net>

<net id="758"><net_src comp="60" pin="0"/><net_sink comp="752" pin=0"/></net>

<net id="759"><net_src comp="747" pin="2"/><net_sink comp="752" pin=1"/></net>

<net id="760"><net_src comp="62" pin="0"/><net_sink comp="752" pin=2"/></net>

<net id="761"><net_src comp="64" pin="0"/><net_sink comp="752" pin=3"/></net>

<net id="765"><net_src comp="752" pin="4"/><net_sink comp="762" pin=0"/></net>

<net id="770"><net_src comp="0" pin="0"/><net_sink comp="766" pin=0"/></net>

<net id="771"><net_src comp="762" pin="1"/><net_sink comp="766" pin=1"/></net>

<net id="776"><net_src comp="72" pin="0"/><net_sink comp="772" pin=1"/></net>

<net id="782"><net_src comp="772" pin="2"/><net_sink comp="777" pin=0"/></net>

<net id="783"><net_src comp="74" pin="0"/><net_sink comp="777" pin=1"/></net>

<net id="784"><net_src comp="14" pin="0"/><net_sink comp="777" pin=2"/></net>

<net id="789"><net_src comp="92" pin="0"/><net_sink comp="785" pin=1"/></net>

<net id="793"><net_src comp="785" pin="2"/><net_sink comp="790" pin=0"/></net>

<net id="798"><net_src comp="790" pin="1"/><net_sink comp="794" pin=0"/></net>

<net id="805"><net_src comp="60" pin="0"/><net_sink comp="799" pin=0"/></net>

<net id="806"><net_src comp="794" pin="2"/><net_sink comp="799" pin=1"/></net>

<net id="807"><net_src comp="62" pin="0"/><net_sink comp="799" pin=2"/></net>

<net id="808"><net_src comp="64" pin="0"/><net_sink comp="799" pin=3"/></net>

<net id="812"><net_src comp="799" pin="4"/><net_sink comp="809" pin=0"/></net>

<net id="817"><net_src comp="0" pin="0"/><net_sink comp="813" pin=0"/></net>

<net id="818"><net_src comp="809" pin="1"/><net_sink comp="813" pin=1"/></net>

<net id="823"><net_src comp="790" pin="1"/><net_sink comp="819" pin=0"/></net>

<net id="830"><net_src comp="60" pin="0"/><net_sink comp="824" pin=0"/></net>

<net id="831"><net_src comp="819" pin="2"/><net_sink comp="824" pin=1"/></net>

<net id="832"><net_src comp="62" pin="0"/><net_sink comp="824" pin=2"/></net>

<net id="833"><net_src comp="64" pin="0"/><net_sink comp="824" pin=3"/></net>

<net id="837"><net_src comp="824" pin="4"/><net_sink comp="834" pin=0"/></net>

<net id="842"><net_src comp="0" pin="0"/><net_sink comp="838" pin=0"/></net>

<net id="843"><net_src comp="834" pin="1"/><net_sink comp="838" pin=1"/></net>

<net id="848"><net_src comp="72" pin="0"/><net_sink comp="844" pin=1"/></net>

<net id="854"><net_src comp="844" pin="2"/><net_sink comp="849" pin=0"/></net>

<net id="855"><net_src comp="74" pin="0"/><net_sink comp="849" pin=1"/></net>

<net id="856"><net_src comp="14" pin="0"/><net_sink comp="849" pin=2"/></net>

<net id="861"><net_src comp="94" pin="0"/><net_sink comp="857" pin=1"/></net>

<net id="865"><net_src comp="857" pin="2"/><net_sink comp="862" pin=0"/></net>

<net id="870"><net_src comp="862" pin="1"/><net_sink comp="866" pin=0"/></net>

<net id="877"><net_src comp="60" pin="0"/><net_sink comp="871" pin=0"/></net>

<net id="878"><net_src comp="866" pin="2"/><net_sink comp="871" pin=1"/></net>

<net id="879"><net_src comp="62" pin="0"/><net_sink comp="871" pin=2"/></net>

<net id="880"><net_src comp="64" pin="0"/><net_sink comp="871" pin=3"/></net>

<net id="884"><net_src comp="871" pin="4"/><net_sink comp="881" pin=0"/></net>

<net id="889"><net_src comp="0" pin="0"/><net_sink comp="885" pin=0"/></net>

<net id="890"><net_src comp="881" pin="1"/><net_sink comp="885" pin=1"/></net>

<net id="895"><net_src comp="862" pin="1"/><net_sink comp="891" pin=0"/></net>

<net id="902"><net_src comp="60" pin="0"/><net_sink comp="896" pin=0"/></net>

<net id="903"><net_src comp="891" pin="2"/><net_sink comp="896" pin=1"/></net>

<net id="904"><net_src comp="62" pin="0"/><net_sink comp="896" pin=2"/></net>

<net id="905"><net_src comp="64" pin="0"/><net_sink comp="896" pin=3"/></net>

<net id="909"><net_src comp="896" pin="4"/><net_sink comp="906" pin=0"/></net>

<net id="914"><net_src comp="0" pin="0"/><net_sink comp="910" pin=0"/></net>

<net id="915"><net_src comp="906" pin="1"/><net_sink comp="910" pin=1"/></net>

<net id="920"><net_src comp="72" pin="0"/><net_sink comp="916" pin=1"/></net>

<net id="926"><net_src comp="916" pin="2"/><net_sink comp="921" pin=0"/></net>

<net id="927"><net_src comp="74" pin="0"/><net_sink comp="921" pin=1"/></net>

<net id="928"><net_src comp="14" pin="0"/><net_sink comp="921" pin=2"/></net>

<net id="933"><net_src comp="96" pin="0"/><net_sink comp="929" pin=1"/></net>

<net id="937"><net_src comp="929" pin="2"/><net_sink comp="934" pin=0"/></net>

<net id="942"><net_src comp="934" pin="1"/><net_sink comp="938" pin=0"/></net>

<net id="949"><net_src comp="60" pin="0"/><net_sink comp="943" pin=0"/></net>

<net id="950"><net_src comp="938" pin="2"/><net_sink comp="943" pin=1"/></net>

<net id="951"><net_src comp="62" pin="0"/><net_sink comp="943" pin=2"/></net>

<net id="952"><net_src comp="64" pin="0"/><net_sink comp="943" pin=3"/></net>

<net id="956"><net_src comp="943" pin="4"/><net_sink comp="953" pin=0"/></net>

<net id="961"><net_src comp="0" pin="0"/><net_sink comp="957" pin=0"/></net>

<net id="962"><net_src comp="953" pin="1"/><net_sink comp="957" pin=1"/></net>

<net id="967"><net_src comp="934" pin="1"/><net_sink comp="963" pin=0"/></net>

<net id="974"><net_src comp="60" pin="0"/><net_sink comp="968" pin=0"/></net>

<net id="975"><net_src comp="963" pin="2"/><net_sink comp="968" pin=1"/></net>

<net id="976"><net_src comp="62" pin="0"/><net_sink comp="968" pin=2"/></net>

<net id="977"><net_src comp="64" pin="0"/><net_sink comp="968" pin=3"/></net>

<net id="981"><net_src comp="968" pin="4"/><net_sink comp="978" pin=0"/></net>

<net id="986"><net_src comp="0" pin="0"/><net_sink comp="982" pin=0"/></net>

<net id="987"><net_src comp="978" pin="1"/><net_sink comp="982" pin=1"/></net>

<net id="992"><net_src comp="72" pin="0"/><net_sink comp="988" pin=1"/></net>

<net id="998"><net_src comp="988" pin="2"/><net_sink comp="993" pin=0"/></net>

<net id="999"><net_src comp="74" pin="0"/><net_sink comp="993" pin=1"/></net>

<net id="1000"><net_src comp="14" pin="0"/><net_sink comp="993" pin=2"/></net>

<net id="1005"><net_src comp="98" pin="0"/><net_sink comp="1001" pin=1"/></net>

<net id="1009"><net_src comp="1001" pin="2"/><net_sink comp="1006" pin=0"/></net>

<net id="1014"><net_src comp="1006" pin="1"/><net_sink comp="1010" pin=0"/></net>

<net id="1021"><net_src comp="60" pin="0"/><net_sink comp="1015" pin=0"/></net>

<net id="1022"><net_src comp="1010" pin="2"/><net_sink comp="1015" pin=1"/></net>

<net id="1023"><net_src comp="62" pin="0"/><net_sink comp="1015" pin=2"/></net>

<net id="1024"><net_src comp="64" pin="0"/><net_sink comp="1015" pin=3"/></net>

<net id="1028"><net_src comp="1015" pin="4"/><net_sink comp="1025" pin=0"/></net>

<net id="1033"><net_src comp="0" pin="0"/><net_sink comp="1029" pin=0"/></net>

<net id="1034"><net_src comp="1025" pin="1"/><net_sink comp="1029" pin=1"/></net>

<net id="1039"><net_src comp="1006" pin="1"/><net_sink comp="1035" pin=0"/></net>

<net id="1046"><net_src comp="60" pin="0"/><net_sink comp="1040" pin=0"/></net>

<net id="1047"><net_src comp="1035" pin="2"/><net_sink comp="1040" pin=1"/></net>

<net id="1048"><net_src comp="62" pin="0"/><net_sink comp="1040" pin=2"/></net>

<net id="1049"><net_src comp="64" pin="0"/><net_sink comp="1040" pin=3"/></net>

<net id="1053"><net_src comp="1040" pin="4"/><net_sink comp="1050" pin=0"/></net>

<net id="1058"><net_src comp="0" pin="0"/><net_sink comp="1054" pin=0"/></net>

<net id="1059"><net_src comp="1050" pin="1"/><net_sink comp="1054" pin=1"/></net>

<net id="1064"><net_src comp="72" pin="0"/><net_sink comp="1060" pin=1"/></net>

<net id="1070"><net_src comp="1060" pin="2"/><net_sink comp="1065" pin=0"/></net>

<net id="1071"><net_src comp="74" pin="0"/><net_sink comp="1065" pin=1"/></net>

<net id="1072"><net_src comp="14" pin="0"/><net_sink comp="1065" pin=2"/></net>

<net id="1077"><net_src comp="100" pin="0"/><net_sink comp="1073" pin=1"/></net>

<net id="1081"><net_src comp="1073" pin="2"/><net_sink comp="1078" pin=0"/></net>

<net id="1086"><net_src comp="1078" pin="1"/><net_sink comp="1082" pin=0"/></net>

<net id="1093"><net_src comp="60" pin="0"/><net_sink comp="1087" pin=0"/></net>

<net id="1094"><net_src comp="1082" pin="2"/><net_sink comp="1087" pin=1"/></net>

<net id="1095"><net_src comp="62" pin="0"/><net_sink comp="1087" pin=2"/></net>

<net id="1096"><net_src comp="64" pin="0"/><net_sink comp="1087" pin=3"/></net>

<net id="1100"><net_src comp="1087" pin="4"/><net_sink comp="1097" pin=0"/></net>

<net id="1105"><net_src comp="0" pin="0"/><net_sink comp="1101" pin=0"/></net>

<net id="1106"><net_src comp="1097" pin="1"/><net_sink comp="1101" pin=1"/></net>

<net id="1111"><net_src comp="1078" pin="1"/><net_sink comp="1107" pin=0"/></net>

<net id="1118"><net_src comp="60" pin="0"/><net_sink comp="1112" pin=0"/></net>

<net id="1119"><net_src comp="1107" pin="2"/><net_sink comp="1112" pin=1"/></net>

<net id="1120"><net_src comp="62" pin="0"/><net_sink comp="1112" pin=2"/></net>

<net id="1121"><net_src comp="64" pin="0"/><net_sink comp="1112" pin=3"/></net>

<net id="1125"><net_src comp="1112" pin="4"/><net_sink comp="1122" pin=0"/></net>

<net id="1130"><net_src comp="0" pin="0"/><net_sink comp="1126" pin=0"/></net>

<net id="1131"><net_src comp="1122" pin="1"/><net_sink comp="1126" pin=1"/></net>

<net id="1136"><net_src comp="72" pin="0"/><net_sink comp="1132" pin=1"/></net>

<net id="1142"><net_src comp="1132" pin="2"/><net_sink comp="1137" pin=0"/></net>

<net id="1143"><net_src comp="74" pin="0"/><net_sink comp="1137" pin=1"/></net>

<net id="1144"><net_src comp="14" pin="0"/><net_sink comp="1137" pin=2"/></net>

<net id="1148"><net_src comp="106" pin="2"/><net_sink comp="1145" pin=0"/></net>

<net id="1149"><net_src comp="1145" pin="1"/><net_sink comp="453" pin=1"/></net>

<net id="1150"><net_src comp="1145" pin="1"/><net_sink comp="531" pin=1"/></net>

<net id="1151"><net_src comp="1145" pin="1"/><net_sink comp="603" pin=1"/></net>

<net id="1152"><net_src comp="1145" pin="1"/><net_sink comp="675" pin=1"/></net>

<net id="1153"><net_src comp="1145" pin="1"/><net_sink comp="747" pin=1"/></net>

<net id="1154"><net_src comp="1145" pin="1"/><net_sink comp="819" pin=1"/></net>

<net id="1155"><net_src comp="1145" pin="1"/><net_sink comp="891" pin=1"/></net>

<net id="1156"><net_src comp="1145" pin="1"/><net_sink comp="963" pin=1"/></net>

<net id="1157"><net_src comp="1145" pin="1"/><net_sink comp="1035" pin=1"/></net>

<net id="1158"><net_src comp="1145" pin="1"/><net_sink comp="1107" pin=1"/></net>

<net id="1162"><net_src comp="112" pin="2"/><net_sink comp="1159" pin=0"/></net>

<net id="1163"><net_src comp="1159" pin="1"/><net_sink comp="428" pin=1"/></net>

<net id="1164"><net_src comp="1159" pin="1"/><net_sink comp="506" pin=1"/></net>

<net id="1165"><net_src comp="1159" pin="1"/><net_sink comp="578" pin=1"/></net>

<net id="1166"><net_src comp="1159" pin="1"/><net_sink comp="650" pin=1"/></net>

<net id="1167"><net_src comp="1159" pin="1"/><net_sink comp="722" pin=1"/></net>

<net id="1168"><net_src comp="1159" pin="1"/><net_sink comp="794" pin=1"/></net>

<net id="1169"><net_src comp="1159" pin="1"/><net_sink comp="866" pin=1"/></net>

<net id="1170"><net_src comp="1159" pin="1"/><net_sink comp="938" pin=1"/></net>

<net id="1171"><net_src comp="1159" pin="1"/><net_sink comp="1010" pin=1"/></net>

<net id="1172"><net_src comp="1159" pin="1"/><net_sink comp="1082" pin=1"/></net>

<net id="1176"><net_src comp="410" pin="2"/><net_sink comp="1173" pin=0"/></net>

<net id="1180"><net_src comp="416" pin="3"/><net_sink comp="1177" pin=0"/></net>

<net id="1181"><net_src comp="1177" pin="1"/><net_sink comp="497" pin=0"/></net>

<net id="1182"><net_src comp="1177" pin="1"/><net_sink comp="569" pin=0"/></net>

<net id="1183"><net_src comp="1177" pin="1"/><net_sink comp="641" pin=0"/></net>

<net id="1184"><net_src comp="1177" pin="1"/><net_sink comp="713" pin=0"/></net>

<net id="1185"><net_src comp="1177" pin="1"/><net_sink comp="785" pin=0"/></net>

<net id="1186"><net_src comp="1177" pin="1"/><net_sink comp="857" pin=0"/></net>

<net id="1187"><net_src comp="1177" pin="1"/><net_sink comp="929" pin=0"/></net>

<net id="1188"><net_src comp="1177" pin="1"/><net_sink comp="1001" pin=0"/></net>

<net id="1189"><net_src comp="1177" pin="1"/><net_sink comp="1073" pin=0"/></net>

<net id="1193"><net_src comp="447" pin="2"/><net_sink comp="1190" pin=0"/></net>

<net id="1194"><net_src comp="1190" pin="1"/><net_sink comp="118" pin=1"/></net>

<net id="1195"><net_src comp="1190" pin="1"/><net_sink comp="125" pin=1"/></net>

<net id="1199"><net_src comp="472" pin="2"/><net_sink comp="1196" pin=0"/></net>

<net id="1200"><net_src comp="1196" pin="1"/><net_sink comp="130" pin=1"/></net>

<net id="1201"><net_src comp="1196" pin="1"/><net_sink comp="137" pin=1"/></net>

<net id="1205"><net_src comp="125" pin="2"/><net_sink comp="1202" pin=0"/></net>

<net id="1206"><net_src comp="1202" pin="1"/><net_sink comp="484" pin=0"/></net>

<net id="1210"><net_src comp="478" pin="2"/><net_sink comp="1207" pin=0"/></net>

<net id="1211"><net_src comp="1207" pin="1"/><net_sink comp="402" pin=0"/></net>

<net id="1215"><net_src comp="489" pin="3"/><net_sink comp="1212" pin=0"/></net>

<net id="1216"><net_src comp="1212" pin="1"/><net_sink comp="137" pin=2"/></net>

<net id="1220"><net_src comp="525" pin="2"/><net_sink comp="1217" pin=0"/></net>

<net id="1221"><net_src comp="1217" pin="1"/><net_sink comp="146" pin=1"/></net>

<net id="1222"><net_src comp="1217" pin="1"/><net_sink comp="153" pin=1"/></net>

<net id="1226"><net_src comp="550" pin="2"/><net_sink comp="1223" pin=0"/></net>

<net id="1227"><net_src comp="1223" pin="1"/><net_sink comp="158" pin=1"/></net>

<net id="1228"><net_src comp="1223" pin="1"/><net_sink comp="165" pin=1"/></net>

<net id="1232"><net_src comp="153" pin="2"/><net_sink comp="1229" pin=0"/></net>

<net id="1233"><net_src comp="1229" pin="1"/><net_sink comp="556" pin=0"/></net>

<net id="1237"><net_src comp="561" pin="3"/><net_sink comp="1234" pin=0"/></net>

<net id="1238"><net_src comp="1234" pin="1"/><net_sink comp="165" pin=2"/></net>

<net id="1242"><net_src comp="597" pin="2"/><net_sink comp="1239" pin=0"/></net>

<net id="1243"><net_src comp="1239" pin="1"/><net_sink comp="174" pin=1"/></net>

<net id="1244"><net_src comp="1239" pin="1"/><net_sink comp="181" pin=1"/></net>

<net id="1248"><net_src comp="622" pin="2"/><net_sink comp="1245" pin=0"/></net>

<net id="1249"><net_src comp="1245" pin="1"/><net_sink comp="186" pin=1"/></net>

<net id="1250"><net_src comp="1245" pin="1"/><net_sink comp="193" pin=1"/></net>

<net id="1254"><net_src comp="181" pin="2"/><net_sink comp="1251" pin=0"/></net>

<net id="1255"><net_src comp="1251" pin="1"/><net_sink comp="628" pin=0"/></net>

<net id="1259"><net_src comp="633" pin="3"/><net_sink comp="1256" pin=0"/></net>

<net id="1260"><net_src comp="1256" pin="1"/><net_sink comp="193" pin=2"/></net>

<net id="1264"><net_src comp="669" pin="2"/><net_sink comp="1261" pin=0"/></net>

<net id="1265"><net_src comp="1261" pin="1"/><net_sink comp="202" pin=1"/></net>

<net id="1266"><net_src comp="1261" pin="1"/><net_sink comp="209" pin=1"/></net>

<net id="1270"><net_src comp="694" pin="2"/><net_sink comp="1267" pin=0"/></net>

<net id="1271"><net_src comp="1267" pin="1"/><net_sink comp="214" pin=1"/></net>

<net id="1272"><net_src comp="1267" pin="1"/><net_sink comp="221" pin=1"/></net>

<net id="1276"><net_src comp="209" pin="2"/><net_sink comp="1273" pin=0"/></net>

<net id="1277"><net_src comp="1273" pin="1"/><net_sink comp="700" pin=0"/></net>

<net id="1281"><net_src comp="705" pin="3"/><net_sink comp="1278" pin=0"/></net>

<net id="1282"><net_src comp="1278" pin="1"/><net_sink comp="221" pin=2"/></net>

<net id="1286"><net_src comp="741" pin="2"/><net_sink comp="1283" pin=0"/></net>

<net id="1287"><net_src comp="1283" pin="1"/><net_sink comp="230" pin=1"/></net>

<net id="1288"><net_src comp="1283" pin="1"/><net_sink comp="237" pin=1"/></net>

<net id="1292"><net_src comp="766" pin="2"/><net_sink comp="1289" pin=0"/></net>

<net id="1293"><net_src comp="1289" pin="1"/><net_sink comp="242" pin=1"/></net>

<net id="1294"><net_src comp="1289" pin="1"/><net_sink comp="249" pin=1"/></net>

<net id="1298"><net_src comp="237" pin="2"/><net_sink comp="1295" pin=0"/></net>

<net id="1299"><net_src comp="1295" pin="1"/><net_sink comp="772" pin=0"/></net>

<net id="1303"><net_src comp="777" pin="3"/><net_sink comp="1300" pin=0"/></net>

<net id="1304"><net_src comp="1300" pin="1"/><net_sink comp="249" pin=2"/></net>

<net id="1308"><net_src comp="813" pin="2"/><net_sink comp="1305" pin=0"/></net>

<net id="1309"><net_src comp="1305" pin="1"/><net_sink comp="258" pin=1"/></net>

<net id="1310"><net_src comp="1305" pin="1"/><net_sink comp="265" pin=1"/></net>

<net id="1314"><net_src comp="838" pin="2"/><net_sink comp="1311" pin=0"/></net>

<net id="1315"><net_src comp="1311" pin="1"/><net_sink comp="270" pin=1"/></net>

<net id="1316"><net_src comp="1311" pin="1"/><net_sink comp="277" pin=1"/></net>

<net id="1320"><net_src comp="265" pin="2"/><net_sink comp="1317" pin=0"/></net>

<net id="1321"><net_src comp="1317" pin="1"/><net_sink comp="844" pin=0"/></net>

<net id="1325"><net_src comp="849" pin="3"/><net_sink comp="1322" pin=0"/></net>

<net id="1326"><net_src comp="1322" pin="1"/><net_sink comp="277" pin=2"/></net>

<net id="1330"><net_src comp="885" pin="2"/><net_sink comp="1327" pin=0"/></net>

<net id="1331"><net_src comp="1327" pin="1"/><net_sink comp="286" pin=1"/></net>

<net id="1332"><net_src comp="1327" pin="1"/><net_sink comp="293" pin=1"/></net>

<net id="1336"><net_src comp="910" pin="2"/><net_sink comp="1333" pin=0"/></net>

<net id="1337"><net_src comp="1333" pin="1"/><net_sink comp="298" pin=1"/></net>

<net id="1338"><net_src comp="1333" pin="1"/><net_sink comp="305" pin=1"/></net>

<net id="1342"><net_src comp="293" pin="2"/><net_sink comp="1339" pin=0"/></net>

<net id="1343"><net_src comp="1339" pin="1"/><net_sink comp="916" pin=0"/></net>

<net id="1347"><net_src comp="921" pin="3"/><net_sink comp="1344" pin=0"/></net>

<net id="1348"><net_src comp="1344" pin="1"/><net_sink comp="305" pin=2"/></net>

<net id="1352"><net_src comp="957" pin="2"/><net_sink comp="1349" pin=0"/></net>

<net id="1353"><net_src comp="1349" pin="1"/><net_sink comp="314" pin=1"/></net>

<net id="1354"><net_src comp="1349" pin="1"/><net_sink comp="321" pin=1"/></net>

<net id="1358"><net_src comp="982" pin="2"/><net_sink comp="1355" pin=0"/></net>

<net id="1359"><net_src comp="1355" pin="1"/><net_sink comp="326" pin=1"/></net>

<net id="1360"><net_src comp="1355" pin="1"/><net_sink comp="333" pin=1"/></net>

<net id="1364"><net_src comp="321" pin="2"/><net_sink comp="1361" pin=0"/></net>

<net id="1365"><net_src comp="1361" pin="1"/><net_sink comp="988" pin=0"/></net>

<net id="1369"><net_src comp="993" pin="3"/><net_sink comp="1366" pin=0"/></net>

<net id="1370"><net_src comp="1366" pin="1"/><net_sink comp="333" pin=2"/></net>

<net id="1374"><net_src comp="1029" pin="2"/><net_sink comp="1371" pin=0"/></net>

<net id="1375"><net_src comp="1371" pin="1"/><net_sink comp="342" pin=1"/></net>

<net id="1376"><net_src comp="1371" pin="1"/><net_sink comp="349" pin=1"/></net>

<net id="1380"><net_src comp="1054" pin="2"/><net_sink comp="1377" pin=0"/></net>

<net id="1381"><net_src comp="1377" pin="1"/><net_sink comp="354" pin=1"/></net>

<net id="1382"><net_src comp="1377" pin="1"/><net_sink comp="361" pin=1"/></net>

<net id="1386"><net_src comp="349" pin="2"/><net_sink comp="1383" pin=0"/></net>

<net id="1387"><net_src comp="1383" pin="1"/><net_sink comp="1060" pin=0"/></net>

<net id="1391"><net_src comp="1065" pin="3"/><net_sink comp="1388" pin=0"/></net>

<net id="1392"><net_src comp="1388" pin="1"/><net_sink comp="361" pin=2"/></net>

<net id="1396"><net_src comp="1101" pin="2"/><net_sink comp="1393" pin=0"/></net>

<net id="1397"><net_src comp="1393" pin="1"/><net_sink comp="370" pin=1"/></net>

<net id="1398"><net_src comp="1393" pin="1"/><net_sink comp="377" pin=1"/></net>

<net id="1402"><net_src comp="1126" pin="2"/><net_sink comp="1399" pin=0"/></net>

<net id="1403"><net_src comp="1399" pin="1"/><net_sink comp="382" pin=1"/></net>

<net id="1404"><net_src comp="1399" pin="1"/><net_sink comp="389" pin=1"/></net>

<net id="1408"><net_src comp="377" pin="2"/><net_sink comp="1405" pin=0"/></net>

<net id="1409"><net_src comp="1405" pin="1"/><net_sink comp="1132" pin=0"/></net>

<net id="1413"><net_src comp="1137" pin="3"/><net_sink comp="1410" pin=0"/></net>

<net id="1414"><net_src comp="1410" pin="1"/><net_sink comp="389" pin=2"/></net>

</net_list>

</model> 
---------------- Datapath Model END ------------------

* FSMD analyzer results:
  - Output states:
	Port: AXI_DATA | {11 12 13 14 15 16 17 26 27 28 29 30 31 32 42 43 44 45 46 47 48 57 58 59 60 61 62 63 73 74 75 76 77 78 79 88 89 90 91 92 93 94 104 105 106 107 108 109 110 119 120 121 122 123 124 125 135 136 137 138 139 140 141 150 151 152 153 154 155 156 }
 - Input state : 
	Port: image_processing : AXI_DATA | {3 4 5 6 7 8 9 10 18 19 20 21 22 23 24 25 34 35 36 37 38 39 40 41 49 50 51 52 53 54 55 56 65 66 67 68 69 70 71 72 80 81 82 83 84 85 86 87 96 97 98 99 100 101 102 103 111 112 113 114 115 116 117 118 127 128 129 130 131 132 133 134 142 143 144 145 146 147 148 149 }
	Port: image_processing : in_r | {1 }
	Port: image_processing : out_r | {1 }
  - Chain level:
	State 1
	State 2
		icmp_ln17 : 1
		br_ln17 : 2
		shl_ln : 1
		zext_ln19 : 2
		add_ln19 : 3
		trunc_ln : 4
		sext_ln19 : 5
		AXI_DATA_addr : 6
		empty_15 : 3
		trunc_ln1 : 4
		sext_ln20 : 5
		AXI_DATA_addr_1 : 6
	State 3
	State 4
	State 5
	State 6
	State 7
	State 8
	State 9
	State 10
	State 11
		select_ln20 : 1
	State 12
	State 13
	State 14
	State 15
	State 16
	State 17
		add_ln19_1 : 1
		trunc_ln19_1 : 2
		sext_ln19_1 : 3
		AXI_DATA_addr_2 : 4
		empty_16 : 1
		trunc_ln20_1 : 2
		sext_ln20_1 : 3
		AXI_DATA_addr_3 : 4
	State 18
	State 19
	State 20
	State 21
	State 22
	State 23
	State 24
	State 25
	State 26
		select_ln20_1 : 1
	State 27
	State 28
	State 29
	State 30
	State 31
	State 32
	State 33
		zext_ln19_2 : 1
		add_ln19_3 : 2
		trunc_ln19_2 : 3
		sext_ln19_2 : 4
		AXI_DATA_addr_4 : 5
		empty_17 : 2
		trunc_ln20_2 : 3
		sext_ln20_2 : 4
		AXI_DATA_addr_5 : 5
	State 34
	State 35
	State 36
	State 37
	State 38
	State 39
	State 40
	State 41
	State 42
		select_ln20_2 : 1
	State 43
	State 44
	State 45
	State 46
	State 47
	State 48
		zext_ln19_3 : 1
		add_ln19_5 : 2
		trunc_ln19_3 : 3
		sext_ln19_3 : 4
		AXI_DATA_addr_6 : 5
		empty_18 : 2
		trunc_ln20_3 : 3
		sext_ln20_3 : 4
		AXI_DATA_addr_7 : 5
	State 49
	State 50
	State 51
	State 52
	State 53
	State 54
	State 55
	State 56
	State 57
		select_ln20_3 : 1
	State 58
	State 59
	State 60
	State 61
	State 62
	State 63
	State 64
		zext_ln19_4 : 1
		add_ln19_7 : 2
		trunc_ln19_4 : 3
		sext_ln19_4 : 4
		AXI_DATA_addr_8 : 5
		empty_19 : 2
		trunc_ln20_4 : 3
		sext_ln20_4 : 4
		AXI_DATA_addr_9 : 5
	State 65
	State 66
	State 67
	State 68
	State 69
	State 70
	State 71
	State 72
	State 73
		select_ln20_4 : 1
	State 74
	State 75
	State 76
	State 77
	State 78
	State 79
		zext_ln19_5 : 1
		add_ln19_9 : 2
		trunc_ln19_5 : 3
		sext_ln19_5 : 4
		AXI_DATA_addr_10 : 5
		empty_20 : 2
		trunc_ln20_5 : 3
		sext_ln20_5 : 4
		AXI_DATA_addr_11 : 5
	State 80
	State 81
	State 82
	State 83
	State 84
	State 85
	State 86
	State 87
	State 88
		select_ln20_5 : 1
	State 89
	State 90
	State 91
	State 92
	State 93
	State 94
	State 95
		zext_ln19_6 : 1
		add_ln19_11 : 2
		trunc_ln19_6 : 3
		sext_ln19_6 : 4
		AXI_DATA_addr_12 : 5
		empty_21 : 2
		trunc_ln20_6 : 3
		sext_ln20_6 : 4
		AXI_DATA_addr_13 : 5
	State 96
	State 97
	State 98
	State 99
	State 100
	State 101
	State 102
	State 103
	State 104
		select_ln20_6 : 1
	State 105
	State 106
	State 107
	State 108
	State 109
	State 110
		zext_ln19_7 : 1
		add_ln19_13 : 2
		trunc_ln19_7 : 3
		sext_ln19_7 : 4
		AXI_DATA_addr_14 : 5
		empty_22 : 2
		trunc_ln20_7 : 3
		sext_ln20_7 : 4
		AXI_DATA_addr_15 : 5
	State 111
	State 112
	State 113
	State 114
	State 115
	State 116
	State 117
	State 118
	State 119
		select_ln20_7 : 1
	State 120
	State 121
	State 122
	State 123
	State 124
	State 125
	State 126
		zext_ln19_8 : 1
		add_ln19_15 : 2
		trunc_ln19_8 : 3
		sext_ln19_8 : 4
		AXI_DATA_addr_16 : 5
		empty_23 : 2
		trunc_ln20_8 : 3
		sext_ln20_8 : 4
		AXI_DATA_addr_17 : 5
	State 127
	State 128
	State 129
	State 130
	State 131
	State 132
	State 133
	State 134
	State 135
		select_ln20_8 : 1
	State 136
	State 137
	State 138
	State 139
	State 140
	State 141
		zext_ln19_9 : 1
		add_ln19_17 : 2
		trunc_ln19_9 : 3
		sext_ln19_9 : 4
		AXI_DATA_addr_18 : 5
		empty_24 : 2
		trunc_ln20_9 : 3
		sext_ln20_9 : 4
		AXI_DATA_addr_19 : 5
	State 142
	State 143
	State 144
	State 145
	State 146
	State 147
	State 148
	State 149
	State 150
		select_ln20_9 : 1
	State 151
	State 152
	State 153
	State 154
	State 155
	State 156
	State 157


============================================================
+ Verbose Summary: Datapath Resource usage 
============================================================

* Functional unit list:
|----------|-----------------------------------|---------|---------|
| Operation|          Functional Unit          |    FF   |   LUT   |
|----------|-----------------------------------|---------|---------|
|          |          add_ln19_fu_428          |    0    |    71   |
|          |          empty_15_fu_453          |    0    |    71   |
|          |          add_ln17_fu_478          |    0    |    19   |
|          |         add_ln19_1_fu_506         |    0    |    71   |
|          |          empty_16_fu_531          |    0    |    71   |
|          |         add_ln19_2_fu_569         |    0    |    21   |
|          |         add_ln19_3_fu_578         |    0    |    71   |
|          |          empty_17_fu_603          |    0    |    71   |
|          |         add_ln19_4_fu_641         |    0    |    21   |
|          |         add_ln19_5_fu_650         |    0    |    71   |
|          |          empty_18_fu_675          |    0    |    71   |
|          |         add_ln19_6_fu_713         |    0    |    21   |
|          |         add_ln19_7_fu_722         |    0    |    71   |
|          |          empty_19_fu_747          |    0    |    71   |
|    add   |         add_ln19_8_fu_785         |    0    |    21   |
|          |         add_ln19_9_fu_794         |    0    |    71   |
|          |          empty_20_fu_819          |    0    |    71   |
|          |         add_ln19_10_fu_857        |    0    |    21   |
|          |         add_ln19_11_fu_866        |    0    |    71   |
|          |          empty_21_fu_891          |    0    |    71   |
|          |         add_ln19_12_fu_929        |    0    |    21   |
|          |         add_ln19_13_fu_938        |    0    |    71   |
|          |          empty_22_fu_963          |    0    |    71   |
|          |        add_ln19_14_fu_1001        |    0    |    21   |
|          |        add_ln19_15_fu_1010        |    0    |    71   |
|          |          empty_23_fu_1035         |    0    |    71   |
|          |        add_ln19_16_fu_1073        |    0    |    21   |
|          |        add_ln19_17_fu_1082        |    0    |    71   |
|          |          empty_24_fu_1107         |    0    |    71   |
|----------|-----------------------------------|---------|---------|
|          |          icmp_ln17_fu_410         |    0    |    12   |
|          |          icmp_ln19_fu_484         |    0    |    20   |
|          |         icmp_ln19_1_fu_556        |    0    |    20   |
|          |         icmp_ln19_2_fu_628        |    0    |    20   |
|          |         icmp_ln19_3_fu_700        |    0    |    20   |
|   icmp   |         icmp_ln19_4_fu_772        |    0    |    20   |
|          |         icmp_ln19_5_fu_844        |    0    |    20   |
|          |         icmp_ln19_6_fu_916        |    0    |    20   |
|          |         icmp_ln19_7_fu_988        |    0    |    20   |
|          |        icmp_ln19_8_fu_1060        |    0    |    20   |
|          |        icmp_ln19_9_fu_1132        |    0    |    20   |
|----------|-----------------------------------|---------|---------|
|          |         select_ln20_fu_489        |    0    |    8    |
|          |        select_ln20_1_fu_561       |    0    |    8    |
|          |        select_ln20_2_fu_633       |    0    |    8    |
|          |        select_ln20_3_fu_705       |    0    |    8    |
|  select  |        select_ln20_4_fu_777       |    0    |    8    |
|          |        select_ln20_5_fu_849       |    0    |    8    |
|          |        select_ln20_6_fu_921       |    0    |    8    |
|          |        select_ln20_7_fu_993       |    0    |    8    |
|          |       select_ln20_8_fu_1065       |    0    |    8    |
|          |       select_ln20_9_fu_1137       |    0    |    8    |
|----------|-----------------------------------|---------|---------|
|          |        out_read_read_fu_106       |    0    |    0    |
|          |        in_read_read_fu_112        |    0    |    0    |
|          |   AXI_DATA_addr_read_read_fu_125  |    0    |    0    |
|          |  AXI_DATA_addr_2_read_read_fu_153 |    0    |    0    |
|          |  AXI_DATA_addr_4_read_read_fu_181 |    0    |    0    |
|   read   |  AXI_DATA_addr_6_read_read_fu_209 |    0    |    0    |
|          |  AXI_DATA_addr_8_read_read_fu_237 |    0    |    0    |
|          | AXI_DATA_addr_10_read_read_fu_265 |    0    |    0    |
|          | AXI_DATA_addr_12_read_read_fu_293 |    0    |    0    |
|          | AXI_DATA_addr_14_read_read_fu_321 |    0    |    0    |
|          | AXI_DATA_addr_16_read_read_fu_349 |    0    |    0    |
|          | AXI_DATA_addr_18_read_read_fu_377 |    0    |    0    |
|----------|-----------------------------------|---------|---------|
|          |         grp_readreq_fu_118        |    0    |    0    |
|          |         grp_readreq_fu_146        |    0    |    0    |
|          |         grp_readreq_fu_174        |    0    |    0    |
|          |         grp_readreq_fu_202        |    0    |    0    |
|  readreq |         grp_readreq_fu_230        |    0    |    0    |
|          |         grp_readreq_fu_258        |    0    |    0    |
|          |         grp_readreq_fu_286        |    0    |    0    |
|          |         grp_readreq_fu_314        |    0    |    0    |
|          |         grp_readreq_fu_342        |    0    |    0    |
|          |         grp_readreq_fu_370        |    0    |    0    |
|----------|-----------------------------------|---------|---------|
|          |        grp_writeresp_fu_130       |    0    |    0    |
|          |        grp_writeresp_fu_158       |    0    |    0    |
|          |        grp_writeresp_fu_186       |    0    |    0    |
|          |        grp_writeresp_fu_214       |    0    |    0    |
| writeresp|        grp_writeresp_fu_242       |    0    |    0    |
|          |        grp_writeresp_fu_270       |    0    |    0    |
|          |        grp_writeresp_fu_298       |    0    |    0    |
|          |        grp_writeresp_fu_326       |    0    |    0    |
|          |        grp_writeresp_fu_354       |    0    |    0    |
|          |        grp_writeresp_fu_382       |    0    |    0    |
|----------|-----------------------------------|---------|---------|
|          |      write_ln20_write_fu_137      |    0    |    0    |
|          |      write_ln20_write_fu_165      |    0    |    0    |
|          |      write_ln20_write_fu_193      |    0    |    0    |
|          |      write_ln20_write_fu_221      |    0    |    0    |
|   write  |      write_ln20_write_fu_249      |    0    |    0    |
|          |      write_ln20_write_fu_277      |    0    |    0    |
|          |      write_ln20_write_fu_305      |    0    |    0    |
|          |      write_ln20_write_fu_333      |    0    |    0    |
|          |      write_ln20_write_fu_361      |    0    |    0    |
|          |      write_ln20_write_fu_389      |    0    |    0    |
|----------|-----------------------------------|---------|---------|
|bitconcatenate|           shl_ln_fu_416           |    0    |    0    |
|----------|-----------------------------------|---------|---------|
|          |          zext_ln19_fu_424         |    0    |    0    |
|          |         zext_ln19_1_fu_502        |    0    |    0    |
|          |         zext_ln19_2_fu_574        |    0    |    0    |
|          |         zext_ln19_3_fu_646        |    0    |    0    |
|   zext   |         zext_ln19_4_fu_718        |    0    |    0    |
|          |         zext_ln19_5_fu_790        |    0    |    0    |
|          |         zext_ln19_6_fu_862        |    0    |    0    |
|          |         zext_ln19_7_fu_934        |    0    |    0    |
|          |        zext_ln19_8_fu_1006        |    0    |    0    |
|          |        zext_ln19_9_fu_1078        |    0    |    0    |
|----------|-----------------------------------|---------|---------|
|          |          trunc_ln_fu_433          |    0    |    0    |
|          |          trunc_ln1_fu_458         |    0    |    0    |
|          |        trunc_ln19_1_fu_511        |    0    |    0    |
|          |        trunc_ln20_1_fu_536        |    0    |    0    |
|          |        trunc_ln19_2_fu_583        |    0    |    0    |
|          |        trunc_ln20_2_fu_608        |    0    |    0    |
|          |        trunc_ln19_3_fu_655        |    0    |    0    |
|          |        trunc_ln20_3_fu_680        |    0    |    0    |
|          |        trunc_ln19_4_fu_727        |    0    |    0    |
|partselect|        trunc_ln20_4_fu_752        |    0    |    0    |
|          |        trunc_ln19_5_fu_799        |    0    |    0    |
|          |        trunc_ln20_5_fu_824        |    0    |    0    |
|          |        trunc_ln19_6_fu_871        |    0    |    0    |
|          |        trunc_ln20_6_fu_896        |    0    |    0    |
|          |        trunc_ln19_7_fu_943        |    0    |    0    |
|          |        trunc_ln20_7_fu_968        |    0    |    0    |
|          |        trunc_ln19_8_fu_1015       |    0    |    0    |
|          |        trunc_ln20_8_fu_1040       |    0    |    0    |
|          |        trunc_ln19_9_fu_1087       |    0    |    0    |
|          |        trunc_ln20_9_fu_1112       |    0    |    0    |
|----------|-----------------------------------|---------|---------|
|          |          sext_ln19_fu_443         |    0    |    0    |
|          |          sext_ln20_fu_468         |    0    |    0    |
|          |         sext_ln19_1_fu_521        |    0    |    0    |
|          |         sext_ln20_1_fu_546        |    0    |    0    |
|          |         sext_ln19_2_fu_593        |    0    |    0    |
|          |         sext_ln20_2_fu_618        |    0    |    0    |
|          |         sext_ln19_3_fu_665        |    0    |    0    |
|          |         sext_ln20_3_fu_690        |    0    |    0    |
|          |         sext_ln19_4_fu_737        |    0    |    0    |
|   sext   |         sext_ln20_4_fu_762        |    0    |    0    |
|          |         sext_ln19_5_fu_809        |    0    |    0    |
|          |         sext_ln20_5_fu_834        |    0    |    0    |
|          |         sext_ln19_6_fu_881        |    0    |    0    |
|          |         sext_ln20_6_fu_906        |    0    |    0    |
|          |         sext_ln19_7_fu_953        |    0    |    0    |
|          |         sext_ln20_7_fu_978        |    0    |    0    |
|          |        sext_ln19_8_fu_1025        |    0    |    0    |
|          |        sext_ln20_8_fu_1050        |    0    |    0    |
|          |        sext_ln19_9_fu_1097        |    0    |    0    |
|          |        sext_ln20_9_fu_1122        |    0    |    0    |
|----------|-----------------------------------|---------|---------|
|    or    |           or_ln19_fu_497          |    0    |    0    |
|----------|-----------------------------------|---------|---------|
|   Total  |                                   |    0    |   1899  |
|----------|-----------------------------------|---------|---------|

Memories:
N/A

* Register list:
+------------------------------+--------+
|                              |   FF   |
+------------------------------+--------+
|AXI_DATA_addr_10_read_reg_1317|   32   |
|   AXI_DATA_addr_10_reg_1305  |   32   |
|   AXI_DATA_addr_11_reg_1311  |   32   |
|AXI_DATA_addr_12_read_reg_1339|   32   |
|   AXI_DATA_addr_12_reg_1327  |   32   |
|   AXI_DATA_addr_13_reg_1333  |   32   |
|AXI_DATA_addr_14_read_reg_1361|   32   |
|   AXI_DATA_addr_14_reg_1349  |   32   |
|   AXI_DATA_addr_15_reg_1355  |   32   |
|AXI_DATA_addr_16_read_reg_1383|   32   |
|   AXI_DATA_addr_16_reg_1371  |   32   |
|   AXI_DATA_addr_17_reg_1377  |   32   |
|AXI_DATA_addr_18_read_reg_1405|   32   |
|   AXI_DATA_addr_18_reg_1393  |   32   |
|   AXI_DATA_addr_19_reg_1399  |   32   |
|   AXI_DATA_addr_1_reg_1196   |   32   |
| AXI_DATA_addr_2_read_reg_1229|   32   |
|   AXI_DATA_addr_2_reg_1217   |   32   |
|   AXI_DATA_addr_3_reg_1223   |   32   |
| AXI_DATA_addr_4_read_reg_1251|   32   |
|   AXI_DATA_addr_4_reg_1239   |   32   |
|   AXI_DATA_addr_5_reg_1245   |   32   |
| AXI_DATA_addr_6_read_reg_1273|   32   |
|   AXI_DATA_addr_6_reg_1261   |   32   |
|   AXI_DATA_addr_7_reg_1267   |   32   |
| AXI_DATA_addr_8_read_reg_1295|   32   |
|   AXI_DATA_addr_8_reg_1283   |   32   |
|   AXI_DATA_addr_9_reg_1289   |   32   |
|  AXI_DATA_addr_read_reg_1202 |   32   |
|    AXI_DATA_addr_reg_1190    |   32   |
|       add_ln17_reg_1207      |   12   |
|           i_reg_398          |   12   |
|      icmp_ln17_reg_1173      |    1   |
|       in_read_reg_1159       |   64   |
|       out_read_reg_1145      |   64   |
|    select_ln20_1_reg_1234    |   32   |
|    select_ln20_2_reg_1256    |   32   |
|    select_ln20_3_reg_1278    |   32   |
|    select_ln20_4_reg_1300    |   32   |
|    select_ln20_5_reg_1322    |   32   |
|    select_ln20_6_reg_1344    |   32   |
|    select_ln20_7_reg_1366    |   32   |
|    select_ln20_8_reg_1388    |   32   |
|    select_ln20_9_reg_1410    |   32   |
|     select_ln20_reg_1212     |   32   |
|        shl_ln_reg_1177       |   14   |
+------------------------------+--------+
|             Total            |  1447  |
+------------------------------+--------+

* Multiplexer (MUX) list: 
|----------------------|------|------|------|--------||---------||---------|
|         Comp         |  Pin | Size |  BW  | S x BW ||  Delay  ||   LUT   |
|----------------------|------|------|------|--------||---------||---------|
| grp_writeresp_fu_130 |  p0  |   2  |   1  |    2   |
| grp_writeresp_fu_158 |  p0  |   2  |   1  |    2   |
| grp_writeresp_fu_186 |  p0  |   2  |   1  |    2   |
| grp_writeresp_fu_214 |  p0  |   2  |   1  |    2   |
| grp_writeresp_fu_242 |  p0  |   2  |   1  |    2   |
| grp_writeresp_fu_270 |  p0  |   2  |   1  |    2   |
| grp_writeresp_fu_298 |  p0  |   2  |   1  |    2   |
| grp_writeresp_fu_326 |  p0  |   2  |   1  |    2   |
| grp_writeresp_fu_354 |  p0  |   2  |   1  |    2   |
| grp_writeresp_fu_382 |  p0  |   2  |   1  |    2   |
|       i_reg_398      |  p0  |   2  |  12  |   24   ||    9    |
|----------------------|------|------|------|--------||---------||---------|
|         Total        |      |      |      |   44   ||  5.379  ||    9    |
|----------------------|------|------|------|--------||---------||---------|



* Summary:
+-----------+--------+--------+--------+
|           |  Delay |   FF   |   LUT  |
+-----------+--------+--------+--------+
|  Function |    -   |    0   |  1899  |
|   Memory  |    -   |    -   |    -   |
|Multiplexer|    5   |    -   |    9   |
|  Register |    -   |  1447  |    -   |
+-----------+--------+--------+--------+
|   Total   |    5   |  1447  |  1908  |
+-----------+--------+--------+--------+
