

================================================================
== Vitis HLS Report for 'image_processing'
================================================================
* Date:           Sat Nov  9 14:51:11 2024

* Version:        2020.2 (Build 3064766 on Wed Nov 18 09:12:47 MST 2020)
* Project:        Assigment2
* Solution:       solution1 (Vivado IP Flow Target)
* Product family: zynquplus
* Target device:  xczu3eg-sbva484-1-i


================================================================
== Performance Estimates
================================================================
+ Timing: 
    * Summary: 
    +--------+----------+----------+------------+
    |  Clock |  Target  | Estimated| Uncertainty|
    +--------+----------+----------+------------+
    |ap_clk  |  10.00 ns|  7.300 ns|     2.70 ns|
    +--------+----------+----------+------------+

+ Latency: 
    * Summary: 
    +---------+---------+-----------+-----------+------+------+---------+
    |  Latency (cycles) |   Latency (absolute)  |   Interval  | Pipeline|
    |   min   |   max   |    min    |    max    |  min |  max |   Type  |
    +---------+---------+-----------+-----------+------+------+---------+
    |     3146|     3146|  31.460 us|  31.460 us|  3147|  3147|     none|
    +---------+---------+-----------+-----------+------+------+---------+

    + Detail: 
        * Instance: 
        N/A

        * Loop: 
        +----------+---------+---------+----------+-----------+-----------+------+----------+
        |          |  Latency (cycles) | Iteration|  Initiation Interval  | Trip |          |
        | Loop Name|   min   |   max   |  Latency |  achieved |   target  | Count| Pipelined|
        +----------+---------+---------+----------+-----------+-----------+------+----------+
        |- loop    |     3144|     3144|       155|         10|          1|   300|       yes|
        +----------+---------+---------+----------+-----------+-----------+------+----------+

============================================================
+ Verbose Summary: Synthesis Manager
============================================================
InlineROM: 1
ExposeGlobal: 0
============================================================
+ Verbose Summary: CDFG Model
============================================================
IsTopModel: 1
ResetActiveHigh: 1
IsCombinational: 0
IsDatapathOnly: 0
HasWiredReturn: 1
HasMFsm: 0
HasVarLatency: 1
IsPipeline: 0
IsRtlPipelined: 0
IsInstanceOverlapped: 0
IsDontTouch: 0
HasImplIP: 0
IsGatedGlobalClock: 0

+ Individual pipeline summary: 
  * Pipeline-0: initiation interval (II) = 10, depth = 155


============================================================
+ Verbose Summary: Schedule
============================================================
* Number of FSM states : 157
* Pipeline : 1
  Pipeline-0 : II = 10, D = 155, States = { 2 3 4 5 6 7 8 9 10 11 12 13 14 15 16 17 18 19 20 21 22 23 24 25 26 27 28 29 30 31 32 33 34 35 36 37 38 39 40 41 42 43 44 45 46 47 48 49 50 51 52 53 54 55 56 57 58 59 60 61 62 63 64 65 66 67 68 69 70 71 72 73 74 75 76 77 78 79 80 81 82 83 84 85 86 87 88 89 90 91 92 93 94 95 96 97 98 99 100 101 102 103 104 105 106 107 108 109 110 111 112 113 114 115 116 117 118 119 120 121 122 123 124 125 126 127 128 129 130 131 132 133 134 135 136 137 138 139 140 141 142 143 144 145 146 147 148 149 150 151 152 153 154 155 156 }
* Dataflow Pipeline: 0

* FSM state transitions: 
1 --> 2 
2 --> 157 3 
3 --> 4 
4 --> 5 
5 --> 6 
6 --> 7 
7 --> 8 
8 --> 9 
9 --> 10 
10 --> 11 
11 --> 12 
12 --> 13 
13 --> 14 
14 --> 15 
15 --> 16 
16 --> 17 
17 --> 18 
18 --> 19 
19 --> 20 
20 --> 21 
21 --> 22 
22 --> 23 
23 --> 24 
24 --> 25 
25 --> 26 
26 --> 27 
27 --> 28 
28 --> 29 
29 --> 30 
30 --> 31 
31 --> 32 
32 --> 33 
33 --> 34 
34 --> 35 
35 --> 36 
36 --> 37 
37 --> 38 
38 --> 39 
39 --> 40 
40 --> 41 
41 --> 42 
42 --> 43 
43 --> 44 
44 --> 45 
45 --> 46 
46 --> 47 
47 --> 48 
48 --> 49 
49 --> 50 
50 --> 51 
51 --> 52 
52 --> 53 
53 --> 54 
54 --> 55 
55 --> 56 
56 --> 57 
57 --> 58 
58 --> 59 
59 --> 60 
60 --> 61 
61 --> 62 
62 --> 63 
63 --> 64 
64 --> 65 
65 --> 66 
66 --> 67 
67 --> 68 
68 --> 69 
69 --> 70 
70 --> 71 
71 --> 72 
72 --> 73 
73 --> 74 
74 --> 75 
75 --> 76 
76 --> 77 
77 --> 78 
78 --> 79 
79 --> 80 
80 --> 81 
81 --> 82 
82 --> 83 
83 --> 84 
84 --> 85 
85 --> 86 
86 --> 87 
87 --> 88 
88 --> 89 
89 --> 90 
90 --> 91 
91 --> 92 
92 --> 93 
93 --> 94 
94 --> 95 
95 --> 96 
96 --> 97 
97 --> 98 
98 --> 99 
99 --> 100 
100 --> 101 
101 --> 102 
102 --> 103 
103 --> 104 
104 --> 105 
105 --> 106 
106 --> 107 
107 --> 108 
108 --> 109 
109 --> 110 
110 --> 111 
111 --> 112 
112 --> 113 
113 --> 114 
114 --> 115 
115 --> 116 
116 --> 117 
117 --> 118 
118 --> 119 
119 --> 120 
120 --> 121 
121 --> 122 
122 --> 123 
123 --> 124 
124 --> 125 
125 --> 126 
126 --> 127 
127 --> 128 
128 --> 129 
129 --> 130 
130 --> 131 
131 --> 132 
132 --> 133 
133 --> 134 
134 --> 135 
135 --> 136 
136 --> 137 
137 --> 138 
138 --> 139 
139 --> 140 
140 --> 141 
141 --> 142 
142 --> 143 
143 --> 144 
144 --> 145 
145 --> 146 
146 --> 147 
147 --> 148 
148 --> 149 
149 --> 150 
150 --> 151 
151 --> 152 
152 --> 153 
153 --> 154 
154 --> 155 
155 --> 156 
156 --> 2 
157 --> 

* FSM state operations: 

State 1 <SV = 0> <Delay = 1.00>
ST_1 : Operation 158 [1/1] (0.00ns)   --->   "%spectopmodule_ln0 = spectopmodule void @_ssdm_op_SpecTopModule, void @empty_7"   --->   Operation 158 'spectopmodule' 'spectopmodule_ln0' <Predicate = true> <Delay = 0.00>
ST_1 : Operation 159 [1/1] (0.00ns)   --->   "%specinterface_ln0 = specinterface void @_ssdm_op_SpecInterface, i32 %AXI_DATA, void @empty_9, i32 0, i32 0, void @empty, i32 0, i32 0, void @empty_0, void @empty_1, void @empty, i32 16, i32 16, i32 16, i32 16, void @empty, void @empty"   --->   Operation 159 'specinterface' 'specinterface_ln0' <Predicate = true> <Delay = 0.00>
ST_1 : Operation 160 [1/1] (0.00ns)   --->   "%specbitsmap_ln0 = specbitsmap void @_ssdm_op_SpecBitsMap, i32 %AXI_DATA"   --->   Operation 160 'specbitsmap' 'specbitsmap_ln0' <Predicate = true> <Delay = 0.00>
ST_1 : Operation 161 [1/1] (0.00ns)   --->   "%specinterface_ln0 = specinterface void @_ssdm_op_SpecInterface, i64 %in_r, void @empty_10, i32 0, i32 0, void @empty, i32 0, i32 0, void @empty_2, void @empty_3, void @empty, i32 0, i32 0, i32 0, i32 0, void @empty, void @empty_4"   --->   Operation 161 'specinterface' 'specinterface_ln0' <Predicate = true> <Delay = 0.00>
ST_1 : Operation 162 [1/1] (0.00ns)   --->   "%specinterface_ln0 = specinterface void @_ssdm_op_SpecInterface, i64 %in_r, void @empty_5, i32 0, i32 0, void @empty, i32 0, i32 0, void @empty, void @empty, void @empty, i32 0, i32 0, i32 0, i32 0, void @empty, void @empty_4"   --->   Operation 162 'specinterface' 'specinterface_ln0' <Predicate = true> <Delay = 0.00>
ST_1 : Operation 163 [1/1] (0.00ns)   --->   "%specinterface_ln0 = specinterface void @_ssdm_op_SpecInterface, i64 %out_r, void @empty_10, i32 0, i32 0, void @empty, i32 0, i32 0, void @empty_2, void @empty_6, void @empty, i32 0, i32 0, i32 0, i32 0, void @empty, void @empty_4"   --->   Operation 163 'specinterface' 'specinterface_ln0' <Predicate = true> <Delay = 0.00>
ST_1 : Operation 164 [1/1] (0.00ns)   --->   "%specinterface_ln0 = specinterface void @_ssdm_op_SpecInterface, i64 %out_r, void @empty_5, i32 0, i32 0, void @empty, i32 0, i32 0, void @empty, void @empty, void @empty, i32 0, i32 0, i32 0, i32 0, void @empty, void @empty_4"   --->   Operation 164 'specinterface' 'specinterface_ln0' <Predicate = true> <Delay = 0.00>
ST_1 : Operation 165 [1/1] (0.00ns)   --->   "%specinterface_ln0 = specinterface void @_ssdm_op_SpecInterface, i32 0, void @empty_10, i32 0, i32 0, void @empty, i32 0, i32 0, void @empty_2, void @empty, void @empty, i32 0, i32 0, i32 0, i32 0, void @empty, void @empty"   --->   Operation 165 'specinterface' 'specinterface_ln0' <Predicate = true> <Delay = 0.00>
ST_1 : Operation 166 [1/1] (1.00ns)   --->   "%out_read = read i64 @_ssdm_op_Read.s_axilite.i64, i64 %out_r" [main.cpp:7]   --->   Operation 166 'read' 'out_read' <Predicate = true> <Delay = 1.00> <CoreInst = "s_axilite">   --->   Core 122 's_axilite' <Latency = 0> <II = 1> <Delay = 1.00> <Adapter> <Opcode : 'read' 'write'>
ST_1 : Operation 167 [1/1] (1.00ns)   --->   "%in_read = read i64 @_ssdm_op_Read.s_axilite.i64, i64 %in_r" [main.cpp:7]   --->   Operation 167 'read' 'in_read' <Predicate = true> <Delay = 1.00> <CoreInst = "s_axilite">   --->   Core 122 's_axilite' <Latency = 0> <II = 1> <Delay = 1.00> <Adapter> <Opcode : 'read' 'write'>
ST_1 : Operation 168 [1/1] (0.48ns)   --->   "%br_ln17 = br void" [main.cpp:17]   --->   Operation 168 'br' 'br_ln17' <Predicate = true> <Delay = 0.48>

State 2 <SV = 1> <Delay = 1.47>
ST_2 : Operation 169 [1/1] (0.00ns)   --->   "%i = phi i12 %add_ln17, void %.split, i12 0, void" [main.cpp:17]   --->   Operation 169 'phi' 'i' <Predicate = true> <Delay = 0.00>
ST_2 : Operation 170 [1/1] (0.00ns)   --->   "%specpipeline_ln0 = specpipeline void @_ssdm_op_SpecPipeline, i32 4294967295, i32 0, i32 1, i32 0, void @p_str"   --->   Operation 170 'specpipeline' 'specpipeline_ln0' <Predicate = true> <Delay = 0.00>
ST_2 : Operation 171 [1/1] (0.86ns)   --->   "%icmp_ln17 = icmp_ult  i12 %i, i12 3000" [main.cpp:17]   --->   Operation 171 'icmp' 'icmp_ln17' <Predicate = true> <Delay = 0.86> <CoreInst = "Cmp">   --->   Core 9 'Cmp' <Latency = 0> <II = 1> <Delay = 1.00> <FuncUnit> <Opcode : 'icmp'> <InPorts = 2> <OutPorts = 1>
ST_2 : Operation 172 [1/1] (0.00ns)   --->   "%empty = speclooptripcount i32 @_ssdm_op_SpecLoopTripCount, i64 300, i64 300, i64 300"   --->   Operation 172 'speclooptripcount' 'empty' <Predicate = true> <Delay = 0.00>
ST_2 : Operation 173 [1/1] (0.00ns)   --->   "%br_ln17 = br i1 %icmp_ln17, void, void %.split" [main.cpp:17]   --->   Operation 173 'br' 'br_ln17' <Predicate = true> <Delay = 0.00>
ST_2 : Operation 174 [1/1] (0.00ns)   --->   "%shl_ln = bitconcatenate i14 @_ssdm_op_BitConcatenate.i14.i12.i2, i12 %i, i2 0" [main.cpp:19]   --->   Operation 174 'bitconcatenate' 'shl_ln' <Predicate = (icmp_ln17)> <Delay = 0.00>
ST_2 : Operation 175 [1/1] (0.00ns)   --->   "%zext_ln19 = zext i14 %shl_ln" [main.cpp:19]   --->   Operation 175 'zext' 'zext_ln19' <Predicate = (icmp_ln17)> <Delay = 0.00>
ST_2 : Operation 176 [1/1] (1.47ns)   --->   "%add_ln19 = add i64 %zext_ln19, i64 %in_read" [main.cpp:19]   --->   Operation 176 'add' 'add_ln19' <Predicate = (icmp_ln17)> <Delay = 1.47> <CoreInst = "Adder">   --->   Core 1 'Adder' <Latency = 0> <II = 1> <Delay = 1.47> <FuncUnit> <Opcode : 'add' 'sub'> <InPorts = 2> <OutPorts = 1>
ST_2 : Operation 177 [1/1] (0.00ns)   --->   "%trunc_ln = partselect i62 @_ssdm_op_PartSelect.i62.i64.i32.i32, i64 %add_ln19, i32 2, i32 63" [main.cpp:19]   --->   Operation 177 'partselect' 'trunc_ln' <Predicate = (icmp_ln17)> <Delay = 0.00>
ST_2 : Operation 178 [1/1] (0.00ns)   --->   "%sext_ln19 = sext i62 %trunc_ln" [main.cpp:19]   --->   Operation 178 'sext' 'sext_ln19' <Predicate = (icmp_ln17)> <Delay = 0.00>
ST_2 : Operation 179 [1/1] (0.00ns)   --->   "%AXI_DATA_addr = getelementptr i32 %AXI_DATA, i64 %sext_ln19" [main.cpp:19]   --->   Operation 179 'getelementptr' 'AXI_DATA_addr' <Predicate = (icmp_ln17)> <Delay = 0.00>
ST_2 : Operation 180 [1/1] (1.47ns)   --->   "%empty_17 = add i64 %zext_ln19, i64 %out_read" [main.cpp:19]   --->   Operation 180 'add' 'empty_17' <Predicate = (icmp_ln17)> <Delay = 1.47> <CoreInst = "Adder">   --->   Core 1 'Adder' <Latency = 0> <II = 1> <Delay = 1.47> <FuncUnit> <Opcode : 'add' 'sub'> <InPorts = 2> <OutPorts = 1>
ST_2 : Operation 181 [1/1] (0.00ns)   --->   "%trunc_ln1 = partselect i62 @_ssdm_op_PartSelect.i62.i64.i32.i32, i64 %empty_17, i32 2, i32 63" [main.cpp:20]   --->   Operation 181 'partselect' 'trunc_ln1' <Predicate = (icmp_ln17)> <Delay = 0.00>
ST_2 : Operation 182 [1/1] (0.00ns)   --->   "%sext_ln20 = sext i62 %trunc_ln1" [main.cpp:20]   --->   Operation 182 'sext' 'sext_ln20' <Predicate = (icmp_ln17)> <Delay = 0.00>
ST_2 : Operation 183 [1/1] (0.00ns)   --->   "%AXI_DATA_addr_1 = getelementptr i32 %AXI_DATA, i64 %sext_ln20" [main.cpp:20]   --->   Operation 183 'getelementptr' 'AXI_DATA_addr_1' <Predicate = (icmp_ln17)> <Delay = 0.00>

State 3 <SV = 2> <Delay = 7.30>
ST_3 : Operation 184 [7/7] (7.30ns)   --->   "%AXI_DATA_load_req = readreq i1 @_ssdm_op_ReadReq.m_axi.i32P1A, i32 %AXI_DATA_addr, i32 1" [main.cpp:19]   --->   Operation 184 'readreq' 'AXI_DATA_load_req' <Predicate = (icmp_ln17)> <Delay = 7.30> <CoreInst = "m_axi">   --->   Core 121 'm_axi' <Latency = 6> <II = 1> <Delay = 1.00> <Adapter> <Opcode : 'read' 'write' 'readreq' 'writereq' 'writeresp'>

State 4 <SV = 3> <Delay = 7.30>
ST_4 : Operation 185 [6/7] (7.30ns)   --->   "%AXI_DATA_load_req = readreq i1 @_ssdm_op_ReadReq.m_axi.i32P1A, i32 %AXI_DATA_addr, i32 1" [main.cpp:19]   --->   Operation 185 'readreq' 'AXI_DATA_load_req' <Predicate = (icmp_ln17)> <Delay = 7.30> <CoreInst = "m_axi">   --->   Core 121 'm_axi' <Latency = 6> <II = 1> <Delay = 1.00> <Adapter> <Opcode : 'read' 'write' 'readreq' 'writereq' 'writeresp'>

State 5 <SV = 4> <Delay = 7.30>
ST_5 : Operation 186 [5/7] (7.30ns)   --->   "%AXI_DATA_load_req = readreq i1 @_ssdm_op_ReadReq.m_axi.i32P1A, i32 %AXI_DATA_addr, i32 1" [main.cpp:19]   --->   Operation 186 'readreq' 'AXI_DATA_load_req' <Predicate = (icmp_ln17)> <Delay = 7.30> <CoreInst = "m_axi">   --->   Core 121 'm_axi' <Latency = 6> <II = 1> <Delay = 1.00> <Adapter> <Opcode : 'read' 'write' 'readreq' 'writereq' 'writeresp'>

State 6 <SV = 5> <Delay = 7.30>
ST_6 : Operation 187 [4/7] (7.30ns)   --->   "%AXI_DATA_load_req = readreq i1 @_ssdm_op_ReadReq.m_axi.i32P1A, i32 %AXI_DATA_addr, i32 1" [main.cpp:19]   --->   Operation 187 'readreq' 'AXI_DATA_load_req' <Predicate = (icmp_ln17)> <Delay = 7.30> <CoreInst = "m_axi">   --->   Core 121 'm_axi' <Latency = 6> <II = 1> <Delay = 1.00> <Adapter> <Opcode : 'read' 'write' 'readreq' 'writereq' 'writeresp'>

State 7 <SV = 6> <Delay = 7.30>
ST_7 : Operation 188 [3/7] (7.30ns)   --->   "%AXI_DATA_load_req = readreq i1 @_ssdm_op_ReadReq.m_axi.i32P1A, i32 %AXI_DATA_addr, i32 1" [main.cpp:19]   --->   Operation 188 'readreq' 'AXI_DATA_load_req' <Predicate = (icmp_ln17)> <Delay = 7.30> <CoreInst = "m_axi">   --->   Core 121 'm_axi' <Latency = 6> <II = 1> <Delay = 1.00> <Adapter> <Opcode : 'read' 'write' 'readreq' 'writereq' 'writeresp'>

State 8 <SV = 7> <Delay = 7.30>
ST_8 : Operation 189 [2/7] (7.30ns)   --->   "%AXI_DATA_load_req = readreq i1 @_ssdm_op_ReadReq.m_axi.i32P1A, i32 %AXI_DATA_addr, i32 1" [main.cpp:19]   --->   Operation 189 'readreq' 'AXI_DATA_load_req' <Predicate = (icmp_ln17)> <Delay = 7.30> <CoreInst = "m_axi">   --->   Core 121 'm_axi' <Latency = 6> <II = 1> <Delay = 1.00> <Adapter> <Opcode : 'read' 'write' 'readreq' 'writereq' 'writeresp'>

State 9 <SV = 8> <Delay = 7.30>
ST_9 : Operation 190 [1/7] (7.30ns)   --->   "%AXI_DATA_load_req = readreq i1 @_ssdm_op_ReadReq.m_axi.i32P1A, i32 %AXI_DATA_addr, i32 1" [main.cpp:19]   --->   Operation 190 'readreq' 'AXI_DATA_load_req' <Predicate = (icmp_ln17)> <Delay = 7.30> <CoreInst = "m_axi">   --->   Core 121 'm_axi' <Latency = 6> <II = 1> <Delay = 1.00> <Adapter> <Opcode : 'read' 'write' 'readreq' 'writereq' 'writeresp'>

State 10 <SV = 9> <Delay = 7.30>
ST_10 : Operation 191 [1/1] (7.30ns)   --->   "%AXI_DATA_addr_read = read i32 @_ssdm_op_Read.m_axi.i32P1A, i32 %AXI_DATA_addr" [main.cpp:19]   --->   Operation 191 'read' 'AXI_DATA_addr_read' <Predicate = (icmp_ln17)> <Delay = 7.30> <CoreInst = "m_axi">   --->   Core 121 'm_axi' <Latency = 6> <II = 1> <Delay = 1.00> <Adapter> <Opcode : 'read' 'write' 'readreq' 'writereq' 'writeresp'>
ST_10 : Operation 192 [1/1] (0.00ns)   --->   "%tmp = partselect i25 @_ssdm_op_PartSelect.i25.i32.i32.i32, i32 %AXI_DATA_addr_read, i32 7, i32 31" [main.cpp:19]   --->   Operation 192 'partselect' 'tmp' <Predicate = (icmp_ln17)> <Delay = 0.00>

State 11 <SV = 10> <Delay = 7.30>
ST_11 : Operation 193 [1/1] (0.96ns)   --->   "%add_ln17 = add i12 %i, i12 10" [main.cpp:17]   --->   Operation 193 'add' 'add_ln17' <Predicate = (icmp_ln17)> <Delay = 0.96> <CoreInst = "Adder">   --->   Core 1 'Adder' <Latency = 0> <II = 1> <Delay = 1.47> <FuncUnit> <Opcode : 'add' 'sub'> <InPorts = 2> <OutPorts = 1>
ST_11 : Operation 194 [1/1] (1.00ns)   --->   "%icmp_ln19 = icmp_sgt  i25 %tmp, i25 0" [main.cpp:19]   --->   Operation 194 'icmp' 'icmp_ln19' <Predicate = (icmp_ln17)> <Delay = 1.00> <CoreInst = "Cmp">   --->   Core 9 'Cmp' <Latency = 0> <II = 1> <Delay = 1.00> <FuncUnit> <Opcode : 'icmp'> <InPorts = 2> <OutPorts = 1>
ST_11 : Operation 195 [1/1] (0.45ns)   --->   "%select_ln20 = select i1 %icmp_ln19, i32 255, i32 0" [main.cpp:20]   --->   Operation 195 'select' 'select_ln20' <Predicate = (icmp_ln17)> <Delay = 0.45> <CoreInst = "Sel">   --->   Core 73 'Sel' <Latency = 0> <II = 1> <Delay = 0.45> <FuncUnit> <Opcode : 'select'> <InPorts = 3> <OutPorts = 1>
ST_11 : Operation 196 [1/1] (7.30ns)   --->   "%AXI_DATA_addr_1_req = writereq i1 @_ssdm_op_WriteReq.m_axi.i32P1A, i32 %AXI_DATA_addr_1, i32 1" [main.cpp:20]   --->   Operation 196 'writereq' 'AXI_DATA_addr_1_req' <Predicate = (icmp_ln17)> <Delay = 7.30> <CoreInst = "m_axi">   --->   Core 121 'm_axi' <Latency = 6> <II = 1> <Delay = 1.00> <Adapter> <Opcode : 'read' 'write' 'readreq' 'writereq' 'writeresp'>

State 12 <SV = 11> <Delay = 7.30>
ST_12 : Operation 197 [1/1] (7.30ns)   --->   "%write_ln20 = write void @_ssdm_op_Write.m_axi.i32P1A, i32 %AXI_DATA_addr_1, i32 %select_ln20, i4 15" [main.cpp:20]   --->   Operation 197 'write' 'write_ln20' <Predicate = (icmp_ln17)> <Delay = 7.30> <CoreInst = "m_axi">   --->   Core 121 'm_axi' <Latency = 6> <II = 1> <Delay = 1.00> <Adapter> <Opcode : 'read' 'write' 'readreq' 'writereq' 'writeresp'>

State 13 <SV = 12> <Delay = 7.30>
ST_13 : Operation 198 [5/5] (7.30ns)   --->   "%AXI_DATA_addr_1_resp = writeresp i1 @_ssdm_op_WriteResp.m_axi.i32P1A, i32 %AXI_DATA_addr_1" [main.cpp:20]   --->   Operation 198 'writeresp' 'AXI_DATA_addr_1_resp' <Predicate = (icmp_ln17)> <Delay = 7.30> <CoreInst = "m_axi">   --->   Core 121 'm_axi' <Latency = 6> <II = 1> <Delay = 1.00> <Adapter> <Opcode : 'read' 'write' 'readreq' 'writereq' 'writeresp'>

State 14 <SV = 13> <Delay = 7.30>
ST_14 : Operation 199 [4/5] (7.30ns)   --->   "%AXI_DATA_addr_1_resp = writeresp i1 @_ssdm_op_WriteResp.m_axi.i32P1A, i32 %AXI_DATA_addr_1" [main.cpp:20]   --->   Operation 199 'writeresp' 'AXI_DATA_addr_1_resp' <Predicate = (icmp_ln17)> <Delay = 7.30> <CoreInst = "m_axi">   --->   Core 121 'm_axi' <Latency = 6> <II = 1> <Delay = 1.00> <Adapter> <Opcode : 'read' 'write' 'readreq' 'writereq' 'writeresp'>

State 15 <SV = 14> <Delay = 7.30>
ST_15 : Operation 200 [3/5] (7.30ns)   --->   "%AXI_DATA_addr_1_resp = writeresp i1 @_ssdm_op_WriteResp.m_axi.i32P1A, i32 %AXI_DATA_addr_1" [main.cpp:20]   --->   Operation 200 'writeresp' 'AXI_DATA_addr_1_resp' <Predicate = (icmp_ln17)> <Delay = 7.30> <CoreInst = "m_axi">   --->   Core 121 'm_axi' <Latency = 6> <II = 1> <Delay = 1.00> <Adapter> <Opcode : 'read' 'write' 'readreq' 'writereq' 'writeresp'>

State 16 <SV = 15> <Delay = 7.30>
ST_16 : Operation 201 [2/5] (7.30ns)   --->   "%AXI_DATA_addr_1_resp = writeresp i1 @_ssdm_op_WriteResp.m_axi.i32P1A, i32 %AXI_DATA_addr_1" [main.cpp:20]   --->   Operation 201 'writeresp' 'AXI_DATA_addr_1_resp' <Predicate = (icmp_ln17)> <Delay = 7.30> <CoreInst = "m_axi">   --->   Core 121 'm_axi' <Latency = 6> <II = 1> <Delay = 1.00> <Adapter> <Opcode : 'read' 'write' 'readreq' 'writereq' 'writeresp'>

State 17 <SV = 16> <Delay = 7.30>
ST_17 : Operation 202 [1/5] (7.30ns)   --->   "%AXI_DATA_addr_1_resp = writeresp i1 @_ssdm_op_WriteResp.m_axi.i32P1A, i32 %AXI_DATA_addr_1" [main.cpp:20]   --->   Operation 202 'writeresp' 'AXI_DATA_addr_1_resp' <Predicate = (icmp_ln17)> <Delay = 7.30> <CoreInst = "m_axi">   --->   Core 121 'm_axi' <Latency = 6> <II = 1> <Delay = 1.00> <Adapter> <Opcode : 'read' 'write' 'readreq' 'writereq' 'writeresp'>
ST_17 : Operation 203 [1/1] (0.00ns)   --->   "%or_ln19 = or i14 %shl_ln, i14 4" [main.cpp:19]   --->   Operation 203 'or' 'or_ln19' <Predicate = (icmp_ln17)> <Delay = 0.00>
ST_17 : Operation 204 [1/1] (0.00ns)   --->   "%zext_ln19_1 = zext i14 %or_ln19" [main.cpp:19]   --->   Operation 204 'zext' 'zext_ln19_1' <Predicate = (icmp_ln17)> <Delay = 0.00>
ST_17 : Operation 205 [1/1] (1.47ns)   --->   "%add_ln19_1 = add i64 %zext_ln19_1, i64 %in_read" [main.cpp:19]   --->   Operation 205 'add' 'add_ln19_1' <Predicate = (icmp_ln17)> <Delay = 1.47> <CoreInst = "Adder">   --->   Core 1 'Adder' <Latency = 0> <II = 1> <Delay = 1.47> <FuncUnit> <Opcode : 'add' 'sub'> <InPorts = 2> <OutPorts = 1>
ST_17 : Operation 206 [1/1] (0.00ns)   --->   "%trunc_ln19_1 = partselect i62 @_ssdm_op_PartSelect.i62.i64.i32.i32, i64 %add_ln19_1, i32 2, i32 63" [main.cpp:19]   --->   Operation 206 'partselect' 'trunc_ln19_1' <Predicate = (icmp_ln17)> <Delay = 0.00>
ST_17 : Operation 207 [1/1] (0.00ns)   --->   "%sext_ln19_1 = sext i62 %trunc_ln19_1" [main.cpp:19]   --->   Operation 207 'sext' 'sext_ln19_1' <Predicate = (icmp_ln17)> <Delay = 0.00>
ST_17 : Operation 208 [1/1] (0.00ns)   --->   "%AXI_DATA_addr_2 = getelementptr i32 %AXI_DATA, i64 %sext_ln19_1" [main.cpp:19]   --->   Operation 208 'getelementptr' 'AXI_DATA_addr_2' <Predicate = (icmp_ln17)> <Delay = 0.00>
ST_17 : Operation 209 [1/1] (1.47ns)   --->   "%empty_18 = add i64 %zext_ln19_1, i64 %out_read" [main.cpp:19]   --->   Operation 209 'add' 'empty_18' <Predicate = (icmp_ln17)> <Delay = 1.47> <CoreInst = "Adder">   --->   Core 1 'Adder' <Latency = 0> <II = 1> <Delay = 1.47> <FuncUnit> <Opcode : 'add' 'sub'> <InPorts = 2> <OutPorts = 1>
ST_17 : Operation 210 [1/1] (0.00ns)   --->   "%trunc_ln20_1 = partselect i62 @_ssdm_op_PartSelect.i62.i64.i32.i32, i64 %empty_18, i32 2, i32 63" [main.cpp:20]   --->   Operation 210 'partselect' 'trunc_ln20_1' <Predicate = (icmp_ln17)> <Delay = 0.00>
ST_17 : Operation 211 [1/1] (0.00ns)   --->   "%sext_ln20_1 = sext i62 %trunc_ln20_1" [main.cpp:20]   --->   Operation 211 'sext' 'sext_ln20_1' <Predicate = (icmp_ln17)> <Delay = 0.00>
ST_17 : Operation 212 [1/1] (0.00ns)   --->   "%AXI_DATA_addr_3 = getelementptr i32 %AXI_DATA, i64 %sext_ln20_1" [main.cpp:20]   --->   Operation 212 'getelementptr' 'AXI_DATA_addr_3' <Predicate = (icmp_ln17)> <Delay = 0.00>

State 18 <SV = 17> <Delay = 7.30>
ST_18 : Operation 213 [7/7] (7.30ns)   --->   "%AXI_DATA_load_1_req = readreq i1 @_ssdm_op_ReadReq.m_axi.i32P1A, i32 %AXI_DATA_addr_2, i32 1" [main.cpp:19]   --->   Operation 213 'readreq' 'AXI_DATA_load_1_req' <Predicate = (icmp_ln17)> <Delay = 7.30> <CoreInst = "m_axi">   --->   Core 121 'm_axi' <Latency = 6> <II = 1> <Delay = 1.00> <Adapter> <Opcode : 'read' 'write' 'readreq' 'writereq' 'writeresp'>

State 19 <SV = 18> <Delay = 7.30>
ST_19 : Operation 214 [6/7] (7.30ns)   --->   "%AXI_DATA_load_1_req = readreq i1 @_ssdm_op_ReadReq.m_axi.i32P1A, i32 %AXI_DATA_addr_2, i32 1" [main.cpp:19]   --->   Operation 214 'readreq' 'AXI_DATA_load_1_req' <Predicate = (icmp_ln17)> <Delay = 7.30> <CoreInst = "m_axi">   --->   Core 121 'm_axi' <Latency = 6> <II = 1> <Delay = 1.00> <Adapter> <Opcode : 'read' 'write' 'readreq' 'writereq' 'writeresp'>

State 20 <SV = 19> <Delay = 7.30>
ST_20 : Operation 215 [5/7] (7.30ns)   --->   "%AXI_DATA_load_1_req = readreq i1 @_ssdm_op_ReadReq.m_axi.i32P1A, i32 %AXI_DATA_addr_2, i32 1" [main.cpp:19]   --->   Operation 215 'readreq' 'AXI_DATA_load_1_req' <Predicate = (icmp_ln17)> <Delay = 7.30> <CoreInst = "m_axi">   --->   Core 121 'm_axi' <Latency = 6> <II = 1> <Delay = 1.00> <Adapter> <Opcode : 'read' 'write' 'readreq' 'writereq' 'writeresp'>

State 21 <SV = 20> <Delay = 7.30>
ST_21 : Operation 216 [4/7] (7.30ns)   --->   "%AXI_DATA_load_1_req = readreq i1 @_ssdm_op_ReadReq.m_axi.i32P1A, i32 %AXI_DATA_addr_2, i32 1" [main.cpp:19]   --->   Operation 216 'readreq' 'AXI_DATA_load_1_req' <Predicate = (icmp_ln17)> <Delay = 7.30> <CoreInst = "m_axi">   --->   Core 121 'm_axi' <Latency = 6> <II = 1> <Delay = 1.00> <Adapter> <Opcode : 'read' 'write' 'readreq' 'writereq' 'writeresp'>

State 22 <SV = 21> <Delay = 7.30>
ST_22 : Operation 217 [3/7] (7.30ns)   --->   "%AXI_DATA_load_1_req = readreq i1 @_ssdm_op_ReadReq.m_axi.i32P1A, i32 %AXI_DATA_addr_2, i32 1" [main.cpp:19]   --->   Operation 217 'readreq' 'AXI_DATA_load_1_req' <Predicate = (icmp_ln17)> <Delay = 7.30> <CoreInst = "m_axi">   --->   Core 121 'm_axi' <Latency = 6> <II = 1> <Delay = 1.00> <Adapter> <Opcode : 'read' 'write' 'readreq' 'writereq' 'writeresp'>

State 23 <SV = 22> <Delay = 7.30>
ST_23 : Operation 218 [2/7] (7.30ns)   --->   "%AXI_DATA_load_1_req = readreq i1 @_ssdm_op_ReadReq.m_axi.i32P1A, i32 %AXI_DATA_addr_2, i32 1" [main.cpp:19]   --->   Operation 218 'readreq' 'AXI_DATA_load_1_req' <Predicate = (icmp_ln17)> <Delay = 7.30> <CoreInst = "m_axi">   --->   Core 121 'm_axi' <Latency = 6> <II = 1> <Delay = 1.00> <Adapter> <Opcode : 'read' 'write' 'readreq' 'writereq' 'writeresp'>

State 24 <SV = 23> <Delay = 7.30>
ST_24 : Operation 219 [1/7] (7.30ns)   --->   "%AXI_DATA_load_1_req = readreq i1 @_ssdm_op_ReadReq.m_axi.i32P1A, i32 %AXI_DATA_addr_2, i32 1" [main.cpp:19]   --->   Operation 219 'readreq' 'AXI_DATA_load_1_req' <Predicate = (icmp_ln17)> <Delay = 7.30> <CoreInst = "m_axi">   --->   Core 121 'm_axi' <Latency = 6> <II = 1> <Delay = 1.00> <Adapter> <Opcode : 'read' 'write' 'readreq' 'writereq' 'writeresp'>

State 25 <SV = 24> <Delay = 7.30>
ST_25 : Operation 220 [1/1] (7.30ns)   --->   "%AXI_DATA_addr_2_read = read i32 @_ssdm_op_Read.m_axi.i32P1A, i32 %AXI_DATA_addr_2" [main.cpp:19]   --->   Operation 220 'read' 'AXI_DATA_addr_2_read' <Predicate = (icmp_ln17)> <Delay = 7.30> <CoreInst = "m_axi">   --->   Core 121 'm_axi' <Latency = 6> <II = 1> <Delay = 1.00> <Adapter> <Opcode : 'read' 'write' 'readreq' 'writereq' 'writeresp'>
ST_25 : Operation 221 [1/1] (0.00ns)   --->   "%tmp_1 = partselect i25 @_ssdm_op_PartSelect.i25.i32.i32.i32, i32 %AXI_DATA_addr_2_read, i32 7, i32 31" [main.cpp:19]   --->   Operation 221 'partselect' 'tmp_1' <Predicate = (icmp_ln17)> <Delay = 0.00>

State 26 <SV = 25> <Delay = 7.30>
ST_26 : Operation 222 [1/1] (1.00ns)   --->   "%icmp_ln19_1 = icmp_sgt  i25 %tmp_1, i25 0" [main.cpp:19]   --->   Operation 222 'icmp' 'icmp_ln19_1' <Predicate = (icmp_ln17)> <Delay = 1.00> <CoreInst = "Cmp">   --->   Core 9 'Cmp' <Latency = 0> <II = 1> <Delay = 1.00> <FuncUnit> <Opcode : 'icmp'> <InPorts = 2> <OutPorts = 1>
ST_26 : Operation 223 [1/1] (0.45ns)   --->   "%select_ln20_1 = select i1 %icmp_ln19_1, i32 255, i32 0" [main.cpp:20]   --->   Operation 223 'select' 'select_ln20_1' <Predicate = (icmp_ln17)> <Delay = 0.45> <CoreInst = "Sel">   --->   Core 73 'Sel' <Latency = 0> <II = 1> <Delay = 0.45> <FuncUnit> <Opcode : 'select'> <InPorts = 3> <OutPorts = 1>
ST_26 : Operation 224 [1/1] (7.30ns)   --->   "%AXI_DATA_addr_3_req = writereq i1 @_ssdm_op_WriteReq.m_axi.i32P1A, i32 %AXI_DATA_addr_3, i32 1" [main.cpp:20]   --->   Operation 224 'writereq' 'AXI_DATA_addr_3_req' <Predicate = (icmp_ln17)> <Delay = 7.30> <CoreInst = "m_axi">   --->   Core 121 'm_axi' <Latency = 6> <II = 1> <Delay = 1.00> <Adapter> <Opcode : 'read' 'write' 'readreq' 'writereq' 'writeresp'>

State 27 <SV = 26> <Delay = 7.30>
ST_27 : Operation 225 [1/1] (7.30ns)   --->   "%write_ln20 = write void @_ssdm_op_Write.m_axi.i32P1A, i32 %AXI_DATA_addr_3, i32 %select_ln20_1, i4 15" [main.cpp:20]   --->   Operation 225 'write' 'write_ln20' <Predicate = (icmp_ln17)> <Delay = 7.30> <CoreInst = "m_axi">   --->   Core 121 'm_axi' <Latency = 6> <II = 1> <Delay = 1.00> <Adapter> <Opcode : 'read' 'write' 'readreq' 'writereq' 'writeresp'>

State 28 <SV = 27> <Delay = 7.30>
ST_28 : Operation 226 [5/5] (7.30ns)   --->   "%AXI_DATA_addr_3_resp = writeresp i1 @_ssdm_op_WriteResp.m_axi.i32P1A, i32 %AXI_DATA_addr_3" [main.cpp:20]   --->   Operation 226 'writeresp' 'AXI_DATA_addr_3_resp' <Predicate = (icmp_ln17)> <Delay = 7.30> <CoreInst = "m_axi">   --->   Core 121 'm_axi' <Latency = 6> <II = 1> <Delay = 1.00> <Adapter> <Opcode : 'read' 'write' 'readreq' 'writereq' 'writeresp'>

State 29 <SV = 28> <Delay = 7.30>
ST_29 : Operation 227 [4/5] (7.30ns)   --->   "%AXI_DATA_addr_3_resp = writeresp i1 @_ssdm_op_WriteResp.m_axi.i32P1A, i32 %AXI_DATA_addr_3" [main.cpp:20]   --->   Operation 227 'writeresp' 'AXI_DATA_addr_3_resp' <Predicate = (icmp_ln17)> <Delay = 7.30> <CoreInst = "m_axi">   --->   Core 121 'm_axi' <Latency = 6> <II = 1> <Delay = 1.00> <Adapter> <Opcode : 'read' 'write' 'readreq' 'writereq' 'writeresp'>

State 30 <SV = 29> <Delay = 7.30>
ST_30 : Operation 228 [3/5] (7.30ns)   --->   "%AXI_DATA_addr_3_resp = writeresp i1 @_ssdm_op_WriteResp.m_axi.i32P1A, i32 %AXI_DATA_addr_3" [main.cpp:20]   --->   Operation 228 'writeresp' 'AXI_DATA_addr_3_resp' <Predicate = (icmp_ln17)> <Delay = 7.30> <CoreInst = "m_axi">   --->   Core 121 'm_axi' <Latency = 6> <II = 1> <Delay = 1.00> <Adapter> <Opcode : 'read' 'write' 'readreq' 'writereq' 'writeresp'>

State 31 <SV = 30> <Delay = 7.30>
ST_31 : Operation 229 [2/5] (7.30ns)   --->   "%AXI_DATA_addr_3_resp = writeresp i1 @_ssdm_op_WriteResp.m_axi.i32P1A, i32 %AXI_DATA_addr_3" [main.cpp:20]   --->   Operation 229 'writeresp' 'AXI_DATA_addr_3_resp' <Predicate = (icmp_ln17)> <Delay = 7.30> <CoreInst = "m_axi">   --->   Core 121 'm_axi' <Latency = 6> <II = 1> <Delay = 1.00> <Adapter> <Opcode : 'read' 'write' 'readreq' 'writereq' 'writeresp'>

State 32 <SV = 31> <Delay = 7.30>
ST_32 : Operation 230 [1/5] (7.30ns)   --->   "%AXI_DATA_addr_3_resp = writeresp i1 @_ssdm_op_WriteResp.m_axi.i32P1A, i32 %AXI_DATA_addr_3" [main.cpp:20]   --->   Operation 230 'writeresp' 'AXI_DATA_addr_3_resp' <Predicate = (icmp_ln17)> <Delay = 7.30> <CoreInst = "m_axi">   --->   Core 121 'm_axi' <Latency = 6> <II = 1> <Delay = 1.00> <Adapter> <Opcode : 'read' 'write' 'readreq' 'writereq' 'writeresp'>

State 33 <SV = 32> <Delay = 2.45>
ST_33 : Operation 231 [1/1] (0.98ns)   --->   "%add_ln19_2 = add i14 %shl_ln, i14 8" [main.cpp:19]   --->   Operation 231 'add' 'add_ln19_2' <Predicate = (icmp_ln17)> <Delay = 0.98> <CoreInst = "Adder">   --->   Core 1 'Adder' <Latency = 0> <II = 1> <Delay = 1.47> <FuncUnit> <Opcode : 'add' 'sub'> <InPorts = 2> <OutPorts = 1>
ST_33 : Operation 232 [1/1] (0.00ns)   --->   "%zext_ln19_2 = zext i14 %add_ln19_2" [main.cpp:19]   --->   Operation 232 'zext' 'zext_ln19_2' <Predicate = (icmp_ln17)> <Delay = 0.00>
ST_33 : Operation 233 [1/1] (1.47ns)   --->   "%add_ln19_3 = add i64 %zext_ln19_2, i64 %in_read" [main.cpp:19]   --->   Operation 233 'add' 'add_ln19_3' <Predicate = (icmp_ln17)> <Delay = 1.47> <CoreInst = "Adder">   --->   Core 1 'Adder' <Latency = 0> <II = 1> <Delay = 1.47> <FuncUnit> <Opcode : 'add' 'sub'> <InPorts = 2> <OutPorts = 1>
ST_33 : Operation 234 [1/1] (0.00ns)   --->   "%trunc_ln19_2 = partselect i62 @_ssdm_op_PartSelect.i62.i64.i32.i32, i64 %add_ln19_3, i32 2, i32 63" [main.cpp:19]   --->   Operation 234 'partselect' 'trunc_ln19_2' <Predicate = (icmp_ln17)> <Delay = 0.00>
ST_33 : Operation 235 [1/1] (0.00ns)   --->   "%sext_ln19_2 = sext i62 %trunc_ln19_2" [main.cpp:19]   --->   Operation 235 'sext' 'sext_ln19_2' <Predicate = (icmp_ln17)> <Delay = 0.00>
ST_33 : Operation 236 [1/1] (0.00ns)   --->   "%AXI_DATA_addr_4 = getelementptr i32 %AXI_DATA, i64 %sext_ln19_2" [main.cpp:19]   --->   Operation 236 'getelementptr' 'AXI_DATA_addr_4' <Predicate = (icmp_ln17)> <Delay = 0.00>
ST_33 : Operation 237 [1/1] (1.47ns)   --->   "%empty_19 = add i64 %zext_ln19_2, i64 %out_read" [main.cpp:19]   --->   Operation 237 'add' 'empty_19' <Predicate = (icmp_ln17)> <Delay = 1.47> <CoreInst = "Adder">   --->   Core 1 'Adder' <Latency = 0> <II = 1> <Delay = 1.47> <FuncUnit> <Opcode : 'add' 'sub'> <InPorts = 2> <OutPorts = 1>
ST_33 : Operation 238 [1/1] (0.00ns)   --->   "%trunc_ln20_2 = partselect i62 @_ssdm_op_PartSelect.i62.i64.i32.i32, i64 %empty_19, i32 2, i32 63" [main.cpp:20]   --->   Operation 238 'partselect' 'trunc_ln20_2' <Predicate = (icmp_ln17)> <Delay = 0.00>
ST_33 : Operation 239 [1/1] (0.00ns)   --->   "%sext_ln20_2 = sext i62 %trunc_ln20_2" [main.cpp:20]   --->   Operation 239 'sext' 'sext_ln20_2' <Predicate = (icmp_ln17)> <Delay = 0.00>
ST_33 : Operation 240 [1/1] (0.00ns)   --->   "%AXI_DATA_addr_5 = getelementptr i32 %AXI_DATA, i64 %sext_ln20_2" [main.cpp:20]   --->   Operation 240 'getelementptr' 'AXI_DATA_addr_5' <Predicate = (icmp_ln17)> <Delay = 0.00>

State 34 <SV = 33> <Delay = 7.30>
ST_34 : Operation 241 [7/7] (7.30ns)   --->   "%AXI_DATA_load_2_req = readreq i1 @_ssdm_op_ReadReq.m_axi.i32P1A, i32 %AXI_DATA_addr_4, i32 1" [main.cpp:19]   --->   Operation 241 'readreq' 'AXI_DATA_load_2_req' <Predicate = (icmp_ln17)> <Delay = 7.30> <CoreInst = "m_axi">   --->   Core 121 'm_axi' <Latency = 6> <II = 1> <Delay = 1.00> <Adapter> <Opcode : 'read' 'write' 'readreq' 'writereq' 'writeresp'>

State 35 <SV = 34> <Delay = 7.30>
ST_35 : Operation 242 [6/7] (7.30ns)   --->   "%AXI_DATA_load_2_req = readreq i1 @_ssdm_op_ReadReq.m_axi.i32P1A, i32 %AXI_DATA_addr_4, i32 1" [main.cpp:19]   --->   Operation 242 'readreq' 'AXI_DATA_load_2_req' <Predicate = (icmp_ln17)> <Delay = 7.30> <CoreInst = "m_axi">   --->   Core 121 'm_axi' <Latency = 6> <II = 1> <Delay = 1.00> <Adapter> <Opcode : 'read' 'write' 'readreq' 'writereq' 'writeresp'>

State 36 <SV = 35> <Delay = 7.30>
ST_36 : Operation 243 [5/7] (7.30ns)   --->   "%AXI_DATA_load_2_req = readreq i1 @_ssdm_op_ReadReq.m_axi.i32P1A, i32 %AXI_DATA_addr_4, i32 1" [main.cpp:19]   --->   Operation 243 'readreq' 'AXI_DATA_load_2_req' <Predicate = (icmp_ln17)> <Delay = 7.30> <CoreInst = "m_axi">   --->   Core 121 'm_axi' <Latency = 6> <II = 1> <Delay = 1.00> <Adapter> <Opcode : 'read' 'write' 'readreq' 'writereq' 'writeresp'>

State 37 <SV = 36> <Delay = 7.30>
ST_37 : Operation 244 [4/7] (7.30ns)   --->   "%AXI_DATA_load_2_req = readreq i1 @_ssdm_op_ReadReq.m_axi.i32P1A, i32 %AXI_DATA_addr_4, i32 1" [main.cpp:19]   --->   Operation 244 'readreq' 'AXI_DATA_load_2_req' <Predicate = (icmp_ln17)> <Delay = 7.30> <CoreInst = "m_axi">   --->   Core 121 'm_axi' <Latency = 6> <II = 1> <Delay = 1.00> <Adapter> <Opcode : 'read' 'write' 'readreq' 'writereq' 'writeresp'>

State 38 <SV = 37> <Delay = 7.30>
ST_38 : Operation 245 [3/7] (7.30ns)   --->   "%AXI_DATA_load_2_req = readreq i1 @_ssdm_op_ReadReq.m_axi.i32P1A, i32 %AXI_DATA_addr_4, i32 1" [main.cpp:19]   --->   Operation 245 'readreq' 'AXI_DATA_load_2_req' <Predicate = (icmp_ln17)> <Delay = 7.30> <CoreInst = "m_axi">   --->   Core 121 'm_axi' <Latency = 6> <II = 1> <Delay = 1.00> <Adapter> <Opcode : 'read' 'write' 'readreq' 'writereq' 'writeresp'>

State 39 <SV = 38> <Delay = 7.30>
ST_39 : Operation 246 [2/7] (7.30ns)   --->   "%AXI_DATA_load_2_req = readreq i1 @_ssdm_op_ReadReq.m_axi.i32P1A, i32 %AXI_DATA_addr_4, i32 1" [main.cpp:19]   --->   Operation 246 'readreq' 'AXI_DATA_load_2_req' <Predicate = (icmp_ln17)> <Delay = 7.30> <CoreInst = "m_axi">   --->   Core 121 'm_axi' <Latency = 6> <II = 1> <Delay = 1.00> <Adapter> <Opcode : 'read' 'write' 'readreq' 'writereq' 'writeresp'>

State 40 <SV = 39> <Delay = 7.30>
ST_40 : Operation 247 [1/7] (7.30ns)   --->   "%AXI_DATA_load_2_req = readreq i1 @_ssdm_op_ReadReq.m_axi.i32P1A, i32 %AXI_DATA_addr_4, i32 1" [main.cpp:19]   --->   Operation 247 'readreq' 'AXI_DATA_load_2_req' <Predicate = (icmp_ln17)> <Delay = 7.30> <CoreInst = "m_axi">   --->   Core 121 'm_axi' <Latency = 6> <II = 1> <Delay = 1.00> <Adapter> <Opcode : 'read' 'write' 'readreq' 'writereq' 'writeresp'>

State 41 <SV = 40> <Delay = 7.30>
ST_41 : Operation 248 [1/1] (7.30ns)   --->   "%AXI_DATA_addr_4_read = read i32 @_ssdm_op_Read.m_axi.i32P1A, i32 %AXI_DATA_addr_4" [main.cpp:19]   --->   Operation 248 'read' 'AXI_DATA_addr_4_read' <Predicate = (icmp_ln17)> <Delay = 7.30> <CoreInst = "m_axi">   --->   Core 121 'm_axi' <Latency = 6> <II = 1> <Delay = 1.00> <Adapter> <Opcode : 'read' 'write' 'readreq' 'writereq' 'writeresp'>
ST_41 : Operation 249 [1/1] (0.00ns)   --->   "%tmp_2 = partselect i25 @_ssdm_op_PartSelect.i25.i32.i32.i32, i32 %AXI_DATA_addr_4_read, i32 7, i32 31" [main.cpp:19]   --->   Operation 249 'partselect' 'tmp_2' <Predicate = (icmp_ln17)> <Delay = 0.00>

State 42 <SV = 41> <Delay = 7.30>
ST_42 : Operation 250 [1/1] (1.00ns)   --->   "%icmp_ln19_2 = icmp_sgt  i25 %tmp_2, i25 0" [main.cpp:19]   --->   Operation 250 'icmp' 'icmp_ln19_2' <Predicate = (icmp_ln17)> <Delay = 1.00> <CoreInst = "Cmp">   --->   Core 9 'Cmp' <Latency = 0> <II = 1> <Delay = 1.00> <FuncUnit> <Opcode : 'icmp'> <InPorts = 2> <OutPorts = 1>
ST_42 : Operation 251 [1/1] (0.45ns)   --->   "%select_ln20_2 = select i1 %icmp_ln19_2, i32 255, i32 0" [main.cpp:20]   --->   Operation 251 'select' 'select_ln20_2' <Predicate = (icmp_ln17)> <Delay = 0.45> <CoreInst = "Sel">   --->   Core 73 'Sel' <Latency = 0> <II = 1> <Delay = 0.45> <FuncUnit> <Opcode : 'select'> <InPorts = 3> <OutPorts = 1>
ST_42 : Operation 252 [1/1] (7.30ns)   --->   "%AXI_DATA_addr_5_req = writereq i1 @_ssdm_op_WriteReq.m_axi.i32P1A, i32 %AXI_DATA_addr_5, i32 1" [main.cpp:20]   --->   Operation 252 'writereq' 'AXI_DATA_addr_5_req' <Predicate = (icmp_ln17)> <Delay = 7.30> <CoreInst = "m_axi">   --->   Core 121 'm_axi' <Latency = 6> <II = 1> <Delay = 1.00> <Adapter> <Opcode : 'read' 'write' 'readreq' 'writereq' 'writeresp'>

State 43 <SV = 42> <Delay = 7.30>
ST_43 : Operation 253 [1/1] (7.30ns)   --->   "%write_ln20 = write void @_ssdm_op_Write.m_axi.i32P1A, i32 %AXI_DATA_addr_5, i32 %select_ln20_2, i4 15" [main.cpp:20]   --->   Operation 253 'write' 'write_ln20' <Predicate = (icmp_ln17)> <Delay = 7.30> <CoreInst = "m_axi">   --->   Core 121 'm_axi' <Latency = 6> <II = 1> <Delay = 1.00> <Adapter> <Opcode : 'read' 'write' 'readreq' 'writereq' 'writeresp'>

State 44 <SV = 43> <Delay = 7.30>
ST_44 : Operation 254 [5/5] (7.30ns)   --->   "%AXI_DATA_addr_5_resp = writeresp i1 @_ssdm_op_WriteResp.m_axi.i32P1A, i32 %AXI_DATA_addr_5" [main.cpp:20]   --->   Operation 254 'writeresp' 'AXI_DATA_addr_5_resp' <Predicate = (icmp_ln17)> <Delay = 7.30> <CoreInst = "m_axi">   --->   Core 121 'm_axi' <Latency = 6> <II = 1> <Delay = 1.00> <Adapter> <Opcode : 'read' 'write' 'readreq' 'writereq' 'writeresp'>

State 45 <SV = 44> <Delay = 7.30>
ST_45 : Operation 255 [4/5] (7.30ns)   --->   "%AXI_DATA_addr_5_resp = writeresp i1 @_ssdm_op_WriteResp.m_axi.i32P1A, i32 %AXI_DATA_addr_5" [main.cpp:20]   --->   Operation 255 'writeresp' 'AXI_DATA_addr_5_resp' <Predicate = (icmp_ln17)> <Delay = 7.30> <CoreInst = "m_axi">   --->   Core 121 'm_axi' <Latency = 6> <II = 1> <Delay = 1.00> <Adapter> <Opcode : 'read' 'write' 'readreq' 'writereq' 'writeresp'>

State 46 <SV = 45> <Delay = 7.30>
ST_46 : Operation 256 [3/5] (7.30ns)   --->   "%AXI_DATA_addr_5_resp = writeresp i1 @_ssdm_op_WriteResp.m_axi.i32P1A, i32 %AXI_DATA_addr_5" [main.cpp:20]   --->   Operation 256 'writeresp' 'AXI_DATA_addr_5_resp' <Predicate = (icmp_ln17)> <Delay = 7.30> <CoreInst = "m_axi">   --->   Core 121 'm_axi' <Latency = 6> <II = 1> <Delay = 1.00> <Adapter> <Opcode : 'read' 'write' 'readreq' 'writereq' 'writeresp'>

State 47 <SV = 46> <Delay = 7.30>
ST_47 : Operation 257 [2/5] (7.30ns)   --->   "%AXI_DATA_addr_5_resp = writeresp i1 @_ssdm_op_WriteResp.m_axi.i32P1A, i32 %AXI_DATA_addr_5" [main.cpp:20]   --->   Operation 257 'writeresp' 'AXI_DATA_addr_5_resp' <Predicate = (icmp_ln17)> <Delay = 7.30> <CoreInst = "m_axi">   --->   Core 121 'm_axi' <Latency = 6> <II = 1> <Delay = 1.00> <Adapter> <Opcode : 'read' 'write' 'readreq' 'writereq' 'writeresp'>

State 48 <SV = 47> <Delay = 7.30>
ST_48 : Operation 258 [1/5] (7.30ns)   --->   "%AXI_DATA_addr_5_resp = writeresp i1 @_ssdm_op_WriteResp.m_axi.i32P1A, i32 %AXI_DATA_addr_5" [main.cpp:20]   --->   Operation 258 'writeresp' 'AXI_DATA_addr_5_resp' <Predicate = (icmp_ln17)> <Delay = 7.30> <CoreInst = "m_axi">   --->   Core 121 'm_axi' <Latency = 6> <II = 1> <Delay = 1.00> <Adapter> <Opcode : 'read' 'write' 'readreq' 'writereq' 'writeresp'>
ST_48 : Operation 259 [1/1] (0.98ns)   --->   "%add_ln19_4 = add i14 %shl_ln, i14 12" [main.cpp:19]   --->   Operation 259 'add' 'add_ln19_4' <Predicate = (icmp_ln17)> <Delay = 0.98> <CoreInst = "Adder">   --->   Core 1 'Adder' <Latency = 0> <II = 1> <Delay = 1.47> <FuncUnit> <Opcode : 'add' 'sub'> <InPorts = 2> <OutPorts = 1>
ST_48 : Operation 260 [1/1] (0.00ns)   --->   "%zext_ln19_3 = zext i14 %add_ln19_4" [main.cpp:19]   --->   Operation 260 'zext' 'zext_ln19_3' <Predicate = (icmp_ln17)> <Delay = 0.00>
ST_48 : Operation 261 [1/1] (1.47ns)   --->   "%add_ln19_5 = add i64 %zext_ln19_3, i64 %in_read" [main.cpp:19]   --->   Operation 261 'add' 'add_ln19_5' <Predicate = (icmp_ln17)> <Delay = 1.47> <CoreInst = "Adder">   --->   Core 1 'Adder' <Latency = 0> <II = 1> <Delay = 1.47> <FuncUnit> <Opcode : 'add' 'sub'> <InPorts = 2> <OutPorts = 1>
ST_48 : Operation 262 [1/1] (0.00ns)   --->   "%trunc_ln19_3 = partselect i62 @_ssdm_op_PartSelect.i62.i64.i32.i32, i64 %add_ln19_5, i32 2, i32 63" [main.cpp:19]   --->   Operation 262 'partselect' 'trunc_ln19_3' <Predicate = (icmp_ln17)> <Delay = 0.00>
ST_48 : Operation 263 [1/1] (0.00ns)   --->   "%sext_ln19_3 = sext i62 %trunc_ln19_3" [main.cpp:19]   --->   Operation 263 'sext' 'sext_ln19_3' <Predicate = (icmp_ln17)> <Delay = 0.00>
ST_48 : Operation 264 [1/1] (0.00ns)   --->   "%AXI_DATA_addr_6 = getelementptr i32 %AXI_DATA, i64 %sext_ln19_3" [main.cpp:19]   --->   Operation 264 'getelementptr' 'AXI_DATA_addr_6' <Predicate = (icmp_ln17)> <Delay = 0.00>
ST_48 : Operation 265 [1/1] (1.47ns)   --->   "%empty_20 = add i64 %zext_ln19_3, i64 %out_read" [main.cpp:19]   --->   Operation 265 'add' 'empty_20' <Predicate = (icmp_ln17)> <Delay = 1.47> <CoreInst = "Adder">   --->   Core 1 'Adder' <Latency = 0> <II = 1> <Delay = 1.47> <FuncUnit> <Opcode : 'add' 'sub'> <InPorts = 2> <OutPorts = 1>
ST_48 : Operation 266 [1/1] (0.00ns)   --->   "%trunc_ln20_3 = partselect i62 @_ssdm_op_PartSelect.i62.i64.i32.i32, i64 %empty_20, i32 2, i32 63" [main.cpp:20]   --->   Operation 266 'partselect' 'trunc_ln20_3' <Predicate = (icmp_ln17)> <Delay = 0.00>
ST_48 : Operation 267 [1/1] (0.00ns)   --->   "%sext_ln20_3 = sext i62 %trunc_ln20_3" [main.cpp:20]   --->   Operation 267 'sext' 'sext_ln20_3' <Predicate = (icmp_ln17)> <Delay = 0.00>
ST_48 : Operation 268 [1/1] (0.00ns)   --->   "%AXI_DATA_addr_7 = getelementptr i32 %AXI_DATA, i64 %sext_ln20_3" [main.cpp:20]   --->   Operation 268 'getelementptr' 'AXI_DATA_addr_7' <Predicate = (icmp_ln17)> <Delay = 0.00>

State 49 <SV = 48> <Delay = 7.30>
ST_49 : Operation 269 [7/7] (7.30ns)   --->   "%AXI_DATA_load_3_req = readreq i1 @_ssdm_op_ReadReq.m_axi.i32P1A, i32 %AXI_DATA_addr_6, i32 1" [main.cpp:19]   --->   Operation 269 'readreq' 'AXI_DATA_load_3_req' <Predicate = (icmp_ln17)> <Delay = 7.30> <CoreInst = "m_axi">   --->   Core 121 'm_axi' <Latency = 6> <II = 1> <Delay = 1.00> <Adapter> <Opcode : 'read' 'write' 'readreq' 'writereq' 'writeresp'>

State 50 <SV = 49> <Delay = 7.30>
ST_50 : Operation 270 [6/7] (7.30ns)   --->   "%AXI_DATA_load_3_req = readreq i1 @_ssdm_op_ReadReq.m_axi.i32P1A, i32 %AXI_DATA_addr_6, i32 1" [main.cpp:19]   --->   Operation 270 'readreq' 'AXI_DATA_load_3_req' <Predicate = (icmp_ln17)> <Delay = 7.30> <CoreInst = "m_axi">   --->   Core 121 'm_axi' <Latency = 6> <II = 1> <Delay = 1.00> <Adapter> <Opcode : 'read' 'write' 'readreq' 'writereq' 'writeresp'>

State 51 <SV = 50> <Delay = 7.30>
ST_51 : Operation 271 [5/7] (7.30ns)   --->   "%AXI_DATA_load_3_req = readreq i1 @_ssdm_op_ReadReq.m_axi.i32P1A, i32 %AXI_DATA_addr_6, i32 1" [main.cpp:19]   --->   Operation 271 'readreq' 'AXI_DATA_load_3_req' <Predicate = (icmp_ln17)> <Delay = 7.30> <CoreInst = "m_axi">   --->   Core 121 'm_axi' <Latency = 6> <II = 1> <Delay = 1.00> <Adapter> <Opcode : 'read' 'write' 'readreq' 'writereq' 'writeresp'>

State 52 <SV = 51> <Delay = 7.30>
ST_52 : Operation 272 [4/7] (7.30ns)   --->   "%AXI_DATA_load_3_req = readreq i1 @_ssdm_op_ReadReq.m_axi.i32P1A, i32 %AXI_DATA_addr_6, i32 1" [main.cpp:19]   --->   Operation 272 'readreq' 'AXI_DATA_load_3_req' <Predicate = (icmp_ln17)> <Delay = 7.30> <CoreInst = "m_axi">   --->   Core 121 'm_axi' <Latency = 6> <II = 1> <Delay = 1.00> <Adapter> <Opcode : 'read' 'write' 'readreq' 'writereq' 'writeresp'>

State 53 <SV = 52> <Delay = 7.30>
ST_53 : Operation 273 [3/7] (7.30ns)   --->   "%AXI_DATA_load_3_req = readreq i1 @_ssdm_op_ReadReq.m_axi.i32P1A, i32 %AXI_DATA_addr_6, i32 1" [main.cpp:19]   --->   Operation 273 'readreq' 'AXI_DATA_load_3_req' <Predicate = (icmp_ln17)> <Delay = 7.30> <CoreInst = "m_axi">   --->   Core 121 'm_axi' <Latency = 6> <II = 1> <Delay = 1.00> <Adapter> <Opcode : 'read' 'write' 'readreq' 'writereq' 'writeresp'>

State 54 <SV = 53> <Delay = 7.30>
ST_54 : Operation 274 [2/7] (7.30ns)   --->   "%AXI_DATA_load_3_req = readreq i1 @_ssdm_op_ReadReq.m_axi.i32P1A, i32 %AXI_DATA_addr_6, i32 1" [main.cpp:19]   --->   Operation 274 'readreq' 'AXI_DATA_load_3_req' <Predicate = (icmp_ln17)> <Delay = 7.30> <CoreInst = "m_axi">   --->   Core 121 'm_axi' <Latency = 6> <II = 1> <Delay = 1.00> <Adapter> <Opcode : 'read' 'write' 'readreq' 'writereq' 'writeresp'>

State 55 <SV = 54> <Delay = 7.30>
ST_55 : Operation 275 [1/7] (7.30ns)   --->   "%AXI_DATA_load_3_req = readreq i1 @_ssdm_op_ReadReq.m_axi.i32P1A, i32 %AXI_DATA_addr_6, i32 1" [main.cpp:19]   --->   Operation 275 'readreq' 'AXI_DATA_load_3_req' <Predicate = (icmp_ln17)> <Delay = 7.30> <CoreInst = "m_axi">   --->   Core 121 'm_axi' <Latency = 6> <II = 1> <Delay = 1.00> <Adapter> <Opcode : 'read' 'write' 'readreq' 'writereq' 'writeresp'>

State 56 <SV = 55> <Delay = 7.30>
ST_56 : Operation 276 [1/1] (7.30ns)   --->   "%AXI_DATA_addr_6_read = read i32 @_ssdm_op_Read.m_axi.i32P1A, i32 %AXI_DATA_addr_6" [main.cpp:19]   --->   Operation 276 'read' 'AXI_DATA_addr_6_read' <Predicate = (icmp_ln17)> <Delay = 7.30> <CoreInst = "m_axi">   --->   Core 121 'm_axi' <Latency = 6> <II = 1> <Delay = 1.00> <Adapter> <Opcode : 'read' 'write' 'readreq' 'writereq' 'writeresp'>
ST_56 : Operation 277 [1/1] (0.00ns)   --->   "%tmp_3 = partselect i25 @_ssdm_op_PartSelect.i25.i32.i32.i32, i32 %AXI_DATA_addr_6_read, i32 7, i32 31" [main.cpp:19]   --->   Operation 277 'partselect' 'tmp_3' <Predicate = (icmp_ln17)> <Delay = 0.00>

State 57 <SV = 56> <Delay = 7.30>
ST_57 : Operation 278 [1/1] (1.00ns)   --->   "%icmp_ln19_3 = icmp_sgt  i25 %tmp_3, i25 0" [main.cpp:19]   --->   Operation 278 'icmp' 'icmp_ln19_3' <Predicate = (icmp_ln17)> <Delay = 1.00> <CoreInst = "Cmp">   --->   Core 9 'Cmp' <Latency = 0> <II = 1> <Delay = 1.00> <FuncUnit> <Opcode : 'icmp'> <InPorts = 2> <OutPorts = 1>
ST_57 : Operation 279 [1/1] (0.45ns)   --->   "%select_ln20_3 = select i1 %icmp_ln19_3, i32 255, i32 0" [main.cpp:20]   --->   Operation 279 'select' 'select_ln20_3' <Predicate = (icmp_ln17)> <Delay = 0.45> <CoreInst = "Sel">   --->   Core 73 'Sel' <Latency = 0> <II = 1> <Delay = 0.45> <FuncUnit> <Opcode : 'select'> <InPorts = 3> <OutPorts = 1>
ST_57 : Operation 280 [1/1] (7.30ns)   --->   "%AXI_DATA_addr_7_req = writereq i1 @_ssdm_op_WriteReq.m_axi.i32P1A, i32 %AXI_DATA_addr_7, i32 1" [main.cpp:20]   --->   Operation 280 'writereq' 'AXI_DATA_addr_7_req' <Predicate = (icmp_ln17)> <Delay = 7.30> <CoreInst = "m_axi">   --->   Core 121 'm_axi' <Latency = 6> <II = 1> <Delay = 1.00> <Adapter> <Opcode : 'read' 'write' 'readreq' 'writereq' 'writeresp'>

State 58 <SV = 57> <Delay = 7.30>
ST_58 : Operation 281 [1/1] (7.30ns)   --->   "%write_ln20 = write void @_ssdm_op_Write.m_axi.i32P1A, i32 %AXI_DATA_addr_7, i32 %select_ln20_3, i4 15" [main.cpp:20]   --->   Operation 281 'write' 'write_ln20' <Predicate = (icmp_ln17)> <Delay = 7.30> <CoreInst = "m_axi">   --->   Core 121 'm_axi' <Latency = 6> <II = 1> <Delay = 1.00> <Adapter> <Opcode : 'read' 'write' 'readreq' 'writereq' 'writeresp'>

State 59 <SV = 58> <Delay = 7.30>
ST_59 : Operation 282 [5/5] (7.30ns)   --->   "%AXI_DATA_addr_7_resp = writeresp i1 @_ssdm_op_WriteResp.m_axi.i32P1A, i32 %AXI_DATA_addr_7" [main.cpp:20]   --->   Operation 282 'writeresp' 'AXI_DATA_addr_7_resp' <Predicate = (icmp_ln17)> <Delay = 7.30> <CoreInst = "m_axi">   --->   Core 121 'm_axi' <Latency = 6> <II = 1> <Delay = 1.00> <Adapter> <Opcode : 'read' 'write' 'readreq' 'writereq' 'writeresp'>

State 60 <SV = 59> <Delay = 7.30>
ST_60 : Operation 283 [4/5] (7.30ns)   --->   "%AXI_DATA_addr_7_resp = writeresp i1 @_ssdm_op_WriteResp.m_axi.i32P1A, i32 %AXI_DATA_addr_7" [main.cpp:20]   --->   Operation 283 'writeresp' 'AXI_DATA_addr_7_resp' <Predicate = (icmp_ln17)> <Delay = 7.30> <CoreInst = "m_axi">   --->   Core 121 'm_axi' <Latency = 6> <II = 1> <Delay = 1.00> <Adapter> <Opcode : 'read' 'write' 'readreq' 'writereq' 'writeresp'>

State 61 <SV = 60> <Delay = 7.30>
ST_61 : Operation 284 [3/5] (7.30ns)   --->   "%AXI_DATA_addr_7_resp = writeresp i1 @_ssdm_op_WriteResp.m_axi.i32P1A, i32 %AXI_DATA_addr_7" [main.cpp:20]   --->   Operation 284 'writeresp' 'AXI_DATA_addr_7_resp' <Predicate = (icmp_ln17)> <Delay = 7.30> <CoreInst = "m_axi">   --->   Core 121 'm_axi' <Latency = 6> <II = 1> <Delay = 1.00> <Adapter> <Opcode : 'read' 'write' 'readreq' 'writereq' 'writeresp'>

State 62 <SV = 61> <Delay = 7.30>
ST_62 : Operation 285 [2/5] (7.30ns)   --->   "%AXI_DATA_addr_7_resp = writeresp i1 @_ssdm_op_WriteResp.m_axi.i32P1A, i32 %AXI_DATA_addr_7" [main.cpp:20]   --->   Operation 285 'writeresp' 'AXI_DATA_addr_7_resp' <Predicate = (icmp_ln17)> <Delay = 7.30> <CoreInst = "m_axi">   --->   Core 121 'm_axi' <Latency = 6> <II = 1> <Delay = 1.00> <Adapter> <Opcode : 'read' 'write' 'readreq' 'writereq' 'writeresp'>

State 63 <SV = 62> <Delay = 7.30>
ST_63 : Operation 286 [1/5] (7.30ns)   --->   "%AXI_DATA_addr_7_resp = writeresp i1 @_ssdm_op_WriteResp.m_axi.i32P1A, i32 %AXI_DATA_addr_7" [main.cpp:20]   --->   Operation 286 'writeresp' 'AXI_DATA_addr_7_resp' <Predicate = (icmp_ln17)> <Delay = 7.30> <CoreInst = "m_axi">   --->   Core 121 'm_axi' <Latency = 6> <II = 1> <Delay = 1.00> <Adapter> <Opcode : 'read' 'write' 'readreq' 'writereq' 'writeresp'>

State 64 <SV = 63> <Delay = 2.45>
ST_64 : Operation 287 [1/1] (0.98ns)   --->   "%add_ln19_6 = add i14 %shl_ln, i14 16" [main.cpp:19]   --->   Operation 287 'add' 'add_ln19_6' <Predicate = (icmp_ln17)> <Delay = 0.98> <CoreInst = "Adder">   --->   Core 1 'Adder' <Latency = 0> <II = 1> <Delay = 1.47> <FuncUnit> <Opcode : 'add' 'sub'> <InPorts = 2> <OutPorts = 1>
ST_64 : Operation 288 [1/1] (0.00ns)   --->   "%zext_ln19_4 = zext i14 %add_ln19_6" [main.cpp:19]   --->   Operation 288 'zext' 'zext_ln19_4' <Predicate = (icmp_ln17)> <Delay = 0.00>
ST_64 : Operation 289 [1/1] (1.47ns)   --->   "%add_ln19_7 = add i64 %zext_ln19_4, i64 %in_read" [main.cpp:19]   --->   Operation 289 'add' 'add_ln19_7' <Predicate = (icmp_ln17)> <Delay = 1.47> <CoreInst = "Adder">   --->   Core 1 'Adder' <Latency = 0> <II = 1> <Delay = 1.47> <FuncUnit> <Opcode : 'add' 'sub'> <InPorts = 2> <OutPorts = 1>
ST_64 : Operation 290 [1/1] (0.00ns)   --->   "%trunc_ln19_4 = partselect i62 @_ssdm_op_PartSelect.i62.i64.i32.i32, i64 %add_ln19_7, i32 2, i32 63" [main.cpp:19]   --->   Operation 290 'partselect' 'trunc_ln19_4' <Predicate = (icmp_ln17)> <Delay = 0.00>
ST_64 : Operation 291 [1/1] (0.00ns)   --->   "%sext_ln19_4 = sext i62 %trunc_ln19_4" [main.cpp:19]   --->   Operation 291 'sext' 'sext_ln19_4' <Predicate = (icmp_ln17)> <Delay = 0.00>
ST_64 : Operation 292 [1/1] (0.00ns)   --->   "%AXI_DATA_addr_8 = getelementptr i32 %AXI_DATA, i64 %sext_ln19_4" [main.cpp:19]   --->   Operation 292 'getelementptr' 'AXI_DATA_addr_8' <Predicate = (icmp_ln17)> <Delay = 0.00>
ST_64 : Operation 293 [1/1] (1.47ns)   --->   "%empty_21 = add i64 %zext_ln19_4, i64 %out_read" [main.cpp:19]   --->   Operation 293 'add' 'empty_21' <Predicate = (icmp_ln17)> <Delay = 1.47> <CoreInst = "Adder">   --->   Core 1 'Adder' <Latency = 0> <II = 1> <Delay = 1.47> <FuncUnit> <Opcode : 'add' 'sub'> <InPorts = 2> <OutPorts = 1>
ST_64 : Operation 294 [1/1] (0.00ns)   --->   "%trunc_ln20_4 = partselect i62 @_ssdm_op_PartSelect.i62.i64.i32.i32, i64 %empty_21, i32 2, i32 63" [main.cpp:20]   --->   Operation 294 'partselect' 'trunc_ln20_4' <Predicate = (icmp_ln17)> <Delay = 0.00>
ST_64 : Operation 295 [1/1] (0.00ns)   --->   "%sext_ln20_4 = sext i62 %trunc_ln20_4" [main.cpp:20]   --->   Operation 295 'sext' 'sext_ln20_4' <Predicate = (icmp_ln17)> <Delay = 0.00>
ST_64 : Operation 296 [1/1] (0.00ns)   --->   "%AXI_DATA_addr_9 = getelementptr i32 %AXI_DATA, i64 %sext_ln20_4" [main.cpp:20]   --->   Operation 296 'getelementptr' 'AXI_DATA_addr_9' <Predicate = (icmp_ln17)> <Delay = 0.00>

State 65 <SV = 64> <Delay = 7.30>
ST_65 : Operation 297 [7/7] (7.30ns)   --->   "%AXI_DATA_load_4_req = readreq i1 @_ssdm_op_ReadReq.m_axi.i32P1A, i32 %AXI_DATA_addr_8, i32 1" [main.cpp:19]   --->   Operation 297 'readreq' 'AXI_DATA_load_4_req' <Predicate = (icmp_ln17)> <Delay = 7.30> <CoreInst = "m_axi">   --->   Core 121 'm_axi' <Latency = 6> <II = 1> <Delay = 1.00> <Adapter> <Opcode : 'read' 'write' 'readreq' 'writereq' 'writeresp'>

State 66 <SV = 65> <Delay = 7.30>
ST_66 : Operation 298 [6/7] (7.30ns)   --->   "%AXI_DATA_load_4_req = readreq i1 @_ssdm_op_ReadReq.m_axi.i32P1A, i32 %AXI_DATA_addr_8, i32 1" [main.cpp:19]   --->   Operation 298 'readreq' 'AXI_DATA_load_4_req' <Predicate = (icmp_ln17)> <Delay = 7.30> <CoreInst = "m_axi">   --->   Core 121 'm_axi' <Latency = 6> <II = 1> <Delay = 1.00> <Adapter> <Opcode : 'read' 'write' 'readreq' 'writereq' 'writeresp'>

State 67 <SV = 66> <Delay = 7.30>
ST_67 : Operation 299 [5/7] (7.30ns)   --->   "%AXI_DATA_load_4_req = readreq i1 @_ssdm_op_ReadReq.m_axi.i32P1A, i32 %AXI_DATA_addr_8, i32 1" [main.cpp:19]   --->   Operation 299 'readreq' 'AXI_DATA_load_4_req' <Predicate = (icmp_ln17)> <Delay = 7.30> <CoreInst = "m_axi">   --->   Core 121 'm_axi' <Latency = 6> <II = 1> <Delay = 1.00> <Adapter> <Opcode : 'read' 'write' 'readreq' 'writereq' 'writeresp'>

State 68 <SV = 67> <Delay = 7.30>
ST_68 : Operation 300 [4/7] (7.30ns)   --->   "%AXI_DATA_load_4_req = readreq i1 @_ssdm_op_ReadReq.m_axi.i32P1A, i32 %AXI_DATA_addr_8, i32 1" [main.cpp:19]   --->   Operation 300 'readreq' 'AXI_DATA_load_4_req' <Predicate = (icmp_ln17)> <Delay = 7.30> <CoreInst = "m_axi">   --->   Core 121 'm_axi' <Latency = 6> <II = 1> <Delay = 1.00> <Adapter> <Opcode : 'read' 'write' 'readreq' 'writereq' 'writeresp'>

State 69 <SV = 68> <Delay = 7.30>
ST_69 : Operation 301 [3/7] (7.30ns)   --->   "%AXI_DATA_load_4_req = readreq i1 @_ssdm_op_ReadReq.m_axi.i32P1A, i32 %AXI_DATA_addr_8, i32 1" [main.cpp:19]   --->   Operation 301 'readreq' 'AXI_DATA_load_4_req' <Predicate = (icmp_ln17)> <Delay = 7.30> <CoreInst = "m_axi">   --->   Core 121 'm_axi' <Latency = 6> <II = 1> <Delay = 1.00> <Adapter> <Opcode : 'read' 'write' 'readreq' 'writereq' 'writeresp'>

State 70 <SV = 69> <Delay = 7.30>
ST_70 : Operation 302 [2/7] (7.30ns)   --->   "%AXI_DATA_load_4_req = readreq i1 @_ssdm_op_ReadReq.m_axi.i32P1A, i32 %AXI_DATA_addr_8, i32 1" [main.cpp:19]   --->   Operation 302 'readreq' 'AXI_DATA_load_4_req' <Predicate = (icmp_ln17)> <Delay = 7.30> <CoreInst = "m_axi">   --->   Core 121 'm_axi' <Latency = 6> <II = 1> <Delay = 1.00> <Adapter> <Opcode : 'read' 'write' 'readreq' 'writereq' 'writeresp'>

State 71 <SV = 70> <Delay = 7.30>
ST_71 : Operation 303 [1/7] (7.30ns)   --->   "%AXI_DATA_load_4_req = readreq i1 @_ssdm_op_ReadReq.m_axi.i32P1A, i32 %AXI_DATA_addr_8, i32 1" [main.cpp:19]   --->   Operation 303 'readreq' 'AXI_DATA_load_4_req' <Predicate = (icmp_ln17)> <Delay = 7.30> <CoreInst = "m_axi">   --->   Core 121 'm_axi' <Latency = 6> <II = 1> <Delay = 1.00> <Adapter> <Opcode : 'read' 'write' 'readreq' 'writereq' 'writeresp'>

State 72 <SV = 71> <Delay = 7.30>
ST_72 : Operation 304 [1/1] (7.30ns)   --->   "%AXI_DATA_addr_8_read = read i32 @_ssdm_op_Read.m_axi.i32P1A, i32 %AXI_DATA_addr_8" [main.cpp:19]   --->   Operation 304 'read' 'AXI_DATA_addr_8_read' <Predicate = (icmp_ln17)> <Delay = 7.30> <CoreInst = "m_axi">   --->   Core 121 'm_axi' <Latency = 6> <II = 1> <Delay = 1.00> <Adapter> <Opcode : 'read' 'write' 'readreq' 'writereq' 'writeresp'>
ST_72 : Operation 305 [1/1] (0.00ns)   --->   "%tmp_4 = partselect i25 @_ssdm_op_PartSelect.i25.i32.i32.i32, i32 %AXI_DATA_addr_8_read, i32 7, i32 31" [main.cpp:19]   --->   Operation 305 'partselect' 'tmp_4' <Predicate = (icmp_ln17)> <Delay = 0.00>

State 73 <SV = 72> <Delay = 7.30>
ST_73 : Operation 306 [1/1] (1.00ns)   --->   "%icmp_ln19_4 = icmp_sgt  i25 %tmp_4, i25 0" [main.cpp:19]   --->   Operation 306 'icmp' 'icmp_ln19_4' <Predicate = (icmp_ln17)> <Delay = 1.00> <CoreInst = "Cmp">   --->   Core 9 'Cmp' <Latency = 0> <II = 1> <Delay = 1.00> <FuncUnit> <Opcode : 'icmp'> <InPorts = 2> <OutPorts = 1>
ST_73 : Operation 307 [1/1] (0.45ns)   --->   "%select_ln20_4 = select i1 %icmp_ln19_4, i32 255, i32 0" [main.cpp:20]   --->   Operation 307 'select' 'select_ln20_4' <Predicate = (icmp_ln17)> <Delay = 0.45> <CoreInst = "Sel">   --->   Core 73 'Sel' <Latency = 0> <II = 1> <Delay = 0.45> <FuncUnit> <Opcode : 'select'> <InPorts = 3> <OutPorts = 1>
ST_73 : Operation 308 [1/1] (7.30ns)   --->   "%AXI_DATA_addr_9_req = writereq i1 @_ssdm_op_WriteReq.m_axi.i32P1A, i32 %AXI_DATA_addr_9, i32 1" [main.cpp:20]   --->   Operation 308 'writereq' 'AXI_DATA_addr_9_req' <Predicate = (icmp_ln17)> <Delay = 7.30> <CoreInst = "m_axi">   --->   Core 121 'm_axi' <Latency = 6> <II = 1> <Delay = 1.00> <Adapter> <Opcode : 'read' 'write' 'readreq' 'writereq' 'writeresp'>

State 74 <SV = 73> <Delay = 7.30>
ST_74 : Operation 309 [1/1] (7.30ns)   --->   "%write_ln20 = write void @_ssdm_op_Write.m_axi.i32P1A, i32 %AXI_DATA_addr_9, i32 %select_ln20_4, i4 15" [main.cpp:20]   --->   Operation 309 'write' 'write_ln20' <Predicate = (icmp_ln17)> <Delay = 7.30> <CoreInst = "m_axi">   --->   Core 121 'm_axi' <Latency = 6> <II = 1> <Delay = 1.00> <Adapter> <Opcode : 'read' 'write' 'readreq' 'writereq' 'writeresp'>

State 75 <SV = 74> <Delay = 7.30>
ST_75 : Operation 310 [5/5] (7.30ns)   --->   "%AXI_DATA_addr_9_resp = writeresp i1 @_ssdm_op_WriteResp.m_axi.i32P1A, i32 %AXI_DATA_addr_9" [main.cpp:20]   --->   Operation 310 'writeresp' 'AXI_DATA_addr_9_resp' <Predicate = (icmp_ln17)> <Delay = 7.30> <CoreInst = "m_axi">   --->   Core 121 'm_axi' <Latency = 6> <II = 1> <Delay = 1.00> <Adapter> <Opcode : 'read' 'write' 'readreq' 'writereq' 'writeresp'>

State 76 <SV = 75> <Delay = 7.30>
ST_76 : Operation 311 [4/5] (7.30ns)   --->   "%AXI_DATA_addr_9_resp = writeresp i1 @_ssdm_op_WriteResp.m_axi.i32P1A, i32 %AXI_DATA_addr_9" [main.cpp:20]   --->   Operation 311 'writeresp' 'AXI_DATA_addr_9_resp' <Predicate = (icmp_ln17)> <Delay = 7.30> <CoreInst = "m_axi">   --->   Core 121 'm_axi' <Latency = 6> <II = 1> <Delay = 1.00> <Adapter> <Opcode : 'read' 'write' 'readreq' 'writereq' 'writeresp'>

State 77 <SV = 76> <Delay = 7.30>
ST_77 : Operation 312 [3/5] (7.30ns)   --->   "%AXI_DATA_addr_9_resp = writeresp i1 @_ssdm_op_WriteResp.m_axi.i32P1A, i32 %AXI_DATA_addr_9" [main.cpp:20]   --->   Operation 312 'writeresp' 'AXI_DATA_addr_9_resp' <Predicate = (icmp_ln17)> <Delay = 7.30> <CoreInst = "m_axi">   --->   Core 121 'm_axi' <Latency = 6> <II = 1> <Delay = 1.00> <Adapter> <Opcode : 'read' 'write' 'readreq' 'writereq' 'writeresp'>

State 78 <SV = 77> <Delay = 7.30>
ST_78 : Operation 313 [2/5] (7.30ns)   --->   "%AXI_DATA_addr_9_resp = writeresp i1 @_ssdm_op_WriteResp.m_axi.i32P1A, i32 %AXI_DATA_addr_9" [main.cpp:20]   --->   Operation 313 'writeresp' 'AXI_DATA_addr_9_resp' <Predicate = (icmp_ln17)> <Delay = 7.30> <CoreInst = "m_axi">   --->   Core 121 'm_axi' <Latency = 6> <II = 1> <Delay = 1.00> <Adapter> <Opcode : 'read' 'write' 'readreq' 'writereq' 'writeresp'>

State 79 <SV = 78> <Delay = 7.30>
ST_79 : Operation 314 [1/5] (7.30ns)   --->   "%AXI_DATA_addr_9_resp = writeresp i1 @_ssdm_op_WriteResp.m_axi.i32P1A, i32 %AXI_DATA_addr_9" [main.cpp:20]   --->   Operation 314 'writeresp' 'AXI_DATA_addr_9_resp' <Predicate = (icmp_ln17)> <Delay = 7.30> <CoreInst = "m_axi">   --->   Core 121 'm_axi' <Latency = 6> <II = 1> <Delay = 1.00> <Adapter> <Opcode : 'read' 'write' 'readreq' 'writereq' 'writeresp'>
ST_79 : Operation 315 [1/1] (0.98ns)   --->   "%add_ln19_8 = add i14 %shl_ln, i14 20" [main.cpp:19]   --->   Operation 315 'add' 'add_ln19_8' <Predicate = (icmp_ln17)> <Delay = 0.98> <CoreInst = "Adder">   --->   Core 1 'Adder' <Latency = 0> <II = 1> <Delay = 1.47> <FuncUnit> <Opcode : 'add' 'sub'> <InPorts = 2> <OutPorts = 1>
ST_79 : Operation 316 [1/1] (0.00ns)   --->   "%zext_ln19_5 = zext i14 %add_ln19_8" [main.cpp:19]   --->   Operation 316 'zext' 'zext_ln19_5' <Predicate = (icmp_ln17)> <Delay = 0.00>
ST_79 : Operation 317 [1/1] (1.47ns)   --->   "%add_ln19_9 = add i64 %zext_ln19_5, i64 %in_read" [main.cpp:19]   --->   Operation 317 'add' 'add_ln19_9' <Predicate = (icmp_ln17)> <Delay = 1.47> <CoreInst = "Adder">   --->   Core 1 'Adder' <Latency = 0> <II = 1> <Delay = 1.47> <FuncUnit> <Opcode : 'add' 'sub'> <InPorts = 2> <OutPorts = 1>
ST_79 : Operation 318 [1/1] (0.00ns)   --->   "%trunc_ln19_5 = partselect i62 @_ssdm_op_PartSelect.i62.i64.i32.i32, i64 %add_ln19_9, i32 2, i32 63" [main.cpp:19]   --->   Operation 318 'partselect' 'trunc_ln19_5' <Predicate = (icmp_ln17)> <Delay = 0.00>
ST_79 : Operation 319 [1/1] (0.00ns)   --->   "%sext_ln19_5 = sext i62 %trunc_ln19_5" [main.cpp:19]   --->   Operation 319 'sext' 'sext_ln19_5' <Predicate = (icmp_ln17)> <Delay = 0.00>
ST_79 : Operation 320 [1/1] (0.00ns)   --->   "%AXI_DATA_addr_10 = getelementptr i32 %AXI_DATA, i64 %sext_ln19_5" [main.cpp:19]   --->   Operation 320 'getelementptr' 'AXI_DATA_addr_10' <Predicate = (icmp_ln17)> <Delay = 0.00>
ST_79 : Operation 321 [1/1] (1.47ns)   --->   "%empty_22 = add i64 %zext_ln19_5, i64 %out_read" [main.cpp:19]   --->   Operation 321 'add' 'empty_22' <Predicate = (icmp_ln17)> <Delay = 1.47> <CoreInst = "Adder">   --->   Core 1 'Adder' <Latency = 0> <II = 1> <Delay = 1.47> <FuncUnit> <Opcode : 'add' 'sub'> <InPorts = 2> <OutPorts = 1>
ST_79 : Operation 322 [1/1] (0.00ns)   --->   "%trunc_ln20_5 = partselect i62 @_ssdm_op_PartSelect.i62.i64.i32.i32, i64 %empty_22, i32 2, i32 63" [main.cpp:20]   --->   Operation 322 'partselect' 'trunc_ln20_5' <Predicate = (icmp_ln17)> <Delay = 0.00>
ST_79 : Operation 323 [1/1] (0.00ns)   --->   "%sext_ln20_5 = sext i62 %trunc_ln20_5" [main.cpp:20]   --->   Operation 323 'sext' 'sext_ln20_5' <Predicate = (icmp_ln17)> <Delay = 0.00>
ST_79 : Operation 324 [1/1] (0.00ns)   --->   "%AXI_DATA_addr_11 = getelementptr i32 %AXI_DATA, i64 %sext_ln20_5" [main.cpp:20]   --->   Operation 324 'getelementptr' 'AXI_DATA_addr_11' <Predicate = (icmp_ln17)> <Delay = 0.00>

State 80 <SV = 79> <Delay = 7.30>
ST_80 : Operation 325 [7/7] (7.30ns)   --->   "%AXI_DATA_load_5_req = readreq i1 @_ssdm_op_ReadReq.m_axi.i32P1A, i32 %AXI_DATA_addr_10, i32 1" [main.cpp:19]   --->   Operation 325 'readreq' 'AXI_DATA_load_5_req' <Predicate = (icmp_ln17)> <Delay = 7.30> <CoreInst = "m_axi">   --->   Core 121 'm_axi' <Latency = 6> <II = 1> <Delay = 1.00> <Adapter> <Opcode : 'read' 'write' 'readreq' 'writereq' 'writeresp'>

State 81 <SV = 80> <Delay = 7.30>
ST_81 : Operation 326 [6/7] (7.30ns)   --->   "%AXI_DATA_load_5_req = readreq i1 @_ssdm_op_ReadReq.m_axi.i32P1A, i32 %AXI_DATA_addr_10, i32 1" [main.cpp:19]   --->   Operation 326 'readreq' 'AXI_DATA_load_5_req' <Predicate = (icmp_ln17)> <Delay = 7.30> <CoreInst = "m_axi">   --->   Core 121 'm_axi' <Latency = 6> <II = 1> <Delay = 1.00> <Adapter> <Opcode : 'read' 'write' 'readreq' 'writereq' 'writeresp'>

State 82 <SV = 81> <Delay = 7.30>
ST_82 : Operation 327 [5/7] (7.30ns)   --->   "%AXI_DATA_load_5_req = readreq i1 @_ssdm_op_ReadReq.m_axi.i32P1A, i32 %AXI_DATA_addr_10, i32 1" [main.cpp:19]   --->   Operation 327 'readreq' 'AXI_DATA_load_5_req' <Predicate = (icmp_ln17)> <Delay = 7.30> <CoreInst = "m_axi">   --->   Core 121 'm_axi' <Latency = 6> <II = 1> <Delay = 1.00> <Adapter> <Opcode : 'read' 'write' 'readreq' 'writereq' 'writeresp'>

State 83 <SV = 82> <Delay = 7.30>
ST_83 : Operation 328 [4/7] (7.30ns)   --->   "%AXI_DATA_load_5_req = readreq i1 @_ssdm_op_ReadReq.m_axi.i32P1A, i32 %AXI_DATA_addr_10, i32 1" [main.cpp:19]   --->   Operation 328 'readreq' 'AXI_DATA_load_5_req' <Predicate = (icmp_ln17)> <Delay = 7.30> <CoreInst = "m_axi">   --->   Core 121 'm_axi' <Latency = 6> <II = 1> <Delay = 1.00> <Adapter> <Opcode : 'read' 'write' 'readreq' 'writereq' 'writeresp'>

State 84 <SV = 83> <Delay = 7.30>
ST_84 : Operation 329 [3/7] (7.30ns)   --->   "%AXI_DATA_load_5_req = readreq i1 @_ssdm_op_ReadReq.m_axi.i32P1A, i32 %AXI_DATA_addr_10, i32 1" [main.cpp:19]   --->   Operation 329 'readreq' 'AXI_DATA_load_5_req' <Predicate = (icmp_ln17)> <Delay = 7.30> <CoreInst = "m_axi">   --->   Core 121 'm_axi' <Latency = 6> <II = 1> <Delay = 1.00> <Adapter> <Opcode : 'read' 'write' 'readreq' 'writereq' 'writeresp'>

State 85 <SV = 84> <Delay = 7.30>
ST_85 : Operation 330 [2/7] (7.30ns)   --->   "%AXI_DATA_load_5_req = readreq i1 @_ssdm_op_ReadReq.m_axi.i32P1A, i32 %AXI_DATA_addr_10, i32 1" [main.cpp:19]   --->   Operation 330 'readreq' 'AXI_DATA_load_5_req' <Predicate = (icmp_ln17)> <Delay = 7.30> <CoreInst = "m_axi">   --->   Core 121 'm_axi' <Latency = 6> <II = 1> <Delay = 1.00> <Adapter> <Opcode : 'read' 'write' 'readreq' 'writereq' 'writeresp'>

State 86 <SV = 85> <Delay = 7.30>
ST_86 : Operation 331 [1/7] (7.30ns)   --->   "%AXI_DATA_load_5_req = readreq i1 @_ssdm_op_ReadReq.m_axi.i32P1A, i32 %AXI_DATA_addr_10, i32 1" [main.cpp:19]   --->   Operation 331 'readreq' 'AXI_DATA_load_5_req' <Predicate = (icmp_ln17)> <Delay = 7.30> <CoreInst = "m_axi">   --->   Core 121 'm_axi' <Latency = 6> <II = 1> <Delay = 1.00> <Adapter> <Opcode : 'read' 'write' 'readreq' 'writereq' 'writeresp'>

State 87 <SV = 86> <Delay = 7.30>
ST_87 : Operation 332 [1/1] (7.30ns)   --->   "%AXI_DATA_addr_10_read = read i32 @_ssdm_op_Read.m_axi.i32P1A, i32 %AXI_DATA_addr_10" [main.cpp:19]   --->   Operation 332 'read' 'AXI_DATA_addr_10_read' <Predicate = (icmp_ln17)> <Delay = 7.30> <CoreInst = "m_axi">   --->   Core 121 'm_axi' <Latency = 6> <II = 1> <Delay = 1.00> <Adapter> <Opcode : 'read' 'write' 'readreq' 'writereq' 'writeresp'>
ST_87 : Operation 333 [1/1] (0.00ns)   --->   "%tmp_5 = partselect i25 @_ssdm_op_PartSelect.i25.i32.i32.i32, i32 %AXI_DATA_addr_10_read, i32 7, i32 31" [main.cpp:19]   --->   Operation 333 'partselect' 'tmp_5' <Predicate = (icmp_ln17)> <Delay = 0.00>

State 88 <SV = 87> <Delay = 7.30>
ST_88 : Operation 334 [1/1] (1.00ns)   --->   "%icmp_ln19_5 = icmp_sgt  i25 %tmp_5, i25 0" [main.cpp:19]   --->   Operation 334 'icmp' 'icmp_ln19_5' <Predicate = (icmp_ln17)> <Delay = 1.00> <CoreInst = "Cmp">   --->   Core 9 'Cmp' <Latency = 0> <II = 1> <Delay = 1.00> <FuncUnit> <Opcode : 'icmp'> <InPorts = 2> <OutPorts = 1>
ST_88 : Operation 335 [1/1] (0.45ns)   --->   "%select_ln20_5 = select i1 %icmp_ln19_5, i32 255, i32 0" [main.cpp:20]   --->   Operation 335 'select' 'select_ln20_5' <Predicate = (icmp_ln17)> <Delay = 0.45> <CoreInst = "Sel">   --->   Core 73 'Sel' <Latency = 0> <II = 1> <Delay = 0.45> <FuncUnit> <Opcode : 'select'> <InPorts = 3> <OutPorts = 1>
ST_88 : Operation 336 [1/1] (7.30ns)   --->   "%AXI_DATA_addr_11_req = writereq i1 @_ssdm_op_WriteReq.m_axi.i32P1A, i32 %AXI_DATA_addr_11, i32 1" [main.cpp:20]   --->   Operation 336 'writereq' 'AXI_DATA_addr_11_req' <Predicate = (icmp_ln17)> <Delay = 7.30> <CoreInst = "m_axi">   --->   Core 121 'm_axi' <Latency = 6> <II = 1> <Delay = 1.00> <Adapter> <Opcode : 'read' 'write' 'readreq' 'writereq' 'writeresp'>

State 89 <SV = 88> <Delay = 7.30>
ST_89 : Operation 337 [1/1] (7.30ns)   --->   "%write_ln20 = write void @_ssdm_op_Write.m_axi.i32P1A, i32 %AXI_DATA_addr_11, i32 %select_ln20_5, i4 15" [main.cpp:20]   --->   Operation 337 'write' 'write_ln20' <Predicate = (icmp_ln17)> <Delay = 7.30> <CoreInst = "m_axi">   --->   Core 121 'm_axi' <Latency = 6> <II = 1> <Delay = 1.00> <Adapter> <Opcode : 'read' 'write' 'readreq' 'writereq' 'writeresp'>

State 90 <SV = 89> <Delay = 7.30>
ST_90 : Operation 338 [5/5] (7.30ns)   --->   "%AXI_DATA_addr_11_resp = writeresp i1 @_ssdm_op_WriteResp.m_axi.i32P1A, i32 %AXI_DATA_addr_11" [main.cpp:20]   --->   Operation 338 'writeresp' 'AXI_DATA_addr_11_resp' <Predicate = (icmp_ln17)> <Delay = 7.30> <CoreInst = "m_axi">   --->   Core 121 'm_axi' <Latency = 6> <II = 1> <Delay = 1.00> <Adapter> <Opcode : 'read' 'write' 'readreq' 'writereq' 'writeresp'>

State 91 <SV = 90> <Delay = 7.30>
ST_91 : Operation 339 [4/5] (7.30ns)   --->   "%AXI_DATA_addr_11_resp = writeresp i1 @_ssdm_op_WriteResp.m_axi.i32P1A, i32 %AXI_DATA_addr_11" [main.cpp:20]   --->   Operation 339 'writeresp' 'AXI_DATA_addr_11_resp' <Predicate = (icmp_ln17)> <Delay = 7.30> <CoreInst = "m_axi">   --->   Core 121 'm_axi' <Latency = 6> <II = 1> <Delay = 1.00> <Adapter> <Opcode : 'read' 'write' 'readreq' 'writereq' 'writeresp'>

State 92 <SV = 91> <Delay = 7.30>
ST_92 : Operation 340 [3/5] (7.30ns)   --->   "%AXI_DATA_addr_11_resp = writeresp i1 @_ssdm_op_WriteResp.m_axi.i32P1A, i32 %AXI_DATA_addr_11" [main.cpp:20]   --->   Operation 340 'writeresp' 'AXI_DATA_addr_11_resp' <Predicate = (icmp_ln17)> <Delay = 7.30> <CoreInst = "m_axi">   --->   Core 121 'm_axi' <Latency = 6> <II = 1> <Delay = 1.00> <Adapter> <Opcode : 'read' 'write' 'readreq' 'writereq' 'writeresp'>

State 93 <SV = 92> <Delay = 7.30>
ST_93 : Operation 341 [2/5] (7.30ns)   --->   "%AXI_DATA_addr_11_resp = writeresp i1 @_ssdm_op_WriteResp.m_axi.i32P1A, i32 %AXI_DATA_addr_11" [main.cpp:20]   --->   Operation 341 'writeresp' 'AXI_DATA_addr_11_resp' <Predicate = (icmp_ln17)> <Delay = 7.30> <CoreInst = "m_axi">   --->   Core 121 'm_axi' <Latency = 6> <II = 1> <Delay = 1.00> <Adapter> <Opcode : 'read' 'write' 'readreq' 'writereq' 'writeresp'>

State 94 <SV = 93> <Delay = 7.30>
ST_94 : Operation 342 [1/5] (7.30ns)   --->   "%AXI_DATA_addr_11_resp = writeresp i1 @_ssdm_op_WriteResp.m_axi.i32P1A, i32 %AXI_DATA_addr_11" [main.cpp:20]   --->   Operation 342 'writeresp' 'AXI_DATA_addr_11_resp' <Predicate = (icmp_ln17)> <Delay = 7.30> <CoreInst = "m_axi">   --->   Core 121 'm_axi' <Latency = 6> <II = 1> <Delay = 1.00> <Adapter> <Opcode : 'read' 'write' 'readreq' 'writereq' 'writeresp'>

State 95 <SV = 94> <Delay = 2.45>
ST_95 : Operation 343 [1/1] (0.98ns)   --->   "%add_ln19_10 = add i14 %shl_ln, i14 24" [main.cpp:19]   --->   Operation 343 'add' 'add_ln19_10' <Predicate = (icmp_ln17)> <Delay = 0.98> <CoreInst = "Adder">   --->   Core 1 'Adder' <Latency = 0> <II = 1> <Delay = 1.47> <FuncUnit> <Opcode : 'add' 'sub'> <InPorts = 2> <OutPorts = 1>
ST_95 : Operation 344 [1/1] (0.00ns)   --->   "%zext_ln19_6 = zext i14 %add_ln19_10" [main.cpp:19]   --->   Operation 344 'zext' 'zext_ln19_6' <Predicate = (icmp_ln17)> <Delay = 0.00>
ST_95 : Operation 345 [1/1] (1.47ns)   --->   "%add_ln19_11 = add i64 %zext_ln19_6, i64 %in_read" [main.cpp:19]   --->   Operation 345 'add' 'add_ln19_11' <Predicate = (icmp_ln17)> <Delay = 1.47> <CoreInst = "Adder">   --->   Core 1 'Adder' <Latency = 0> <II = 1> <Delay = 1.47> <FuncUnit> <Opcode : 'add' 'sub'> <InPorts = 2> <OutPorts = 1>
ST_95 : Operation 346 [1/1] (0.00ns)   --->   "%trunc_ln19_6 = partselect i62 @_ssdm_op_PartSelect.i62.i64.i32.i32, i64 %add_ln19_11, i32 2, i32 63" [main.cpp:19]   --->   Operation 346 'partselect' 'trunc_ln19_6' <Predicate = (icmp_ln17)> <Delay = 0.00>
ST_95 : Operation 347 [1/1] (0.00ns)   --->   "%sext_ln19_6 = sext i62 %trunc_ln19_6" [main.cpp:19]   --->   Operation 347 'sext' 'sext_ln19_6' <Predicate = (icmp_ln17)> <Delay = 0.00>
ST_95 : Operation 348 [1/1] (0.00ns)   --->   "%AXI_DATA_addr_12 = getelementptr i32 %AXI_DATA, i64 %sext_ln19_6" [main.cpp:19]   --->   Operation 348 'getelementptr' 'AXI_DATA_addr_12' <Predicate = (icmp_ln17)> <Delay = 0.00>
ST_95 : Operation 349 [1/1] (1.47ns)   --->   "%empty_23 = add i64 %zext_ln19_6, i64 %out_read" [main.cpp:19]   --->   Operation 349 'add' 'empty_23' <Predicate = (icmp_ln17)> <Delay = 1.47> <CoreInst = "Adder">   --->   Core 1 'Adder' <Latency = 0> <II = 1> <Delay = 1.47> <FuncUnit> <Opcode : 'add' 'sub'> <InPorts = 2> <OutPorts = 1>
ST_95 : Operation 350 [1/1] (0.00ns)   --->   "%trunc_ln20_6 = partselect i62 @_ssdm_op_PartSelect.i62.i64.i32.i32, i64 %empty_23, i32 2, i32 63" [main.cpp:20]   --->   Operation 350 'partselect' 'trunc_ln20_6' <Predicate = (icmp_ln17)> <Delay = 0.00>
ST_95 : Operation 351 [1/1] (0.00ns)   --->   "%sext_ln20_6 = sext i62 %trunc_ln20_6" [main.cpp:20]   --->   Operation 351 'sext' 'sext_ln20_6' <Predicate = (icmp_ln17)> <Delay = 0.00>
ST_95 : Operation 352 [1/1] (0.00ns)   --->   "%AXI_DATA_addr_13 = getelementptr i32 %AXI_DATA, i64 %sext_ln20_6" [main.cpp:20]   --->   Operation 352 'getelementptr' 'AXI_DATA_addr_13' <Predicate = (icmp_ln17)> <Delay = 0.00>

State 96 <SV = 95> <Delay = 7.30>
ST_96 : Operation 353 [7/7] (7.30ns)   --->   "%AXI_DATA_load_6_req = readreq i1 @_ssdm_op_ReadReq.m_axi.i32P1A, i32 %AXI_DATA_addr_12, i32 1" [main.cpp:19]   --->   Operation 353 'readreq' 'AXI_DATA_load_6_req' <Predicate = (icmp_ln17)> <Delay = 7.30> <CoreInst = "m_axi">   --->   Core 121 'm_axi' <Latency = 6> <II = 1> <Delay = 1.00> <Adapter> <Opcode : 'read' 'write' 'readreq' 'writereq' 'writeresp'>

State 97 <SV = 96> <Delay = 7.30>
ST_97 : Operation 354 [6/7] (7.30ns)   --->   "%AXI_DATA_load_6_req = readreq i1 @_ssdm_op_ReadReq.m_axi.i32P1A, i32 %AXI_DATA_addr_12, i32 1" [main.cpp:19]   --->   Operation 354 'readreq' 'AXI_DATA_load_6_req' <Predicate = (icmp_ln17)> <Delay = 7.30> <CoreInst = "m_axi">   --->   Core 121 'm_axi' <Latency = 6> <II = 1> <Delay = 1.00> <Adapter> <Opcode : 'read' 'write' 'readreq' 'writereq' 'writeresp'>

State 98 <SV = 97> <Delay = 7.30>
ST_98 : Operation 355 [5/7] (7.30ns)   --->   "%AXI_DATA_load_6_req = readreq i1 @_ssdm_op_ReadReq.m_axi.i32P1A, i32 %AXI_DATA_addr_12, i32 1" [main.cpp:19]   --->   Operation 355 'readreq' 'AXI_DATA_load_6_req' <Predicate = (icmp_ln17)> <Delay = 7.30> <CoreInst = "m_axi">   --->   Core 121 'm_axi' <Latency = 6> <II = 1> <Delay = 1.00> <Adapter> <Opcode : 'read' 'write' 'readreq' 'writereq' 'writeresp'>

State 99 <SV = 98> <Delay = 7.30>
ST_99 : Operation 356 [4/7] (7.30ns)   --->   "%AXI_DATA_load_6_req = readreq i1 @_ssdm_op_ReadReq.m_axi.i32P1A, i32 %AXI_DATA_addr_12, i32 1" [main.cpp:19]   --->   Operation 356 'readreq' 'AXI_DATA_load_6_req' <Predicate = (icmp_ln17)> <Delay = 7.30> <CoreInst = "m_axi">   --->   Core 121 'm_axi' <Latency = 6> <II = 1> <Delay = 1.00> <Adapter> <Opcode : 'read' 'write' 'readreq' 'writereq' 'writeresp'>

State 100 <SV = 99> <Delay = 7.30>
ST_100 : Operation 357 [3/7] (7.30ns)   --->   "%AXI_DATA_load_6_req = readreq i1 @_ssdm_op_ReadReq.m_axi.i32P1A, i32 %AXI_DATA_addr_12, i32 1" [main.cpp:19]   --->   Operation 357 'readreq' 'AXI_DATA_load_6_req' <Predicate = (icmp_ln17)> <Delay = 7.30> <CoreInst = "m_axi">   --->   Core 121 'm_axi' <Latency = 6> <II = 1> <Delay = 1.00> <Adapter> <Opcode : 'read' 'write' 'readreq' 'writereq' 'writeresp'>

State 101 <SV = 100> <Delay = 7.30>
ST_101 : Operation 358 [2/7] (7.30ns)   --->   "%AXI_DATA_load_6_req = readreq i1 @_ssdm_op_ReadReq.m_axi.i32P1A, i32 %AXI_DATA_addr_12, i32 1" [main.cpp:19]   --->   Operation 358 'readreq' 'AXI_DATA_load_6_req' <Predicate = (icmp_ln17)> <Delay = 7.30> <CoreInst = "m_axi">   --->   Core 121 'm_axi' <Latency = 6> <II = 1> <Delay = 1.00> <Adapter> <Opcode : 'read' 'write' 'readreq' 'writereq' 'writeresp'>

State 102 <SV = 101> <Delay = 7.30>
ST_102 : Operation 359 [1/7] (7.30ns)   --->   "%AXI_DATA_load_6_req = readreq i1 @_ssdm_op_ReadReq.m_axi.i32P1A, i32 %AXI_DATA_addr_12, i32 1" [main.cpp:19]   --->   Operation 359 'readreq' 'AXI_DATA_load_6_req' <Predicate = (icmp_ln17)> <Delay = 7.30> <CoreInst = "m_axi">   --->   Core 121 'm_axi' <Latency = 6> <II = 1> <Delay = 1.00> <Adapter> <Opcode : 'read' 'write' 'readreq' 'writereq' 'writeresp'>

State 103 <SV = 102> <Delay = 7.30>
ST_103 : Operation 360 [1/1] (7.30ns)   --->   "%AXI_DATA_addr_12_read = read i32 @_ssdm_op_Read.m_axi.i32P1A, i32 %AXI_DATA_addr_12" [main.cpp:19]   --->   Operation 360 'read' 'AXI_DATA_addr_12_read' <Predicate = (icmp_ln17)> <Delay = 7.30> <CoreInst = "m_axi">   --->   Core 121 'm_axi' <Latency = 6> <II = 1> <Delay = 1.00> <Adapter> <Opcode : 'read' 'write' 'readreq' 'writereq' 'writeresp'>
ST_103 : Operation 361 [1/1] (0.00ns)   --->   "%tmp_6 = partselect i25 @_ssdm_op_PartSelect.i25.i32.i32.i32, i32 %AXI_DATA_addr_12_read, i32 7, i32 31" [main.cpp:19]   --->   Operation 361 'partselect' 'tmp_6' <Predicate = (icmp_ln17)> <Delay = 0.00>

State 104 <SV = 103> <Delay = 7.30>
ST_104 : Operation 362 [1/1] (1.00ns)   --->   "%icmp_ln19_6 = icmp_sgt  i25 %tmp_6, i25 0" [main.cpp:19]   --->   Operation 362 'icmp' 'icmp_ln19_6' <Predicate = (icmp_ln17)> <Delay = 1.00> <CoreInst = "Cmp">   --->   Core 9 'Cmp' <Latency = 0> <II = 1> <Delay = 1.00> <FuncUnit> <Opcode : 'icmp'> <InPorts = 2> <OutPorts = 1>
ST_104 : Operation 363 [1/1] (0.45ns)   --->   "%select_ln20_6 = select i1 %icmp_ln19_6, i32 255, i32 0" [main.cpp:20]   --->   Operation 363 'select' 'select_ln20_6' <Predicate = (icmp_ln17)> <Delay = 0.45> <CoreInst = "Sel">   --->   Core 73 'Sel' <Latency = 0> <II = 1> <Delay = 0.45> <FuncUnit> <Opcode : 'select'> <InPorts = 3> <OutPorts = 1>
ST_104 : Operation 364 [1/1] (7.30ns)   --->   "%AXI_DATA_addr_13_req = writereq i1 @_ssdm_op_WriteReq.m_axi.i32P1A, i32 %AXI_DATA_addr_13, i32 1" [main.cpp:20]   --->   Operation 364 'writereq' 'AXI_DATA_addr_13_req' <Predicate = (icmp_ln17)> <Delay = 7.30> <CoreInst = "m_axi">   --->   Core 121 'm_axi' <Latency = 6> <II = 1> <Delay = 1.00> <Adapter> <Opcode : 'read' 'write' 'readreq' 'writereq' 'writeresp'>

State 105 <SV = 104> <Delay = 7.30>
ST_105 : Operation 365 [1/1] (7.30ns)   --->   "%write_ln20 = write void @_ssdm_op_Write.m_axi.i32P1A, i32 %AXI_DATA_addr_13, i32 %select_ln20_6, i4 15" [main.cpp:20]   --->   Operation 365 'write' 'write_ln20' <Predicate = (icmp_ln17)> <Delay = 7.30> <CoreInst = "m_axi">   --->   Core 121 'm_axi' <Latency = 6> <II = 1> <Delay = 1.00> <Adapter> <Opcode : 'read' 'write' 'readreq' 'writereq' 'writeresp'>

State 106 <SV = 105> <Delay = 7.30>
ST_106 : Operation 366 [5/5] (7.30ns)   --->   "%AXI_DATA_addr_13_resp = writeresp i1 @_ssdm_op_WriteResp.m_axi.i32P1A, i32 %AXI_DATA_addr_13" [main.cpp:20]   --->   Operation 366 'writeresp' 'AXI_DATA_addr_13_resp' <Predicate = (icmp_ln17)> <Delay = 7.30> <CoreInst = "m_axi">   --->   Core 121 'm_axi' <Latency = 6> <II = 1> <Delay = 1.00> <Adapter> <Opcode : 'read' 'write' 'readreq' 'writereq' 'writeresp'>

State 107 <SV = 106> <Delay = 7.30>
ST_107 : Operation 367 [4/5] (7.30ns)   --->   "%AXI_DATA_addr_13_resp = writeresp i1 @_ssdm_op_WriteResp.m_axi.i32P1A, i32 %AXI_DATA_addr_13" [main.cpp:20]   --->   Operation 367 'writeresp' 'AXI_DATA_addr_13_resp' <Predicate = (icmp_ln17)> <Delay = 7.30> <CoreInst = "m_axi">   --->   Core 121 'm_axi' <Latency = 6> <II = 1> <Delay = 1.00> <Adapter> <Opcode : 'read' 'write' 'readreq' 'writereq' 'writeresp'>

State 108 <SV = 107> <Delay = 7.30>
ST_108 : Operation 368 [3/5] (7.30ns)   --->   "%AXI_DATA_addr_13_resp = writeresp i1 @_ssdm_op_WriteResp.m_axi.i32P1A, i32 %AXI_DATA_addr_13" [main.cpp:20]   --->   Operation 368 'writeresp' 'AXI_DATA_addr_13_resp' <Predicate = (icmp_ln17)> <Delay = 7.30> <CoreInst = "m_axi">   --->   Core 121 'm_axi' <Latency = 6> <II = 1> <Delay = 1.00> <Adapter> <Opcode : 'read' 'write' 'readreq' 'writereq' 'writeresp'>

State 109 <SV = 108> <Delay = 7.30>
ST_109 : Operation 369 [2/5] (7.30ns)   --->   "%AXI_DATA_addr_13_resp = writeresp i1 @_ssdm_op_WriteResp.m_axi.i32P1A, i32 %AXI_DATA_addr_13" [main.cpp:20]   --->   Operation 369 'writeresp' 'AXI_DATA_addr_13_resp' <Predicate = (icmp_ln17)> <Delay = 7.30> <CoreInst = "m_axi">   --->   Core 121 'm_axi' <Latency = 6> <II = 1> <Delay = 1.00> <Adapter> <Opcode : 'read' 'write' 'readreq' 'writereq' 'writeresp'>

State 110 <SV = 109> <Delay = 7.30>
ST_110 : Operation 370 [1/5] (7.30ns)   --->   "%AXI_DATA_addr_13_resp = writeresp i1 @_ssdm_op_WriteResp.m_axi.i32P1A, i32 %AXI_DATA_addr_13" [main.cpp:20]   --->   Operation 370 'writeresp' 'AXI_DATA_addr_13_resp' <Predicate = (icmp_ln17)> <Delay = 7.30> <CoreInst = "m_axi">   --->   Core 121 'm_axi' <Latency = 6> <II = 1> <Delay = 1.00> <Adapter> <Opcode : 'read' 'write' 'readreq' 'writereq' 'writeresp'>
ST_110 : Operation 371 [1/1] (0.98ns)   --->   "%add_ln19_12 = add i14 %shl_ln, i14 28" [main.cpp:19]   --->   Operation 371 'add' 'add_ln19_12' <Predicate = (icmp_ln17)> <Delay = 0.98> <CoreInst = "Adder">   --->   Core 1 'Adder' <Latency = 0> <II = 1> <Delay = 1.47> <FuncUnit> <Opcode : 'add' 'sub'> <InPorts = 2> <OutPorts = 1>
ST_110 : Operation 372 [1/1] (0.00ns)   --->   "%zext_ln19_7 = zext i14 %add_ln19_12" [main.cpp:19]   --->   Operation 372 'zext' 'zext_ln19_7' <Predicate = (icmp_ln17)> <Delay = 0.00>
ST_110 : Operation 373 [1/1] (1.47ns)   --->   "%add_ln19_13 = add i64 %zext_ln19_7, i64 %in_read" [main.cpp:19]   --->   Operation 373 'add' 'add_ln19_13' <Predicate = (icmp_ln17)> <Delay = 1.47> <CoreInst = "Adder">   --->   Core 1 'Adder' <Latency = 0> <II = 1> <Delay = 1.47> <FuncUnit> <Opcode : 'add' 'sub'> <InPorts = 2> <OutPorts = 1>
ST_110 : Operation 374 [1/1] (0.00ns)   --->   "%trunc_ln19_7 = partselect i62 @_ssdm_op_PartSelect.i62.i64.i32.i32, i64 %add_ln19_13, i32 2, i32 63" [main.cpp:19]   --->   Operation 374 'partselect' 'trunc_ln19_7' <Predicate = (icmp_ln17)> <Delay = 0.00>
ST_110 : Operation 375 [1/1] (0.00ns)   --->   "%sext_ln19_7 = sext i62 %trunc_ln19_7" [main.cpp:19]   --->   Operation 375 'sext' 'sext_ln19_7' <Predicate = (icmp_ln17)> <Delay = 0.00>
ST_110 : Operation 376 [1/1] (0.00ns)   --->   "%AXI_DATA_addr_14 = getelementptr i32 %AXI_DATA, i64 %sext_ln19_7" [main.cpp:19]   --->   Operation 376 'getelementptr' 'AXI_DATA_addr_14' <Predicate = (icmp_ln17)> <Delay = 0.00>
ST_110 : Operation 377 [1/1] (1.47ns)   --->   "%empty_24 = add i64 %zext_ln19_7, i64 %out_read" [main.cpp:19]   --->   Operation 377 'add' 'empty_24' <Predicate = (icmp_ln17)> <Delay = 1.47> <CoreInst = "Adder">   --->   Core 1 'Adder' <Latency = 0> <II = 1> <Delay = 1.47> <FuncUnit> <Opcode : 'add' 'sub'> <InPorts = 2> <OutPorts = 1>
ST_110 : Operation 378 [1/1] (0.00ns)   --->   "%trunc_ln20_7 = partselect i62 @_ssdm_op_PartSelect.i62.i64.i32.i32, i64 %empty_24, i32 2, i32 63" [main.cpp:20]   --->   Operation 378 'partselect' 'trunc_ln20_7' <Predicate = (icmp_ln17)> <Delay = 0.00>
ST_110 : Operation 379 [1/1] (0.00ns)   --->   "%sext_ln20_7 = sext i62 %trunc_ln20_7" [main.cpp:20]   --->   Operation 379 'sext' 'sext_ln20_7' <Predicate = (icmp_ln17)> <Delay = 0.00>
ST_110 : Operation 380 [1/1] (0.00ns)   --->   "%AXI_DATA_addr_15 = getelementptr i32 %AXI_DATA, i64 %sext_ln20_7" [main.cpp:20]   --->   Operation 380 'getelementptr' 'AXI_DATA_addr_15' <Predicate = (icmp_ln17)> <Delay = 0.00>

State 111 <SV = 110> <Delay = 7.30>
ST_111 : Operation 381 [7/7] (7.30ns)   --->   "%AXI_DATA_load_7_req = readreq i1 @_ssdm_op_ReadReq.m_axi.i32P1A, i32 %AXI_DATA_addr_14, i32 1" [main.cpp:19]   --->   Operation 381 'readreq' 'AXI_DATA_load_7_req' <Predicate = (icmp_ln17)> <Delay = 7.30> <CoreInst = "m_axi">   --->   Core 121 'm_axi' <Latency = 6> <II = 1> <Delay = 1.00> <Adapter> <Opcode : 'read' 'write' 'readreq' 'writereq' 'writeresp'>

State 112 <SV = 111> <Delay = 7.30>
ST_112 : Operation 382 [6/7] (7.30ns)   --->   "%AXI_DATA_load_7_req = readreq i1 @_ssdm_op_ReadReq.m_axi.i32P1A, i32 %AXI_DATA_addr_14, i32 1" [main.cpp:19]   --->   Operation 382 'readreq' 'AXI_DATA_load_7_req' <Predicate = (icmp_ln17)> <Delay = 7.30> <CoreInst = "m_axi">   --->   Core 121 'm_axi' <Latency = 6> <II = 1> <Delay = 1.00> <Adapter> <Opcode : 'read' 'write' 'readreq' 'writereq' 'writeresp'>

State 113 <SV = 112> <Delay = 7.30>
ST_113 : Operation 383 [5/7] (7.30ns)   --->   "%AXI_DATA_load_7_req = readreq i1 @_ssdm_op_ReadReq.m_axi.i32P1A, i32 %AXI_DATA_addr_14, i32 1" [main.cpp:19]   --->   Operation 383 'readreq' 'AXI_DATA_load_7_req' <Predicate = (icmp_ln17)> <Delay = 7.30> <CoreInst = "m_axi">   --->   Core 121 'm_axi' <Latency = 6> <II = 1> <Delay = 1.00> <Adapter> <Opcode : 'read' 'write' 'readreq' 'writereq' 'writeresp'>

State 114 <SV = 113> <Delay = 7.30>
ST_114 : Operation 384 [4/7] (7.30ns)   --->   "%AXI_DATA_load_7_req = readreq i1 @_ssdm_op_ReadReq.m_axi.i32P1A, i32 %AXI_DATA_addr_14, i32 1" [main.cpp:19]   --->   Operation 384 'readreq' 'AXI_DATA_load_7_req' <Predicate = (icmp_ln17)> <Delay = 7.30> <CoreInst = "m_axi">   --->   Core 121 'm_axi' <Latency = 6> <II = 1> <Delay = 1.00> <Adapter> <Opcode : 'read' 'write' 'readreq' 'writereq' 'writeresp'>

State 115 <SV = 114> <Delay = 7.30>
ST_115 : Operation 385 [3/7] (7.30ns)   --->   "%AXI_DATA_load_7_req = readreq i1 @_ssdm_op_ReadReq.m_axi.i32P1A, i32 %AXI_DATA_addr_14, i32 1" [main.cpp:19]   --->   Operation 385 'readreq' 'AXI_DATA_load_7_req' <Predicate = (icmp_ln17)> <Delay = 7.30> <CoreInst = "m_axi">   --->   Core 121 'm_axi' <Latency = 6> <II = 1> <Delay = 1.00> <Adapter> <Opcode : 'read' 'write' 'readreq' 'writereq' 'writeresp'>

State 116 <SV = 115> <Delay = 7.30>
ST_116 : Operation 386 [2/7] (7.30ns)   --->   "%AXI_DATA_load_7_req = readreq i1 @_ssdm_op_ReadReq.m_axi.i32P1A, i32 %AXI_DATA_addr_14, i32 1" [main.cpp:19]   --->   Operation 386 'readreq' 'AXI_DATA_load_7_req' <Predicate = (icmp_ln17)> <Delay = 7.30> <CoreInst = "m_axi">   --->   Core 121 'm_axi' <Latency = 6> <II = 1> <Delay = 1.00> <Adapter> <Opcode : 'read' 'write' 'readreq' 'writereq' 'writeresp'>

State 117 <SV = 116> <Delay = 7.30>
ST_117 : Operation 387 [1/7] (7.30ns)   --->   "%AXI_DATA_load_7_req = readreq i1 @_ssdm_op_ReadReq.m_axi.i32P1A, i32 %AXI_DATA_addr_14, i32 1" [main.cpp:19]   --->   Operation 387 'readreq' 'AXI_DATA_load_7_req' <Predicate = (icmp_ln17)> <Delay = 7.30> <CoreInst = "m_axi">   --->   Core 121 'm_axi' <Latency = 6> <II = 1> <Delay = 1.00> <Adapter> <Opcode : 'read' 'write' 'readreq' 'writereq' 'writeresp'>

State 118 <SV = 117> <Delay = 7.30>
ST_118 : Operation 388 [1/1] (7.30ns)   --->   "%AXI_DATA_addr_14_read = read i32 @_ssdm_op_Read.m_axi.i32P1A, i32 %AXI_DATA_addr_14" [main.cpp:19]   --->   Operation 388 'read' 'AXI_DATA_addr_14_read' <Predicate = (icmp_ln17)> <Delay = 7.30> <CoreInst = "m_axi">   --->   Core 121 'm_axi' <Latency = 6> <II = 1> <Delay = 1.00> <Adapter> <Opcode : 'read' 'write' 'readreq' 'writereq' 'writeresp'>
ST_118 : Operation 389 [1/1] (0.00ns)   --->   "%tmp_7 = partselect i25 @_ssdm_op_PartSelect.i25.i32.i32.i32, i32 %AXI_DATA_addr_14_read, i32 7, i32 31" [main.cpp:19]   --->   Operation 389 'partselect' 'tmp_7' <Predicate = (icmp_ln17)> <Delay = 0.00>

State 119 <SV = 118> <Delay = 7.30>
ST_119 : Operation 390 [1/1] (1.00ns)   --->   "%icmp_ln19_7 = icmp_sgt  i25 %tmp_7, i25 0" [main.cpp:19]   --->   Operation 390 'icmp' 'icmp_ln19_7' <Predicate = (icmp_ln17)> <Delay = 1.00> <CoreInst = "Cmp">   --->   Core 9 'Cmp' <Latency = 0> <II = 1> <Delay = 1.00> <FuncUnit> <Opcode : 'icmp'> <InPorts = 2> <OutPorts = 1>
ST_119 : Operation 391 [1/1] (0.45ns)   --->   "%select_ln20_7 = select i1 %icmp_ln19_7, i32 255, i32 0" [main.cpp:20]   --->   Operation 391 'select' 'select_ln20_7' <Predicate = (icmp_ln17)> <Delay = 0.45> <CoreInst = "Sel">   --->   Core 73 'Sel' <Latency = 0> <II = 1> <Delay = 0.45> <FuncUnit> <Opcode : 'select'> <InPorts = 3> <OutPorts = 1>
ST_119 : Operation 392 [1/1] (7.30ns)   --->   "%AXI_DATA_addr_15_req = writereq i1 @_ssdm_op_WriteReq.m_axi.i32P1A, i32 %AXI_DATA_addr_15, i32 1" [main.cpp:20]   --->   Operation 392 'writereq' 'AXI_DATA_addr_15_req' <Predicate = (icmp_ln17)> <Delay = 7.30> <CoreInst = "m_axi">   --->   Core 121 'm_axi' <Latency = 6> <II = 1> <Delay = 1.00> <Adapter> <Opcode : 'read' 'write' 'readreq' 'writereq' 'writeresp'>

State 120 <SV = 119> <Delay = 7.30>
ST_120 : Operation 393 [1/1] (7.30ns)   --->   "%write_ln20 = write void @_ssdm_op_Write.m_axi.i32P1A, i32 %AXI_DATA_addr_15, i32 %select_ln20_7, i4 15" [main.cpp:20]   --->   Operation 393 'write' 'write_ln20' <Predicate = (icmp_ln17)> <Delay = 7.30> <CoreInst = "m_axi">   --->   Core 121 'm_axi' <Latency = 6> <II = 1> <Delay = 1.00> <Adapter> <Opcode : 'read' 'write' 'readreq' 'writereq' 'writeresp'>

State 121 <SV = 120> <Delay = 7.30>
ST_121 : Operation 394 [5/5] (7.30ns)   --->   "%AXI_DATA_addr_15_resp = writeresp i1 @_ssdm_op_WriteResp.m_axi.i32P1A, i32 %AXI_DATA_addr_15" [main.cpp:20]   --->   Operation 394 'writeresp' 'AXI_DATA_addr_15_resp' <Predicate = (icmp_ln17)> <Delay = 7.30> <CoreInst = "m_axi">   --->   Core 121 'm_axi' <Latency = 6> <II = 1> <Delay = 1.00> <Adapter> <Opcode : 'read' 'write' 'readreq' 'writereq' 'writeresp'>

State 122 <SV = 121> <Delay = 7.30>
ST_122 : Operation 395 [4/5] (7.30ns)   --->   "%AXI_DATA_addr_15_resp = writeresp i1 @_ssdm_op_WriteResp.m_axi.i32P1A, i32 %AXI_DATA_addr_15" [main.cpp:20]   --->   Operation 395 'writeresp' 'AXI_DATA_addr_15_resp' <Predicate = (icmp_ln17)> <Delay = 7.30> <CoreInst = "m_axi">   --->   Core 121 'm_axi' <Latency = 6> <II = 1> <Delay = 1.00> <Adapter> <Opcode : 'read' 'write' 'readreq' 'writereq' 'writeresp'>

State 123 <SV = 122> <Delay = 7.30>
ST_123 : Operation 396 [3/5] (7.30ns)   --->   "%AXI_DATA_addr_15_resp = writeresp i1 @_ssdm_op_WriteResp.m_axi.i32P1A, i32 %AXI_DATA_addr_15" [main.cpp:20]   --->   Operation 396 'writeresp' 'AXI_DATA_addr_15_resp' <Predicate = (icmp_ln17)> <Delay = 7.30> <CoreInst = "m_axi">   --->   Core 121 'm_axi' <Latency = 6> <II = 1> <Delay = 1.00> <Adapter> <Opcode : 'read' 'write' 'readreq' 'writereq' 'writeresp'>

State 124 <SV = 123> <Delay = 7.30>
ST_124 : Operation 397 [2/5] (7.30ns)   --->   "%AXI_DATA_addr_15_resp = writeresp i1 @_ssdm_op_WriteResp.m_axi.i32P1A, i32 %AXI_DATA_addr_15" [main.cpp:20]   --->   Operation 397 'writeresp' 'AXI_DATA_addr_15_resp' <Predicate = (icmp_ln17)> <Delay = 7.30> <CoreInst = "m_axi">   --->   Core 121 'm_axi' <Latency = 6> <II = 1> <Delay = 1.00> <Adapter> <Opcode : 'read' 'write' 'readreq' 'writereq' 'writeresp'>

State 125 <SV = 124> <Delay = 7.30>
ST_125 : Operation 398 [1/5] (7.30ns)   --->   "%AXI_DATA_addr_15_resp = writeresp i1 @_ssdm_op_WriteResp.m_axi.i32P1A, i32 %AXI_DATA_addr_15" [main.cpp:20]   --->   Operation 398 'writeresp' 'AXI_DATA_addr_15_resp' <Predicate = (icmp_ln17)> <Delay = 7.30> <CoreInst = "m_axi">   --->   Core 121 'm_axi' <Latency = 6> <II = 1> <Delay = 1.00> <Adapter> <Opcode : 'read' 'write' 'readreq' 'writereq' 'writeresp'>

State 126 <SV = 125> <Delay = 2.45>
ST_126 : Operation 399 [1/1] (0.98ns)   --->   "%add_ln19_14 = add i14 %shl_ln, i14 32" [main.cpp:19]   --->   Operation 399 'add' 'add_ln19_14' <Predicate = (icmp_ln17)> <Delay = 0.98> <CoreInst = "Adder">   --->   Core 1 'Adder' <Latency = 0> <II = 1> <Delay = 1.47> <FuncUnit> <Opcode : 'add' 'sub'> <InPorts = 2> <OutPorts = 1>
ST_126 : Operation 400 [1/1] (0.00ns)   --->   "%zext_ln19_8 = zext i14 %add_ln19_14" [main.cpp:19]   --->   Operation 400 'zext' 'zext_ln19_8' <Predicate = (icmp_ln17)> <Delay = 0.00>
ST_126 : Operation 401 [1/1] (1.47ns)   --->   "%add_ln19_15 = add i64 %zext_ln19_8, i64 %in_read" [main.cpp:19]   --->   Operation 401 'add' 'add_ln19_15' <Predicate = (icmp_ln17)> <Delay = 1.47> <CoreInst = "Adder">   --->   Core 1 'Adder' <Latency = 0> <II = 1> <Delay = 1.47> <FuncUnit> <Opcode : 'add' 'sub'> <InPorts = 2> <OutPorts = 1>
ST_126 : Operation 402 [1/1] (0.00ns)   --->   "%trunc_ln19_8 = partselect i62 @_ssdm_op_PartSelect.i62.i64.i32.i32, i64 %add_ln19_15, i32 2, i32 63" [main.cpp:19]   --->   Operation 402 'partselect' 'trunc_ln19_8' <Predicate = (icmp_ln17)> <Delay = 0.00>
ST_126 : Operation 403 [1/1] (0.00ns)   --->   "%sext_ln19_8 = sext i62 %trunc_ln19_8" [main.cpp:19]   --->   Operation 403 'sext' 'sext_ln19_8' <Predicate = (icmp_ln17)> <Delay = 0.00>
ST_126 : Operation 404 [1/1] (0.00ns)   --->   "%AXI_DATA_addr_16 = getelementptr i32 %AXI_DATA, i64 %sext_ln19_8" [main.cpp:19]   --->   Operation 404 'getelementptr' 'AXI_DATA_addr_16' <Predicate = (icmp_ln17)> <Delay = 0.00>
ST_126 : Operation 405 [1/1] (1.47ns)   --->   "%empty_25 = add i64 %zext_ln19_8, i64 %out_read" [main.cpp:19]   --->   Operation 405 'add' 'empty_25' <Predicate = (icmp_ln17)> <Delay = 1.47> <CoreInst = "Adder">   --->   Core 1 'Adder' <Latency = 0> <II = 1> <Delay = 1.47> <FuncUnit> <Opcode : 'add' 'sub'> <InPorts = 2> <OutPorts = 1>
ST_126 : Operation 406 [1/1] (0.00ns)   --->   "%trunc_ln20_8 = partselect i62 @_ssdm_op_PartSelect.i62.i64.i32.i32, i64 %empty_25, i32 2, i32 63" [main.cpp:20]   --->   Operation 406 'partselect' 'trunc_ln20_8' <Predicate = (icmp_ln17)> <Delay = 0.00>
ST_126 : Operation 407 [1/1] (0.00ns)   --->   "%sext_ln20_8 = sext i62 %trunc_ln20_8" [main.cpp:20]   --->   Operation 407 'sext' 'sext_ln20_8' <Predicate = (icmp_ln17)> <Delay = 0.00>
ST_126 : Operation 408 [1/1] (0.00ns)   --->   "%AXI_DATA_addr_17 = getelementptr i32 %AXI_DATA, i64 %sext_ln20_8" [main.cpp:20]   --->   Operation 408 'getelementptr' 'AXI_DATA_addr_17' <Predicate = (icmp_ln17)> <Delay = 0.00>

State 127 <SV = 126> <Delay = 7.30>
ST_127 : Operation 409 [7/7] (7.30ns)   --->   "%AXI_DATA_load_8_req = readreq i1 @_ssdm_op_ReadReq.m_axi.i32P1A, i32 %AXI_DATA_addr_16, i32 1" [main.cpp:19]   --->   Operation 409 'readreq' 'AXI_DATA_load_8_req' <Predicate = (icmp_ln17)> <Delay = 7.30> <CoreInst = "m_axi">   --->   Core 121 'm_axi' <Latency = 6> <II = 1> <Delay = 1.00> <Adapter> <Opcode : 'read' 'write' 'readreq' 'writereq' 'writeresp'>

State 128 <SV = 127> <Delay = 7.30>
ST_128 : Operation 410 [6/7] (7.30ns)   --->   "%AXI_DATA_load_8_req = readreq i1 @_ssdm_op_ReadReq.m_axi.i32P1A, i32 %AXI_DATA_addr_16, i32 1" [main.cpp:19]   --->   Operation 410 'readreq' 'AXI_DATA_load_8_req' <Predicate = (icmp_ln17)> <Delay = 7.30> <CoreInst = "m_axi">   --->   Core 121 'm_axi' <Latency = 6> <II = 1> <Delay = 1.00> <Adapter> <Opcode : 'read' 'write' 'readreq' 'writereq' 'writeresp'>

State 129 <SV = 128> <Delay = 7.30>
ST_129 : Operation 411 [5/7] (7.30ns)   --->   "%AXI_DATA_load_8_req = readreq i1 @_ssdm_op_ReadReq.m_axi.i32P1A, i32 %AXI_DATA_addr_16, i32 1" [main.cpp:19]   --->   Operation 411 'readreq' 'AXI_DATA_load_8_req' <Predicate = (icmp_ln17)> <Delay = 7.30> <CoreInst = "m_axi">   --->   Core 121 'm_axi' <Latency = 6> <II = 1> <Delay = 1.00> <Adapter> <Opcode : 'read' 'write' 'readreq' 'writereq' 'writeresp'>

State 130 <SV = 129> <Delay = 7.30>
ST_130 : Operation 412 [4/7] (7.30ns)   --->   "%AXI_DATA_load_8_req = readreq i1 @_ssdm_op_ReadReq.m_axi.i32P1A, i32 %AXI_DATA_addr_16, i32 1" [main.cpp:19]   --->   Operation 412 'readreq' 'AXI_DATA_load_8_req' <Predicate = (icmp_ln17)> <Delay = 7.30> <CoreInst = "m_axi">   --->   Core 121 'm_axi' <Latency = 6> <II = 1> <Delay = 1.00> <Adapter> <Opcode : 'read' 'write' 'readreq' 'writereq' 'writeresp'>

State 131 <SV = 130> <Delay = 7.30>
ST_131 : Operation 413 [3/7] (7.30ns)   --->   "%AXI_DATA_load_8_req = readreq i1 @_ssdm_op_ReadReq.m_axi.i32P1A, i32 %AXI_DATA_addr_16, i32 1" [main.cpp:19]   --->   Operation 413 'readreq' 'AXI_DATA_load_8_req' <Predicate = (icmp_ln17)> <Delay = 7.30> <CoreInst = "m_axi">   --->   Core 121 'm_axi' <Latency = 6> <II = 1> <Delay = 1.00> <Adapter> <Opcode : 'read' 'write' 'readreq' 'writereq' 'writeresp'>

State 132 <SV = 131> <Delay = 7.30>
ST_132 : Operation 414 [2/7] (7.30ns)   --->   "%AXI_DATA_load_8_req = readreq i1 @_ssdm_op_ReadReq.m_axi.i32P1A, i32 %AXI_DATA_addr_16, i32 1" [main.cpp:19]   --->   Operation 414 'readreq' 'AXI_DATA_load_8_req' <Predicate = (icmp_ln17)> <Delay = 7.30> <CoreInst = "m_axi">   --->   Core 121 'm_axi' <Latency = 6> <II = 1> <Delay = 1.00> <Adapter> <Opcode : 'read' 'write' 'readreq' 'writereq' 'writeresp'>

State 133 <SV = 132> <Delay = 7.30>
ST_133 : Operation 415 [1/7] (7.30ns)   --->   "%AXI_DATA_load_8_req = readreq i1 @_ssdm_op_ReadReq.m_axi.i32P1A, i32 %AXI_DATA_addr_16, i32 1" [main.cpp:19]   --->   Operation 415 'readreq' 'AXI_DATA_load_8_req' <Predicate = (icmp_ln17)> <Delay = 7.30> <CoreInst = "m_axi">   --->   Core 121 'm_axi' <Latency = 6> <II = 1> <Delay = 1.00> <Adapter> <Opcode : 'read' 'write' 'readreq' 'writereq' 'writeresp'>

State 134 <SV = 133> <Delay = 7.30>
ST_134 : Operation 416 [1/1] (7.30ns)   --->   "%AXI_DATA_addr_16_read = read i32 @_ssdm_op_Read.m_axi.i32P1A, i32 %AXI_DATA_addr_16" [main.cpp:19]   --->   Operation 416 'read' 'AXI_DATA_addr_16_read' <Predicate = (icmp_ln17)> <Delay = 7.30> <CoreInst = "m_axi">   --->   Core 121 'm_axi' <Latency = 6> <II = 1> <Delay = 1.00> <Adapter> <Opcode : 'read' 'write' 'readreq' 'writereq' 'writeresp'>
ST_134 : Operation 417 [1/1] (0.00ns)   --->   "%tmp_8 = partselect i25 @_ssdm_op_PartSelect.i25.i32.i32.i32, i32 %AXI_DATA_addr_16_read, i32 7, i32 31" [main.cpp:19]   --->   Operation 417 'partselect' 'tmp_8' <Predicate = (icmp_ln17)> <Delay = 0.00>

State 135 <SV = 134> <Delay = 7.30>
ST_135 : Operation 418 [1/1] (1.00ns)   --->   "%icmp_ln19_8 = icmp_sgt  i25 %tmp_8, i25 0" [main.cpp:19]   --->   Operation 418 'icmp' 'icmp_ln19_8' <Predicate = (icmp_ln17)> <Delay = 1.00> <CoreInst = "Cmp">   --->   Core 9 'Cmp' <Latency = 0> <II = 1> <Delay = 1.00> <FuncUnit> <Opcode : 'icmp'> <InPorts = 2> <OutPorts = 1>
ST_135 : Operation 419 [1/1] (0.45ns)   --->   "%select_ln20_8 = select i1 %icmp_ln19_8, i32 255, i32 0" [main.cpp:20]   --->   Operation 419 'select' 'select_ln20_8' <Predicate = (icmp_ln17)> <Delay = 0.45> <CoreInst = "Sel">   --->   Core 73 'Sel' <Latency = 0> <II = 1> <Delay = 0.45> <FuncUnit> <Opcode : 'select'> <InPorts = 3> <OutPorts = 1>
ST_135 : Operation 420 [1/1] (7.30ns)   --->   "%AXI_DATA_addr_17_req = writereq i1 @_ssdm_op_WriteReq.m_axi.i32P1A, i32 %AXI_DATA_addr_17, i32 1" [main.cpp:20]   --->   Operation 420 'writereq' 'AXI_DATA_addr_17_req' <Predicate = (icmp_ln17)> <Delay = 7.30> <CoreInst = "m_axi">   --->   Core 121 'm_axi' <Latency = 6> <II = 1> <Delay = 1.00> <Adapter> <Opcode : 'read' 'write' 'readreq' 'writereq' 'writeresp'>

State 136 <SV = 135> <Delay = 7.30>
ST_136 : Operation 421 [1/1] (7.30ns)   --->   "%write_ln20 = write void @_ssdm_op_Write.m_axi.i32P1A, i32 %AXI_DATA_addr_17, i32 %select_ln20_8, i4 15" [main.cpp:20]   --->   Operation 421 'write' 'write_ln20' <Predicate = (icmp_ln17)> <Delay = 7.30> <CoreInst = "m_axi">   --->   Core 121 'm_axi' <Latency = 6> <II = 1> <Delay = 1.00> <Adapter> <Opcode : 'read' 'write' 'readreq' 'writereq' 'writeresp'>

State 137 <SV = 136> <Delay = 7.30>
ST_137 : Operation 422 [5/5] (7.30ns)   --->   "%AXI_DATA_addr_17_resp = writeresp i1 @_ssdm_op_WriteResp.m_axi.i32P1A, i32 %AXI_DATA_addr_17" [main.cpp:20]   --->   Operation 422 'writeresp' 'AXI_DATA_addr_17_resp' <Predicate = (icmp_ln17)> <Delay = 7.30> <CoreInst = "m_axi">   --->   Core 121 'm_axi' <Latency = 6> <II = 1> <Delay = 1.00> <Adapter> <Opcode : 'read' 'write' 'readreq' 'writereq' 'writeresp'>

State 138 <SV = 137> <Delay = 7.30>
ST_138 : Operation 423 [4/5] (7.30ns)   --->   "%AXI_DATA_addr_17_resp = writeresp i1 @_ssdm_op_WriteResp.m_axi.i32P1A, i32 %AXI_DATA_addr_17" [main.cpp:20]   --->   Operation 423 'writeresp' 'AXI_DATA_addr_17_resp' <Predicate = (icmp_ln17)> <Delay = 7.30> <CoreInst = "m_axi">   --->   Core 121 'm_axi' <Latency = 6> <II = 1> <Delay = 1.00> <Adapter> <Opcode : 'read' 'write' 'readreq' 'writereq' 'writeresp'>

State 139 <SV = 138> <Delay = 7.30>
ST_139 : Operation 424 [3/5] (7.30ns)   --->   "%AXI_DATA_addr_17_resp = writeresp i1 @_ssdm_op_WriteResp.m_axi.i32P1A, i32 %AXI_DATA_addr_17" [main.cpp:20]   --->   Operation 424 'writeresp' 'AXI_DATA_addr_17_resp' <Predicate = (icmp_ln17)> <Delay = 7.30> <CoreInst = "m_axi">   --->   Core 121 'm_axi' <Latency = 6> <II = 1> <Delay = 1.00> <Adapter> <Opcode : 'read' 'write' 'readreq' 'writereq' 'writeresp'>

State 140 <SV = 139> <Delay = 7.30>
ST_140 : Operation 425 [2/5] (7.30ns)   --->   "%AXI_DATA_addr_17_resp = writeresp i1 @_ssdm_op_WriteResp.m_axi.i32P1A, i32 %AXI_DATA_addr_17" [main.cpp:20]   --->   Operation 425 'writeresp' 'AXI_DATA_addr_17_resp' <Predicate = (icmp_ln17)> <Delay = 7.30> <CoreInst = "m_axi">   --->   Core 121 'm_axi' <Latency = 6> <II = 1> <Delay = 1.00> <Adapter> <Opcode : 'read' 'write' 'readreq' 'writereq' 'writeresp'>

State 141 <SV = 140> <Delay = 7.30>
ST_141 : Operation 426 [1/5] (7.30ns)   --->   "%AXI_DATA_addr_17_resp = writeresp i1 @_ssdm_op_WriteResp.m_axi.i32P1A, i32 %AXI_DATA_addr_17" [main.cpp:20]   --->   Operation 426 'writeresp' 'AXI_DATA_addr_17_resp' <Predicate = (icmp_ln17)> <Delay = 7.30> <CoreInst = "m_axi">   --->   Core 121 'm_axi' <Latency = 6> <II = 1> <Delay = 1.00> <Adapter> <Opcode : 'read' 'write' 'readreq' 'writereq' 'writeresp'>
ST_141 : Operation 427 [1/1] (0.98ns)   --->   "%add_ln19_16 = add i14 %shl_ln, i14 36" [main.cpp:19]   --->   Operation 427 'add' 'add_ln19_16' <Predicate = (icmp_ln17)> <Delay = 0.98> <CoreInst = "Adder">   --->   Core 1 'Adder' <Latency = 0> <II = 1> <Delay = 1.47> <FuncUnit> <Opcode : 'add' 'sub'> <InPorts = 2> <OutPorts = 1>
ST_141 : Operation 428 [1/1] (0.00ns)   --->   "%zext_ln19_9 = zext i14 %add_ln19_16" [main.cpp:19]   --->   Operation 428 'zext' 'zext_ln19_9' <Predicate = (icmp_ln17)> <Delay = 0.00>
ST_141 : Operation 429 [1/1] (1.47ns)   --->   "%add_ln19_17 = add i64 %zext_ln19_9, i64 %in_read" [main.cpp:19]   --->   Operation 429 'add' 'add_ln19_17' <Predicate = (icmp_ln17)> <Delay = 1.47> <CoreInst = "Adder">   --->   Core 1 'Adder' <Latency = 0> <II = 1> <Delay = 1.47> <FuncUnit> <Opcode : 'add' 'sub'> <InPorts = 2> <OutPorts = 1>
ST_141 : Operation 430 [1/1] (0.00ns)   --->   "%trunc_ln19_9 = partselect i62 @_ssdm_op_PartSelect.i62.i64.i32.i32, i64 %add_ln19_17, i32 2, i32 63" [main.cpp:19]   --->   Operation 430 'partselect' 'trunc_ln19_9' <Predicate = (icmp_ln17)> <Delay = 0.00>
ST_141 : Operation 431 [1/1] (0.00ns)   --->   "%sext_ln19_9 = sext i62 %trunc_ln19_9" [main.cpp:19]   --->   Operation 431 'sext' 'sext_ln19_9' <Predicate = (icmp_ln17)> <Delay = 0.00>
ST_141 : Operation 432 [1/1] (0.00ns)   --->   "%AXI_DATA_addr_18 = getelementptr i32 %AXI_DATA, i64 %sext_ln19_9" [main.cpp:19]   --->   Operation 432 'getelementptr' 'AXI_DATA_addr_18' <Predicate = (icmp_ln17)> <Delay = 0.00>
ST_141 : Operation 433 [1/1] (1.47ns)   --->   "%empty_26 = add i64 %zext_ln19_9, i64 %out_read" [main.cpp:19]   --->   Operation 433 'add' 'empty_26' <Predicate = (icmp_ln17)> <Delay = 1.47> <CoreInst = "Adder">   --->   Core 1 'Adder' <Latency = 0> <II = 1> <Delay = 1.47> <FuncUnit> <Opcode : 'add' 'sub'> <InPorts = 2> <OutPorts = 1>
ST_141 : Operation 434 [1/1] (0.00ns)   --->   "%trunc_ln20_9 = partselect i62 @_ssdm_op_PartSelect.i62.i64.i32.i32, i64 %empty_26, i32 2, i32 63" [main.cpp:20]   --->   Operation 434 'partselect' 'trunc_ln20_9' <Predicate = (icmp_ln17)> <Delay = 0.00>
ST_141 : Operation 435 [1/1] (0.00ns)   --->   "%sext_ln20_9 = sext i62 %trunc_ln20_9" [main.cpp:20]   --->   Operation 435 'sext' 'sext_ln20_9' <Predicate = (icmp_ln17)> <Delay = 0.00>
ST_141 : Operation 436 [1/1] (0.00ns)   --->   "%AXI_DATA_addr_19 = getelementptr i32 %AXI_DATA, i64 %sext_ln20_9" [main.cpp:20]   --->   Operation 436 'getelementptr' 'AXI_DATA_addr_19' <Predicate = (icmp_ln17)> <Delay = 0.00>

State 142 <SV = 141> <Delay = 7.30>
ST_142 : Operation 437 [7/7] (7.30ns)   --->   "%AXI_DATA_load_9_req = readreq i1 @_ssdm_op_ReadReq.m_axi.i32P1A, i32 %AXI_DATA_addr_18, i32 1" [main.cpp:19]   --->   Operation 437 'readreq' 'AXI_DATA_load_9_req' <Predicate = (icmp_ln17)> <Delay = 7.30> <CoreInst = "m_axi">   --->   Core 121 'm_axi' <Latency = 6> <II = 1> <Delay = 1.00> <Adapter> <Opcode : 'read' 'write' 'readreq' 'writereq' 'writeresp'>

State 143 <SV = 142> <Delay = 7.30>
ST_143 : Operation 438 [6/7] (7.30ns)   --->   "%AXI_DATA_load_9_req = readreq i1 @_ssdm_op_ReadReq.m_axi.i32P1A, i32 %AXI_DATA_addr_18, i32 1" [main.cpp:19]   --->   Operation 438 'readreq' 'AXI_DATA_load_9_req' <Predicate = (icmp_ln17)> <Delay = 7.30> <CoreInst = "m_axi">   --->   Core 121 'm_axi' <Latency = 6> <II = 1> <Delay = 1.00> <Adapter> <Opcode : 'read' 'write' 'readreq' 'writereq' 'writeresp'>

State 144 <SV = 143> <Delay = 7.30>
ST_144 : Operation 439 [5/7] (7.30ns)   --->   "%AXI_DATA_load_9_req = readreq i1 @_ssdm_op_ReadReq.m_axi.i32P1A, i32 %AXI_DATA_addr_18, i32 1" [main.cpp:19]   --->   Operation 439 'readreq' 'AXI_DATA_load_9_req' <Predicate = (icmp_ln17)> <Delay = 7.30> <CoreInst = "m_axi">   --->   Core 121 'm_axi' <Latency = 6> <II = 1> <Delay = 1.00> <Adapter> <Opcode : 'read' 'write' 'readreq' 'writereq' 'writeresp'>

State 145 <SV = 144> <Delay = 7.30>
ST_145 : Operation 440 [4/7] (7.30ns)   --->   "%AXI_DATA_load_9_req = readreq i1 @_ssdm_op_ReadReq.m_axi.i32P1A, i32 %AXI_DATA_addr_18, i32 1" [main.cpp:19]   --->   Operation 440 'readreq' 'AXI_DATA_load_9_req' <Predicate = (icmp_ln17)> <Delay = 7.30> <CoreInst = "m_axi">   --->   Core 121 'm_axi' <Latency = 6> <II = 1> <Delay = 1.00> <Adapter> <Opcode : 'read' 'write' 'readreq' 'writereq' 'writeresp'>

State 146 <SV = 145> <Delay = 7.30>
ST_146 : Operation 441 [3/7] (7.30ns)   --->   "%AXI_DATA_load_9_req = readreq i1 @_ssdm_op_ReadReq.m_axi.i32P1A, i32 %AXI_DATA_addr_18, i32 1" [main.cpp:19]   --->   Operation 441 'readreq' 'AXI_DATA_load_9_req' <Predicate = (icmp_ln17)> <Delay = 7.30> <CoreInst = "m_axi">   --->   Core 121 'm_axi' <Latency = 6> <II = 1> <Delay = 1.00> <Adapter> <Opcode : 'read' 'write' 'readreq' 'writereq' 'writeresp'>

State 147 <SV = 146> <Delay = 7.30>
ST_147 : Operation 442 [2/7] (7.30ns)   --->   "%AXI_DATA_load_9_req = readreq i1 @_ssdm_op_ReadReq.m_axi.i32P1A, i32 %AXI_DATA_addr_18, i32 1" [main.cpp:19]   --->   Operation 442 'readreq' 'AXI_DATA_load_9_req' <Predicate = (icmp_ln17)> <Delay = 7.30> <CoreInst = "m_axi">   --->   Core 121 'm_axi' <Latency = 6> <II = 1> <Delay = 1.00> <Adapter> <Opcode : 'read' 'write' 'readreq' 'writereq' 'writeresp'>

State 148 <SV = 147> <Delay = 7.30>
ST_148 : Operation 443 [1/7] (7.30ns)   --->   "%AXI_DATA_load_9_req = readreq i1 @_ssdm_op_ReadReq.m_axi.i32P1A, i32 %AXI_DATA_addr_18, i32 1" [main.cpp:19]   --->   Operation 443 'readreq' 'AXI_DATA_load_9_req' <Predicate = (icmp_ln17)> <Delay = 7.30> <CoreInst = "m_axi">   --->   Core 121 'm_axi' <Latency = 6> <II = 1> <Delay = 1.00> <Adapter> <Opcode : 'read' 'write' 'readreq' 'writereq' 'writeresp'>

State 149 <SV = 148> <Delay = 7.30>
ST_149 : Operation 444 [1/1] (7.30ns)   --->   "%AXI_DATA_addr_18_read = read i32 @_ssdm_op_Read.m_axi.i32P1A, i32 %AXI_DATA_addr_18" [main.cpp:19]   --->   Operation 444 'read' 'AXI_DATA_addr_18_read' <Predicate = (icmp_ln17)> <Delay = 7.30> <CoreInst = "m_axi">   --->   Core 121 'm_axi' <Latency = 6> <II = 1> <Delay = 1.00> <Adapter> <Opcode : 'read' 'write' 'readreq' 'writereq' 'writeresp'>
ST_149 : Operation 445 [1/1] (0.00ns)   --->   "%tmp_9 = partselect i25 @_ssdm_op_PartSelect.i25.i32.i32.i32, i32 %AXI_DATA_addr_18_read, i32 7, i32 31" [main.cpp:19]   --->   Operation 445 'partselect' 'tmp_9' <Predicate = (icmp_ln17)> <Delay = 0.00>

State 150 <SV = 149> <Delay = 7.30>
ST_150 : Operation 446 [1/1] (1.00ns)   --->   "%icmp_ln19_9 = icmp_sgt  i25 %tmp_9, i25 0" [main.cpp:19]   --->   Operation 446 'icmp' 'icmp_ln19_9' <Predicate = (icmp_ln17)> <Delay = 1.00> <CoreInst = "Cmp">   --->   Core 9 'Cmp' <Latency = 0> <II = 1> <Delay = 1.00> <FuncUnit> <Opcode : 'icmp'> <InPorts = 2> <OutPorts = 1>
ST_150 : Operation 447 [1/1] (0.45ns)   --->   "%select_ln20_9 = select i1 %icmp_ln19_9, i32 255, i32 0" [main.cpp:20]   --->   Operation 447 'select' 'select_ln20_9' <Predicate = (icmp_ln17)> <Delay = 0.45> <CoreInst = "Sel">   --->   Core 73 'Sel' <Latency = 0> <II = 1> <Delay = 0.45> <FuncUnit> <Opcode : 'select'> <InPorts = 3> <OutPorts = 1>
ST_150 : Operation 448 [1/1] (7.30ns)   --->   "%AXI_DATA_addr_19_req = writereq i1 @_ssdm_op_WriteReq.m_axi.i32P1A, i32 %AXI_DATA_addr_19, i32 1" [main.cpp:20]   --->   Operation 448 'writereq' 'AXI_DATA_addr_19_req' <Predicate = (icmp_ln17)> <Delay = 7.30> <CoreInst = "m_axi">   --->   Core 121 'm_axi' <Latency = 6> <II = 1> <Delay = 1.00> <Adapter> <Opcode : 'read' 'write' 'readreq' 'writereq' 'writeresp'>

State 151 <SV = 150> <Delay = 7.30>
ST_151 : Operation 449 [1/1] (7.30ns)   --->   "%write_ln20 = write void @_ssdm_op_Write.m_axi.i32P1A, i32 %AXI_DATA_addr_19, i32 %select_ln20_9, i4 15" [main.cpp:20]   --->   Operation 449 'write' 'write_ln20' <Predicate = (icmp_ln17)> <Delay = 7.30> <CoreInst = "m_axi">   --->   Core 121 'm_axi' <Latency = 6> <II = 1> <Delay = 1.00> <Adapter> <Opcode : 'read' 'write' 'readreq' 'writereq' 'writeresp'>

State 152 <SV = 151> <Delay = 7.30>
ST_152 : Operation 450 [5/5] (7.30ns)   --->   "%AXI_DATA_addr_19_resp = writeresp i1 @_ssdm_op_WriteResp.m_axi.i32P1A, i32 %AXI_DATA_addr_19" [main.cpp:20]   --->   Operation 450 'writeresp' 'AXI_DATA_addr_19_resp' <Predicate = (icmp_ln17)> <Delay = 7.30> <CoreInst = "m_axi">   --->   Core 121 'm_axi' <Latency = 6> <II = 1> <Delay = 1.00> <Adapter> <Opcode : 'read' 'write' 'readreq' 'writereq' 'writeresp'>

State 153 <SV = 152> <Delay = 7.30>
ST_153 : Operation 451 [4/5] (7.30ns)   --->   "%AXI_DATA_addr_19_resp = writeresp i1 @_ssdm_op_WriteResp.m_axi.i32P1A, i32 %AXI_DATA_addr_19" [main.cpp:20]   --->   Operation 451 'writeresp' 'AXI_DATA_addr_19_resp' <Predicate = (icmp_ln17)> <Delay = 7.30> <CoreInst = "m_axi">   --->   Core 121 'm_axi' <Latency = 6> <II = 1> <Delay = 1.00> <Adapter> <Opcode : 'read' 'write' 'readreq' 'writereq' 'writeresp'>

State 154 <SV = 153> <Delay = 7.30>
ST_154 : Operation 452 [3/5] (7.30ns)   --->   "%AXI_DATA_addr_19_resp = writeresp i1 @_ssdm_op_WriteResp.m_axi.i32P1A, i32 %AXI_DATA_addr_19" [main.cpp:20]   --->   Operation 452 'writeresp' 'AXI_DATA_addr_19_resp' <Predicate = (icmp_ln17)> <Delay = 7.30> <CoreInst = "m_axi">   --->   Core 121 'm_axi' <Latency = 6> <II = 1> <Delay = 1.00> <Adapter> <Opcode : 'read' 'write' 'readreq' 'writereq' 'writeresp'>

State 155 <SV = 154> <Delay = 7.30>
ST_155 : Operation 453 [2/5] (7.30ns)   --->   "%AXI_DATA_addr_19_resp = writeresp i1 @_ssdm_op_WriteResp.m_axi.i32P1A, i32 %AXI_DATA_addr_19" [main.cpp:20]   --->   Operation 453 'writeresp' 'AXI_DATA_addr_19_resp' <Predicate = (icmp_ln17)> <Delay = 7.30> <CoreInst = "m_axi">   --->   Core 121 'm_axi' <Latency = 6> <II = 1> <Delay = 1.00> <Adapter> <Opcode : 'read' 'write' 'readreq' 'writereq' 'writeresp'>

State 156 <SV = 155> <Delay = 7.30>
ST_156 : Operation 454 [1/1] (0.00ns)   --->   "%specloopname_ln17 = specloopname void @_ssdm_op_SpecLoopName, void @empty_8" [main.cpp:17]   --->   Operation 454 'specloopname' 'specloopname_ln17' <Predicate = (icmp_ln17)> <Delay = 0.00>
ST_156 : Operation 455 [1/5] (7.30ns)   --->   "%AXI_DATA_addr_19_resp = writeresp i1 @_ssdm_op_WriteResp.m_axi.i32P1A, i32 %AXI_DATA_addr_19" [main.cpp:20]   --->   Operation 455 'writeresp' 'AXI_DATA_addr_19_resp' <Predicate = (icmp_ln17)> <Delay = 7.30> <CoreInst = "m_axi">   --->   Core 121 'm_axi' <Latency = 6> <II = 1> <Delay = 1.00> <Adapter> <Opcode : 'read' 'write' 'readreq' 'writereq' 'writeresp'>
ST_156 : Operation 456 [1/1] (0.00ns)   --->   "%br_ln0 = br void"   --->   Operation 456 'br' 'br_ln0' <Predicate = (icmp_ln17)> <Delay = 0.00>

State 157 <SV = 2> <Delay = 0.00>
ST_157 : Operation 457 [1/1] (0.00ns)   --->   "%ret_ln25 = ret" [main.cpp:25]   --->   Operation 457 'ret' 'ret_ln25' <Predicate = true> <Delay = 0.00>


============================================================
+ Verbose Summary: Timing violations
============================================================
Target clock period: 10ns, clock uncertainty: 2.7ns.

 <State 1>: 1ns
The critical path consists of the following:
	s_axi read on port 'out_r' (main.cpp:7) [12]  (1 ns)

 <State 2>: 1.47ns
The critical path consists of the following:
	'phi' operation ('i', main.cpp:17) with incoming values : ('add_ln17', main.cpp:17) [16]  (0 ns)
	'add' operation ('add_ln19', main.cpp:19) [26]  (1.47 ns)

 <State 3>: 7.3ns
The critical path consists of the following:
	bus request on port 'AXI_DATA' (main.cpp:19) [30]  (7.3 ns)

 <State 4>: 7.3ns
The critical path consists of the following:
	bus request on port 'AXI_DATA' (main.cpp:19) [30]  (7.3 ns)

 <State 5>: 7.3ns
The critical path consists of the following:
	bus request on port 'AXI_DATA' (main.cpp:19) [30]  (7.3 ns)

 <State 6>: 7.3ns
The critical path consists of the following:
	bus request on port 'AXI_DATA' (main.cpp:19) [30]  (7.3 ns)

 <State 7>: 7.3ns
The critical path consists of the following:
	bus request on port 'AXI_DATA' (main.cpp:19) [30]  (7.3 ns)

 <State 8>: 7.3ns
The critical path consists of the following:
	bus request on port 'AXI_DATA' (main.cpp:19) [30]  (7.3 ns)

 <State 9>: 7.3ns
The critical path consists of the following:
	bus request on port 'AXI_DATA' (main.cpp:19) [30]  (7.3 ns)

 <State 10>: 7.3ns
The critical path consists of the following:
	bus read on port 'AXI_DATA' (main.cpp:19) [31]  (7.3 ns)

 <State 11>: 7.3ns
The critical path consists of the following:
	bus request on port 'AXI_DATA' (main.cpp:20) [39]  (7.3 ns)

 <State 12>: 7.3ns
The critical path consists of the following:
	bus write on port 'AXI_DATA' (main.cpp:20) [40]  (7.3 ns)

 <State 13>: 7.3ns
The critical path consists of the following:
	bus response on port 'AXI_DATA' (main.cpp:20) [41]  (7.3 ns)

 <State 14>: 7.3ns
The critical path consists of the following:
	bus response on port 'AXI_DATA' (main.cpp:20) [41]  (7.3 ns)

 <State 15>: 7.3ns
The critical path consists of the following:
	bus response on port 'AXI_DATA' (main.cpp:20) [41]  (7.3 ns)

 <State 16>: 7.3ns
The critical path consists of the following:
	bus response on port 'AXI_DATA' (main.cpp:20) [41]  (7.3 ns)

 <State 17>: 7.3ns
The critical path consists of the following:
	bus response on port 'AXI_DATA' (main.cpp:20) [41]  (7.3 ns)

 <State 18>: 7.3ns
The critical path consists of the following:
	bus request on port 'AXI_DATA' (main.cpp:19) [48]  (7.3 ns)

 <State 19>: 7.3ns
The critical path consists of the following:
	bus request on port 'AXI_DATA' (main.cpp:19) [48]  (7.3 ns)

 <State 20>: 7.3ns
The critical path consists of the following:
	bus request on port 'AXI_DATA' (main.cpp:19) [48]  (7.3 ns)

 <State 21>: 7.3ns
The critical path consists of the following:
	bus request on port 'AXI_DATA' (main.cpp:19) [48]  (7.3 ns)

 <State 22>: 7.3ns
The critical path consists of the following:
	bus request on port 'AXI_DATA' (main.cpp:19) [48]  (7.3 ns)

 <State 23>: 7.3ns
The critical path consists of the following:
	bus request on port 'AXI_DATA' (main.cpp:19) [48]  (7.3 ns)

 <State 24>: 7.3ns
The critical path consists of the following:
	bus request on port 'AXI_DATA' (main.cpp:19) [48]  (7.3 ns)

 <State 25>: 7.3ns
The critical path consists of the following:
	bus read on port 'AXI_DATA' (main.cpp:19) [49]  (7.3 ns)

 <State 26>: 7.3ns
The critical path consists of the following:
	bus request on port 'AXI_DATA' (main.cpp:20) [57]  (7.3 ns)

 <State 27>: 7.3ns
The critical path consists of the following:
	bus write on port 'AXI_DATA' (main.cpp:20) [58]  (7.3 ns)

 <State 28>: 7.3ns
The critical path consists of the following:
	bus response on port 'AXI_DATA' (main.cpp:20) [59]  (7.3 ns)

 <State 29>: 7.3ns
The critical path consists of the following:
	bus response on port 'AXI_DATA' (main.cpp:20) [59]  (7.3 ns)

 <State 30>: 7.3ns
The critical path consists of the following:
	bus response on port 'AXI_DATA' (main.cpp:20) [59]  (7.3 ns)

 <State 31>: 7.3ns
The critical path consists of the following:
	bus response on port 'AXI_DATA' (main.cpp:20) [59]  (7.3 ns)

 <State 32>: 7.3ns
The critical path consists of the following:
	bus response on port 'AXI_DATA' (main.cpp:20) [59]  (7.3 ns)

 <State 33>: 2.46ns
The critical path consists of the following:
	'add' operation ('add_ln19_2', main.cpp:19) [60]  (0.989 ns)
	'add' operation ('add_ln19_3', main.cpp:19) [62]  (1.47 ns)

 <State 34>: 7.3ns
The critical path consists of the following:
	bus request on port 'AXI_DATA' (main.cpp:19) [66]  (7.3 ns)

 <State 35>: 7.3ns
The critical path consists of the following:
	bus request on port 'AXI_DATA' (main.cpp:19) [66]  (7.3 ns)

 <State 36>: 7.3ns
The critical path consists of the following:
	bus request on port 'AXI_DATA' (main.cpp:19) [66]  (7.3 ns)

 <State 37>: 7.3ns
The critical path consists of the following:
	bus request on port 'AXI_DATA' (main.cpp:19) [66]  (7.3 ns)

 <State 38>: 7.3ns
The critical path consists of the following:
	bus request on port 'AXI_DATA' (main.cpp:19) [66]  (7.3 ns)

 <State 39>: 7.3ns
The critical path consists of the following:
	bus request on port 'AXI_DATA' (main.cpp:19) [66]  (7.3 ns)

 <State 40>: 7.3ns
The critical path consists of the following:
	bus request on port 'AXI_DATA' (main.cpp:19) [66]  (7.3 ns)

 <State 41>: 7.3ns
The critical path consists of the following:
	bus read on port 'AXI_DATA' (main.cpp:19) [67]  (7.3 ns)

 <State 42>: 7.3ns
The critical path consists of the following:
	bus request on port 'AXI_DATA' (main.cpp:20) [75]  (7.3 ns)

 <State 43>: 7.3ns
The critical path consists of the following:
	bus write on port 'AXI_DATA' (main.cpp:20) [76]  (7.3 ns)

 <State 44>: 7.3ns
The critical path consists of the following:
	bus response on port 'AXI_DATA' (main.cpp:20) [77]  (7.3 ns)

 <State 45>: 7.3ns
The critical path consists of the following:
	bus response on port 'AXI_DATA' (main.cpp:20) [77]  (7.3 ns)

 <State 46>: 7.3ns
The critical path consists of the following:
	bus response on port 'AXI_DATA' (main.cpp:20) [77]  (7.3 ns)

 <State 47>: 7.3ns
The critical path consists of the following:
	bus response on port 'AXI_DATA' (main.cpp:20) [77]  (7.3 ns)

 <State 48>: 7.3ns
The critical path consists of the following:
	bus response on port 'AXI_DATA' (main.cpp:20) [77]  (7.3 ns)

 <State 49>: 7.3ns
The critical path consists of the following:
	bus request on port 'AXI_DATA' (main.cpp:19) [84]  (7.3 ns)

 <State 50>: 7.3ns
The critical path consists of the following:
	bus request on port 'AXI_DATA' (main.cpp:19) [84]  (7.3 ns)

 <State 51>: 7.3ns
The critical path consists of the following:
	bus request on port 'AXI_DATA' (main.cpp:19) [84]  (7.3 ns)

 <State 52>: 7.3ns
The critical path consists of the following:
	bus request on port 'AXI_DATA' (main.cpp:19) [84]  (7.3 ns)

 <State 53>: 7.3ns
The critical path consists of the following:
	bus request on port 'AXI_DATA' (main.cpp:19) [84]  (7.3 ns)

 <State 54>: 7.3ns
The critical path consists of the following:
	bus request on port 'AXI_DATA' (main.cpp:19) [84]  (7.3 ns)

 <State 55>: 7.3ns
The critical path consists of the following:
	bus request on port 'AXI_DATA' (main.cpp:19) [84]  (7.3 ns)

 <State 56>: 7.3ns
The critical path consists of the following:
	bus read on port 'AXI_DATA' (main.cpp:19) [85]  (7.3 ns)

 <State 57>: 7.3ns
The critical path consists of the following:
	bus request on port 'AXI_DATA' (main.cpp:20) [93]  (7.3 ns)

 <State 58>: 7.3ns
The critical path consists of the following:
	bus write on port 'AXI_DATA' (main.cpp:20) [94]  (7.3 ns)

 <State 59>: 7.3ns
The critical path consists of the following:
	bus response on port 'AXI_DATA' (main.cpp:20) [95]  (7.3 ns)

 <State 60>: 7.3ns
The critical path consists of the following:
	bus response on port 'AXI_DATA' (main.cpp:20) [95]  (7.3 ns)

 <State 61>: 7.3ns
The critical path consists of the following:
	bus response on port 'AXI_DATA' (main.cpp:20) [95]  (7.3 ns)

 <State 62>: 7.3ns
The critical path consists of the following:
	bus response on port 'AXI_DATA' (main.cpp:20) [95]  (7.3 ns)

 <State 63>: 7.3ns
The critical path consists of the following:
	bus response on port 'AXI_DATA' (main.cpp:20) [95]  (7.3 ns)

 <State 64>: 2.46ns
The critical path consists of the following:
	'add' operation ('add_ln19_6', main.cpp:19) [96]  (0.989 ns)
	'add' operation ('add_ln19_7', main.cpp:19) [98]  (1.47 ns)

 <State 65>: 7.3ns
The critical path consists of the following:
	bus request on port 'AXI_DATA' (main.cpp:19) [102]  (7.3 ns)

 <State 66>: 7.3ns
The critical path consists of the following:
	bus request on port 'AXI_DATA' (main.cpp:19) [102]  (7.3 ns)

 <State 67>: 7.3ns
The critical path consists of the following:
	bus request on port 'AXI_DATA' (main.cpp:19) [102]  (7.3 ns)

 <State 68>: 7.3ns
The critical path consists of the following:
	bus request on port 'AXI_DATA' (main.cpp:19) [102]  (7.3 ns)

 <State 69>: 7.3ns
The critical path consists of the following:
	bus request on port 'AXI_DATA' (main.cpp:19) [102]  (7.3 ns)

 <State 70>: 7.3ns
The critical path consists of the following:
	bus request on port 'AXI_DATA' (main.cpp:19) [102]  (7.3 ns)

 <State 71>: 7.3ns
The critical path consists of the following:
	bus request on port 'AXI_DATA' (main.cpp:19) [102]  (7.3 ns)

 <State 72>: 7.3ns
The critical path consists of the following:
	bus read on port 'AXI_DATA' (main.cpp:19) [103]  (7.3 ns)

 <State 73>: 7.3ns
The critical path consists of the following:
	bus request on port 'AXI_DATA' (main.cpp:20) [111]  (7.3 ns)

 <State 74>: 7.3ns
The critical path consists of the following:
	bus write on port 'AXI_DATA' (main.cpp:20) [112]  (7.3 ns)

 <State 75>: 7.3ns
The critical path consists of the following:
	bus response on port 'AXI_DATA' (main.cpp:20) [113]  (7.3 ns)

 <State 76>: 7.3ns
The critical path consists of the following:
	bus response on port 'AXI_DATA' (main.cpp:20) [113]  (7.3 ns)

 <State 77>: 7.3ns
The critical path consists of the following:
	bus response on port 'AXI_DATA' (main.cpp:20) [113]  (7.3 ns)

 <State 78>: 7.3ns
The critical path consists of the following:
	bus response on port 'AXI_DATA' (main.cpp:20) [113]  (7.3 ns)

 <State 79>: 7.3ns
The critical path consists of the following:
	bus response on port 'AXI_DATA' (main.cpp:20) [113]  (7.3 ns)

 <State 80>: 7.3ns
The critical path consists of the following:
	bus request on port 'AXI_DATA' (main.cpp:19) [120]  (7.3 ns)

 <State 81>: 7.3ns
The critical path consists of the following:
	bus request on port 'AXI_DATA' (main.cpp:19) [120]  (7.3 ns)

 <State 82>: 7.3ns
The critical path consists of the following:
	bus request on port 'AXI_DATA' (main.cpp:19) [120]  (7.3 ns)

 <State 83>: 7.3ns
The critical path consists of the following:
	bus request on port 'AXI_DATA' (main.cpp:19) [120]  (7.3 ns)

 <State 84>: 7.3ns
The critical path consists of the following:
	bus request on port 'AXI_DATA' (main.cpp:19) [120]  (7.3 ns)

 <State 85>: 7.3ns
The critical path consists of the following:
	bus request on port 'AXI_DATA' (main.cpp:19) [120]  (7.3 ns)

 <State 86>: 7.3ns
The critical path consists of the following:
	bus request on port 'AXI_DATA' (main.cpp:19) [120]  (7.3 ns)

 <State 87>: 7.3ns
The critical path consists of the following:
	bus read on port 'AXI_DATA' (main.cpp:19) [121]  (7.3 ns)

 <State 88>: 7.3ns
The critical path consists of the following:
	bus request on port 'AXI_DATA' (main.cpp:20) [129]  (7.3 ns)

 <State 89>: 7.3ns
The critical path consists of the following:
	bus write on port 'AXI_DATA' (main.cpp:20) [130]  (7.3 ns)

 <State 90>: 7.3ns
The critical path consists of the following:
	bus response on port 'AXI_DATA' (main.cpp:20) [131]  (7.3 ns)

 <State 91>: 7.3ns
The critical path consists of the following:
	bus response on port 'AXI_DATA' (main.cpp:20) [131]  (7.3 ns)

 <State 92>: 7.3ns
The critical path consists of the following:
	bus response on port 'AXI_DATA' (main.cpp:20) [131]  (7.3 ns)

 <State 93>: 7.3ns
The critical path consists of the following:
	bus response on port 'AXI_DATA' (main.cpp:20) [131]  (7.3 ns)

 <State 94>: 7.3ns
The critical path consists of the following:
	bus response on port 'AXI_DATA' (main.cpp:20) [131]  (7.3 ns)

 <State 95>: 2.46ns
The critical path consists of the following:
	'add' operation ('add_ln19_10', main.cpp:19) [132]  (0.989 ns)
	'add' operation ('add_ln19_11', main.cpp:19) [134]  (1.47 ns)

 <State 96>: 7.3ns
The critical path consists of the following:
	bus request on port 'AXI_DATA' (main.cpp:19) [138]  (7.3 ns)

 <State 97>: 7.3ns
The critical path consists of the following:
	bus request on port 'AXI_DATA' (main.cpp:19) [138]  (7.3 ns)

 <State 98>: 7.3ns
The critical path consists of the following:
	bus request on port 'AXI_DATA' (main.cpp:19) [138]  (7.3 ns)

 <State 99>: 7.3ns
The critical path consists of the following:
	bus request on port 'AXI_DATA' (main.cpp:19) [138]  (7.3 ns)

 <State 100>: 7.3ns
The critical path consists of the following:
	bus request on port 'AXI_DATA' (main.cpp:19) [138]  (7.3 ns)

 <State 101>: 7.3ns
The critical path consists of the following:
	bus request on port 'AXI_DATA' (main.cpp:19) [138]  (7.3 ns)

 <State 102>: 7.3ns
The critical path consists of the following:
	bus request on port 'AXI_DATA' (main.cpp:19) [138]  (7.3 ns)

 <State 103>: 7.3ns
The critical path consists of the following:
	bus read on port 'AXI_DATA' (main.cpp:19) [139]  (7.3 ns)

 <State 104>: 7.3ns
The critical path consists of the following:
	bus request on port 'AXI_DATA' (main.cpp:20) [147]  (7.3 ns)

 <State 105>: 7.3ns
The critical path consists of the following:
	bus write on port 'AXI_DATA' (main.cpp:20) [148]  (7.3 ns)

 <State 106>: 7.3ns
The critical path consists of the following:
	bus response on port 'AXI_DATA' (main.cpp:20) [149]  (7.3 ns)

 <State 107>: 7.3ns
The critical path consists of the following:
	bus response on port 'AXI_DATA' (main.cpp:20) [149]  (7.3 ns)

 <State 108>: 7.3ns
The critical path consists of the following:
	bus response on port 'AXI_DATA' (main.cpp:20) [149]  (7.3 ns)

 <State 109>: 7.3ns
The critical path consists of the following:
	bus response on port 'AXI_DATA' (main.cpp:20) [149]  (7.3 ns)

 <State 110>: 7.3ns
The critical path consists of the following:
	bus response on port 'AXI_DATA' (main.cpp:20) [149]  (7.3 ns)

 <State 111>: 7.3ns
The critical path consists of the following:
	bus request on port 'AXI_DATA' (main.cpp:19) [156]  (7.3 ns)

 <State 112>: 7.3ns
The critical path consists of the following:
	bus request on port 'AXI_DATA' (main.cpp:19) [156]  (7.3 ns)

 <State 113>: 7.3ns
The critical path consists of the following:
	bus request on port 'AXI_DATA' (main.cpp:19) [156]  (7.3 ns)

 <State 114>: 7.3ns
The critical path consists of the following:
	bus request on port 'AXI_DATA' (main.cpp:19) [156]  (7.3 ns)

 <State 115>: 7.3ns
The critical path consists of the following:
	bus request on port 'AXI_DATA' (main.cpp:19) [156]  (7.3 ns)

 <State 116>: 7.3ns
The critical path consists of the following:
	bus request on port 'AXI_DATA' (main.cpp:19) [156]  (7.3 ns)

 <State 117>: 7.3ns
The critical path consists of the following:
	bus request on port 'AXI_DATA' (main.cpp:19) [156]  (7.3 ns)

 <State 118>: 7.3ns
The critical path consists of the following:
	bus read on port 'AXI_DATA' (main.cpp:19) [157]  (7.3 ns)

 <State 119>: 7.3ns
The critical path consists of the following:
	bus request on port 'AXI_DATA' (main.cpp:20) [165]  (7.3 ns)

 <State 120>: 7.3ns
The critical path consists of the following:
	bus write on port 'AXI_DATA' (main.cpp:20) [166]  (7.3 ns)

 <State 121>: 7.3ns
The critical path consists of the following:
	bus response on port 'AXI_DATA' (main.cpp:20) [167]  (7.3 ns)

 <State 122>: 7.3ns
The critical path consists of the following:
	bus response on port 'AXI_DATA' (main.cpp:20) [167]  (7.3 ns)

 <State 123>: 7.3ns
The critical path consists of the following:
	bus response on port 'AXI_DATA' (main.cpp:20) [167]  (7.3 ns)

 <State 124>: 7.3ns
The critical path consists of the following:
	bus response on port 'AXI_DATA' (main.cpp:20) [167]  (7.3 ns)

 <State 125>: 7.3ns
The critical path consists of the following:
	bus response on port 'AXI_DATA' (main.cpp:20) [167]  (7.3 ns)

 <State 126>: 2.46ns
The critical path consists of the following:
	'add' operation ('add_ln19_14', main.cpp:19) [168]  (0.989 ns)
	'add' operation ('add_ln19_15', main.cpp:19) [170]  (1.47 ns)

 <State 127>: 7.3ns
The critical path consists of the following:
	bus request on port 'AXI_DATA' (main.cpp:19) [174]  (7.3 ns)

 <State 128>: 7.3ns
The critical path consists of the following:
	bus request on port 'AXI_DATA' (main.cpp:19) [174]  (7.3 ns)

 <State 129>: 7.3ns
The critical path consists of the following:
	bus request on port 'AXI_DATA' (main.cpp:19) [174]  (7.3 ns)

 <State 130>: 7.3ns
The critical path consists of the following:
	bus request on port 'AXI_DATA' (main.cpp:19) [174]  (7.3 ns)

 <State 131>: 7.3ns
The critical path consists of the following:
	bus request on port 'AXI_DATA' (main.cpp:19) [174]  (7.3 ns)

 <State 132>: 7.3ns
The critical path consists of the following:
	bus request on port 'AXI_DATA' (main.cpp:19) [174]  (7.3 ns)

 <State 133>: 7.3ns
The critical path consists of the following:
	bus request on port 'AXI_DATA' (main.cpp:19) [174]  (7.3 ns)

 <State 134>: 7.3ns
The critical path consists of the following:
	bus read on port 'AXI_DATA' (main.cpp:19) [175]  (7.3 ns)

 <State 135>: 7.3ns
The critical path consists of the following:
	bus request on port 'AXI_DATA' (main.cpp:20) [183]  (7.3 ns)

 <State 136>: 7.3ns
The critical path consists of the following:
	bus write on port 'AXI_DATA' (main.cpp:20) [184]  (7.3 ns)

 <State 137>: 7.3ns
The critical path consists of the following:
	bus response on port 'AXI_DATA' (main.cpp:20) [185]  (7.3 ns)

 <State 138>: 7.3ns
The critical path consists of the following:
	bus response on port 'AXI_DATA' (main.cpp:20) [185]  (7.3 ns)

 <State 139>: 7.3ns
The critical path consists of the following:
	bus response on port 'AXI_DATA' (main.cpp:20) [185]  (7.3 ns)

 <State 140>: 7.3ns
The critical path consists of the following:
	bus response on port 'AXI_DATA' (main.cpp:20) [185]  (7.3 ns)

 <State 141>: 7.3ns
The critical path consists of the following:
	bus response on port 'AXI_DATA' (main.cpp:20) [185]  (7.3 ns)

 <State 142>: 7.3ns
The critical path consists of the following:
	bus request on port 'AXI_DATA' (main.cpp:19) [192]  (7.3 ns)

 <State 143>: 7.3ns
The critical path consists of the following:
	bus request on port 'AXI_DATA' (main.cpp:19) [192]  (7.3 ns)

 <State 144>: 7.3ns
The critical path consists of the following:
	bus request on port 'AXI_DATA' (main.cpp:19) [192]  (7.3 ns)

 <State 145>: 7.3ns
The critical path consists of the following:
	bus request on port 'AXI_DATA' (main.cpp:19) [192]  (7.3 ns)

 <State 146>: 7.3ns
The critical path consists of the following:
	bus request on port 'AXI_DATA' (main.cpp:19) [192]  (7.3 ns)

 <State 147>: 7.3ns
The critical path consists of the following:
	bus request on port 'AXI_DATA' (main.cpp:19) [192]  (7.3 ns)

 <State 148>: 7.3ns
The critical path consists of the following:
	bus request on port 'AXI_DATA' (main.cpp:19) [192]  (7.3 ns)

 <State 149>: 7.3ns
The critical path consists of the following:
	bus read on port 'AXI_DATA' (main.cpp:19) [193]  (7.3 ns)

 <State 150>: 7.3ns
The critical path consists of the following:
	bus request on port 'AXI_DATA' (main.cpp:20) [201]  (7.3 ns)

 <State 151>: 7.3ns
The critical path consists of the following:
	bus write on port 'AXI_DATA' (main.cpp:20) [202]  (7.3 ns)

 <State 152>: 7.3ns
The critical path consists of the following:
	bus response on port 'AXI_DATA' (main.cpp:20) [203]  (7.3 ns)

 <State 153>: 7.3ns
The critical path consists of the following:
	bus response on port 'AXI_DATA' (main.cpp:20) [203]  (7.3 ns)

 <State 154>: 7.3ns
The critical path consists of the following:
	bus response on port 'AXI_DATA' (main.cpp:20) [203]  (7.3 ns)

 <State 155>: 7.3ns
The critical path consists of the following:
	bus response on port 'AXI_DATA' (main.cpp:20) [203]  (7.3 ns)

 <State 156>: 7.3ns
The critical path consists of the following:
	bus response on port 'AXI_DATA' (main.cpp:20) [203]  (7.3 ns)

 <State 157>: 0ns
The critical path consists of the following:


============================================================
+ Verbose Summary: Binding
============================================================
N/A
* FSMD analyzer results:
  - Output states:
 - Input state : 
  - Chain level:
	State 1
	State 2
	State 3
	State 4
	State 5
	State 6
	State 7
	State 8
	State 9
	State 10
	State 11
	State 12
	State 13
	State 14
	State 15
	State 16
	State 17
	State 18
	State 19
	State 20
	State 21
	State 22
	State 23
	State 24
	State 25
	State 26
	State 27
	State 28
	State 29
	State 30
	State 31
	State 32
	State 33
	State 34
	State 35
	State 36
	State 37
	State 38
	State 39
	State 40
	State 41
	State 42
	State 43
	State 44
	State 45
	State 46
	State 47
	State 48
	State 49
	State 50
	State 51
	State 52
	State 53
	State 54
	State 55
	State 56
	State 57
	State 58
	State 59
	State 60
	State 61
	State 62
	State 63
	State 64
	State 65
	State 66
	State 67
	State 68
	State 69
	State 70
	State 71
	State 72
	State 73
	State 74
	State 75
	State 76
	State 77
	State 78
	State 79
	State 80
	State 81
	State 82
	State 83
	State 84
	State 85
	State 86
	State 87
	State 88
	State 89
	State 90
	State 91
	State 92
	State 93
	State 94
	State 95
	State 96
	State 97
	State 98
	State 99
	State 100
	State 101
	State 102
	State 103
	State 104
	State 105
	State 106
	State 107
	State 108
	State 109
	State 110
	State 111
	State 112
	State 113
	State 114
	State 115
	State 116
	State 117
	State 118
	State 119
	State 120
	State 121
	State 122
	State 123
	State 124
	State 125
	State 126
	State 127
	State 128
	State 129
	State 130
	State 131
	State 132
	State 133
	State 134
	State 135
	State 136
	State 137
	State 138
	State 139
	State 140
	State 141
	State 142
	State 143
	State 144
	State 145
	State 146
	State 147
	State 148
	State 149
	State 150
	State 151
	State 152
	State 153
	State 154
	State 155
	State 156
	State 157


============================================================
+ Verbose Summary: Datapath Resource usage 
============================================================
N/A
