

================================================================
== Vitis HLS Report for 'hwmm_layer1'
================================================================
* Date:           Fri Dec 13 17:36:45 2024

* Version:        2020.2 (Build 3064766 on Wed Nov 18 09:12:47 MST 2020)
* Project:        nn_inference
* Solution:       solution1 (Vivado IP Flow Target)
* Product family: zynquplus
* Target device:  xczu3eg-sbva484-1-i


================================================================
== Performance Estimates
================================================================
+ Timing: 
    * Summary: 
    +--------+----------+----------+------------+
    |  Clock |  Target  | Estimated| Uncertainty|
    +--------+----------+----------+------------+
    |ap_clk  |  10.00 ns|  7.300 ns|     2.70 ns|
    +--------+----------+----------+------------+

+ Latency: 
    * Summary: 
    +---------+---------+-----------+-----------+------+------+---------+
    |  Latency (cycles) |   Latency (absolute)  |   Interval  | Pipeline|
    |   min   |   max   |    min    |    max    |  min |  max |   Type  |
    +---------+---------+-----------+-----------+------+------+---------+
    |     4128|     4128|  41.280 us|  41.280 us|  4128|  4128|     none|
    +---------+---------+-----------+-----------+------+------+---------+

    + Detail: 
        * Instance: 
        N/A

        * Loop: 
        +----------------+---------+---------+----------+-----------+-----------+------+----------+
        |                |  Latency (cycles) | Iteration|  Initiation Interval  | Trip |          |
        |    Loop Name   |   min   |   max   |  Latency |  achieved |   target  | Count| Pipelined|
        +----------------+---------+---------+----------+-----------+-----------+------+----------+
        |- layer_1_prod  |      121|      121|        23|          1|          1|   100|       yes|
        |- layer_1_prod  |      121|      121|        23|          1|          1|   100|       yes|
        |- layer_1_prod  |      121|      121|        23|          1|          1|   100|       yes|
        |- layer_1_prod  |      121|      121|        23|          1|          1|   100|       yes|
        |- layer_1_prod  |      121|      121|        23|          1|          1|   100|       yes|
        |- layer_1_prod  |      121|      121|        23|          1|          1|   100|       yes|
        |- layer_1_prod  |      121|      121|        23|          1|          1|   100|       yes|
        |- layer_1_prod  |      121|      121|        23|          1|          1|   100|       yes|
        |- layer_1_prod  |      121|      121|        23|          1|          1|   100|       yes|
        |- layer_1_prod  |      121|      121|        23|          1|          1|   100|       yes|
        |- layer_1_prod  |      121|      121|        23|          1|          1|   100|       yes|
        |- layer_1_prod  |      121|      121|        23|          1|          1|   100|       yes|
        |- layer_1_prod  |      121|      121|        23|          1|          1|   100|       yes|
        |- layer_1_prod  |      121|      121|        23|          1|          1|   100|       yes|
        |- layer_1_prod  |      121|      121|        23|          1|          1|   100|       yes|
        |- layer_1_prod  |      121|      121|        23|          1|          1|   100|       yes|
        |- layer_1_prod  |      121|      121|        23|          1|          1|   100|       yes|
        |- layer_1_prod  |      121|      121|        23|          1|          1|   100|       yes|
        |- layer_1_prod  |      121|      121|        23|          1|          1|   100|       yes|
        |- layer_1_prod  |      121|      121|        23|          1|          1|   100|       yes|
        |- layer_1_prod  |      121|      121|        23|          1|          1|   100|       yes|
        |- layer_1_prod  |      121|      121|        23|          1|          1|   100|       yes|
        |- layer_1_prod  |      121|      121|        23|          1|          1|   100|       yes|
        |- layer_1_prod  |      121|      121|        23|          1|          1|   100|       yes|
        |- layer_1_prod  |      121|      121|        23|          1|          1|   100|       yes|
        |- layer_1_prod  |      121|      121|        23|          1|          1|   100|       yes|
        |- layer_1_prod  |      121|      121|        23|          1|          1|   100|       yes|
        |- layer_1_prod  |      121|      121|        23|          1|          1|   100|       yes|
        |- layer_1_prod  |      121|      121|        23|          1|          1|   100|       yes|
        |- layer_1_prod  |      121|      121|        23|          1|          1|   100|       yes|
        |- layer_1_prod  |      121|      121|        23|          1|          1|   100|       yes|
        |- layer_1_prod  |      121|      121|        23|          1|          1|   100|       yes|
        +----------------+---------+---------+----------+-----------+-----------+------+----------+

============================================================
+ Verbose Summary: Synthesis Manager
============================================================
InlineROM: 1
ExposeGlobal: 0
============================================================
+ Verbose Summary: CDFG Model
============================================================
IsTopModel: 0
ResetActiveHigh: 1
IsCombinational: 0
IsDatapathOnly: 0
HasWiredReturn: 1
HasMFsm: 0
HasVarLatency: 1
IsPipeline: 0
IsRtlPipelined: 0
IsInstanceOverlapped: 0
IsDontTouch: 0
HasImplIP: 0
IsGatedGlobalClock: 0

+ Individual pipeline summary: 
  * Pipeline-0: initiation interval (II) = 1, depth = 23
  * Pipeline-1: initiation interval (II) = 1, depth = 23
  * Pipeline-2: initiation interval (II) = 1, depth = 23
  * Pipeline-3: initiation interval (II) = 1, depth = 23
  * Pipeline-4: initiation interval (II) = 1, depth = 23
  * Pipeline-5: initiation interval (II) = 1, depth = 23
  * Pipeline-6: initiation interval (II) = 1, depth = 23
  * Pipeline-7: initiation interval (II) = 1, depth = 23
  * Pipeline-8: initiation interval (II) = 1, depth = 23
  * Pipeline-9: initiation interval (II) = 1, depth = 23
  * Pipeline-10: initiation interval (II) = 1, depth = 23
  * Pipeline-11: initiation interval (II) = 1, depth = 23
  * Pipeline-12: initiation interval (II) = 1, depth = 23
  * Pipeline-13: initiation interval (II) = 1, depth = 23
  * Pipeline-14: initiation interval (II) = 1, depth = 23
  * Pipeline-15: initiation interval (II) = 1, depth = 23
  * Pipeline-16: initiation interval (II) = 1, depth = 23
  * Pipeline-17: initiation interval (II) = 1, depth = 23
  * Pipeline-18: initiation interval (II) = 1, depth = 23
  * Pipeline-19: initiation interval (II) = 1, depth = 23
  * Pipeline-20: initiation interval (II) = 1, depth = 23
  * Pipeline-21: initiation interval (II) = 1, depth = 23
  * Pipeline-22: initiation interval (II) = 1, depth = 23
  * Pipeline-23: initiation interval (II) = 1, depth = 23
  * Pipeline-24: initiation interval (II) = 1, depth = 23
  * Pipeline-25: initiation interval (II) = 1, depth = 23
  * Pipeline-26: initiation interval (II) = 1, depth = 23
  * Pipeline-27: initiation interval (II) = 1, depth = 23
  * Pipeline-28: initiation interval (II) = 1, depth = 23
  * Pipeline-29: initiation interval (II) = 1, depth = 23
  * Pipeline-30: initiation interval (II) = 1, depth = 23
  * Pipeline-31: initiation interval (II) = 1, depth = 23


============================================================
+ Verbose Summary: Schedule
============================================================
* Number of FSM states : 961
* Pipeline : 32
  Pipeline-0 : II = 1, D = 23, States = { 8 9 10 11 12 13 14 15 16 17 18 19 20 21 22 23 24 25 26 27 28 29 30 }
  Pipeline-1 : II = 1, D = 23, States = { 38 39 40 41 42 43 44 45 46 47 48 49 50 51 52 53 54 55 56 57 58 59 60 }
  Pipeline-2 : II = 1, D = 23, States = { 68 69 70 71 72 73 74 75 76 77 78 79 80 81 82 83 84 85 86 87 88 89 90 }
  Pipeline-3 : II = 1, D = 23, States = { 98 99 100 101 102 103 104 105 106 107 108 109 110 111 112 113 114 115 116 117 118 119 120 }
  Pipeline-4 : II = 1, D = 23, States = { 128 129 130 131 132 133 134 135 136 137 138 139 140 141 142 143 144 145 146 147 148 149 150 }
  Pipeline-5 : II = 1, D = 23, States = { 158 159 160 161 162 163 164 165 166 167 168 169 170 171 172 173 174 175 176 177 178 179 180 }
  Pipeline-6 : II = 1, D = 23, States = { 188 189 190 191 192 193 194 195 196 197 198 199 200 201 202 203 204 205 206 207 208 209 210 }
  Pipeline-7 : II = 1, D = 23, States = { 218 219 220 221 222 223 224 225 226 227 228 229 230 231 232 233 234 235 236 237 238 239 240 }
  Pipeline-8 : II = 1, D = 23, States = { 248 249 250 251 252 253 254 255 256 257 258 259 260 261 262 263 264 265 266 267 268 269 270 }
  Pipeline-9 : II = 1, D = 23, States = { 278 279 280 281 282 283 284 285 286 287 288 289 290 291 292 293 294 295 296 297 298 299 300 }
  Pipeline-10 : II = 1, D = 23, States = { 308 309 310 311 312 313 314 315 316 317 318 319 320 321 322 323 324 325 326 327 328 329 330 }
  Pipeline-11 : II = 1, D = 23, States = { 338 339 340 341 342 343 344 345 346 347 348 349 350 351 352 353 354 355 356 357 358 359 360 }
  Pipeline-12 : II = 1, D = 23, States = { 368 369 370 371 372 373 374 375 376 377 378 379 380 381 382 383 384 385 386 387 388 389 390 }
  Pipeline-13 : II = 1, D = 23, States = { 398 399 400 401 402 403 404 405 406 407 408 409 410 411 412 413 414 415 416 417 418 419 420 }
  Pipeline-14 : II = 1, D = 23, States = { 428 429 430 431 432 433 434 435 436 437 438 439 440 441 442 443 444 445 446 447 448 449 450 }
  Pipeline-15 : II = 1, D = 23, States = { 458 459 460 461 462 463 464 465 466 467 468 469 470 471 472 473 474 475 476 477 478 479 480 }
  Pipeline-16 : II = 1, D = 23, States = { 488 489 490 491 492 493 494 495 496 497 498 499 500 501 502 503 504 505 506 507 508 509 510 }
  Pipeline-17 : II = 1, D = 23, States = { 518 519 520 521 522 523 524 525 526 527 528 529 530 531 532 533 534 535 536 537 538 539 540 }
  Pipeline-18 : II = 1, D = 23, States = { 548 549 550 551 552 553 554 555 556 557 558 559 560 561 562 563 564 565 566 567 568 569 570 }
  Pipeline-19 : II = 1, D = 23, States = { 578 579 580 581 582 583 584 585 586 587 588 589 590 591 592 593 594 595 596 597 598 599 600 }
  Pipeline-20 : II = 1, D = 23, States = { 608 609 610 611 612 613 614 615 616 617 618 619 620 621 622 623 624 625 626 627 628 629 630 }
  Pipeline-21 : II = 1, D = 23, States = { 638 639 640 641 642 643 644 645 646 647 648 649 650 651 652 653 654 655 656 657 658 659 660 }
  Pipeline-22 : II = 1, D = 23, States = { 668 669 670 671 672 673 674 675 676 677 678 679 680 681 682 683 684 685 686 687 688 689 690 }
  Pipeline-23 : II = 1, D = 23, States = { 698 699 700 701 702 703 704 705 706 707 708 709 710 711 712 713 714 715 716 717 718 719 720 }
  Pipeline-24 : II = 1, D = 23, States = { 728 729 730 731 732 733 734 735 736 737 738 739 740 741 742 743 744 745 746 747 748 749 750 }
  Pipeline-25 : II = 1, D = 23, States = { 758 759 760 761 762 763 764 765 766 767 768 769 770 771 772 773 774 775 776 777 778 779 780 }
  Pipeline-26 : II = 1, D = 23, States = { 788 789 790 791 792 793 794 795 796 797 798 799 800 801 802 803 804 805 806 807 808 809 810 }
  Pipeline-27 : II = 1, D = 23, States = { 818 819 820 821 822 823 824 825 826 827 828 829 830 831 832 833 834 835 836 837 838 839 840 }
  Pipeline-28 : II = 1, D = 23, States = { 848 849 850 851 852 853 854 855 856 857 858 859 860 861 862 863 864 865 866 867 868 869 870 }
  Pipeline-29 : II = 1, D = 23, States = { 878 879 880 881 882 883 884 885 886 887 888 889 890 891 892 893 894 895 896 897 898 899 900 }
  Pipeline-30 : II = 1, D = 23, States = { 908 909 910 911 912 913 914 915 916 917 918 919 920 921 922 923 924 925 926 927 928 929 930 }
  Pipeline-31 : II = 1, D = 23, States = { 938 939 940 941 942 943 944 945 946 947 948 949 950 951 952 953 954 955 956 957 958 959 960 }
* Dataflow Pipeline: 0

* FSM state transitions: 
1 --> 2 
2 --> 3 
3 --> 4 
4 --> 5 
5 --> 6 
6 --> 7 
7 --> 8 
8 --> 31 9 
9 --> 10 
10 --> 11 
11 --> 12 
12 --> 13 
13 --> 14 
14 --> 15 
15 --> 16 
16 --> 17 
17 --> 18 
18 --> 19 
19 --> 20 
20 --> 21 
21 --> 22 
22 --> 23 
23 --> 24 
24 --> 25 
25 --> 26 
26 --> 27 
27 --> 28 
28 --> 29 
29 --> 30 
30 --> 8 
31 --> 32 
32 --> 33 
33 --> 34 
34 --> 35 
35 --> 36 
36 --> 37 
37 --> 38 
38 --> 61 39 
39 --> 40 
40 --> 41 
41 --> 42 
42 --> 43 
43 --> 44 
44 --> 45 
45 --> 46 
46 --> 47 
47 --> 48 
48 --> 49 
49 --> 50 
50 --> 51 
51 --> 52 
52 --> 53 
53 --> 54 
54 --> 55 
55 --> 56 
56 --> 57 
57 --> 58 
58 --> 59 
59 --> 60 
60 --> 38 
61 --> 62 
62 --> 63 
63 --> 64 
64 --> 65 
65 --> 66 
66 --> 67 
67 --> 68 
68 --> 91 69 
69 --> 70 
70 --> 71 
71 --> 72 
72 --> 73 
73 --> 74 
74 --> 75 
75 --> 76 
76 --> 77 
77 --> 78 
78 --> 79 
79 --> 80 
80 --> 81 
81 --> 82 
82 --> 83 
83 --> 84 
84 --> 85 
85 --> 86 
86 --> 87 
87 --> 88 
88 --> 89 
89 --> 90 
90 --> 68 
91 --> 92 
92 --> 93 
93 --> 94 
94 --> 95 
95 --> 96 
96 --> 97 
97 --> 98 
98 --> 121 99 
99 --> 100 
100 --> 101 
101 --> 102 
102 --> 103 
103 --> 104 
104 --> 105 
105 --> 106 
106 --> 107 
107 --> 108 
108 --> 109 
109 --> 110 
110 --> 111 
111 --> 112 
112 --> 113 
113 --> 114 
114 --> 115 
115 --> 116 
116 --> 117 
117 --> 118 
118 --> 119 
119 --> 120 
120 --> 98 
121 --> 122 
122 --> 123 
123 --> 124 
124 --> 125 
125 --> 126 
126 --> 127 
127 --> 128 
128 --> 151 129 
129 --> 130 
130 --> 131 
131 --> 132 
132 --> 133 
133 --> 134 
134 --> 135 
135 --> 136 
136 --> 137 
137 --> 138 
138 --> 139 
139 --> 140 
140 --> 141 
141 --> 142 
142 --> 143 
143 --> 144 
144 --> 145 
145 --> 146 
146 --> 147 
147 --> 148 
148 --> 149 
149 --> 150 
150 --> 128 
151 --> 152 
152 --> 153 
153 --> 154 
154 --> 155 
155 --> 156 
156 --> 157 
157 --> 158 
158 --> 181 159 
159 --> 160 
160 --> 161 
161 --> 162 
162 --> 163 
163 --> 164 
164 --> 165 
165 --> 166 
166 --> 167 
167 --> 168 
168 --> 169 
169 --> 170 
170 --> 171 
171 --> 172 
172 --> 173 
173 --> 174 
174 --> 175 
175 --> 176 
176 --> 177 
177 --> 178 
178 --> 179 
179 --> 180 
180 --> 158 
181 --> 182 
182 --> 183 
183 --> 184 
184 --> 185 
185 --> 186 
186 --> 187 
187 --> 188 
188 --> 211 189 
189 --> 190 
190 --> 191 
191 --> 192 
192 --> 193 
193 --> 194 
194 --> 195 
195 --> 196 
196 --> 197 
197 --> 198 
198 --> 199 
199 --> 200 
200 --> 201 
201 --> 202 
202 --> 203 
203 --> 204 
204 --> 205 
205 --> 206 
206 --> 207 
207 --> 208 
208 --> 209 
209 --> 210 
210 --> 188 
211 --> 212 
212 --> 213 
213 --> 214 
214 --> 215 
215 --> 216 
216 --> 217 
217 --> 218 
218 --> 241 219 
219 --> 220 
220 --> 221 
221 --> 222 
222 --> 223 
223 --> 224 
224 --> 225 
225 --> 226 
226 --> 227 
227 --> 228 
228 --> 229 
229 --> 230 
230 --> 231 
231 --> 232 
232 --> 233 
233 --> 234 
234 --> 235 
235 --> 236 
236 --> 237 
237 --> 238 
238 --> 239 
239 --> 240 
240 --> 218 
241 --> 242 
242 --> 243 
243 --> 244 
244 --> 245 
245 --> 246 
246 --> 247 
247 --> 248 
248 --> 271 249 
249 --> 250 
250 --> 251 
251 --> 252 
252 --> 253 
253 --> 254 
254 --> 255 
255 --> 256 
256 --> 257 
257 --> 258 
258 --> 259 
259 --> 260 
260 --> 261 
261 --> 262 
262 --> 263 
263 --> 264 
264 --> 265 
265 --> 266 
266 --> 267 
267 --> 268 
268 --> 269 
269 --> 270 
270 --> 248 
271 --> 272 
272 --> 273 
273 --> 274 
274 --> 275 
275 --> 276 
276 --> 277 
277 --> 278 
278 --> 301 279 
279 --> 280 
280 --> 281 
281 --> 282 
282 --> 283 
283 --> 284 
284 --> 285 
285 --> 286 
286 --> 287 
287 --> 288 
288 --> 289 
289 --> 290 
290 --> 291 
291 --> 292 
292 --> 293 
293 --> 294 
294 --> 295 
295 --> 296 
296 --> 297 
297 --> 298 
298 --> 299 
299 --> 300 
300 --> 278 
301 --> 302 
302 --> 303 
303 --> 304 
304 --> 305 
305 --> 306 
306 --> 307 
307 --> 308 
308 --> 331 309 
309 --> 310 
310 --> 311 
311 --> 312 
312 --> 313 
313 --> 314 
314 --> 315 
315 --> 316 
316 --> 317 
317 --> 318 
318 --> 319 
319 --> 320 
320 --> 321 
321 --> 322 
322 --> 323 
323 --> 324 
324 --> 325 
325 --> 326 
326 --> 327 
327 --> 328 
328 --> 329 
329 --> 330 
330 --> 308 
331 --> 332 
332 --> 333 
333 --> 334 
334 --> 335 
335 --> 336 
336 --> 337 
337 --> 338 
338 --> 361 339 
339 --> 340 
340 --> 341 
341 --> 342 
342 --> 343 
343 --> 344 
344 --> 345 
345 --> 346 
346 --> 347 
347 --> 348 
348 --> 349 
349 --> 350 
350 --> 351 
351 --> 352 
352 --> 353 
353 --> 354 
354 --> 355 
355 --> 356 
356 --> 357 
357 --> 358 
358 --> 359 
359 --> 360 
360 --> 338 
361 --> 362 
362 --> 363 
363 --> 364 
364 --> 365 
365 --> 366 
366 --> 367 
367 --> 368 
368 --> 391 369 
369 --> 370 
370 --> 371 
371 --> 372 
372 --> 373 
373 --> 374 
374 --> 375 
375 --> 376 
376 --> 377 
377 --> 378 
378 --> 379 
379 --> 380 
380 --> 381 
381 --> 382 
382 --> 383 
383 --> 384 
384 --> 385 
385 --> 386 
386 --> 387 
387 --> 388 
388 --> 389 
389 --> 390 
390 --> 368 
391 --> 392 
392 --> 393 
393 --> 394 
394 --> 395 
395 --> 396 
396 --> 397 
397 --> 398 
398 --> 421 399 
399 --> 400 
400 --> 401 
401 --> 402 
402 --> 403 
403 --> 404 
404 --> 405 
405 --> 406 
406 --> 407 
407 --> 408 
408 --> 409 
409 --> 410 
410 --> 411 
411 --> 412 
412 --> 413 
413 --> 414 
414 --> 415 
415 --> 416 
416 --> 417 
417 --> 418 
418 --> 419 
419 --> 420 
420 --> 398 
421 --> 422 
422 --> 423 
423 --> 424 
424 --> 425 
425 --> 426 
426 --> 427 
427 --> 428 
428 --> 451 429 
429 --> 430 
430 --> 431 
431 --> 432 
432 --> 433 
433 --> 434 
434 --> 435 
435 --> 436 
436 --> 437 
437 --> 438 
438 --> 439 
439 --> 440 
440 --> 441 
441 --> 442 
442 --> 443 
443 --> 444 
444 --> 445 
445 --> 446 
446 --> 447 
447 --> 448 
448 --> 449 
449 --> 450 
450 --> 428 
451 --> 452 
452 --> 453 
453 --> 454 
454 --> 455 
455 --> 456 
456 --> 457 
457 --> 458 
458 --> 481 459 
459 --> 460 
460 --> 461 
461 --> 462 
462 --> 463 
463 --> 464 
464 --> 465 
465 --> 466 
466 --> 467 
467 --> 468 
468 --> 469 
469 --> 470 
470 --> 471 
471 --> 472 
472 --> 473 
473 --> 474 
474 --> 475 
475 --> 476 
476 --> 477 
477 --> 478 
478 --> 479 
479 --> 480 
480 --> 458 
481 --> 482 
482 --> 483 
483 --> 484 
484 --> 485 
485 --> 486 
486 --> 487 
487 --> 488 
488 --> 511 489 
489 --> 490 
490 --> 491 
491 --> 492 
492 --> 493 
493 --> 494 
494 --> 495 
495 --> 496 
496 --> 497 
497 --> 498 
498 --> 499 
499 --> 500 
500 --> 501 
501 --> 502 
502 --> 503 
503 --> 504 
504 --> 505 
505 --> 506 
506 --> 507 
507 --> 508 
508 --> 509 
509 --> 510 
510 --> 488 
511 --> 512 
512 --> 513 
513 --> 514 
514 --> 515 
515 --> 516 
516 --> 517 
517 --> 518 
518 --> 541 519 
519 --> 520 
520 --> 521 
521 --> 522 
522 --> 523 
523 --> 524 
524 --> 525 
525 --> 526 
526 --> 527 
527 --> 528 
528 --> 529 
529 --> 530 
530 --> 531 
531 --> 532 
532 --> 533 
533 --> 534 
534 --> 535 
535 --> 536 
536 --> 537 
537 --> 538 
538 --> 539 
539 --> 540 
540 --> 518 
541 --> 542 
542 --> 543 
543 --> 544 
544 --> 545 
545 --> 546 
546 --> 547 
547 --> 548 
548 --> 571 549 
549 --> 550 
550 --> 551 
551 --> 552 
552 --> 553 
553 --> 554 
554 --> 555 
555 --> 556 
556 --> 557 
557 --> 558 
558 --> 559 
559 --> 560 
560 --> 561 
561 --> 562 
562 --> 563 
563 --> 564 
564 --> 565 
565 --> 566 
566 --> 567 
567 --> 568 
568 --> 569 
569 --> 570 
570 --> 548 
571 --> 572 
572 --> 573 
573 --> 574 
574 --> 575 
575 --> 576 
576 --> 577 
577 --> 578 
578 --> 601 579 
579 --> 580 
580 --> 581 
581 --> 582 
582 --> 583 
583 --> 584 
584 --> 585 
585 --> 586 
586 --> 587 
587 --> 588 
588 --> 589 
589 --> 590 
590 --> 591 
591 --> 592 
592 --> 593 
593 --> 594 
594 --> 595 
595 --> 596 
596 --> 597 
597 --> 598 
598 --> 599 
599 --> 600 
600 --> 578 
601 --> 602 
602 --> 603 
603 --> 604 
604 --> 605 
605 --> 606 
606 --> 607 
607 --> 608 
608 --> 631 609 
609 --> 610 
610 --> 611 
611 --> 612 
612 --> 613 
613 --> 614 
614 --> 615 
615 --> 616 
616 --> 617 
617 --> 618 
618 --> 619 
619 --> 620 
620 --> 621 
621 --> 622 
622 --> 623 
623 --> 624 
624 --> 625 
625 --> 626 
626 --> 627 
627 --> 628 
628 --> 629 
629 --> 630 
630 --> 608 
631 --> 632 
632 --> 633 
633 --> 634 
634 --> 635 
635 --> 636 
636 --> 637 
637 --> 638 
638 --> 661 639 
639 --> 640 
640 --> 641 
641 --> 642 
642 --> 643 
643 --> 644 
644 --> 645 
645 --> 646 
646 --> 647 
647 --> 648 
648 --> 649 
649 --> 650 
650 --> 651 
651 --> 652 
652 --> 653 
653 --> 654 
654 --> 655 
655 --> 656 
656 --> 657 
657 --> 658 
658 --> 659 
659 --> 660 
660 --> 638 
661 --> 662 
662 --> 663 
663 --> 664 
664 --> 665 
665 --> 666 
666 --> 667 
667 --> 668 
668 --> 691 669 
669 --> 670 
670 --> 671 
671 --> 672 
672 --> 673 
673 --> 674 
674 --> 675 
675 --> 676 
676 --> 677 
677 --> 678 
678 --> 679 
679 --> 680 
680 --> 681 
681 --> 682 
682 --> 683 
683 --> 684 
684 --> 685 
685 --> 686 
686 --> 687 
687 --> 688 
688 --> 689 
689 --> 690 
690 --> 668 
691 --> 692 
692 --> 693 
693 --> 694 
694 --> 695 
695 --> 696 
696 --> 697 
697 --> 698 
698 --> 721 699 
699 --> 700 
700 --> 701 
701 --> 702 
702 --> 703 
703 --> 704 
704 --> 705 
705 --> 706 
706 --> 707 
707 --> 708 
708 --> 709 
709 --> 710 
710 --> 711 
711 --> 712 
712 --> 713 
713 --> 714 
714 --> 715 
715 --> 716 
716 --> 717 
717 --> 718 
718 --> 719 
719 --> 720 
720 --> 698 
721 --> 722 
722 --> 723 
723 --> 724 
724 --> 725 
725 --> 726 
726 --> 727 
727 --> 728 
728 --> 751 729 
729 --> 730 
730 --> 731 
731 --> 732 
732 --> 733 
733 --> 734 
734 --> 735 
735 --> 736 
736 --> 737 
737 --> 738 
738 --> 739 
739 --> 740 
740 --> 741 
741 --> 742 
742 --> 743 
743 --> 744 
744 --> 745 
745 --> 746 
746 --> 747 
747 --> 748 
748 --> 749 
749 --> 750 
750 --> 728 
751 --> 752 
752 --> 753 
753 --> 754 
754 --> 755 
755 --> 756 
756 --> 757 
757 --> 758 
758 --> 781 759 
759 --> 760 
760 --> 761 
761 --> 762 
762 --> 763 
763 --> 764 
764 --> 765 
765 --> 766 
766 --> 767 
767 --> 768 
768 --> 769 
769 --> 770 
770 --> 771 
771 --> 772 
772 --> 773 
773 --> 774 
774 --> 775 
775 --> 776 
776 --> 777 
777 --> 778 
778 --> 779 
779 --> 780 
780 --> 758 
781 --> 782 
782 --> 783 
783 --> 784 
784 --> 785 
785 --> 786 
786 --> 787 
787 --> 788 
788 --> 811 789 
789 --> 790 
790 --> 791 
791 --> 792 
792 --> 793 
793 --> 794 
794 --> 795 
795 --> 796 
796 --> 797 
797 --> 798 
798 --> 799 
799 --> 800 
800 --> 801 
801 --> 802 
802 --> 803 
803 --> 804 
804 --> 805 
805 --> 806 
806 --> 807 
807 --> 808 
808 --> 809 
809 --> 810 
810 --> 788 
811 --> 812 
812 --> 813 
813 --> 814 
814 --> 815 
815 --> 816 
816 --> 817 
817 --> 818 
818 --> 841 819 
819 --> 820 
820 --> 821 
821 --> 822 
822 --> 823 
823 --> 824 
824 --> 825 
825 --> 826 
826 --> 827 
827 --> 828 
828 --> 829 
829 --> 830 
830 --> 831 
831 --> 832 
832 --> 833 
833 --> 834 
834 --> 835 
835 --> 836 
836 --> 837 
837 --> 838 
838 --> 839 
839 --> 840 
840 --> 818 
841 --> 842 
842 --> 843 
843 --> 844 
844 --> 845 
845 --> 846 
846 --> 847 
847 --> 848 
848 --> 871 849 
849 --> 850 
850 --> 851 
851 --> 852 
852 --> 853 
853 --> 854 
854 --> 855 
855 --> 856 
856 --> 857 
857 --> 858 
858 --> 859 
859 --> 860 
860 --> 861 
861 --> 862 
862 --> 863 
863 --> 864 
864 --> 865 
865 --> 866 
866 --> 867 
867 --> 868 
868 --> 869 
869 --> 870 
870 --> 848 
871 --> 872 
872 --> 873 
873 --> 874 
874 --> 875 
875 --> 876 
876 --> 877 
877 --> 878 
878 --> 901 879 
879 --> 880 
880 --> 881 
881 --> 882 
882 --> 883 
883 --> 884 
884 --> 885 
885 --> 886 
886 --> 887 
887 --> 888 
888 --> 889 
889 --> 890 
890 --> 891 
891 --> 892 
892 --> 893 
893 --> 894 
894 --> 895 
895 --> 896 
896 --> 897 
897 --> 898 
898 --> 899 
899 --> 900 
900 --> 878 
901 --> 902 
902 --> 903 
903 --> 904 
904 --> 905 
905 --> 906 
906 --> 907 
907 --> 908 
908 --> 931 909 
909 --> 910 
910 --> 911 
911 --> 912 
912 --> 913 
913 --> 914 
914 --> 915 
915 --> 916 
916 --> 917 
917 --> 918 
918 --> 919 
919 --> 920 
920 --> 921 
921 --> 922 
922 --> 923 
923 --> 924 
924 --> 925 
925 --> 926 
926 --> 927 
927 --> 928 
928 --> 929 
929 --> 930 
930 --> 908 
931 --> 932 
932 --> 933 
933 --> 934 
934 --> 935 
935 --> 936 
936 --> 937 
937 --> 938 
938 --> 961 939 
939 --> 940 
940 --> 941 
941 --> 942 
942 --> 943 
943 --> 944 
944 --> 945 
945 --> 946 
946 --> 947 
947 --> 948 
948 --> 949 
949 --> 950 
950 --> 951 
951 --> 952 
952 --> 953 
953 --> 954 
954 --> 955 
955 --> 956 
956 --> 957 
957 --> 958 
958 --> 959 
959 --> 960 
960 --> 938 
961 --> 

* FSM state operations: 

State 1 <SV = 0> <Delay = 7.30>
ST_1 : Operation 962 [1/1] (0.00ns)   --->   "%input_read = read i64 @_ssdm_op_Read.ap_auto.i64, i64 %input_r" [matmul.cpp:12]   --->   Operation 962 'read' 'input_read' <Predicate = true> <Delay = 0.00>
ST_1 : Operation 963 [1/1] (0.00ns)   --->   "%AXI_DATA_addr = getelementptr i8 %AXI_DATA, i64 %input_read" [matmul.cpp:12]   --->   Operation 963 'getelementptr' 'AXI_DATA_addr' <Predicate = true> <Delay = 0.00>
ST_1 : Operation 964 [7/7] (7.30ns)   --->   "%AXI_DATA_addr_32_rd_req = readreq i1 @_ssdm_op_ReadReq.m_axi.i8P1A, i8 %AXI_DATA_addr, i32 100" [matmul.cpp:12]   --->   Operation 964 'readreq' 'AXI_DATA_addr_32_rd_req' <Predicate = true> <Delay = 7.30> <CoreInst = "m_axi">   --->   Core 121 'm_axi' <Latency = 6> <II = 1> <Delay = 1.00> <Adapter> <Opcode : 'read' 'write' 'readreq' 'writereq' 'writeresp'>

State 2 <SV = 1> <Delay = 7.30>
ST_2 : Operation 965 [6/7] (7.30ns)   --->   "%AXI_DATA_addr_32_rd_req = readreq i1 @_ssdm_op_ReadReq.m_axi.i8P1A, i8 %AXI_DATA_addr, i32 100" [matmul.cpp:12]   --->   Operation 965 'readreq' 'AXI_DATA_addr_32_rd_req' <Predicate = true> <Delay = 7.30> <CoreInst = "m_axi">   --->   Core 121 'm_axi' <Latency = 6> <II = 1> <Delay = 1.00> <Adapter> <Opcode : 'read' 'write' 'readreq' 'writereq' 'writeresp'>

State 3 <SV = 2> <Delay = 7.30>
ST_3 : Operation 966 [5/7] (7.30ns)   --->   "%AXI_DATA_addr_32_rd_req = readreq i1 @_ssdm_op_ReadReq.m_axi.i8P1A, i8 %AXI_DATA_addr, i32 100" [matmul.cpp:12]   --->   Operation 966 'readreq' 'AXI_DATA_addr_32_rd_req' <Predicate = true> <Delay = 7.30> <CoreInst = "m_axi">   --->   Core 121 'm_axi' <Latency = 6> <II = 1> <Delay = 1.00> <Adapter> <Opcode : 'read' 'write' 'readreq' 'writereq' 'writeresp'>

State 4 <SV = 3> <Delay = 7.30>
ST_4 : Operation 967 [4/7] (7.30ns)   --->   "%AXI_DATA_addr_32_rd_req = readreq i1 @_ssdm_op_ReadReq.m_axi.i8P1A, i8 %AXI_DATA_addr, i32 100" [matmul.cpp:12]   --->   Operation 967 'readreq' 'AXI_DATA_addr_32_rd_req' <Predicate = true> <Delay = 7.30> <CoreInst = "m_axi">   --->   Core 121 'm_axi' <Latency = 6> <II = 1> <Delay = 1.00> <Adapter> <Opcode : 'read' 'write' 'readreq' 'writereq' 'writeresp'>

State 5 <SV = 4> <Delay = 7.30>
ST_5 : Operation 968 [3/7] (7.30ns)   --->   "%AXI_DATA_addr_32_rd_req = readreq i1 @_ssdm_op_ReadReq.m_axi.i8P1A, i8 %AXI_DATA_addr, i32 100" [matmul.cpp:12]   --->   Operation 968 'readreq' 'AXI_DATA_addr_32_rd_req' <Predicate = true> <Delay = 7.30> <CoreInst = "m_axi">   --->   Core 121 'm_axi' <Latency = 6> <II = 1> <Delay = 1.00> <Adapter> <Opcode : 'read' 'write' 'readreq' 'writereq' 'writeresp'>

State 6 <SV = 5> <Delay = 7.30>
ST_6 : Operation 969 [2/7] (7.30ns)   --->   "%AXI_DATA_addr_32_rd_req = readreq i1 @_ssdm_op_ReadReq.m_axi.i8P1A, i8 %AXI_DATA_addr, i32 100" [matmul.cpp:12]   --->   Operation 969 'readreq' 'AXI_DATA_addr_32_rd_req' <Predicate = true> <Delay = 7.30> <CoreInst = "m_axi">   --->   Core 121 'm_axi' <Latency = 6> <II = 1> <Delay = 1.00> <Adapter> <Opcode : 'read' 'write' 'readreq' 'writereq' 'writeresp'>

State 7 <SV = 6> <Delay = 7.30>
ST_7 : Operation 970 [1/1] (0.00ns)   --->   "%specinterface_ln0 = specinterface void @_ssdm_op_SpecInterface, i8 %AXI_DATA, void @empty, i32 0, i32 0, void @empty_0, i32 0, i32 0, void @empty_1, void @empty_2, void @empty_0, i32 16, i32 16, i32 16, i32 16, void @empty_0, void @empty_0"   --->   Operation 970 'specinterface' 'specinterface_ln0' <Predicate = true> <Delay = 0.00>
ST_7 : Operation 971 [1/7] (7.30ns)   --->   "%AXI_DATA_addr_32_rd_req = readreq i1 @_ssdm_op_ReadReq.m_axi.i8P1A, i8 %AXI_DATA_addr, i32 100" [matmul.cpp:12]   --->   Operation 971 'readreq' 'AXI_DATA_addr_32_rd_req' <Predicate = true> <Delay = 7.30> <CoreInst = "m_axi">   --->   Core 121 'm_axi' <Latency = 6> <II = 1> <Delay = 1.00> <Adapter> <Opcode : 'read' 'write' 'readreq' 'writereq' 'writeresp'>
ST_7 : Operation 972 [1/1] (0.48ns)   --->   "%br_ln10 = br void" [matmul.cpp:10]   --->   Operation 972 'br' 'br_ln10' <Predicate = true> <Delay = 0.48>

State 8 <SV = 7> <Delay = 0.89>
ST_8 : Operation 973 [1/1] (0.00ns)   --->   "%k = phi i7 %add_ln10, void %.split63, i7 0, void" [matmul.cpp:10]   --->   Operation 973 'phi' 'k' <Predicate = true> <Delay = 0.00>
ST_8 : Operation 974 [1/1] (0.00ns)   --->   "%sum = phi i32 %sum_1, void %.split63, i32 0, void"   --->   Operation 974 'phi' 'sum' <Predicate = true> <Delay = 0.00>
ST_8 : Operation 975 [1/1] (0.89ns)   --->   "%add_ln10 = add i7 %k, i7 1" [matmul.cpp:10]   --->   Operation 975 'add' 'add_ln10' <Predicate = true> <Delay = 0.89> <CoreInst = "Adder">   --->   Core 1 'Adder' <Latency = 0> <II = 1> <Delay = 0.89> <FuncUnit> <Opcode : 'add' 'sub'> <InPorts = 2> <OutPorts = 1>
ST_8 : Operation 976 [1/1] (0.00ns)   --->   "%specpipeline_ln0 = specpipeline void @_ssdm_op_SpecPipeline, i32 4294967295, i32 0, i32 1, i32 0, void @p_str"   --->   Operation 976 'specpipeline' 'specpipeline_ln0' <Predicate = true> <Delay = 0.00>
ST_8 : Operation 977 [1/1] (0.86ns)   --->   "%icmp_ln10 = icmp_eq  i7 %k, i7 100" [matmul.cpp:10]   --->   Operation 977 'icmp' 'icmp_ln10' <Predicate = true> <Delay = 0.86> <CoreInst = "Cmp">   --->   Core 9 'Cmp' <Latency = 0> <II = 1> <Delay = 0.86> <FuncUnit> <Opcode : 'icmp'> <InPorts = 2> <OutPorts = 1>
ST_8 : Operation 978 [1/1] (0.00ns)   --->   "%empty = speclooptripcount i32 @_ssdm_op_SpecLoopTripCount, i64 100, i64 100, i64 100"   --->   Operation 978 'speclooptripcount' 'empty' <Predicate = true> <Delay = 0.00>
ST_8 : Operation 979 [1/1] (0.00ns)   --->   "%br_ln10 = br i1 %icmp_ln10, void %.split63, void" [matmul.cpp:10]   --->   Operation 979 'br' 'br_ln10' <Predicate = true> <Delay = 0.00>

State 9 <SV = 8> <Delay = 7.30>
ST_9 : Operation 980 [1/1] (7.30ns)   --->   "%AXI_DATA_addr_read = read i8 @_ssdm_op_Read.m_axi.i8P1A, i8 %AXI_DATA_addr" [matmul.cpp:12]   --->   Operation 980 'read' 'AXI_DATA_addr_read' <Predicate = (!icmp_ln10)> <Delay = 7.30> <CoreInst = "m_axi">   --->   Core 121 'm_axi' <Latency = 6> <II = 1> <Delay = 1.00> <Adapter> <Opcode : 'read' 'write' 'readreq' 'writereq' 'writeresp'>

State 10 <SV = 9> <Delay = 6.67>
ST_10 : Operation 981 [1/1] (0.00ns)   --->   "%zext_ln12 = zext i8 %AXI_DATA_addr_read" [matmul.cpp:12]   --->   Operation 981 'zext' 'zext_ln12' <Predicate = (!icmp_ln10)> <Delay = 0.00>
ST_10 : Operation 982 [4/4] (6.67ns)   --->   "%conv = uitofp i32 %zext_ln12" [matmul.cpp:12]   --->   Operation 982 'uitofp' 'conv' <Predicate = (!icmp_ln10)> <Delay = 6.67> <CoreInst = "Int2Float">   --->   Core 62 'Int2Float' <Latency = 3> <II = 1> <Delay = 6.67> <FuncUnit> <Opcode : 'sitofp' 'uitofp'> <InPorts = 1> <OutPorts = 1>

State 11 <SV = 10> <Delay = 6.67>
ST_11 : Operation 983 [3/4] (6.67ns)   --->   "%conv = uitofp i32 %zext_ln12" [matmul.cpp:12]   --->   Operation 983 'uitofp' 'conv' <Predicate = (!icmp_ln10)> <Delay = 6.67> <CoreInst = "Int2Float">   --->   Core 62 'Int2Float' <Latency = 3> <II = 1> <Delay = 6.67> <FuncUnit> <Opcode : 'sitofp' 'uitofp'> <InPorts = 1> <OutPorts = 1>

State 12 <SV = 11> <Delay = 6.67>
ST_12 : Operation 984 [2/4] (6.67ns)   --->   "%conv = uitofp i32 %zext_ln12" [matmul.cpp:12]   --->   Operation 984 'uitofp' 'conv' <Predicate = (!icmp_ln10)> <Delay = 6.67> <CoreInst = "Int2Float">   --->   Core 62 'Int2Float' <Latency = 3> <II = 1> <Delay = 6.67> <FuncUnit> <Opcode : 'sitofp' 'uitofp'> <InPorts = 1> <OutPorts = 1>

State 13 <SV = 12> <Delay = 6.67>
ST_13 : Operation 985 [1/4] (6.67ns)   --->   "%conv = uitofp i32 %zext_ln12" [matmul.cpp:12]   --->   Operation 985 'uitofp' 'conv' <Predicate = (!icmp_ln10)> <Delay = 6.67> <CoreInst = "Int2Float">   --->   Core 62 'Int2Float' <Latency = 3> <II = 1> <Delay = 6.67> <FuncUnit> <Opcode : 'sitofp' 'uitofp'> <InPorts = 1> <OutPorts = 1>

State 14 <SV = 13> <Delay = 6.70>
ST_14 : Operation 986 [10/10] (6.70ns)   --->   "%div = fdiv i32 %conv, i32 255" [matmul.cpp:12]   --->   Operation 986 'fdiv' 'div' <Predicate = (!icmp_ln10)> <Delay = 6.70> <CoreInst = "FDiv">   --->   Core 20 'FDiv' <Latency = 9> <II = 1> <Delay = 6.70> <FuncUnit> <Opcode : 'fdiv' 'frem'> <InPorts = 2> <OutPorts = 1>

State 15 <SV = 14> <Delay = 6.70>
ST_15 : Operation 987 [9/10] (6.70ns)   --->   "%div = fdiv i32 %conv, i32 255" [matmul.cpp:12]   --->   Operation 987 'fdiv' 'div' <Predicate = (!icmp_ln10)> <Delay = 6.70> <CoreInst = "FDiv">   --->   Core 20 'FDiv' <Latency = 9> <II = 1> <Delay = 6.70> <FuncUnit> <Opcode : 'fdiv' 'frem'> <InPorts = 2> <OutPorts = 1>

State 16 <SV = 15> <Delay = 6.70>
ST_16 : Operation 988 [8/10] (6.70ns)   --->   "%div = fdiv i32 %conv, i32 255" [matmul.cpp:12]   --->   Operation 988 'fdiv' 'div' <Predicate = (!icmp_ln10)> <Delay = 6.70> <CoreInst = "FDiv">   --->   Core 20 'FDiv' <Latency = 9> <II = 1> <Delay = 6.70> <FuncUnit> <Opcode : 'fdiv' 'frem'> <InPorts = 2> <OutPorts = 1>

State 17 <SV = 16> <Delay = 6.70>
ST_17 : Operation 989 [7/10] (6.70ns)   --->   "%div = fdiv i32 %conv, i32 255" [matmul.cpp:12]   --->   Operation 989 'fdiv' 'div' <Predicate = (!icmp_ln10)> <Delay = 6.70> <CoreInst = "FDiv">   --->   Core 20 'FDiv' <Latency = 9> <II = 1> <Delay = 6.70> <FuncUnit> <Opcode : 'fdiv' 'frem'> <InPorts = 2> <OutPorts = 1>

State 18 <SV = 17> <Delay = 6.70>
ST_18 : Operation 990 [6/10] (6.70ns)   --->   "%div = fdiv i32 %conv, i32 255" [matmul.cpp:12]   --->   Operation 990 'fdiv' 'div' <Predicate = (!icmp_ln10)> <Delay = 6.70> <CoreInst = "FDiv">   --->   Core 20 'FDiv' <Latency = 9> <II = 1> <Delay = 6.70> <FuncUnit> <Opcode : 'fdiv' 'frem'> <InPorts = 2> <OutPorts = 1>

State 19 <SV = 18> <Delay = 6.70>
ST_19 : Operation 991 [5/10] (6.70ns)   --->   "%div = fdiv i32 %conv, i32 255" [matmul.cpp:12]   --->   Operation 991 'fdiv' 'div' <Predicate = (!icmp_ln10)> <Delay = 6.70> <CoreInst = "FDiv">   --->   Core 20 'FDiv' <Latency = 9> <II = 1> <Delay = 6.70> <FuncUnit> <Opcode : 'fdiv' 'frem'> <InPorts = 2> <OutPorts = 1>

State 20 <SV = 19> <Delay = 6.70>
ST_20 : Operation 992 [4/10] (6.70ns)   --->   "%div = fdiv i32 %conv, i32 255" [matmul.cpp:12]   --->   Operation 992 'fdiv' 'div' <Predicate = (!icmp_ln10)> <Delay = 6.70> <CoreInst = "FDiv">   --->   Core 20 'FDiv' <Latency = 9> <II = 1> <Delay = 6.70> <FuncUnit> <Opcode : 'fdiv' 'frem'> <InPorts = 2> <OutPorts = 1>

State 21 <SV = 20> <Delay = 6.70>
ST_21 : Operation 993 [3/10] (6.70ns)   --->   "%div = fdiv i32 %conv, i32 255" [matmul.cpp:12]   --->   Operation 993 'fdiv' 'div' <Predicate = (!icmp_ln10)> <Delay = 6.70> <CoreInst = "FDiv">   --->   Core 20 'FDiv' <Latency = 9> <II = 1> <Delay = 6.70> <FuncUnit> <Opcode : 'fdiv' 'frem'> <InPorts = 2> <OutPorts = 1>

State 22 <SV = 21> <Delay = 6.70>
ST_22 : Operation 994 [2/10] (6.70ns)   --->   "%div = fdiv i32 %conv, i32 255" [matmul.cpp:12]   --->   Operation 994 'fdiv' 'div' <Predicate = (!icmp_ln10)> <Delay = 6.70> <CoreInst = "FDiv">   --->   Core 20 'FDiv' <Latency = 9> <II = 1> <Delay = 6.70> <FuncUnit> <Opcode : 'fdiv' 'frem'> <InPorts = 2> <OutPorts = 1>

State 23 <SV = 22> <Delay = 6.70>
ST_23 : Operation 995 [1/1] (0.00ns)   --->   "%k_cast = zext i7 %k" [matmul.cpp:10]   --->   Operation 995 'zext' 'k_cast' <Predicate = (!icmp_ln10)> <Delay = 0.00>
ST_23 : Operation 996 [1/10] (6.70ns)   --->   "%div = fdiv i32 %conv, i32 255" [matmul.cpp:12]   --->   Operation 996 'fdiv' 'div' <Predicate = (!icmp_ln10)> <Delay = 6.70> <CoreInst = "FDiv">   --->   Core 20 'FDiv' <Latency = 9> <II = 1> <Delay = 6.70> <FuncUnit> <Opcode : 'fdiv' 'frem'> <InPorts = 2> <OutPorts = 1>
ST_23 : Operation 997 [1/1] (0.00ns)   --->   "%layer1_weights_0_addr = getelementptr i32 %layer1_weights_0, i64 0, i64 %k_cast" [matmul.cpp:12]   --->   Operation 997 'getelementptr' 'layer1_weights_0_addr' <Predicate = (!icmp_ln10)> <Delay = 0.00>
ST_23 : Operation 998 [2/2] (1.35ns)   --->   "%layer1_weights_0_load = load i7 %layer1_weights_0_addr" [matmul.cpp:12]   --->   Operation 998 'load' 'layer1_weights_0_load' <Predicate = (!icmp_ln10)> <Delay = 1.35> <CoreInst = "ROM">   --->   Core 101 'ROM' <Latency = 1> <II = 1> <Delay = 1.35> <Storage> <Opcode : 'load'> <Ports = 0> <Width = 32> <Depth = 100> <ROM>

State 24 <SV = 23> <Delay = 6.02>
ST_24 : Operation 999 [1/2] (1.35ns)   --->   "%layer1_weights_0_load = load i7 %layer1_weights_0_addr" [matmul.cpp:12]   --->   Operation 999 'load' 'layer1_weights_0_load' <Predicate = (!icmp_ln10)> <Delay = 1.35> <CoreInst = "ROM">   --->   Core 101 'ROM' <Latency = 1> <II = 1> <Delay = 1.35> <Storage> <Opcode : 'load'> <Ports = 0> <Width = 32> <Depth = 100> <ROM>
ST_24 : Operation 1000 [4/4] (4.67ns)   --->   "%mul = fmul i32 %div, i32 %layer1_weights_0_load" [matmul.cpp:12]   --->   Operation 1000 'fmul' 'mul' <Predicate = (!icmp_ln10)> <Delay = 4.67> <CoreInst = "FMul_maxdsp">   --->   Core 30 'FMul_maxdsp' <Latency = 3> <II = 1> <Delay = 4.67> <FuncUnit> <Opcode : 'fmul'> <InPorts = 2> <OutPorts = 1>

State 25 <SV = 24> <Delay = 4.67>
ST_25 : Operation 1001 [3/4] (4.67ns)   --->   "%mul = fmul i32 %div, i32 %layer1_weights_0_load" [matmul.cpp:12]   --->   Operation 1001 'fmul' 'mul' <Predicate = (!icmp_ln10)> <Delay = 4.67> <CoreInst = "FMul_maxdsp">   --->   Core 30 'FMul_maxdsp' <Latency = 3> <II = 1> <Delay = 4.67> <FuncUnit> <Opcode : 'fmul'> <InPorts = 2> <OutPorts = 1>

State 26 <SV = 25> <Delay = 4.67>
ST_26 : Operation 1002 [2/4] (4.67ns)   --->   "%mul = fmul i32 %div, i32 %layer1_weights_0_load" [matmul.cpp:12]   --->   Operation 1002 'fmul' 'mul' <Predicate = (!icmp_ln10)> <Delay = 4.67> <CoreInst = "FMul_maxdsp">   --->   Core 30 'FMul_maxdsp' <Latency = 3> <II = 1> <Delay = 4.67> <FuncUnit> <Opcode : 'fmul'> <InPorts = 2> <OutPorts = 1>

State 27 <SV = 26> <Delay = 4.67>
ST_27 : Operation 1003 [1/4] (4.67ns)   --->   "%mul = fmul i32 %div, i32 %layer1_weights_0_load" [matmul.cpp:12]   --->   Operation 1003 'fmul' 'mul' <Predicate = (!icmp_ln10)> <Delay = 4.67> <CoreInst = "FMul_maxdsp">   --->   Core 30 'FMul_maxdsp' <Latency = 3> <II = 1> <Delay = 4.67> <FuncUnit> <Opcode : 'fmul'> <InPorts = 2> <OutPorts = 1>

State 28 <SV = 27> <Delay = 6.34>
ST_28 : Operation 1004 [1/1] (0.86ns)   --->   "%icmp_ln12 = icmp_eq  i7 %add_ln10, i7 100" [matmul.cpp:12]   --->   Operation 1004 'icmp' 'icmp_ln12' <Predicate = (!icmp_ln10)> <Delay = 0.86> <CoreInst = "Cmp">   --->   Core 9 'Cmp' <Latency = 0> <II = 1> <Delay = 0.86> <FuncUnit> <Opcode : 'icmp'> <InPorts = 2> <OutPorts = 1>
ST_28 : Operation 1005 [3/3] (5.48ns)   --->   "%sum_1 = facc i32 @_ssdm_op_FACC, i32 %mul, i1 %icmp_ln12" [matmul.cpp:12]   --->   Operation 1005 'facc' 'sum_1' <Predicate = (!icmp_ln10)> <Delay = 5.48> <CoreInst = "FAcc_nodsp">   --->   Core 11 'FAcc_nodsp' <Latency = 2> <II = 1> <Delay = 5.48> <FuncUnit> <Opcode : 'facc'> <InPorts = 2> <OutPorts = 1>

State 29 <SV = 28> <Delay = 5.48>
ST_29 : Operation 1006 [2/3] (5.48ns)   --->   "%sum_1 = facc i32 @_ssdm_op_FACC, i32 %mul, i1 %icmp_ln12" [matmul.cpp:12]   --->   Operation 1006 'facc' 'sum_1' <Predicate = (!icmp_ln10)> <Delay = 5.48> <CoreInst = "FAcc_nodsp">   --->   Core 11 'FAcc_nodsp' <Latency = 2> <II = 1> <Delay = 5.48> <FuncUnit> <Opcode : 'facc'> <InPorts = 2> <OutPorts = 1>

State 30 <SV = 29> <Delay = 5.48>
ST_30 : Operation 1007 [1/1] (0.00ns)   --->   "%specloopname_ln8 = specloopname void @_ssdm_op_SpecLoopName, void @empty_9" [matmul.cpp:8]   --->   Operation 1007 'specloopname' 'specloopname_ln8' <Predicate = (!icmp_ln10)> <Delay = 0.00>
ST_30 : Operation 1008 [1/3] (5.48ns)   --->   "%sum_1 = facc i32 @_ssdm_op_FACC, i32 %mul, i1 %icmp_ln12" [matmul.cpp:12]   --->   Operation 1008 'facc' 'sum_1' <Predicate = (!icmp_ln10)> <Delay = 5.48> <CoreInst = "FAcc_nodsp">   --->   Core 11 'FAcc_nodsp' <Latency = 2> <II = 1> <Delay = 5.48> <FuncUnit> <Opcode : 'facc'> <InPorts = 2> <OutPorts = 1>
ST_30 : Operation 1009 [1/1] (0.00ns)   --->   "%br_ln0 = br void"   --->   Operation 1009 'br' 'br_ln0' <Predicate = (!icmp_ln10)> <Delay = 0.00>

State 31 <SV = 8> <Delay = 7.30>
ST_31 : Operation 1010 [1/1] (0.00ns)   --->   "%output_0_addr = getelementptr i32 %output_0, i64 0, i64 0" [matmul.cpp:14]   --->   Operation 1010 'getelementptr' 'output_0_addr' <Predicate = true> <Delay = 0.00>
ST_31 : Operation 1011 [1/1] (1.35ns)   --->   "%store_ln14 = store i32 %sum, i5 %output_0_addr" [matmul.cpp:14]   --->   Operation 1011 'store' 'store_ln14' <Predicate = true> <Delay = 1.35> <CoreInst = "RAM">   --->   Core 83 'RAM' <Latency = 1> <II = 1> <Delay = 1.35> <Storage> <Opcode : 'load' 'store'> <Ports = 2> <Width = 32> <Depth = 32> <RAM>
ST_31 : Operation 1012 [7/7] (7.30ns)   --->   "%AXI_DATA_addr_32_rd_req544 = readreq i1 @_ssdm_op_ReadReq.m_axi.i8P1A, i8 %AXI_DATA_addr, i32 100" [matmul.cpp:12]   --->   Operation 1012 'readreq' 'AXI_DATA_addr_32_rd_req544' <Predicate = true> <Delay = 7.30> <CoreInst = "m_axi">   --->   Core 121 'm_axi' <Latency = 6> <II = 1> <Delay = 1.00> <Adapter> <Opcode : 'read' 'write' 'readreq' 'writereq' 'writeresp'>

State 32 <SV = 9> <Delay = 7.30>
ST_32 : Operation 1013 [6/7] (7.30ns)   --->   "%AXI_DATA_addr_32_rd_req544 = readreq i1 @_ssdm_op_ReadReq.m_axi.i8P1A, i8 %AXI_DATA_addr, i32 100" [matmul.cpp:12]   --->   Operation 1013 'readreq' 'AXI_DATA_addr_32_rd_req544' <Predicate = true> <Delay = 7.30> <CoreInst = "m_axi">   --->   Core 121 'm_axi' <Latency = 6> <II = 1> <Delay = 1.00> <Adapter> <Opcode : 'read' 'write' 'readreq' 'writereq' 'writeresp'>

State 33 <SV = 10> <Delay = 7.30>
ST_33 : Operation 1014 [5/7] (7.30ns)   --->   "%AXI_DATA_addr_32_rd_req544 = readreq i1 @_ssdm_op_ReadReq.m_axi.i8P1A, i8 %AXI_DATA_addr, i32 100" [matmul.cpp:12]   --->   Operation 1014 'readreq' 'AXI_DATA_addr_32_rd_req544' <Predicate = true> <Delay = 7.30> <CoreInst = "m_axi">   --->   Core 121 'm_axi' <Latency = 6> <II = 1> <Delay = 1.00> <Adapter> <Opcode : 'read' 'write' 'readreq' 'writereq' 'writeresp'>

State 34 <SV = 11> <Delay = 7.30>
ST_34 : Operation 1015 [4/7] (7.30ns)   --->   "%AXI_DATA_addr_32_rd_req544 = readreq i1 @_ssdm_op_ReadReq.m_axi.i8P1A, i8 %AXI_DATA_addr, i32 100" [matmul.cpp:12]   --->   Operation 1015 'readreq' 'AXI_DATA_addr_32_rd_req544' <Predicate = true> <Delay = 7.30> <CoreInst = "m_axi">   --->   Core 121 'm_axi' <Latency = 6> <II = 1> <Delay = 1.00> <Adapter> <Opcode : 'read' 'write' 'readreq' 'writereq' 'writeresp'>

State 35 <SV = 12> <Delay = 7.30>
ST_35 : Operation 1016 [3/7] (7.30ns)   --->   "%AXI_DATA_addr_32_rd_req544 = readreq i1 @_ssdm_op_ReadReq.m_axi.i8P1A, i8 %AXI_DATA_addr, i32 100" [matmul.cpp:12]   --->   Operation 1016 'readreq' 'AXI_DATA_addr_32_rd_req544' <Predicate = true> <Delay = 7.30> <CoreInst = "m_axi">   --->   Core 121 'm_axi' <Latency = 6> <II = 1> <Delay = 1.00> <Adapter> <Opcode : 'read' 'write' 'readreq' 'writereq' 'writeresp'>

State 36 <SV = 13> <Delay = 7.30>
ST_36 : Operation 1017 [2/7] (7.30ns)   --->   "%AXI_DATA_addr_32_rd_req544 = readreq i1 @_ssdm_op_ReadReq.m_axi.i8P1A, i8 %AXI_DATA_addr, i32 100" [matmul.cpp:12]   --->   Operation 1017 'readreq' 'AXI_DATA_addr_32_rd_req544' <Predicate = true> <Delay = 7.30> <CoreInst = "m_axi">   --->   Core 121 'm_axi' <Latency = 6> <II = 1> <Delay = 1.00> <Adapter> <Opcode : 'read' 'write' 'readreq' 'writereq' 'writeresp'>

State 37 <SV = 14> <Delay = 7.30>
ST_37 : Operation 1018 [1/7] (7.30ns)   --->   "%AXI_DATA_addr_32_rd_req544 = readreq i1 @_ssdm_op_ReadReq.m_axi.i8P1A, i8 %AXI_DATA_addr, i32 100" [matmul.cpp:12]   --->   Operation 1018 'readreq' 'AXI_DATA_addr_32_rd_req544' <Predicate = true> <Delay = 7.30> <CoreInst = "m_axi">   --->   Core 121 'm_axi' <Latency = 6> <II = 1> <Delay = 1.00> <Adapter> <Opcode : 'read' 'write' 'readreq' 'writereq' 'writeresp'>
ST_37 : Operation 1019 [1/1] (0.48ns)   --->   "%br_ln10 = br void" [matmul.cpp:10]   --->   Operation 1019 'br' 'br_ln10' <Predicate = true> <Delay = 0.48>

State 38 <SV = 15> <Delay = 0.89>
ST_38 : Operation 1020 [1/1] (0.00ns)   --->   "%k_1 = phi i7 %add_ln10_1, void %.split61, i7 0, void" [matmul.cpp:10]   --->   Operation 1020 'phi' 'k_1' <Predicate = true> <Delay = 0.00>
ST_38 : Operation 1021 [1/1] (0.00ns)   --->   "%sum_2 = phi i32 %sum_3, void %.split61, i32 0, void"   --->   Operation 1021 'phi' 'sum_2' <Predicate = true> <Delay = 0.00>
ST_38 : Operation 1022 [1/1] (0.89ns)   --->   "%add_ln10_1 = add i7 %k_1, i7 1" [matmul.cpp:10]   --->   Operation 1022 'add' 'add_ln10_1' <Predicate = true> <Delay = 0.89> <CoreInst = "Adder">   --->   Core 1 'Adder' <Latency = 0> <II = 1> <Delay = 0.89> <FuncUnit> <Opcode : 'add' 'sub'> <InPorts = 2> <OutPorts = 1>
ST_38 : Operation 1023 [1/1] (0.00ns)   --->   "%specpipeline_ln0 = specpipeline void @_ssdm_op_SpecPipeline, i32 4294967295, i32 0, i32 1, i32 0, void @p_str"   --->   Operation 1023 'specpipeline' 'specpipeline_ln0' <Predicate = true> <Delay = 0.00>
ST_38 : Operation 1024 [1/1] (0.86ns)   --->   "%icmp_ln10_1 = icmp_eq  i7 %k_1, i7 100" [matmul.cpp:10]   --->   Operation 1024 'icmp' 'icmp_ln10_1' <Predicate = true> <Delay = 0.86> <CoreInst = "Cmp">   --->   Core 9 'Cmp' <Latency = 0> <II = 1> <Delay = 0.86> <FuncUnit> <Opcode : 'icmp'> <InPorts = 2> <OutPorts = 1>
ST_38 : Operation 1025 [1/1] (0.00ns)   --->   "%empty_35 = speclooptripcount i32 @_ssdm_op_SpecLoopTripCount, i64 100, i64 100, i64 100"   --->   Operation 1025 'speclooptripcount' 'empty_35' <Predicate = true> <Delay = 0.00>
ST_38 : Operation 1026 [1/1] (0.00ns)   --->   "%br_ln10 = br i1 %icmp_ln10_1, void %.split61, void" [matmul.cpp:10]   --->   Operation 1026 'br' 'br_ln10' <Predicate = true> <Delay = 0.00>

State 39 <SV = 16> <Delay = 7.30>
ST_39 : Operation 1027 [1/1] (7.30ns)   --->   "%AXI_DATA_addr_read_1 = read i8 @_ssdm_op_Read.m_axi.i8P1A, i8 %AXI_DATA_addr" [matmul.cpp:12]   --->   Operation 1027 'read' 'AXI_DATA_addr_read_1' <Predicate = (!icmp_ln10_1)> <Delay = 7.30> <CoreInst = "m_axi">   --->   Core 121 'm_axi' <Latency = 6> <II = 1> <Delay = 1.00> <Adapter> <Opcode : 'read' 'write' 'readreq' 'writereq' 'writeresp'>

State 40 <SV = 17> <Delay = 6.67>
ST_40 : Operation 1028 [1/1] (0.00ns)   --->   "%zext_ln12_1 = zext i8 %AXI_DATA_addr_read_1" [matmul.cpp:12]   --->   Operation 1028 'zext' 'zext_ln12_1' <Predicate = (!icmp_ln10_1)> <Delay = 0.00>
ST_40 : Operation 1029 [4/4] (6.67ns)   --->   "%conv_1 = uitofp i32 %zext_ln12_1" [matmul.cpp:12]   --->   Operation 1029 'uitofp' 'conv_1' <Predicate = (!icmp_ln10_1)> <Delay = 6.67> <CoreInst = "Int2Float">   --->   Core 62 'Int2Float' <Latency = 3> <II = 1> <Delay = 6.67> <FuncUnit> <Opcode : 'sitofp' 'uitofp'> <InPorts = 1> <OutPorts = 1>

State 41 <SV = 18> <Delay = 6.67>
ST_41 : Operation 1030 [3/4] (6.67ns)   --->   "%conv_1 = uitofp i32 %zext_ln12_1" [matmul.cpp:12]   --->   Operation 1030 'uitofp' 'conv_1' <Predicate = (!icmp_ln10_1)> <Delay = 6.67> <CoreInst = "Int2Float">   --->   Core 62 'Int2Float' <Latency = 3> <II = 1> <Delay = 6.67> <FuncUnit> <Opcode : 'sitofp' 'uitofp'> <InPorts = 1> <OutPorts = 1>

State 42 <SV = 19> <Delay = 6.67>
ST_42 : Operation 1031 [2/4] (6.67ns)   --->   "%conv_1 = uitofp i32 %zext_ln12_1" [matmul.cpp:12]   --->   Operation 1031 'uitofp' 'conv_1' <Predicate = (!icmp_ln10_1)> <Delay = 6.67> <CoreInst = "Int2Float">   --->   Core 62 'Int2Float' <Latency = 3> <II = 1> <Delay = 6.67> <FuncUnit> <Opcode : 'sitofp' 'uitofp'> <InPorts = 1> <OutPorts = 1>

State 43 <SV = 20> <Delay = 6.67>
ST_43 : Operation 1032 [1/4] (6.67ns)   --->   "%conv_1 = uitofp i32 %zext_ln12_1" [matmul.cpp:12]   --->   Operation 1032 'uitofp' 'conv_1' <Predicate = (!icmp_ln10_1)> <Delay = 6.67> <CoreInst = "Int2Float">   --->   Core 62 'Int2Float' <Latency = 3> <II = 1> <Delay = 6.67> <FuncUnit> <Opcode : 'sitofp' 'uitofp'> <InPorts = 1> <OutPorts = 1>

State 44 <SV = 21> <Delay = 6.70>
ST_44 : Operation 1033 [10/10] (6.70ns)   --->   "%div_1 = fdiv i32 %conv_1, i32 255" [matmul.cpp:12]   --->   Operation 1033 'fdiv' 'div_1' <Predicate = (!icmp_ln10_1)> <Delay = 6.70> <CoreInst = "FDiv">   --->   Core 20 'FDiv' <Latency = 9> <II = 1> <Delay = 6.70> <FuncUnit> <Opcode : 'fdiv' 'frem'> <InPorts = 2> <OutPorts = 1>

State 45 <SV = 22> <Delay = 6.70>
ST_45 : Operation 1034 [9/10] (6.70ns)   --->   "%div_1 = fdiv i32 %conv_1, i32 255" [matmul.cpp:12]   --->   Operation 1034 'fdiv' 'div_1' <Predicate = (!icmp_ln10_1)> <Delay = 6.70> <CoreInst = "FDiv">   --->   Core 20 'FDiv' <Latency = 9> <II = 1> <Delay = 6.70> <FuncUnit> <Opcode : 'fdiv' 'frem'> <InPorts = 2> <OutPorts = 1>

State 46 <SV = 23> <Delay = 6.70>
ST_46 : Operation 1035 [8/10] (6.70ns)   --->   "%div_1 = fdiv i32 %conv_1, i32 255" [matmul.cpp:12]   --->   Operation 1035 'fdiv' 'div_1' <Predicate = (!icmp_ln10_1)> <Delay = 6.70> <CoreInst = "FDiv">   --->   Core 20 'FDiv' <Latency = 9> <II = 1> <Delay = 6.70> <FuncUnit> <Opcode : 'fdiv' 'frem'> <InPorts = 2> <OutPorts = 1>

State 47 <SV = 24> <Delay = 6.70>
ST_47 : Operation 1036 [7/10] (6.70ns)   --->   "%div_1 = fdiv i32 %conv_1, i32 255" [matmul.cpp:12]   --->   Operation 1036 'fdiv' 'div_1' <Predicate = (!icmp_ln10_1)> <Delay = 6.70> <CoreInst = "FDiv">   --->   Core 20 'FDiv' <Latency = 9> <II = 1> <Delay = 6.70> <FuncUnit> <Opcode : 'fdiv' 'frem'> <InPorts = 2> <OutPorts = 1>

State 48 <SV = 25> <Delay = 6.70>
ST_48 : Operation 1037 [6/10] (6.70ns)   --->   "%div_1 = fdiv i32 %conv_1, i32 255" [matmul.cpp:12]   --->   Operation 1037 'fdiv' 'div_1' <Predicate = (!icmp_ln10_1)> <Delay = 6.70> <CoreInst = "FDiv">   --->   Core 20 'FDiv' <Latency = 9> <II = 1> <Delay = 6.70> <FuncUnit> <Opcode : 'fdiv' 'frem'> <InPorts = 2> <OutPorts = 1>

State 49 <SV = 26> <Delay = 6.70>
ST_49 : Operation 1038 [5/10] (6.70ns)   --->   "%div_1 = fdiv i32 %conv_1, i32 255" [matmul.cpp:12]   --->   Operation 1038 'fdiv' 'div_1' <Predicate = (!icmp_ln10_1)> <Delay = 6.70> <CoreInst = "FDiv">   --->   Core 20 'FDiv' <Latency = 9> <II = 1> <Delay = 6.70> <FuncUnit> <Opcode : 'fdiv' 'frem'> <InPorts = 2> <OutPorts = 1>

State 50 <SV = 27> <Delay = 6.70>
ST_50 : Operation 1039 [4/10] (6.70ns)   --->   "%div_1 = fdiv i32 %conv_1, i32 255" [matmul.cpp:12]   --->   Operation 1039 'fdiv' 'div_1' <Predicate = (!icmp_ln10_1)> <Delay = 6.70> <CoreInst = "FDiv">   --->   Core 20 'FDiv' <Latency = 9> <II = 1> <Delay = 6.70> <FuncUnit> <Opcode : 'fdiv' 'frem'> <InPorts = 2> <OutPorts = 1>

State 51 <SV = 28> <Delay = 6.70>
ST_51 : Operation 1040 [3/10] (6.70ns)   --->   "%div_1 = fdiv i32 %conv_1, i32 255" [matmul.cpp:12]   --->   Operation 1040 'fdiv' 'div_1' <Predicate = (!icmp_ln10_1)> <Delay = 6.70> <CoreInst = "FDiv">   --->   Core 20 'FDiv' <Latency = 9> <II = 1> <Delay = 6.70> <FuncUnit> <Opcode : 'fdiv' 'frem'> <InPorts = 2> <OutPorts = 1>

State 52 <SV = 29> <Delay = 6.70>
ST_52 : Operation 1041 [2/10] (6.70ns)   --->   "%div_1 = fdiv i32 %conv_1, i32 255" [matmul.cpp:12]   --->   Operation 1041 'fdiv' 'div_1' <Predicate = (!icmp_ln10_1)> <Delay = 6.70> <CoreInst = "FDiv">   --->   Core 20 'FDiv' <Latency = 9> <II = 1> <Delay = 6.70> <FuncUnit> <Opcode : 'fdiv' 'frem'> <InPorts = 2> <OutPorts = 1>

State 53 <SV = 30> <Delay = 6.70>
ST_53 : Operation 1042 [1/1] (0.00ns)   --->   "%k_1_cast = zext i7 %k_1" [matmul.cpp:10]   --->   Operation 1042 'zext' 'k_1_cast' <Predicate = (!icmp_ln10_1)> <Delay = 0.00>
ST_53 : Operation 1043 [1/10] (6.70ns)   --->   "%div_1 = fdiv i32 %conv_1, i32 255" [matmul.cpp:12]   --->   Operation 1043 'fdiv' 'div_1' <Predicate = (!icmp_ln10_1)> <Delay = 6.70> <CoreInst = "FDiv">   --->   Core 20 'FDiv' <Latency = 9> <II = 1> <Delay = 6.70> <FuncUnit> <Opcode : 'fdiv' 'frem'> <InPorts = 2> <OutPorts = 1>
ST_53 : Operation 1044 [1/1] (0.00ns)   --->   "%layer1_weights_1_addr = getelementptr i32 %layer1_weights_1, i64 0, i64 %k_1_cast" [matmul.cpp:12]   --->   Operation 1044 'getelementptr' 'layer1_weights_1_addr' <Predicate = (!icmp_ln10_1)> <Delay = 0.00>
ST_53 : Operation 1045 [2/2] (1.35ns)   --->   "%layer1_weights_1_load = load i7 %layer1_weights_1_addr" [matmul.cpp:12]   --->   Operation 1045 'load' 'layer1_weights_1_load' <Predicate = (!icmp_ln10_1)> <Delay = 1.35> <CoreInst = "ROM">   --->   Core 101 'ROM' <Latency = 1> <II = 1> <Delay = 1.35> <Storage> <Opcode : 'load'> <Ports = 0> <Width = 32> <Depth = 100> <ROM>

State 54 <SV = 31> <Delay = 6.02>
ST_54 : Operation 1046 [1/2] (1.35ns)   --->   "%layer1_weights_1_load = load i7 %layer1_weights_1_addr" [matmul.cpp:12]   --->   Operation 1046 'load' 'layer1_weights_1_load' <Predicate = (!icmp_ln10_1)> <Delay = 1.35> <CoreInst = "ROM">   --->   Core 101 'ROM' <Latency = 1> <II = 1> <Delay = 1.35> <Storage> <Opcode : 'load'> <Ports = 0> <Width = 32> <Depth = 100> <ROM>
ST_54 : Operation 1047 [4/4] (4.67ns)   --->   "%mul_1 = fmul i32 %div_1, i32 %layer1_weights_1_load" [matmul.cpp:12]   --->   Operation 1047 'fmul' 'mul_1' <Predicate = (!icmp_ln10_1)> <Delay = 4.67> <CoreInst = "FMul_maxdsp">   --->   Core 30 'FMul_maxdsp' <Latency = 3> <II = 1> <Delay = 4.67> <FuncUnit> <Opcode : 'fmul'> <InPorts = 2> <OutPorts = 1>

State 55 <SV = 32> <Delay = 4.67>
ST_55 : Operation 1048 [3/4] (4.67ns)   --->   "%mul_1 = fmul i32 %div_1, i32 %layer1_weights_1_load" [matmul.cpp:12]   --->   Operation 1048 'fmul' 'mul_1' <Predicate = (!icmp_ln10_1)> <Delay = 4.67> <CoreInst = "FMul_maxdsp">   --->   Core 30 'FMul_maxdsp' <Latency = 3> <II = 1> <Delay = 4.67> <FuncUnit> <Opcode : 'fmul'> <InPorts = 2> <OutPorts = 1>

State 56 <SV = 33> <Delay = 4.67>
ST_56 : Operation 1049 [2/4] (4.67ns)   --->   "%mul_1 = fmul i32 %div_1, i32 %layer1_weights_1_load" [matmul.cpp:12]   --->   Operation 1049 'fmul' 'mul_1' <Predicate = (!icmp_ln10_1)> <Delay = 4.67> <CoreInst = "FMul_maxdsp">   --->   Core 30 'FMul_maxdsp' <Latency = 3> <II = 1> <Delay = 4.67> <FuncUnit> <Opcode : 'fmul'> <InPorts = 2> <OutPorts = 1>

State 57 <SV = 34> <Delay = 4.67>
ST_57 : Operation 1050 [1/4] (4.67ns)   --->   "%mul_1 = fmul i32 %div_1, i32 %layer1_weights_1_load" [matmul.cpp:12]   --->   Operation 1050 'fmul' 'mul_1' <Predicate = (!icmp_ln10_1)> <Delay = 4.67> <CoreInst = "FMul_maxdsp">   --->   Core 30 'FMul_maxdsp' <Latency = 3> <II = 1> <Delay = 4.67> <FuncUnit> <Opcode : 'fmul'> <InPorts = 2> <OutPorts = 1>

State 58 <SV = 35> <Delay = 6.34>
ST_58 : Operation 1051 [1/1] (0.86ns)   --->   "%icmp_ln12_1 = icmp_eq  i7 %add_ln10_1, i7 100" [matmul.cpp:12]   --->   Operation 1051 'icmp' 'icmp_ln12_1' <Predicate = (!icmp_ln10_1)> <Delay = 0.86> <CoreInst = "Cmp">   --->   Core 9 'Cmp' <Latency = 0> <II = 1> <Delay = 0.86> <FuncUnit> <Opcode : 'icmp'> <InPorts = 2> <OutPorts = 1>
ST_58 : Operation 1052 [3/3] (5.48ns)   --->   "%sum_3 = facc i32 @_ssdm_op_FACC, i32 %mul_1, i1 %icmp_ln12_1" [matmul.cpp:12]   --->   Operation 1052 'facc' 'sum_3' <Predicate = (!icmp_ln10_1)> <Delay = 5.48> <CoreInst = "FAcc_nodsp">   --->   Core 11 'FAcc_nodsp' <Latency = 2> <II = 1> <Delay = 5.48> <FuncUnit> <Opcode : 'facc'> <InPorts = 2> <OutPorts = 1>

State 59 <SV = 36> <Delay = 5.48>
ST_59 : Operation 1053 [2/3] (5.48ns)   --->   "%sum_3 = facc i32 @_ssdm_op_FACC, i32 %mul_1, i1 %icmp_ln12_1" [matmul.cpp:12]   --->   Operation 1053 'facc' 'sum_3' <Predicate = (!icmp_ln10_1)> <Delay = 5.48> <CoreInst = "FAcc_nodsp">   --->   Core 11 'FAcc_nodsp' <Latency = 2> <II = 1> <Delay = 5.48> <FuncUnit> <Opcode : 'facc'> <InPorts = 2> <OutPorts = 1>

State 60 <SV = 37> <Delay = 5.48>
ST_60 : Operation 1054 [1/1] (0.00ns)   --->   "%specloopname_ln8 = specloopname void @_ssdm_op_SpecLoopName, void @empty_9" [matmul.cpp:8]   --->   Operation 1054 'specloopname' 'specloopname_ln8' <Predicate = (!icmp_ln10_1)> <Delay = 0.00>
ST_60 : Operation 1055 [1/3] (5.48ns)   --->   "%sum_3 = facc i32 @_ssdm_op_FACC, i32 %mul_1, i1 %icmp_ln12_1" [matmul.cpp:12]   --->   Operation 1055 'facc' 'sum_3' <Predicate = (!icmp_ln10_1)> <Delay = 5.48> <CoreInst = "FAcc_nodsp">   --->   Core 11 'FAcc_nodsp' <Latency = 2> <II = 1> <Delay = 5.48> <FuncUnit> <Opcode : 'facc'> <InPorts = 2> <OutPorts = 1>
ST_60 : Operation 1056 [1/1] (0.00ns)   --->   "%br_ln0 = br void"   --->   Operation 1056 'br' 'br_ln0' <Predicate = (!icmp_ln10_1)> <Delay = 0.00>

State 61 <SV = 16> <Delay = 7.30>
ST_61 : Operation 1057 [1/1] (0.00ns)   --->   "%output_0_addr_1 = getelementptr i32 %output_0, i64 0, i64 1" [matmul.cpp:14]   --->   Operation 1057 'getelementptr' 'output_0_addr_1' <Predicate = true> <Delay = 0.00>
ST_61 : Operation 1058 [1/1] (1.35ns)   --->   "%store_ln14 = store i32 %sum_2, i5 %output_0_addr_1" [matmul.cpp:14]   --->   Operation 1058 'store' 'store_ln14' <Predicate = true> <Delay = 1.35> <CoreInst = "RAM">   --->   Core 83 'RAM' <Latency = 1> <II = 1> <Delay = 1.35> <Storage> <Opcode : 'load' 'store'> <Ports = 2> <Width = 32> <Depth = 32> <RAM>
ST_61 : Operation 1059 [7/7] (7.30ns)   --->   "%AXI_DATA_addr_32_rd_req545 = readreq i1 @_ssdm_op_ReadReq.m_axi.i8P1A, i8 %AXI_DATA_addr, i32 100" [matmul.cpp:12]   --->   Operation 1059 'readreq' 'AXI_DATA_addr_32_rd_req545' <Predicate = true> <Delay = 7.30> <CoreInst = "m_axi">   --->   Core 121 'm_axi' <Latency = 6> <II = 1> <Delay = 1.00> <Adapter> <Opcode : 'read' 'write' 'readreq' 'writereq' 'writeresp'>

State 62 <SV = 17> <Delay = 7.30>
ST_62 : Operation 1060 [6/7] (7.30ns)   --->   "%AXI_DATA_addr_32_rd_req545 = readreq i1 @_ssdm_op_ReadReq.m_axi.i8P1A, i8 %AXI_DATA_addr, i32 100" [matmul.cpp:12]   --->   Operation 1060 'readreq' 'AXI_DATA_addr_32_rd_req545' <Predicate = true> <Delay = 7.30> <CoreInst = "m_axi">   --->   Core 121 'm_axi' <Latency = 6> <II = 1> <Delay = 1.00> <Adapter> <Opcode : 'read' 'write' 'readreq' 'writereq' 'writeresp'>

State 63 <SV = 18> <Delay = 7.30>
ST_63 : Operation 1061 [5/7] (7.30ns)   --->   "%AXI_DATA_addr_32_rd_req545 = readreq i1 @_ssdm_op_ReadReq.m_axi.i8P1A, i8 %AXI_DATA_addr, i32 100" [matmul.cpp:12]   --->   Operation 1061 'readreq' 'AXI_DATA_addr_32_rd_req545' <Predicate = true> <Delay = 7.30> <CoreInst = "m_axi">   --->   Core 121 'm_axi' <Latency = 6> <II = 1> <Delay = 1.00> <Adapter> <Opcode : 'read' 'write' 'readreq' 'writereq' 'writeresp'>

State 64 <SV = 19> <Delay = 7.30>
ST_64 : Operation 1062 [4/7] (7.30ns)   --->   "%AXI_DATA_addr_32_rd_req545 = readreq i1 @_ssdm_op_ReadReq.m_axi.i8P1A, i8 %AXI_DATA_addr, i32 100" [matmul.cpp:12]   --->   Operation 1062 'readreq' 'AXI_DATA_addr_32_rd_req545' <Predicate = true> <Delay = 7.30> <CoreInst = "m_axi">   --->   Core 121 'm_axi' <Latency = 6> <II = 1> <Delay = 1.00> <Adapter> <Opcode : 'read' 'write' 'readreq' 'writereq' 'writeresp'>

State 65 <SV = 20> <Delay = 7.30>
ST_65 : Operation 1063 [3/7] (7.30ns)   --->   "%AXI_DATA_addr_32_rd_req545 = readreq i1 @_ssdm_op_ReadReq.m_axi.i8P1A, i8 %AXI_DATA_addr, i32 100" [matmul.cpp:12]   --->   Operation 1063 'readreq' 'AXI_DATA_addr_32_rd_req545' <Predicate = true> <Delay = 7.30> <CoreInst = "m_axi">   --->   Core 121 'm_axi' <Latency = 6> <II = 1> <Delay = 1.00> <Adapter> <Opcode : 'read' 'write' 'readreq' 'writereq' 'writeresp'>

State 66 <SV = 21> <Delay = 7.30>
ST_66 : Operation 1064 [2/7] (7.30ns)   --->   "%AXI_DATA_addr_32_rd_req545 = readreq i1 @_ssdm_op_ReadReq.m_axi.i8P1A, i8 %AXI_DATA_addr, i32 100" [matmul.cpp:12]   --->   Operation 1064 'readreq' 'AXI_DATA_addr_32_rd_req545' <Predicate = true> <Delay = 7.30> <CoreInst = "m_axi">   --->   Core 121 'm_axi' <Latency = 6> <II = 1> <Delay = 1.00> <Adapter> <Opcode : 'read' 'write' 'readreq' 'writereq' 'writeresp'>

State 67 <SV = 22> <Delay = 7.30>
ST_67 : Operation 1065 [1/7] (7.30ns)   --->   "%AXI_DATA_addr_32_rd_req545 = readreq i1 @_ssdm_op_ReadReq.m_axi.i8P1A, i8 %AXI_DATA_addr, i32 100" [matmul.cpp:12]   --->   Operation 1065 'readreq' 'AXI_DATA_addr_32_rd_req545' <Predicate = true> <Delay = 7.30> <CoreInst = "m_axi">   --->   Core 121 'm_axi' <Latency = 6> <II = 1> <Delay = 1.00> <Adapter> <Opcode : 'read' 'write' 'readreq' 'writereq' 'writeresp'>
ST_67 : Operation 1066 [1/1] (0.48ns)   --->   "%br_ln10 = br void" [matmul.cpp:10]   --->   Operation 1066 'br' 'br_ln10' <Predicate = true> <Delay = 0.48>

State 68 <SV = 23> <Delay = 0.89>
ST_68 : Operation 1067 [1/1] (0.00ns)   --->   "%k_2 = phi i7 %add_ln10_2, void %.split59, i7 0, void" [matmul.cpp:10]   --->   Operation 1067 'phi' 'k_2' <Predicate = true> <Delay = 0.00>
ST_68 : Operation 1068 [1/1] (0.00ns)   --->   "%sum_4 = phi i32 %sum_5, void %.split59, i32 0, void"   --->   Operation 1068 'phi' 'sum_4' <Predicate = true> <Delay = 0.00>
ST_68 : Operation 1069 [1/1] (0.89ns)   --->   "%add_ln10_2 = add i7 %k_2, i7 1" [matmul.cpp:10]   --->   Operation 1069 'add' 'add_ln10_2' <Predicate = true> <Delay = 0.89> <CoreInst = "Adder">   --->   Core 1 'Adder' <Latency = 0> <II = 1> <Delay = 0.89> <FuncUnit> <Opcode : 'add' 'sub'> <InPorts = 2> <OutPorts = 1>
ST_68 : Operation 1070 [1/1] (0.00ns)   --->   "%specpipeline_ln0 = specpipeline void @_ssdm_op_SpecPipeline, i32 4294967295, i32 0, i32 1, i32 0, void @p_str"   --->   Operation 1070 'specpipeline' 'specpipeline_ln0' <Predicate = true> <Delay = 0.00>
ST_68 : Operation 1071 [1/1] (0.86ns)   --->   "%icmp_ln10_2 = icmp_eq  i7 %k_2, i7 100" [matmul.cpp:10]   --->   Operation 1071 'icmp' 'icmp_ln10_2' <Predicate = true> <Delay = 0.86> <CoreInst = "Cmp">   --->   Core 9 'Cmp' <Latency = 0> <II = 1> <Delay = 0.86> <FuncUnit> <Opcode : 'icmp'> <InPorts = 2> <OutPorts = 1>
ST_68 : Operation 1072 [1/1] (0.00ns)   --->   "%empty_36 = speclooptripcount i32 @_ssdm_op_SpecLoopTripCount, i64 100, i64 100, i64 100"   --->   Operation 1072 'speclooptripcount' 'empty_36' <Predicate = true> <Delay = 0.00>
ST_68 : Operation 1073 [1/1] (0.00ns)   --->   "%br_ln10 = br i1 %icmp_ln10_2, void %.split59, void" [matmul.cpp:10]   --->   Operation 1073 'br' 'br_ln10' <Predicate = true> <Delay = 0.00>

State 69 <SV = 24> <Delay = 7.30>
ST_69 : Operation 1074 [1/1] (7.30ns)   --->   "%AXI_DATA_addr_read_2 = read i8 @_ssdm_op_Read.m_axi.i8P1A, i8 %AXI_DATA_addr" [matmul.cpp:12]   --->   Operation 1074 'read' 'AXI_DATA_addr_read_2' <Predicate = (!icmp_ln10_2)> <Delay = 7.30> <CoreInst = "m_axi">   --->   Core 121 'm_axi' <Latency = 6> <II = 1> <Delay = 1.00> <Adapter> <Opcode : 'read' 'write' 'readreq' 'writereq' 'writeresp'>

State 70 <SV = 25> <Delay = 6.67>
ST_70 : Operation 1075 [1/1] (0.00ns)   --->   "%zext_ln12_2 = zext i8 %AXI_DATA_addr_read_2" [matmul.cpp:12]   --->   Operation 1075 'zext' 'zext_ln12_2' <Predicate = (!icmp_ln10_2)> <Delay = 0.00>
ST_70 : Operation 1076 [4/4] (6.67ns)   --->   "%conv_2 = uitofp i32 %zext_ln12_2" [matmul.cpp:12]   --->   Operation 1076 'uitofp' 'conv_2' <Predicate = (!icmp_ln10_2)> <Delay = 6.67> <CoreInst = "Int2Float">   --->   Core 62 'Int2Float' <Latency = 3> <II = 1> <Delay = 6.67> <FuncUnit> <Opcode : 'sitofp' 'uitofp'> <InPorts = 1> <OutPorts = 1>

State 71 <SV = 26> <Delay = 6.67>
ST_71 : Operation 1077 [3/4] (6.67ns)   --->   "%conv_2 = uitofp i32 %zext_ln12_2" [matmul.cpp:12]   --->   Operation 1077 'uitofp' 'conv_2' <Predicate = (!icmp_ln10_2)> <Delay = 6.67> <CoreInst = "Int2Float">   --->   Core 62 'Int2Float' <Latency = 3> <II = 1> <Delay = 6.67> <FuncUnit> <Opcode : 'sitofp' 'uitofp'> <InPorts = 1> <OutPorts = 1>

State 72 <SV = 27> <Delay = 6.67>
ST_72 : Operation 1078 [2/4] (6.67ns)   --->   "%conv_2 = uitofp i32 %zext_ln12_2" [matmul.cpp:12]   --->   Operation 1078 'uitofp' 'conv_2' <Predicate = (!icmp_ln10_2)> <Delay = 6.67> <CoreInst = "Int2Float">   --->   Core 62 'Int2Float' <Latency = 3> <II = 1> <Delay = 6.67> <FuncUnit> <Opcode : 'sitofp' 'uitofp'> <InPorts = 1> <OutPorts = 1>

State 73 <SV = 28> <Delay = 6.67>
ST_73 : Operation 1079 [1/4] (6.67ns)   --->   "%conv_2 = uitofp i32 %zext_ln12_2" [matmul.cpp:12]   --->   Operation 1079 'uitofp' 'conv_2' <Predicate = (!icmp_ln10_2)> <Delay = 6.67> <CoreInst = "Int2Float">   --->   Core 62 'Int2Float' <Latency = 3> <II = 1> <Delay = 6.67> <FuncUnit> <Opcode : 'sitofp' 'uitofp'> <InPorts = 1> <OutPorts = 1>

State 74 <SV = 29> <Delay = 6.70>
ST_74 : Operation 1080 [10/10] (6.70ns)   --->   "%div_2 = fdiv i32 %conv_2, i32 255" [matmul.cpp:12]   --->   Operation 1080 'fdiv' 'div_2' <Predicate = (!icmp_ln10_2)> <Delay = 6.70> <CoreInst = "FDiv">   --->   Core 20 'FDiv' <Latency = 9> <II = 1> <Delay = 6.70> <FuncUnit> <Opcode : 'fdiv' 'frem'> <InPorts = 2> <OutPorts = 1>

State 75 <SV = 30> <Delay = 6.70>
ST_75 : Operation 1081 [9/10] (6.70ns)   --->   "%div_2 = fdiv i32 %conv_2, i32 255" [matmul.cpp:12]   --->   Operation 1081 'fdiv' 'div_2' <Predicate = (!icmp_ln10_2)> <Delay = 6.70> <CoreInst = "FDiv">   --->   Core 20 'FDiv' <Latency = 9> <II = 1> <Delay = 6.70> <FuncUnit> <Opcode : 'fdiv' 'frem'> <InPorts = 2> <OutPorts = 1>

State 76 <SV = 31> <Delay = 6.70>
ST_76 : Operation 1082 [8/10] (6.70ns)   --->   "%div_2 = fdiv i32 %conv_2, i32 255" [matmul.cpp:12]   --->   Operation 1082 'fdiv' 'div_2' <Predicate = (!icmp_ln10_2)> <Delay = 6.70> <CoreInst = "FDiv">   --->   Core 20 'FDiv' <Latency = 9> <II = 1> <Delay = 6.70> <FuncUnit> <Opcode : 'fdiv' 'frem'> <InPorts = 2> <OutPorts = 1>

State 77 <SV = 32> <Delay = 6.70>
ST_77 : Operation 1083 [7/10] (6.70ns)   --->   "%div_2 = fdiv i32 %conv_2, i32 255" [matmul.cpp:12]   --->   Operation 1083 'fdiv' 'div_2' <Predicate = (!icmp_ln10_2)> <Delay = 6.70> <CoreInst = "FDiv">   --->   Core 20 'FDiv' <Latency = 9> <II = 1> <Delay = 6.70> <FuncUnit> <Opcode : 'fdiv' 'frem'> <InPorts = 2> <OutPorts = 1>

State 78 <SV = 33> <Delay = 6.70>
ST_78 : Operation 1084 [6/10] (6.70ns)   --->   "%div_2 = fdiv i32 %conv_2, i32 255" [matmul.cpp:12]   --->   Operation 1084 'fdiv' 'div_2' <Predicate = (!icmp_ln10_2)> <Delay = 6.70> <CoreInst = "FDiv">   --->   Core 20 'FDiv' <Latency = 9> <II = 1> <Delay = 6.70> <FuncUnit> <Opcode : 'fdiv' 'frem'> <InPorts = 2> <OutPorts = 1>

State 79 <SV = 34> <Delay = 6.70>
ST_79 : Operation 1085 [5/10] (6.70ns)   --->   "%div_2 = fdiv i32 %conv_2, i32 255" [matmul.cpp:12]   --->   Operation 1085 'fdiv' 'div_2' <Predicate = (!icmp_ln10_2)> <Delay = 6.70> <CoreInst = "FDiv">   --->   Core 20 'FDiv' <Latency = 9> <II = 1> <Delay = 6.70> <FuncUnit> <Opcode : 'fdiv' 'frem'> <InPorts = 2> <OutPorts = 1>

State 80 <SV = 35> <Delay = 6.70>
ST_80 : Operation 1086 [4/10] (6.70ns)   --->   "%div_2 = fdiv i32 %conv_2, i32 255" [matmul.cpp:12]   --->   Operation 1086 'fdiv' 'div_2' <Predicate = (!icmp_ln10_2)> <Delay = 6.70> <CoreInst = "FDiv">   --->   Core 20 'FDiv' <Latency = 9> <II = 1> <Delay = 6.70> <FuncUnit> <Opcode : 'fdiv' 'frem'> <InPorts = 2> <OutPorts = 1>

State 81 <SV = 36> <Delay = 6.70>
ST_81 : Operation 1087 [3/10] (6.70ns)   --->   "%div_2 = fdiv i32 %conv_2, i32 255" [matmul.cpp:12]   --->   Operation 1087 'fdiv' 'div_2' <Predicate = (!icmp_ln10_2)> <Delay = 6.70> <CoreInst = "FDiv">   --->   Core 20 'FDiv' <Latency = 9> <II = 1> <Delay = 6.70> <FuncUnit> <Opcode : 'fdiv' 'frem'> <InPorts = 2> <OutPorts = 1>

State 82 <SV = 37> <Delay = 6.70>
ST_82 : Operation 1088 [2/10] (6.70ns)   --->   "%div_2 = fdiv i32 %conv_2, i32 255" [matmul.cpp:12]   --->   Operation 1088 'fdiv' 'div_2' <Predicate = (!icmp_ln10_2)> <Delay = 6.70> <CoreInst = "FDiv">   --->   Core 20 'FDiv' <Latency = 9> <II = 1> <Delay = 6.70> <FuncUnit> <Opcode : 'fdiv' 'frem'> <InPorts = 2> <OutPorts = 1>

State 83 <SV = 38> <Delay = 6.70>
ST_83 : Operation 1089 [1/1] (0.00ns)   --->   "%k_2_cast = zext i7 %k_2" [matmul.cpp:10]   --->   Operation 1089 'zext' 'k_2_cast' <Predicate = (!icmp_ln10_2)> <Delay = 0.00>
ST_83 : Operation 1090 [1/10] (6.70ns)   --->   "%div_2 = fdiv i32 %conv_2, i32 255" [matmul.cpp:12]   --->   Operation 1090 'fdiv' 'div_2' <Predicate = (!icmp_ln10_2)> <Delay = 6.70> <CoreInst = "FDiv">   --->   Core 20 'FDiv' <Latency = 9> <II = 1> <Delay = 6.70> <FuncUnit> <Opcode : 'fdiv' 'frem'> <InPorts = 2> <OutPorts = 1>
ST_83 : Operation 1091 [1/1] (0.00ns)   --->   "%layer1_weights_2_addr = getelementptr i32 %layer1_weights_2, i64 0, i64 %k_2_cast" [matmul.cpp:12]   --->   Operation 1091 'getelementptr' 'layer1_weights_2_addr' <Predicate = (!icmp_ln10_2)> <Delay = 0.00>
ST_83 : Operation 1092 [2/2] (1.35ns)   --->   "%layer1_weights_2_load = load i7 %layer1_weights_2_addr" [matmul.cpp:12]   --->   Operation 1092 'load' 'layer1_weights_2_load' <Predicate = (!icmp_ln10_2)> <Delay = 1.35> <CoreInst = "ROM">   --->   Core 101 'ROM' <Latency = 1> <II = 1> <Delay = 1.35> <Storage> <Opcode : 'load'> <Ports = 0> <Width = 32> <Depth = 100> <ROM>

State 84 <SV = 39> <Delay = 6.02>
ST_84 : Operation 1093 [1/2] (1.35ns)   --->   "%layer1_weights_2_load = load i7 %layer1_weights_2_addr" [matmul.cpp:12]   --->   Operation 1093 'load' 'layer1_weights_2_load' <Predicate = (!icmp_ln10_2)> <Delay = 1.35> <CoreInst = "ROM">   --->   Core 101 'ROM' <Latency = 1> <II = 1> <Delay = 1.35> <Storage> <Opcode : 'load'> <Ports = 0> <Width = 32> <Depth = 100> <ROM>
ST_84 : Operation 1094 [4/4] (4.67ns)   --->   "%mul_2 = fmul i32 %div_2, i32 %layer1_weights_2_load" [matmul.cpp:12]   --->   Operation 1094 'fmul' 'mul_2' <Predicate = (!icmp_ln10_2)> <Delay = 4.67> <CoreInst = "FMul_maxdsp">   --->   Core 30 'FMul_maxdsp' <Latency = 3> <II = 1> <Delay = 4.67> <FuncUnit> <Opcode : 'fmul'> <InPorts = 2> <OutPorts = 1>

State 85 <SV = 40> <Delay = 4.67>
ST_85 : Operation 1095 [3/4] (4.67ns)   --->   "%mul_2 = fmul i32 %div_2, i32 %layer1_weights_2_load" [matmul.cpp:12]   --->   Operation 1095 'fmul' 'mul_2' <Predicate = (!icmp_ln10_2)> <Delay = 4.67> <CoreInst = "FMul_maxdsp">   --->   Core 30 'FMul_maxdsp' <Latency = 3> <II = 1> <Delay = 4.67> <FuncUnit> <Opcode : 'fmul'> <InPorts = 2> <OutPorts = 1>

State 86 <SV = 41> <Delay = 4.67>
ST_86 : Operation 1096 [2/4] (4.67ns)   --->   "%mul_2 = fmul i32 %div_2, i32 %layer1_weights_2_load" [matmul.cpp:12]   --->   Operation 1096 'fmul' 'mul_2' <Predicate = (!icmp_ln10_2)> <Delay = 4.67> <CoreInst = "FMul_maxdsp">   --->   Core 30 'FMul_maxdsp' <Latency = 3> <II = 1> <Delay = 4.67> <FuncUnit> <Opcode : 'fmul'> <InPorts = 2> <OutPorts = 1>

State 87 <SV = 42> <Delay = 4.67>
ST_87 : Operation 1097 [1/4] (4.67ns)   --->   "%mul_2 = fmul i32 %div_2, i32 %layer1_weights_2_load" [matmul.cpp:12]   --->   Operation 1097 'fmul' 'mul_2' <Predicate = (!icmp_ln10_2)> <Delay = 4.67> <CoreInst = "FMul_maxdsp">   --->   Core 30 'FMul_maxdsp' <Latency = 3> <II = 1> <Delay = 4.67> <FuncUnit> <Opcode : 'fmul'> <InPorts = 2> <OutPorts = 1>

State 88 <SV = 43> <Delay = 6.34>
ST_88 : Operation 1098 [1/1] (0.86ns)   --->   "%icmp_ln12_2 = icmp_eq  i7 %add_ln10_2, i7 100" [matmul.cpp:12]   --->   Operation 1098 'icmp' 'icmp_ln12_2' <Predicate = (!icmp_ln10_2)> <Delay = 0.86> <CoreInst = "Cmp">   --->   Core 9 'Cmp' <Latency = 0> <II = 1> <Delay = 0.86> <FuncUnit> <Opcode : 'icmp'> <InPorts = 2> <OutPorts = 1>
ST_88 : Operation 1099 [3/3] (5.48ns)   --->   "%sum_5 = facc i32 @_ssdm_op_FACC, i32 %mul_2, i1 %icmp_ln12_2" [matmul.cpp:12]   --->   Operation 1099 'facc' 'sum_5' <Predicate = (!icmp_ln10_2)> <Delay = 5.48> <CoreInst = "FAcc_nodsp">   --->   Core 11 'FAcc_nodsp' <Latency = 2> <II = 1> <Delay = 5.48> <FuncUnit> <Opcode : 'facc'> <InPorts = 2> <OutPorts = 1>

State 89 <SV = 44> <Delay = 5.48>
ST_89 : Operation 1100 [2/3] (5.48ns)   --->   "%sum_5 = facc i32 @_ssdm_op_FACC, i32 %mul_2, i1 %icmp_ln12_2" [matmul.cpp:12]   --->   Operation 1100 'facc' 'sum_5' <Predicate = (!icmp_ln10_2)> <Delay = 5.48> <CoreInst = "FAcc_nodsp">   --->   Core 11 'FAcc_nodsp' <Latency = 2> <II = 1> <Delay = 5.48> <FuncUnit> <Opcode : 'facc'> <InPorts = 2> <OutPorts = 1>

State 90 <SV = 45> <Delay = 5.48>
ST_90 : Operation 1101 [1/1] (0.00ns)   --->   "%specloopname_ln8 = specloopname void @_ssdm_op_SpecLoopName, void @empty_9" [matmul.cpp:8]   --->   Operation 1101 'specloopname' 'specloopname_ln8' <Predicate = (!icmp_ln10_2)> <Delay = 0.00>
ST_90 : Operation 1102 [1/3] (5.48ns)   --->   "%sum_5 = facc i32 @_ssdm_op_FACC, i32 %mul_2, i1 %icmp_ln12_2" [matmul.cpp:12]   --->   Operation 1102 'facc' 'sum_5' <Predicate = (!icmp_ln10_2)> <Delay = 5.48> <CoreInst = "FAcc_nodsp">   --->   Core 11 'FAcc_nodsp' <Latency = 2> <II = 1> <Delay = 5.48> <FuncUnit> <Opcode : 'facc'> <InPorts = 2> <OutPorts = 1>
ST_90 : Operation 1103 [1/1] (0.00ns)   --->   "%br_ln0 = br void"   --->   Operation 1103 'br' 'br_ln0' <Predicate = (!icmp_ln10_2)> <Delay = 0.00>

State 91 <SV = 24> <Delay = 7.30>
ST_91 : Operation 1104 [1/1] (0.00ns)   --->   "%output_0_addr_2 = getelementptr i32 %output_0, i64 0, i64 2" [matmul.cpp:14]   --->   Operation 1104 'getelementptr' 'output_0_addr_2' <Predicate = true> <Delay = 0.00>
ST_91 : Operation 1105 [1/1] (1.35ns)   --->   "%store_ln14 = store i32 %sum_4, i5 %output_0_addr_2" [matmul.cpp:14]   --->   Operation 1105 'store' 'store_ln14' <Predicate = true> <Delay = 1.35> <CoreInst = "RAM">   --->   Core 83 'RAM' <Latency = 1> <II = 1> <Delay = 1.35> <Storage> <Opcode : 'load' 'store'> <Ports = 2> <Width = 32> <Depth = 32> <RAM>
ST_91 : Operation 1106 [7/7] (7.30ns)   --->   "%AXI_DATA_addr_32_rd_req546 = readreq i1 @_ssdm_op_ReadReq.m_axi.i8P1A, i8 %AXI_DATA_addr, i32 100" [matmul.cpp:12]   --->   Operation 1106 'readreq' 'AXI_DATA_addr_32_rd_req546' <Predicate = true> <Delay = 7.30> <CoreInst = "m_axi">   --->   Core 121 'm_axi' <Latency = 6> <II = 1> <Delay = 1.00> <Adapter> <Opcode : 'read' 'write' 'readreq' 'writereq' 'writeresp'>

State 92 <SV = 25> <Delay = 7.30>
ST_92 : Operation 1107 [6/7] (7.30ns)   --->   "%AXI_DATA_addr_32_rd_req546 = readreq i1 @_ssdm_op_ReadReq.m_axi.i8P1A, i8 %AXI_DATA_addr, i32 100" [matmul.cpp:12]   --->   Operation 1107 'readreq' 'AXI_DATA_addr_32_rd_req546' <Predicate = true> <Delay = 7.30> <CoreInst = "m_axi">   --->   Core 121 'm_axi' <Latency = 6> <II = 1> <Delay = 1.00> <Adapter> <Opcode : 'read' 'write' 'readreq' 'writereq' 'writeresp'>

State 93 <SV = 26> <Delay = 7.30>
ST_93 : Operation 1108 [5/7] (7.30ns)   --->   "%AXI_DATA_addr_32_rd_req546 = readreq i1 @_ssdm_op_ReadReq.m_axi.i8P1A, i8 %AXI_DATA_addr, i32 100" [matmul.cpp:12]   --->   Operation 1108 'readreq' 'AXI_DATA_addr_32_rd_req546' <Predicate = true> <Delay = 7.30> <CoreInst = "m_axi">   --->   Core 121 'm_axi' <Latency = 6> <II = 1> <Delay = 1.00> <Adapter> <Opcode : 'read' 'write' 'readreq' 'writereq' 'writeresp'>

State 94 <SV = 27> <Delay = 7.30>
ST_94 : Operation 1109 [4/7] (7.30ns)   --->   "%AXI_DATA_addr_32_rd_req546 = readreq i1 @_ssdm_op_ReadReq.m_axi.i8P1A, i8 %AXI_DATA_addr, i32 100" [matmul.cpp:12]   --->   Operation 1109 'readreq' 'AXI_DATA_addr_32_rd_req546' <Predicate = true> <Delay = 7.30> <CoreInst = "m_axi">   --->   Core 121 'm_axi' <Latency = 6> <II = 1> <Delay = 1.00> <Adapter> <Opcode : 'read' 'write' 'readreq' 'writereq' 'writeresp'>

State 95 <SV = 28> <Delay = 7.30>
ST_95 : Operation 1110 [3/7] (7.30ns)   --->   "%AXI_DATA_addr_32_rd_req546 = readreq i1 @_ssdm_op_ReadReq.m_axi.i8P1A, i8 %AXI_DATA_addr, i32 100" [matmul.cpp:12]   --->   Operation 1110 'readreq' 'AXI_DATA_addr_32_rd_req546' <Predicate = true> <Delay = 7.30> <CoreInst = "m_axi">   --->   Core 121 'm_axi' <Latency = 6> <II = 1> <Delay = 1.00> <Adapter> <Opcode : 'read' 'write' 'readreq' 'writereq' 'writeresp'>

State 96 <SV = 29> <Delay = 7.30>
ST_96 : Operation 1111 [2/7] (7.30ns)   --->   "%AXI_DATA_addr_32_rd_req546 = readreq i1 @_ssdm_op_ReadReq.m_axi.i8P1A, i8 %AXI_DATA_addr, i32 100" [matmul.cpp:12]   --->   Operation 1111 'readreq' 'AXI_DATA_addr_32_rd_req546' <Predicate = true> <Delay = 7.30> <CoreInst = "m_axi">   --->   Core 121 'm_axi' <Latency = 6> <II = 1> <Delay = 1.00> <Adapter> <Opcode : 'read' 'write' 'readreq' 'writereq' 'writeresp'>

State 97 <SV = 30> <Delay = 7.30>
ST_97 : Operation 1112 [1/7] (7.30ns)   --->   "%AXI_DATA_addr_32_rd_req546 = readreq i1 @_ssdm_op_ReadReq.m_axi.i8P1A, i8 %AXI_DATA_addr, i32 100" [matmul.cpp:12]   --->   Operation 1112 'readreq' 'AXI_DATA_addr_32_rd_req546' <Predicate = true> <Delay = 7.30> <CoreInst = "m_axi">   --->   Core 121 'm_axi' <Latency = 6> <II = 1> <Delay = 1.00> <Adapter> <Opcode : 'read' 'write' 'readreq' 'writereq' 'writeresp'>
ST_97 : Operation 1113 [1/1] (0.48ns)   --->   "%br_ln10 = br void" [matmul.cpp:10]   --->   Operation 1113 'br' 'br_ln10' <Predicate = true> <Delay = 0.48>

State 98 <SV = 31> <Delay = 0.89>
ST_98 : Operation 1114 [1/1] (0.00ns)   --->   "%k_3 = phi i7 %add_ln10_3, void %.split57, i7 0, void" [matmul.cpp:10]   --->   Operation 1114 'phi' 'k_3' <Predicate = true> <Delay = 0.00>
ST_98 : Operation 1115 [1/1] (0.00ns)   --->   "%sum_6 = phi i32 %sum_7, void %.split57, i32 0, void"   --->   Operation 1115 'phi' 'sum_6' <Predicate = true> <Delay = 0.00>
ST_98 : Operation 1116 [1/1] (0.89ns)   --->   "%add_ln10_3 = add i7 %k_3, i7 1" [matmul.cpp:10]   --->   Operation 1116 'add' 'add_ln10_3' <Predicate = true> <Delay = 0.89> <CoreInst = "Adder">   --->   Core 1 'Adder' <Latency = 0> <II = 1> <Delay = 0.89> <FuncUnit> <Opcode : 'add' 'sub'> <InPorts = 2> <OutPorts = 1>
ST_98 : Operation 1117 [1/1] (0.00ns)   --->   "%specpipeline_ln0 = specpipeline void @_ssdm_op_SpecPipeline, i32 4294967295, i32 0, i32 1, i32 0, void @p_str"   --->   Operation 1117 'specpipeline' 'specpipeline_ln0' <Predicate = true> <Delay = 0.00>
ST_98 : Operation 1118 [1/1] (0.86ns)   --->   "%icmp_ln10_3 = icmp_eq  i7 %k_3, i7 100" [matmul.cpp:10]   --->   Operation 1118 'icmp' 'icmp_ln10_3' <Predicate = true> <Delay = 0.86> <CoreInst = "Cmp">   --->   Core 9 'Cmp' <Latency = 0> <II = 1> <Delay = 0.86> <FuncUnit> <Opcode : 'icmp'> <InPorts = 2> <OutPorts = 1>
ST_98 : Operation 1119 [1/1] (0.00ns)   --->   "%empty_37 = speclooptripcount i32 @_ssdm_op_SpecLoopTripCount, i64 100, i64 100, i64 100"   --->   Operation 1119 'speclooptripcount' 'empty_37' <Predicate = true> <Delay = 0.00>
ST_98 : Operation 1120 [1/1] (0.00ns)   --->   "%br_ln10 = br i1 %icmp_ln10_3, void %.split57, void" [matmul.cpp:10]   --->   Operation 1120 'br' 'br_ln10' <Predicate = true> <Delay = 0.00>

State 99 <SV = 32> <Delay = 7.30>
ST_99 : Operation 1121 [1/1] (7.30ns)   --->   "%AXI_DATA_addr_read_3 = read i8 @_ssdm_op_Read.m_axi.i8P1A, i8 %AXI_DATA_addr" [matmul.cpp:12]   --->   Operation 1121 'read' 'AXI_DATA_addr_read_3' <Predicate = (!icmp_ln10_3)> <Delay = 7.30> <CoreInst = "m_axi">   --->   Core 121 'm_axi' <Latency = 6> <II = 1> <Delay = 1.00> <Adapter> <Opcode : 'read' 'write' 'readreq' 'writereq' 'writeresp'>

State 100 <SV = 33> <Delay = 6.67>
ST_100 : Operation 1122 [1/1] (0.00ns)   --->   "%zext_ln12_3 = zext i8 %AXI_DATA_addr_read_3" [matmul.cpp:12]   --->   Operation 1122 'zext' 'zext_ln12_3' <Predicate = (!icmp_ln10_3)> <Delay = 0.00>
ST_100 : Operation 1123 [4/4] (6.67ns)   --->   "%conv_3 = uitofp i32 %zext_ln12_3" [matmul.cpp:12]   --->   Operation 1123 'uitofp' 'conv_3' <Predicate = (!icmp_ln10_3)> <Delay = 6.67> <CoreInst = "Int2Float">   --->   Core 62 'Int2Float' <Latency = 3> <II = 1> <Delay = 6.67> <FuncUnit> <Opcode : 'sitofp' 'uitofp'> <InPorts = 1> <OutPorts = 1>

State 101 <SV = 34> <Delay = 6.67>
ST_101 : Operation 1124 [3/4] (6.67ns)   --->   "%conv_3 = uitofp i32 %zext_ln12_3" [matmul.cpp:12]   --->   Operation 1124 'uitofp' 'conv_3' <Predicate = (!icmp_ln10_3)> <Delay = 6.67> <CoreInst = "Int2Float">   --->   Core 62 'Int2Float' <Latency = 3> <II = 1> <Delay = 6.67> <FuncUnit> <Opcode : 'sitofp' 'uitofp'> <InPorts = 1> <OutPorts = 1>

State 102 <SV = 35> <Delay = 6.67>
ST_102 : Operation 1125 [2/4] (6.67ns)   --->   "%conv_3 = uitofp i32 %zext_ln12_3" [matmul.cpp:12]   --->   Operation 1125 'uitofp' 'conv_3' <Predicate = (!icmp_ln10_3)> <Delay = 6.67> <CoreInst = "Int2Float">   --->   Core 62 'Int2Float' <Latency = 3> <II = 1> <Delay = 6.67> <FuncUnit> <Opcode : 'sitofp' 'uitofp'> <InPorts = 1> <OutPorts = 1>

State 103 <SV = 36> <Delay = 6.67>
ST_103 : Operation 1126 [1/4] (6.67ns)   --->   "%conv_3 = uitofp i32 %zext_ln12_3" [matmul.cpp:12]   --->   Operation 1126 'uitofp' 'conv_3' <Predicate = (!icmp_ln10_3)> <Delay = 6.67> <CoreInst = "Int2Float">   --->   Core 62 'Int2Float' <Latency = 3> <II = 1> <Delay = 6.67> <FuncUnit> <Opcode : 'sitofp' 'uitofp'> <InPorts = 1> <OutPorts = 1>

State 104 <SV = 37> <Delay = 6.70>
ST_104 : Operation 1127 [10/10] (6.70ns)   --->   "%div_3 = fdiv i32 %conv_3, i32 255" [matmul.cpp:12]   --->   Operation 1127 'fdiv' 'div_3' <Predicate = (!icmp_ln10_3)> <Delay = 6.70> <CoreInst = "FDiv">   --->   Core 20 'FDiv' <Latency = 9> <II = 1> <Delay = 6.70> <FuncUnit> <Opcode : 'fdiv' 'frem'> <InPorts = 2> <OutPorts = 1>

State 105 <SV = 38> <Delay = 6.70>
ST_105 : Operation 1128 [9/10] (6.70ns)   --->   "%div_3 = fdiv i32 %conv_3, i32 255" [matmul.cpp:12]   --->   Operation 1128 'fdiv' 'div_3' <Predicate = (!icmp_ln10_3)> <Delay = 6.70> <CoreInst = "FDiv">   --->   Core 20 'FDiv' <Latency = 9> <II = 1> <Delay = 6.70> <FuncUnit> <Opcode : 'fdiv' 'frem'> <InPorts = 2> <OutPorts = 1>

State 106 <SV = 39> <Delay = 6.70>
ST_106 : Operation 1129 [8/10] (6.70ns)   --->   "%div_3 = fdiv i32 %conv_3, i32 255" [matmul.cpp:12]   --->   Operation 1129 'fdiv' 'div_3' <Predicate = (!icmp_ln10_3)> <Delay = 6.70> <CoreInst = "FDiv">   --->   Core 20 'FDiv' <Latency = 9> <II = 1> <Delay = 6.70> <FuncUnit> <Opcode : 'fdiv' 'frem'> <InPorts = 2> <OutPorts = 1>

State 107 <SV = 40> <Delay = 6.70>
ST_107 : Operation 1130 [7/10] (6.70ns)   --->   "%div_3 = fdiv i32 %conv_3, i32 255" [matmul.cpp:12]   --->   Operation 1130 'fdiv' 'div_3' <Predicate = (!icmp_ln10_3)> <Delay = 6.70> <CoreInst = "FDiv">   --->   Core 20 'FDiv' <Latency = 9> <II = 1> <Delay = 6.70> <FuncUnit> <Opcode : 'fdiv' 'frem'> <InPorts = 2> <OutPorts = 1>

State 108 <SV = 41> <Delay = 6.70>
ST_108 : Operation 1131 [6/10] (6.70ns)   --->   "%div_3 = fdiv i32 %conv_3, i32 255" [matmul.cpp:12]   --->   Operation 1131 'fdiv' 'div_3' <Predicate = (!icmp_ln10_3)> <Delay = 6.70> <CoreInst = "FDiv">   --->   Core 20 'FDiv' <Latency = 9> <II = 1> <Delay = 6.70> <FuncUnit> <Opcode : 'fdiv' 'frem'> <InPorts = 2> <OutPorts = 1>

State 109 <SV = 42> <Delay = 6.70>
ST_109 : Operation 1132 [5/10] (6.70ns)   --->   "%div_3 = fdiv i32 %conv_3, i32 255" [matmul.cpp:12]   --->   Operation 1132 'fdiv' 'div_3' <Predicate = (!icmp_ln10_3)> <Delay = 6.70> <CoreInst = "FDiv">   --->   Core 20 'FDiv' <Latency = 9> <II = 1> <Delay = 6.70> <FuncUnit> <Opcode : 'fdiv' 'frem'> <InPorts = 2> <OutPorts = 1>

State 110 <SV = 43> <Delay = 6.70>
ST_110 : Operation 1133 [4/10] (6.70ns)   --->   "%div_3 = fdiv i32 %conv_3, i32 255" [matmul.cpp:12]   --->   Operation 1133 'fdiv' 'div_3' <Predicate = (!icmp_ln10_3)> <Delay = 6.70> <CoreInst = "FDiv">   --->   Core 20 'FDiv' <Latency = 9> <II = 1> <Delay = 6.70> <FuncUnit> <Opcode : 'fdiv' 'frem'> <InPorts = 2> <OutPorts = 1>

State 111 <SV = 44> <Delay = 6.70>
ST_111 : Operation 1134 [3/10] (6.70ns)   --->   "%div_3 = fdiv i32 %conv_3, i32 255" [matmul.cpp:12]   --->   Operation 1134 'fdiv' 'div_3' <Predicate = (!icmp_ln10_3)> <Delay = 6.70> <CoreInst = "FDiv">   --->   Core 20 'FDiv' <Latency = 9> <II = 1> <Delay = 6.70> <FuncUnit> <Opcode : 'fdiv' 'frem'> <InPorts = 2> <OutPorts = 1>

State 112 <SV = 45> <Delay = 6.70>
ST_112 : Operation 1135 [2/10] (6.70ns)   --->   "%div_3 = fdiv i32 %conv_3, i32 255" [matmul.cpp:12]   --->   Operation 1135 'fdiv' 'div_3' <Predicate = (!icmp_ln10_3)> <Delay = 6.70> <CoreInst = "FDiv">   --->   Core 20 'FDiv' <Latency = 9> <II = 1> <Delay = 6.70> <FuncUnit> <Opcode : 'fdiv' 'frem'> <InPorts = 2> <OutPorts = 1>

State 113 <SV = 46> <Delay = 6.70>
ST_113 : Operation 1136 [1/1] (0.00ns)   --->   "%k_3_cast = zext i7 %k_3" [matmul.cpp:10]   --->   Operation 1136 'zext' 'k_3_cast' <Predicate = (!icmp_ln10_3)> <Delay = 0.00>
ST_113 : Operation 1137 [1/10] (6.70ns)   --->   "%div_3 = fdiv i32 %conv_3, i32 255" [matmul.cpp:12]   --->   Operation 1137 'fdiv' 'div_3' <Predicate = (!icmp_ln10_3)> <Delay = 6.70> <CoreInst = "FDiv">   --->   Core 20 'FDiv' <Latency = 9> <II = 1> <Delay = 6.70> <FuncUnit> <Opcode : 'fdiv' 'frem'> <InPorts = 2> <OutPorts = 1>
ST_113 : Operation 1138 [1/1] (0.00ns)   --->   "%layer1_weights_3_addr = getelementptr i32 %layer1_weights_3, i64 0, i64 %k_3_cast" [matmul.cpp:12]   --->   Operation 1138 'getelementptr' 'layer1_weights_3_addr' <Predicate = (!icmp_ln10_3)> <Delay = 0.00>
ST_113 : Operation 1139 [2/2] (1.35ns)   --->   "%layer1_weights_3_load = load i7 %layer1_weights_3_addr" [matmul.cpp:12]   --->   Operation 1139 'load' 'layer1_weights_3_load' <Predicate = (!icmp_ln10_3)> <Delay = 1.35> <CoreInst = "ROM">   --->   Core 101 'ROM' <Latency = 1> <II = 1> <Delay = 1.35> <Storage> <Opcode : 'load'> <Ports = 0> <Width = 32> <Depth = 100> <ROM>

State 114 <SV = 47> <Delay = 6.02>
ST_114 : Operation 1140 [1/2] (1.35ns)   --->   "%layer1_weights_3_load = load i7 %layer1_weights_3_addr" [matmul.cpp:12]   --->   Operation 1140 'load' 'layer1_weights_3_load' <Predicate = (!icmp_ln10_3)> <Delay = 1.35> <CoreInst = "ROM">   --->   Core 101 'ROM' <Latency = 1> <II = 1> <Delay = 1.35> <Storage> <Opcode : 'load'> <Ports = 0> <Width = 32> <Depth = 100> <ROM>
ST_114 : Operation 1141 [4/4] (4.67ns)   --->   "%mul_3 = fmul i32 %div_3, i32 %layer1_weights_3_load" [matmul.cpp:12]   --->   Operation 1141 'fmul' 'mul_3' <Predicate = (!icmp_ln10_3)> <Delay = 4.67> <CoreInst = "FMul_maxdsp">   --->   Core 30 'FMul_maxdsp' <Latency = 3> <II = 1> <Delay = 4.67> <FuncUnit> <Opcode : 'fmul'> <InPorts = 2> <OutPorts = 1>

State 115 <SV = 48> <Delay = 4.67>
ST_115 : Operation 1142 [3/4] (4.67ns)   --->   "%mul_3 = fmul i32 %div_3, i32 %layer1_weights_3_load" [matmul.cpp:12]   --->   Operation 1142 'fmul' 'mul_3' <Predicate = (!icmp_ln10_3)> <Delay = 4.67> <CoreInst = "FMul_maxdsp">   --->   Core 30 'FMul_maxdsp' <Latency = 3> <II = 1> <Delay = 4.67> <FuncUnit> <Opcode : 'fmul'> <InPorts = 2> <OutPorts = 1>

State 116 <SV = 49> <Delay = 4.67>
ST_116 : Operation 1143 [2/4] (4.67ns)   --->   "%mul_3 = fmul i32 %div_3, i32 %layer1_weights_3_load" [matmul.cpp:12]   --->   Operation 1143 'fmul' 'mul_3' <Predicate = (!icmp_ln10_3)> <Delay = 4.67> <CoreInst = "FMul_maxdsp">   --->   Core 30 'FMul_maxdsp' <Latency = 3> <II = 1> <Delay = 4.67> <FuncUnit> <Opcode : 'fmul'> <InPorts = 2> <OutPorts = 1>

State 117 <SV = 50> <Delay = 4.67>
ST_117 : Operation 1144 [1/4] (4.67ns)   --->   "%mul_3 = fmul i32 %div_3, i32 %layer1_weights_3_load" [matmul.cpp:12]   --->   Operation 1144 'fmul' 'mul_3' <Predicate = (!icmp_ln10_3)> <Delay = 4.67> <CoreInst = "FMul_maxdsp">   --->   Core 30 'FMul_maxdsp' <Latency = 3> <II = 1> <Delay = 4.67> <FuncUnit> <Opcode : 'fmul'> <InPorts = 2> <OutPorts = 1>

State 118 <SV = 51> <Delay = 6.34>
ST_118 : Operation 1145 [1/1] (0.86ns)   --->   "%icmp_ln12_3 = icmp_eq  i7 %add_ln10_3, i7 100" [matmul.cpp:12]   --->   Operation 1145 'icmp' 'icmp_ln12_3' <Predicate = (!icmp_ln10_3)> <Delay = 0.86> <CoreInst = "Cmp">   --->   Core 9 'Cmp' <Latency = 0> <II = 1> <Delay = 0.86> <FuncUnit> <Opcode : 'icmp'> <InPorts = 2> <OutPorts = 1>
ST_118 : Operation 1146 [3/3] (5.48ns)   --->   "%sum_7 = facc i32 @_ssdm_op_FACC, i32 %mul_3, i1 %icmp_ln12_3" [matmul.cpp:12]   --->   Operation 1146 'facc' 'sum_7' <Predicate = (!icmp_ln10_3)> <Delay = 5.48> <CoreInst = "FAcc_nodsp">   --->   Core 11 'FAcc_nodsp' <Latency = 2> <II = 1> <Delay = 5.48> <FuncUnit> <Opcode : 'facc'> <InPorts = 2> <OutPorts = 1>

State 119 <SV = 52> <Delay = 5.48>
ST_119 : Operation 1147 [2/3] (5.48ns)   --->   "%sum_7 = facc i32 @_ssdm_op_FACC, i32 %mul_3, i1 %icmp_ln12_3" [matmul.cpp:12]   --->   Operation 1147 'facc' 'sum_7' <Predicate = (!icmp_ln10_3)> <Delay = 5.48> <CoreInst = "FAcc_nodsp">   --->   Core 11 'FAcc_nodsp' <Latency = 2> <II = 1> <Delay = 5.48> <FuncUnit> <Opcode : 'facc'> <InPorts = 2> <OutPorts = 1>

State 120 <SV = 53> <Delay = 5.48>
ST_120 : Operation 1148 [1/1] (0.00ns)   --->   "%specloopname_ln8 = specloopname void @_ssdm_op_SpecLoopName, void @empty_9" [matmul.cpp:8]   --->   Operation 1148 'specloopname' 'specloopname_ln8' <Predicate = (!icmp_ln10_3)> <Delay = 0.00>
ST_120 : Operation 1149 [1/3] (5.48ns)   --->   "%sum_7 = facc i32 @_ssdm_op_FACC, i32 %mul_3, i1 %icmp_ln12_3" [matmul.cpp:12]   --->   Operation 1149 'facc' 'sum_7' <Predicate = (!icmp_ln10_3)> <Delay = 5.48> <CoreInst = "FAcc_nodsp">   --->   Core 11 'FAcc_nodsp' <Latency = 2> <II = 1> <Delay = 5.48> <FuncUnit> <Opcode : 'facc'> <InPorts = 2> <OutPorts = 1>
ST_120 : Operation 1150 [1/1] (0.00ns)   --->   "%br_ln0 = br void"   --->   Operation 1150 'br' 'br_ln0' <Predicate = (!icmp_ln10_3)> <Delay = 0.00>

State 121 <SV = 32> <Delay = 7.30>
ST_121 : Operation 1151 [1/1] (0.00ns)   --->   "%output_0_addr_3 = getelementptr i32 %output_0, i64 0, i64 3" [matmul.cpp:14]   --->   Operation 1151 'getelementptr' 'output_0_addr_3' <Predicate = true> <Delay = 0.00>
ST_121 : Operation 1152 [1/1] (1.35ns)   --->   "%store_ln14 = store i32 %sum_6, i5 %output_0_addr_3" [matmul.cpp:14]   --->   Operation 1152 'store' 'store_ln14' <Predicate = true> <Delay = 1.35> <CoreInst = "RAM">   --->   Core 83 'RAM' <Latency = 1> <II = 1> <Delay = 1.35> <Storage> <Opcode : 'load' 'store'> <Ports = 2> <Width = 32> <Depth = 32> <RAM>
ST_121 : Operation 1153 [7/7] (7.30ns)   --->   "%AXI_DATA_addr_32_rd_req547 = readreq i1 @_ssdm_op_ReadReq.m_axi.i8P1A, i8 %AXI_DATA_addr, i32 100" [matmul.cpp:12]   --->   Operation 1153 'readreq' 'AXI_DATA_addr_32_rd_req547' <Predicate = true> <Delay = 7.30> <CoreInst = "m_axi">   --->   Core 121 'm_axi' <Latency = 6> <II = 1> <Delay = 1.00> <Adapter> <Opcode : 'read' 'write' 'readreq' 'writereq' 'writeresp'>

State 122 <SV = 33> <Delay = 7.30>
ST_122 : Operation 1154 [6/7] (7.30ns)   --->   "%AXI_DATA_addr_32_rd_req547 = readreq i1 @_ssdm_op_ReadReq.m_axi.i8P1A, i8 %AXI_DATA_addr, i32 100" [matmul.cpp:12]   --->   Operation 1154 'readreq' 'AXI_DATA_addr_32_rd_req547' <Predicate = true> <Delay = 7.30> <CoreInst = "m_axi">   --->   Core 121 'm_axi' <Latency = 6> <II = 1> <Delay = 1.00> <Adapter> <Opcode : 'read' 'write' 'readreq' 'writereq' 'writeresp'>

State 123 <SV = 34> <Delay = 7.30>
ST_123 : Operation 1155 [5/7] (7.30ns)   --->   "%AXI_DATA_addr_32_rd_req547 = readreq i1 @_ssdm_op_ReadReq.m_axi.i8P1A, i8 %AXI_DATA_addr, i32 100" [matmul.cpp:12]   --->   Operation 1155 'readreq' 'AXI_DATA_addr_32_rd_req547' <Predicate = true> <Delay = 7.30> <CoreInst = "m_axi">   --->   Core 121 'm_axi' <Latency = 6> <II = 1> <Delay = 1.00> <Adapter> <Opcode : 'read' 'write' 'readreq' 'writereq' 'writeresp'>

State 124 <SV = 35> <Delay = 7.30>
ST_124 : Operation 1156 [4/7] (7.30ns)   --->   "%AXI_DATA_addr_32_rd_req547 = readreq i1 @_ssdm_op_ReadReq.m_axi.i8P1A, i8 %AXI_DATA_addr, i32 100" [matmul.cpp:12]   --->   Operation 1156 'readreq' 'AXI_DATA_addr_32_rd_req547' <Predicate = true> <Delay = 7.30> <CoreInst = "m_axi">   --->   Core 121 'm_axi' <Latency = 6> <II = 1> <Delay = 1.00> <Adapter> <Opcode : 'read' 'write' 'readreq' 'writereq' 'writeresp'>

State 125 <SV = 36> <Delay = 7.30>
ST_125 : Operation 1157 [3/7] (7.30ns)   --->   "%AXI_DATA_addr_32_rd_req547 = readreq i1 @_ssdm_op_ReadReq.m_axi.i8P1A, i8 %AXI_DATA_addr, i32 100" [matmul.cpp:12]   --->   Operation 1157 'readreq' 'AXI_DATA_addr_32_rd_req547' <Predicate = true> <Delay = 7.30> <CoreInst = "m_axi">   --->   Core 121 'm_axi' <Latency = 6> <II = 1> <Delay = 1.00> <Adapter> <Opcode : 'read' 'write' 'readreq' 'writereq' 'writeresp'>

State 126 <SV = 37> <Delay = 7.30>
ST_126 : Operation 1158 [2/7] (7.30ns)   --->   "%AXI_DATA_addr_32_rd_req547 = readreq i1 @_ssdm_op_ReadReq.m_axi.i8P1A, i8 %AXI_DATA_addr, i32 100" [matmul.cpp:12]   --->   Operation 1158 'readreq' 'AXI_DATA_addr_32_rd_req547' <Predicate = true> <Delay = 7.30> <CoreInst = "m_axi">   --->   Core 121 'm_axi' <Latency = 6> <II = 1> <Delay = 1.00> <Adapter> <Opcode : 'read' 'write' 'readreq' 'writereq' 'writeresp'>

State 127 <SV = 38> <Delay = 7.30>
ST_127 : Operation 1159 [1/7] (7.30ns)   --->   "%AXI_DATA_addr_32_rd_req547 = readreq i1 @_ssdm_op_ReadReq.m_axi.i8P1A, i8 %AXI_DATA_addr, i32 100" [matmul.cpp:12]   --->   Operation 1159 'readreq' 'AXI_DATA_addr_32_rd_req547' <Predicate = true> <Delay = 7.30> <CoreInst = "m_axi">   --->   Core 121 'm_axi' <Latency = 6> <II = 1> <Delay = 1.00> <Adapter> <Opcode : 'read' 'write' 'readreq' 'writereq' 'writeresp'>
ST_127 : Operation 1160 [1/1] (0.48ns)   --->   "%br_ln10 = br void" [matmul.cpp:10]   --->   Operation 1160 'br' 'br_ln10' <Predicate = true> <Delay = 0.48>

State 128 <SV = 39> <Delay = 0.89>
ST_128 : Operation 1161 [1/1] (0.00ns)   --->   "%k_4 = phi i7 %add_ln10_4, void %.split55, i7 0, void" [matmul.cpp:10]   --->   Operation 1161 'phi' 'k_4' <Predicate = true> <Delay = 0.00>
ST_128 : Operation 1162 [1/1] (0.00ns)   --->   "%sum_8 = phi i32 %sum_9, void %.split55, i32 0, void"   --->   Operation 1162 'phi' 'sum_8' <Predicate = true> <Delay = 0.00>
ST_128 : Operation 1163 [1/1] (0.89ns)   --->   "%add_ln10_4 = add i7 %k_4, i7 1" [matmul.cpp:10]   --->   Operation 1163 'add' 'add_ln10_4' <Predicate = true> <Delay = 0.89> <CoreInst = "Adder">   --->   Core 1 'Adder' <Latency = 0> <II = 1> <Delay = 0.89> <FuncUnit> <Opcode : 'add' 'sub'> <InPorts = 2> <OutPorts = 1>
ST_128 : Operation 1164 [1/1] (0.00ns)   --->   "%specpipeline_ln0 = specpipeline void @_ssdm_op_SpecPipeline, i32 4294967295, i32 0, i32 1, i32 0, void @p_str"   --->   Operation 1164 'specpipeline' 'specpipeline_ln0' <Predicate = true> <Delay = 0.00>
ST_128 : Operation 1165 [1/1] (0.86ns)   --->   "%icmp_ln10_4 = icmp_eq  i7 %k_4, i7 100" [matmul.cpp:10]   --->   Operation 1165 'icmp' 'icmp_ln10_4' <Predicate = true> <Delay = 0.86> <CoreInst = "Cmp">   --->   Core 9 'Cmp' <Latency = 0> <II = 1> <Delay = 0.86> <FuncUnit> <Opcode : 'icmp'> <InPorts = 2> <OutPorts = 1>
ST_128 : Operation 1166 [1/1] (0.00ns)   --->   "%empty_38 = speclooptripcount i32 @_ssdm_op_SpecLoopTripCount, i64 100, i64 100, i64 100"   --->   Operation 1166 'speclooptripcount' 'empty_38' <Predicate = true> <Delay = 0.00>
ST_128 : Operation 1167 [1/1] (0.00ns)   --->   "%br_ln10 = br i1 %icmp_ln10_4, void %.split55, void" [matmul.cpp:10]   --->   Operation 1167 'br' 'br_ln10' <Predicate = true> <Delay = 0.00>

State 129 <SV = 40> <Delay = 7.30>
ST_129 : Operation 1168 [1/1] (7.30ns)   --->   "%AXI_DATA_addr_read_4 = read i8 @_ssdm_op_Read.m_axi.i8P1A, i8 %AXI_DATA_addr" [matmul.cpp:12]   --->   Operation 1168 'read' 'AXI_DATA_addr_read_4' <Predicate = (!icmp_ln10_4)> <Delay = 7.30> <CoreInst = "m_axi">   --->   Core 121 'm_axi' <Latency = 6> <II = 1> <Delay = 1.00> <Adapter> <Opcode : 'read' 'write' 'readreq' 'writereq' 'writeresp'>

State 130 <SV = 41> <Delay = 6.67>
ST_130 : Operation 1169 [1/1] (0.00ns)   --->   "%zext_ln12_4 = zext i8 %AXI_DATA_addr_read_4" [matmul.cpp:12]   --->   Operation 1169 'zext' 'zext_ln12_4' <Predicate = (!icmp_ln10_4)> <Delay = 0.00>
ST_130 : Operation 1170 [4/4] (6.67ns)   --->   "%conv_4 = uitofp i32 %zext_ln12_4" [matmul.cpp:12]   --->   Operation 1170 'uitofp' 'conv_4' <Predicate = (!icmp_ln10_4)> <Delay = 6.67> <CoreInst = "Int2Float">   --->   Core 62 'Int2Float' <Latency = 3> <II = 1> <Delay = 6.67> <FuncUnit> <Opcode : 'sitofp' 'uitofp'> <InPorts = 1> <OutPorts = 1>

State 131 <SV = 42> <Delay = 6.67>
ST_131 : Operation 1171 [3/4] (6.67ns)   --->   "%conv_4 = uitofp i32 %zext_ln12_4" [matmul.cpp:12]   --->   Operation 1171 'uitofp' 'conv_4' <Predicate = (!icmp_ln10_4)> <Delay = 6.67> <CoreInst = "Int2Float">   --->   Core 62 'Int2Float' <Latency = 3> <II = 1> <Delay = 6.67> <FuncUnit> <Opcode : 'sitofp' 'uitofp'> <InPorts = 1> <OutPorts = 1>

State 132 <SV = 43> <Delay = 6.67>
ST_132 : Operation 1172 [2/4] (6.67ns)   --->   "%conv_4 = uitofp i32 %zext_ln12_4" [matmul.cpp:12]   --->   Operation 1172 'uitofp' 'conv_4' <Predicate = (!icmp_ln10_4)> <Delay = 6.67> <CoreInst = "Int2Float">   --->   Core 62 'Int2Float' <Latency = 3> <II = 1> <Delay = 6.67> <FuncUnit> <Opcode : 'sitofp' 'uitofp'> <InPorts = 1> <OutPorts = 1>

State 133 <SV = 44> <Delay = 6.67>
ST_133 : Operation 1173 [1/4] (6.67ns)   --->   "%conv_4 = uitofp i32 %zext_ln12_4" [matmul.cpp:12]   --->   Operation 1173 'uitofp' 'conv_4' <Predicate = (!icmp_ln10_4)> <Delay = 6.67> <CoreInst = "Int2Float">   --->   Core 62 'Int2Float' <Latency = 3> <II = 1> <Delay = 6.67> <FuncUnit> <Opcode : 'sitofp' 'uitofp'> <InPorts = 1> <OutPorts = 1>

State 134 <SV = 45> <Delay = 6.70>
ST_134 : Operation 1174 [10/10] (6.70ns)   --->   "%div_4 = fdiv i32 %conv_4, i32 255" [matmul.cpp:12]   --->   Operation 1174 'fdiv' 'div_4' <Predicate = (!icmp_ln10_4)> <Delay = 6.70> <CoreInst = "FDiv">   --->   Core 20 'FDiv' <Latency = 9> <II = 1> <Delay = 6.70> <FuncUnit> <Opcode : 'fdiv' 'frem'> <InPorts = 2> <OutPorts = 1>

State 135 <SV = 46> <Delay = 6.70>
ST_135 : Operation 1175 [9/10] (6.70ns)   --->   "%div_4 = fdiv i32 %conv_4, i32 255" [matmul.cpp:12]   --->   Operation 1175 'fdiv' 'div_4' <Predicate = (!icmp_ln10_4)> <Delay = 6.70> <CoreInst = "FDiv">   --->   Core 20 'FDiv' <Latency = 9> <II = 1> <Delay = 6.70> <FuncUnit> <Opcode : 'fdiv' 'frem'> <InPorts = 2> <OutPorts = 1>

State 136 <SV = 47> <Delay = 6.70>
ST_136 : Operation 1176 [8/10] (6.70ns)   --->   "%div_4 = fdiv i32 %conv_4, i32 255" [matmul.cpp:12]   --->   Operation 1176 'fdiv' 'div_4' <Predicate = (!icmp_ln10_4)> <Delay = 6.70> <CoreInst = "FDiv">   --->   Core 20 'FDiv' <Latency = 9> <II = 1> <Delay = 6.70> <FuncUnit> <Opcode : 'fdiv' 'frem'> <InPorts = 2> <OutPorts = 1>

State 137 <SV = 48> <Delay = 6.70>
ST_137 : Operation 1177 [7/10] (6.70ns)   --->   "%div_4 = fdiv i32 %conv_4, i32 255" [matmul.cpp:12]   --->   Operation 1177 'fdiv' 'div_4' <Predicate = (!icmp_ln10_4)> <Delay = 6.70> <CoreInst = "FDiv">   --->   Core 20 'FDiv' <Latency = 9> <II = 1> <Delay = 6.70> <FuncUnit> <Opcode : 'fdiv' 'frem'> <InPorts = 2> <OutPorts = 1>

State 138 <SV = 49> <Delay = 6.70>
ST_138 : Operation 1178 [6/10] (6.70ns)   --->   "%div_4 = fdiv i32 %conv_4, i32 255" [matmul.cpp:12]   --->   Operation 1178 'fdiv' 'div_4' <Predicate = (!icmp_ln10_4)> <Delay = 6.70> <CoreInst = "FDiv">   --->   Core 20 'FDiv' <Latency = 9> <II = 1> <Delay = 6.70> <FuncUnit> <Opcode : 'fdiv' 'frem'> <InPorts = 2> <OutPorts = 1>

State 139 <SV = 50> <Delay = 6.70>
ST_139 : Operation 1179 [5/10] (6.70ns)   --->   "%div_4 = fdiv i32 %conv_4, i32 255" [matmul.cpp:12]   --->   Operation 1179 'fdiv' 'div_4' <Predicate = (!icmp_ln10_4)> <Delay = 6.70> <CoreInst = "FDiv">   --->   Core 20 'FDiv' <Latency = 9> <II = 1> <Delay = 6.70> <FuncUnit> <Opcode : 'fdiv' 'frem'> <InPorts = 2> <OutPorts = 1>

State 140 <SV = 51> <Delay = 6.70>
ST_140 : Operation 1180 [4/10] (6.70ns)   --->   "%div_4 = fdiv i32 %conv_4, i32 255" [matmul.cpp:12]   --->   Operation 1180 'fdiv' 'div_4' <Predicate = (!icmp_ln10_4)> <Delay = 6.70> <CoreInst = "FDiv">   --->   Core 20 'FDiv' <Latency = 9> <II = 1> <Delay = 6.70> <FuncUnit> <Opcode : 'fdiv' 'frem'> <InPorts = 2> <OutPorts = 1>

State 141 <SV = 52> <Delay = 6.70>
ST_141 : Operation 1181 [3/10] (6.70ns)   --->   "%div_4 = fdiv i32 %conv_4, i32 255" [matmul.cpp:12]   --->   Operation 1181 'fdiv' 'div_4' <Predicate = (!icmp_ln10_4)> <Delay = 6.70> <CoreInst = "FDiv">   --->   Core 20 'FDiv' <Latency = 9> <II = 1> <Delay = 6.70> <FuncUnit> <Opcode : 'fdiv' 'frem'> <InPorts = 2> <OutPorts = 1>

State 142 <SV = 53> <Delay = 6.70>
ST_142 : Operation 1182 [2/10] (6.70ns)   --->   "%div_4 = fdiv i32 %conv_4, i32 255" [matmul.cpp:12]   --->   Operation 1182 'fdiv' 'div_4' <Predicate = (!icmp_ln10_4)> <Delay = 6.70> <CoreInst = "FDiv">   --->   Core 20 'FDiv' <Latency = 9> <II = 1> <Delay = 6.70> <FuncUnit> <Opcode : 'fdiv' 'frem'> <InPorts = 2> <OutPorts = 1>

State 143 <SV = 54> <Delay = 6.70>
ST_143 : Operation 1183 [1/1] (0.00ns)   --->   "%k_4_cast = zext i7 %k_4" [matmul.cpp:10]   --->   Operation 1183 'zext' 'k_4_cast' <Predicate = (!icmp_ln10_4)> <Delay = 0.00>
ST_143 : Operation 1184 [1/10] (6.70ns)   --->   "%div_4 = fdiv i32 %conv_4, i32 255" [matmul.cpp:12]   --->   Operation 1184 'fdiv' 'div_4' <Predicate = (!icmp_ln10_4)> <Delay = 6.70> <CoreInst = "FDiv">   --->   Core 20 'FDiv' <Latency = 9> <II = 1> <Delay = 6.70> <FuncUnit> <Opcode : 'fdiv' 'frem'> <InPorts = 2> <OutPorts = 1>
ST_143 : Operation 1185 [1/1] (0.00ns)   --->   "%layer1_weights_4_addr = getelementptr i32 %layer1_weights_4, i64 0, i64 %k_4_cast" [matmul.cpp:12]   --->   Operation 1185 'getelementptr' 'layer1_weights_4_addr' <Predicate = (!icmp_ln10_4)> <Delay = 0.00>
ST_143 : Operation 1186 [2/2] (1.35ns)   --->   "%layer1_weights_4_load = load i7 %layer1_weights_4_addr" [matmul.cpp:12]   --->   Operation 1186 'load' 'layer1_weights_4_load' <Predicate = (!icmp_ln10_4)> <Delay = 1.35> <CoreInst = "ROM">   --->   Core 101 'ROM' <Latency = 1> <II = 1> <Delay = 1.35> <Storage> <Opcode : 'load'> <Ports = 0> <Width = 32> <Depth = 100> <ROM>

State 144 <SV = 55> <Delay = 6.02>
ST_144 : Operation 1187 [1/2] (1.35ns)   --->   "%layer1_weights_4_load = load i7 %layer1_weights_4_addr" [matmul.cpp:12]   --->   Operation 1187 'load' 'layer1_weights_4_load' <Predicate = (!icmp_ln10_4)> <Delay = 1.35> <CoreInst = "ROM">   --->   Core 101 'ROM' <Latency = 1> <II = 1> <Delay = 1.35> <Storage> <Opcode : 'load'> <Ports = 0> <Width = 32> <Depth = 100> <ROM>
ST_144 : Operation 1188 [4/4] (4.67ns)   --->   "%mul_4 = fmul i32 %div_4, i32 %layer1_weights_4_load" [matmul.cpp:12]   --->   Operation 1188 'fmul' 'mul_4' <Predicate = (!icmp_ln10_4)> <Delay = 4.67> <CoreInst = "FMul_maxdsp">   --->   Core 30 'FMul_maxdsp' <Latency = 3> <II = 1> <Delay = 4.67> <FuncUnit> <Opcode : 'fmul'> <InPorts = 2> <OutPorts = 1>

State 145 <SV = 56> <Delay = 4.67>
ST_145 : Operation 1189 [3/4] (4.67ns)   --->   "%mul_4 = fmul i32 %div_4, i32 %layer1_weights_4_load" [matmul.cpp:12]   --->   Operation 1189 'fmul' 'mul_4' <Predicate = (!icmp_ln10_4)> <Delay = 4.67> <CoreInst = "FMul_maxdsp">   --->   Core 30 'FMul_maxdsp' <Latency = 3> <II = 1> <Delay = 4.67> <FuncUnit> <Opcode : 'fmul'> <InPorts = 2> <OutPorts = 1>

State 146 <SV = 57> <Delay = 4.67>
ST_146 : Operation 1190 [2/4] (4.67ns)   --->   "%mul_4 = fmul i32 %div_4, i32 %layer1_weights_4_load" [matmul.cpp:12]   --->   Operation 1190 'fmul' 'mul_4' <Predicate = (!icmp_ln10_4)> <Delay = 4.67> <CoreInst = "FMul_maxdsp">   --->   Core 30 'FMul_maxdsp' <Latency = 3> <II = 1> <Delay = 4.67> <FuncUnit> <Opcode : 'fmul'> <InPorts = 2> <OutPorts = 1>

State 147 <SV = 58> <Delay = 4.67>
ST_147 : Operation 1191 [1/4] (4.67ns)   --->   "%mul_4 = fmul i32 %div_4, i32 %layer1_weights_4_load" [matmul.cpp:12]   --->   Operation 1191 'fmul' 'mul_4' <Predicate = (!icmp_ln10_4)> <Delay = 4.67> <CoreInst = "FMul_maxdsp">   --->   Core 30 'FMul_maxdsp' <Latency = 3> <II = 1> <Delay = 4.67> <FuncUnit> <Opcode : 'fmul'> <InPorts = 2> <OutPorts = 1>

State 148 <SV = 59> <Delay = 6.34>
ST_148 : Operation 1192 [1/1] (0.86ns)   --->   "%icmp_ln12_4 = icmp_eq  i7 %add_ln10_4, i7 100" [matmul.cpp:12]   --->   Operation 1192 'icmp' 'icmp_ln12_4' <Predicate = (!icmp_ln10_4)> <Delay = 0.86> <CoreInst = "Cmp">   --->   Core 9 'Cmp' <Latency = 0> <II = 1> <Delay = 0.86> <FuncUnit> <Opcode : 'icmp'> <InPorts = 2> <OutPorts = 1>
ST_148 : Operation 1193 [3/3] (5.48ns)   --->   "%sum_9 = facc i32 @_ssdm_op_FACC, i32 %mul_4, i1 %icmp_ln12_4" [matmul.cpp:12]   --->   Operation 1193 'facc' 'sum_9' <Predicate = (!icmp_ln10_4)> <Delay = 5.48> <CoreInst = "FAcc_nodsp">   --->   Core 11 'FAcc_nodsp' <Latency = 2> <II = 1> <Delay = 5.48> <FuncUnit> <Opcode : 'facc'> <InPorts = 2> <OutPorts = 1>

State 149 <SV = 60> <Delay = 5.48>
ST_149 : Operation 1194 [2/3] (5.48ns)   --->   "%sum_9 = facc i32 @_ssdm_op_FACC, i32 %mul_4, i1 %icmp_ln12_4" [matmul.cpp:12]   --->   Operation 1194 'facc' 'sum_9' <Predicate = (!icmp_ln10_4)> <Delay = 5.48> <CoreInst = "FAcc_nodsp">   --->   Core 11 'FAcc_nodsp' <Latency = 2> <II = 1> <Delay = 5.48> <FuncUnit> <Opcode : 'facc'> <InPorts = 2> <OutPorts = 1>

State 150 <SV = 61> <Delay = 5.48>
ST_150 : Operation 1195 [1/1] (0.00ns)   --->   "%specloopname_ln8 = specloopname void @_ssdm_op_SpecLoopName, void @empty_9" [matmul.cpp:8]   --->   Operation 1195 'specloopname' 'specloopname_ln8' <Predicate = (!icmp_ln10_4)> <Delay = 0.00>
ST_150 : Operation 1196 [1/3] (5.48ns)   --->   "%sum_9 = facc i32 @_ssdm_op_FACC, i32 %mul_4, i1 %icmp_ln12_4" [matmul.cpp:12]   --->   Operation 1196 'facc' 'sum_9' <Predicate = (!icmp_ln10_4)> <Delay = 5.48> <CoreInst = "FAcc_nodsp">   --->   Core 11 'FAcc_nodsp' <Latency = 2> <II = 1> <Delay = 5.48> <FuncUnit> <Opcode : 'facc'> <InPorts = 2> <OutPorts = 1>
ST_150 : Operation 1197 [1/1] (0.00ns)   --->   "%br_ln0 = br void"   --->   Operation 1197 'br' 'br_ln0' <Predicate = (!icmp_ln10_4)> <Delay = 0.00>

State 151 <SV = 40> <Delay = 7.30>
ST_151 : Operation 1198 [1/1] (0.00ns)   --->   "%output_0_addr_4 = getelementptr i32 %output_0, i64 0, i64 4" [matmul.cpp:14]   --->   Operation 1198 'getelementptr' 'output_0_addr_4' <Predicate = true> <Delay = 0.00>
ST_151 : Operation 1199 [1/1] (1.35ns)   --->   "%store_ln14 = store i32 %sum_8, i5 %output_0_addr_4" [matmul.cpp:14]   --->   Operation 1199 'store' 'store_ln14' <Predicate = true> <Delay = 1.35> <CoreInst = "RAM">   --->   Core 83 'RAM' <Latency = 1> <II = 1> <Delay = 1.35> <Storage> <Opcode : 'load' 'store'> <Ports = 2> <Width = 32> <Depth = 32> <RAM>
ST_151 : Operation 1200 [7/7] (7.30ns)   --->   "%AXI_DATA_addr_32_rd_req548 = readreq i1 @_ssdm_op_ReadReq.m_axi.i8P1A, i8 %AXI_DATA_addr, i32 100" [matmul.cpp:12]   --->   Operation 1200 'readreq' 'AXI_DATA_addr_32_rd_req548' <Predicate = true> <Delay = 7.30> <CoreInst = "m_axi">   --->   Core 121 'm_axi' <Latency = 6> <II = 1> <Delay = 1.00> <Adapter> <Opcode : 'read' 'write' 'readreq' 'writereq' 'writeresp'>

State 152 <SV = 41> <Delay = 7.30>
ST_152 : Operation 1201 [6/7] (7.30ns)   --->   "%AXI_DATA_addr_32_rd_req548 = readreq i1 @_ssdm_op_ReadReq.m_axi.i8P1A, i8 %AXI_DATA_addr, i32 100" [matmul.cpp:12]   --->   Operation 1201 'readreq' 'AXI_DATA_addr_32_rd_req548' <Predicate = true> <Delay = 7.30> <CoreInst = "m_axi">   --->   Core 121 'm_axi' <Latency = 6> <II = 1> <Delay = 1.00> <Adapter> <Opcode : 'read' 'write' 'readreq' 'writereq' 'writeresp'>

State 153 <SV = 42> <Delay = 7.30>
ST_153 : Operation 1202 [5/7] (7.30ns)   --->   "%AXI_DATA_addr_32_rd_req548 = readreq i1 @_ssdm_op_ReadReq.m_axi.i8P1A, i8 %AXI_DATA_addr, i32 100" [matmul.cpp:12]   --->   Operation 1202 'readreq' 'AXI_DATA_addr_32_rd_req548' <Predicate = true> <Delay = 7.30> <CoreInst = "m_axi">   --->   Core 121 'm_axi' <Latency = 6> <II = 1> <Delay = 1.00> <Adapter> <Opcode : 'read' 'write' 'readreq' 'writereq' 'writeresp'>

State 154 <SV = 43> <Delay = 7.30>
ST_154 : Operation 1203 [4/7] (7.30ns)   --->   "%AXI_DATA_addr_32_rd_req548 = readreq i1 @_ssdm_op_ReadReq.m_axi.i8P1A, i8 %AXI_DATA_addr, i32 100" [matmul.cpp:12]   --->   Operation 1203 'readreq' 'AXI_DATA_addr_32_rd_req548' <Predicate = true> <Delay = 7.30> <CoreInst = "m_axi">   --->   Core 121 'm_axi' <Latency = 6> <II = 1> <Delay = 1.00> <Adapter> <Opcode : 'read' 'write' 'readreq' 'writereq' 'writeresp'>

State 155 <SV = 44> <Delay = 7.30>
ST_155 : Operation 1204 [3/7] (7.30ns)   --->   "%AXI_DATA_addr_32_rd_req548 = readreq i1 @_ssdm_op_ReadReq.m_axi.i8P1A, i8 %AXI_DATA_addr, i32 100" [matmul.cpp:12]   --->   Operation 1204 'readreq' 'AXI_DATA_addr_32_rd_req548' <Predicate = true> <Delay = 7.30> <CoreInst = "m_axi">   --->   Core 121 'm_axi' <Latency = 6> <II = 1> <Delay = 1.00> <Adapter> <Opcode : 'read' 'write' 'readreq' 'writereq' 'writeresp'>

State 156 <SV = 45> <Delay = 7.30>
ST_156 : Operation 1205 [2/7] (7.30ns)   --->   "%AXI_DATA_addr_32_rd_req548 = readreq i1 @_ssdm_op_ReadReq.m_axi.i8P1A, i8 %AXI_DATA_addr, i32 100" [matmul.cpp:12]   --->   Operation 1205 'readreq' 'AXI_DATA_addr_32_rd_req548' <Predicate = true> <Delay = 7.30> <CoreInst = "m_axi">   --->   Core 121 'm_axi' <Latency = 6> <II = 1> <Delay = 1.00> <Adapter> <Opcode : 'read' 'write' 'readreq' 'writereq' 'writeresp'>

State 157 <SV = 46> <Delay = 7.30>
ST_157 : Operation 1206 [1/7] (7.30ns)   --->   "%AXI_DATA_addr_32_rd_req548 = readreq i1 @_ssdm_op_ReadReq.m_axi.i8P1A, i8 %AXI_DATA_addr, i32 100" [matmul.cpp:12]   --->   Operation 1206 'readreq' 'AXI_DATA_addr_32_rd_req548' <Predicate = true> <Delay = 7.30> <CoreInst = "m_axi">   --->   Core 121 'm_axi' <Latency = 6> <II = 1> <Delay = 1.00> <Adapter> <Opcode : 'read' 'write' 'readreq' 'writereq' 'writeresp'>
ST_157 : Operation 1207 [1/1] (0.48ns)   --->   "%br_ln10 = br void" [matmul.cpp:10]   --->   Operation 1207 'br' 'br_ln10' <Predicate = true> <Delay = 0.48>

State 158 <SV = 47> <Delay = 0.89>
ST_158 : Operation 1208 [1/1] (0.00ns)   --->   "%k_5 = phi i7 %add_ln10_5, void %.split53, i7 0, void" [matmul.cpp:10]   --->   Operation 1208 'phi' 'k_5' <Predicate = true> <Delay = 0.00>
ST_158 : Operation 1209 [1/1] (0.00ns)   --->   "%sum_10 = phi i32 %sum_11, void %.split53, i32 0, void"   --->   Operation 1209 'phi' 'sum_10' <Predicate = true> <Delay = 0.00>
ST_158 : Operation 1210 [1/1] (0.89ns)   --->   "%add_ln10_5 = add i7 %k_5, i7 1" [matmul.cpp:10]   --->   Operation 1210 'add' 'add_ln10_5' <Predicate = true> <Delay = 0.89> <CoreInst = "Adder">   --->   Core 1 'Adder' <Latency = 0> <II = 1> <Delay = 0.89> <FuncUnit> <Opcode : 'add' 'sub'> <InPorts = 2> <OutPorts = 1>
ST_158 : Operation 1211 [1/1] (0.00ns)   --->   "%specpipeline_ln0 = specpipeline void @_ssdm_op_SpecPipeline, i32 4294967295, i32 0, i32 1, i32 0, void @p_str"   --->   Operation 1211 'specpipeline' 'specpipeline_ln0' <Predicate = true> <Delay = 0.00>
ST_158 : Operation 1212 [1/1] (0.86ns)   --->   "%icmp_ln10_5 = icmp_eq  i7 %k_5, i7 100" [matmul.cpp:10]   --->   Operation 1212 'icmp' 'icmp_ln10_5' <Predicate = true> <Delay = 0.86> <CoreInst = "Cmp">   --->   Core 9 'Cmp' <Latency = 0> <II = 1> <Delay = 0.86> <FuncUnit> <Opcode : 'icmp'> <InPorts = 2> <OutPorts = 1>
ST_158 : Operation 1213 [1/1] (0.00ns)   --->   "%empty_39 = speclooptripcount i32 @_ssdm_op_SpecLoopTripCount, i64 100, i64 100, i64 100"   --->   Operation 1213 'speclooptripcount' 'empty_39' <Predicate = true> <Delay = 0.00>
ST_158 : Operation 1214 [1/1] (0.00ns)   --->   "%br_ln10 = br i1 %icmp_ln10_5, void %.split53, void" [matmul.cpp:10]   --->   Operation 1214 'br' 'br_ln10' <Predicate = true> <Delay = 0.00>

State 159 <SV = 48> <Delay = 7.30>
ST_159 : Operation 1215 [1/1] (7.30ns)   --->   "%AXI_DATA_addr_read_5 = read i8 @_ssdm_op_Read.m_axi.i8P1A, i8 %AXI_DATA_addr" [matmul.cpp:12]   --->   Operation 1215 'read' 'AXI_DATA_addr_read_5' <Predicate = (!icmp_ln10_5)> <Delay = 7.30> <CoreInst = "m_axi">   --->   Core 121 'm_axi' <Latency = 6> <II = 1> <Delay = 1.00> <Adapter> <Opcode : 'read' 'write' 'readreq' 'writereq' 'writeresp'>

State 160 <SV = 49> <Delay = 6.67>
ST_160 : Operation 1216 [1/1] (0.00ns)   --->   "%zext_ln12_5 = zext i8 %AXI_DATA_addr_read_5" [matmul.cpp:12]   --->   Operation 1216 'zext' 'zext_ln12_5' <Predicate = (!icmp_ln10_5)> <Delay = 0.00>
ST_160 : Operation 1217 [4/4] (6.67ns)   --->   "%conv_5 = uitofp i32 %zext_ln12_5" [matmul.cpp:12]   --->   Operation 1217 'uitofp' 'conv_5' <Predicate = (!icmp_ln10_5)> <Delay = 6.67> <CoreInst = "Int2Float">   --->   Core 62 'Int2Float' <Latency = 3> <II = 1> <Delay = 6.67> <FuncUnit> <Opcode : 'sitofp' 'uitofp'> <InPorts = 1> <OutPorts = 1>

State 161 <SV = 50> <Delay = 6.67>
ST_161 : Operation 1218 [3/4] (6.67ns)   --->   "%conv_5 = uitofp i32 %zext_ln12_5" [matmul.cpp:12]   --->   Operation 1218 'uitofp' 'conv_5' <Predicate = (!icmp_ln10_5)> <Delay = 6.67> <CoreInst = "Int2Float">   --->   Core 62 'Int2Float' <Latency = 3> <II = 1> <Delay = 6.67> <FuncUnit> <Opcode : 'sitofp' 'uitofp'> <InPorts = 1> <OutPorts = 1>

State 162 <SV = 51> <Delay = 6.67>
ST_162 : Operation 1219 [2/4] (6.67ns)   --->   "%conv_5 = uitofp i32 %zext_ln12_5" [matmul.cpp:12]   --->   Operation 1219 'uitofp' 'conv_5' <Predicate = (!icmp_ln10_5)> <Delay = 6.67> <CoreInst = "Int2Float">   --->   Core 62 'Int2Float' <Latency = 3> <II = 1> <Delay = 6.67> <FuncUnit> <Opcode : 'sitofp' 'uitofp'> <InPorts = 1> <OutPorts = 1>

State 163 <SV = 52> <Delay = 6.67>
ST_163 : Operation 1220 [1/4] (6.67ns)   --->   "%conv_5 = uitofp i32 %zext_ln12_5" [matmul.cpp:12]   --->   Operation 1220 'uitofp' 'conv_5' <Predicate = (!icmp_ln10_5)> <Delay = 6.67> <CoreInst = "Int2Float">   --->   Core 62 'Int2Float' <Latency = 3> <II = 1> <Delay = 6.67> <FuncUnit> <Opcode : 'sitofp' 'uitofp'> <InPorts = 1> <OutPorts = 1>

State 164 <SV = 53> <Delay = 6.70>
ST_164 : Operation 1221 [10/10] (6.70ns)   --->   "%div_5 = fdiv i32 %conv_5, i32 255" [matmul.cpp:12]   --->   Operation 1221 'fdiv' 'div_5' <Predicate = (!icmp_ln10_5)> <Delay = 6.70> <CoreInst = "FDiv">   --->   Core 20 'FDiv' <Latency = 9> <II = 1> <Delay = 6.70> <FuncUnit> <Opcode : 'fdiv' 'frem'> <InPorts = 2> <OutPorts = 1>

State 165 <SV = 54> <Delay = 6.70>
ST_165 : Operation 1222 [9/10] (6.70ns)   --->   "%div_5 = fdiv i32 %conv_5, i32 255" [matmul.cpp:12]   --->   Operation 1222 'fdiv' 'div_5' <Predicate = (!icmp_ln10_5)> <Delay = 6.70> <CoreInst = "FDiv">   --->   Core 20 'FDiv' <Latency = 9> <II = 1> <Delay = 6.70> <FuncUnit> <Opcode : 'fdiv' 'frem'> <InPorts = 2> <OutPorts = 1>

State 166 <SV = 55> <Delay = 6.70>
ST_166 : Operation 1223 [8/10] (6.70ns)   --->   "%div_5 = fdiv i32 %conv_5, i32 255" [matmul.cpp:12]   --->   Operation 1223 'fdiv' 'div_5' <Predicate = (!icmp_ln10_5)> <Delay = 6.70> <CoreInst = "FDiv">   --->   Core 20 'FDiv' <Latency = 9> <II = 1> <Delay = 6.70> <FuncUnit> <Opcode : 'fdiv' 'frem'> <InPorts = 2> <OutPorts = 1>

State 167 <SV = 56> <Delay = 6.70>
ST_167 : Operation 1224 [7/10] (6.70ns)   --->   "%div_5 = fdiv i32 %conv_5, i32 255" [matmul.cpp:12]   --->   Operation 1224 'fdiv' 'div_5' <Predicate = (!icmp_ln10_5)> <Delay = 6.70> <CoreInst = "FDiv">   --->   Core 20 'FDiv' <Latency = 9> <II = 1> <Delay = 6.70> <FuncUnit> <Opcode : 'fdiv' 'frem'> <InPorts = 2> <OutPorts = 1>

State 168 <SV = 57> <Delay = 6.70>
ST_168 : Operation 1225 [6/10] (6.70ns)   --->   "%div_5 = fdiv i32 %conv_5, i32 255" [matmul.cpp:12]   --->   Operation 1225 'fdiv' 'div_5' <Predicate = (!icmp_ln10_5)> <Delay = 6.70> <CoreInst = "FDiv">   --->   Core 20 'FDiv' <Latency = 9> <II = 1> <Delay = 6.70> <FuncUnit> <Opcode : 'fdiv' 'frem'> <InPorts = 2> <OutPorts = 1>

State 169 <SV = 58> <Delay = 6.70>
ST_169 : Operation 1226 [5/10] (6.70ns)   --->   "%div_5 = fdiv i32 %conv_5, i32 255" [matmul.cpp:12]   --->   Operation 1226 'fdiv' 'div_5' <Predicate = (!icmp_ln10_5)> <Delay = 6.70> <CoreInst = "FDiv">   --->   Core 20 'FDiv' <Latency = 9> <II = 1> <Delay = 6.70> <FuncUnit> <Opcode : 'fdiv' 'frem'> <InPorts = 2> <OutPorts = 1>

State 170 <SV = 59> <Delay = 6.70>
ST_170 : Operation 1227 [4/10] (6.70ns)   --->   "%div_5 = fdiv i32 %conv_5, i32 255" [matmul.cpp:12]   --->   Operation 1227 'fdiv' 'div_5' <Predicate = (!icmp_ln10_5)> <Delay = 6.70> <CoreInst = "FDiv">   --->   Core 20 'FDiv' <Latency = 9> <II = 1> <Delay = 6.70> <FuncUnit> <Opcode : 'fdiv' 'frem'> <InPorts = 2> <OutPorts = 1>

State 171 <SV = 60> <Delay = 6.70>
ST_171 : Operation 1228 [3/10] (6.70ns)   --->   "%div_5 = fdiv i32 %conv_5, i32 255" [matmul.cpp:12]   --->   Operation 1228 'fdiv' 'div_5' <Predicate = (!icmp_ln10_5)> <Delay = 6.70> <CoreInst = "FDiv">   --->   Core 20 'FDiv' <Latency = 9> <II = 1> <Delay = 6.70> <FuncUnit> <Opcode : 'fdiv' 'frem'> <InPorts = 2> <OutPorts = 1>

State 172 <SV = 61> <Delay = 6.70>
ST_172 : Operation 1229 [2/10] (6.70ns)   --->   "%div_5 = fdiv i32 %conv_5, i32 255" [matmul.cpp:12]   --->   Operation 1229 'fdiv' 'div_5' <Predicate = (!icmp_ln10_5)> <Delay = 6.70> <CoreInst = "FDiv">   --->   Core 20 'FDiv' <Latency = 9> <II = 1> <Delay = 6.70> <FuncUnit> <Opcode : 'fdiv' 'frem'> <InPorts = 2> <OutPorts = 1>

State 173 <SV = 62> <Delay = 6.70>
ST_173 : Operation 1230 [1/1] (0.00ns)   --->   "%k_5_cast = zext i7 %k_5" [matmul.cpp:10]   --->   Operation 1230 'zext' 'k_5_cast' <Predicate = (!icmp_ln10_5)> <Delay = 0.00>
ST_173 : Operation 1231 [1/10] (6.70ns)   --->   "%div_5 = fdiv i32 %conv_5, i32 255" [matmul.cpp:12]   --->   Operation 1231 'fdiv' 'div_5' <Predicate = (!icmp_ln10_5)> <Delay = 6.70> <CoreInst = "FDiv">   --->   Core 20 'FDiv' <Latency = 9> <II = 1> <Delay = 6.70> <FuncUnit> <Opcode : 'fdiv' 'frem'> <InPorts = 2> <OutPorts = 1>
ST_173 : Operation 1232 [1/1] (0.00ns)   --->   "%layer1_weights_5_addr = getelementptr i32 %layer1_weights_5, i64 0, i64 %k_5_cast" [matmul.cpp:12]   --->   Operation 1232 'getelementptr' 'layer1_weights_5_addr' <Predicate = (!icmp_ln10_5)> <Delay = 0.00>
ST_173 : Operation 1233 [2/2] (1.35ns)   --->   "%layer1_weights_5_load = load i7 %layer1_weights_5_addr" [matmul.cpp:12]   --->   Operation 1233 'load' 'layer1_weights_5_load' <Predicate = (!icmp_ln10_5)> <Delay = 1.35> <CoreInst = "ROM">   --->   Core 101 'ROM' <Latency = 1> <II = 1> <Delay = 1.35> <Storage> <Opcode : 'load'> <Ports = 0> <Width = 32> <Depth = 100> <ROM>

State 174 <SV = 63> <Delay = 6.02>
ST_174 : Operation 1234 [1/2] (1.35ns)   --->   "%layer1_weights_5_load = load i7 %layer1_weights_5_addr" [matmul.cpp:12]   --->   Operation 1234 'load' 'layer1_weights_5_load' <Predicate = (!icmp_ln10_5)> <Delay = 1.35> <CoreInst = "ROM">   --->   Core 101 'ROM' <Latency = 1> <II = 1> <Delay = 1.35> <Storage> <Opcode : 'load'> <Ports = 0> <Width = 32> <Depth = 100> <ROM>
ST_174 : Operation 1235 [4/4] (4.67ns)   --->   "%mul_5 = fmul i32 %div_5, i32 %layer1_weights_5_load" [matmul.cpp:12]   --->   Operation 1235 'fmul' 'mul_5' <Predicate = (!icmp_ln10_5)> <Delay = 4.67> <CoreInst = "FMul_maxdsp">   --->   Core 30 'FMul_maxdsp' <Latency = 3> <II = 1> <Delay = 4.67> <FuncUnit> <Opcode : 'fmul'> <InPorts = 2> <OutPorts = 1>

State 175 <SV = 64> <Delay = 4.67>
ST_175 : Operation 1236 [3/4] (4.67ns)   --->   "%mul_5 = fmul i32 %div_5, i32 %layer1_weights_5_load" [matmul.cpp:12]   --->   Operation 1236 'fmul' 'mul_5' <Predicate = (!icmp_ln10_5)> <Delay = 4.67> <CoreInst = "FMul_maxdsp">   --->   Core 30 'FMul_maxdsp' <Latency = 3> <II = 1> <Delay = 4.67> <FuncUnit> <Opcode : 'fmul'> <InPorts = 2> <OutPorts = 1>

State 176 <SV = 65> <Delay = 4.67>
ST_176 : Operation 1237 [2/4] (4.67ns)   --->   "%mul_5 = fmul i32 %div_5, i32 %layer1_weights_5_load" [matmul.cpp:12]   --->   Operation 1237 'fmul' 'mul_5' <Predicate = (!icmp_ln10_5)> <Delay = 4.67> <CoreInst = "FMul_maxdsp">   --->   Core 30 'FMul_maxdsp' <Latency = 3> <II = 1> <Delay = 4.67> <FuncUnit> <Opcode : 'fmul'> <InPorts = 2> <OutPorts = 1>

State 177 <SV = 66> <Delay = 4.67>
ST_177 : Operation 1238 [1/4] (4.67ns)   --->   "%mul_5 = fmul i32 %div_5, i32 %layer1_weights_5_load" [matmul.cpp:12]   --->   Operation 1238 'fmul' 'mul_5' <Predicate = (!icmp_ln10_5)> <Delay = 4.67> <CoreInst = "FMul_maxdsp">   --->   Core 30 'FMul_maxdsp' <Latency = 3> <II = 1> <Delay = 4.67> <FuncUnit> <Opcode : 'fmul'> <InPorts = 2> <OutPorts = 1>

State 178 <SV = 67> <Delay = 6.34>
ST_178 : Operation 1239 [1/1] (0.86ns)   --->   "%icmp_ln12_5 = icmp_eq  i7 %add_ln10_5, i7 100" [matmul.cpp:12]   --->   Operation 1239 'icmp' 'icmp_ln12_5' <Predicate = (!icmp_ln10_5)> <Delay = 0.86> <CoreInst = "Cmp">   --->   Core 9 'Cmp' <Latency = 0> <II = 1> <Delay = 0.86> <FuncUnit> <Opcode : 'icmp'> <InPorts = 2> <OutPorts = 1>
ST_178 : Operation 1240 [3/3] (5.48ns)   --->   "%sum_11 = facc i32 @_ssdm_op_FACC, i32 %mul_5, i1 %icmp_ln12_5" [matmul.cpp:12]   --->   Operation 1240 'facc' 'sum_11' <Predicate = (!icmp_ln10_5)> <Delay = 5.48> <CoreInst = "FAcc_nodsp">   --->   Core 11 'FAcc_nodsp' <Latency = 2> <II = 1> <Delay = 5.48> <FuncUnit> <Opcode : 'facc'> <InPorts = 2> <OutPorts = 1>

State 179 <SV = 68> <Delay = 5.48>
ST_179 : Operation 1241 [2/3] (5.48ns)   --->   "%sum_11 = facc i32 @_ssdm_op_FACC, i32 %mul_5, i1 %icmp_ln12_5" [matmul.cpp:12]   --->   Operation 1241 'facc' 'sum_11' <Predicate = (!icmp_ln10_5)> <Delay = 5.48> <CoreInst = "FAcc_nodsp">   --->   Core 11 'FAcc_nodsp' <Latency = 2> <II = 1> <Delay = 5.48> <FuncUnit> <Opcode : 'facc'> <InPorts = 2> <OutPorts = 1>

State 180 <SV = 69> <Delay = 5.48>
ST_180 : Operation 1242 [1/1] (0.00ns)   --->   "%specloopname_ln8 = specloopname void @_ssdm_op_SpecLoopName, void @empty_9" [matmul.cpp:8]   --->   Operation 1242 'specloopname' 'specloopname_ln8' <Predicate = (!icmp_ln10_5)> <Delay = 0.00>
ST_180 : Operation 1243 [1/3] (5.48ns)   --->   "%sum_11 = facc i32 @_ssdm_op_FACC, i32 %mul_5, i1 %icmp_ln12_5" [matmul.cpp:12]   --->   Operation 1243 'facc' 'sum_11' <Predicate = (!icmp_ln10_5)> <Delay = 5.48> <CoreInst = "FAcc_nodsp">   --->   Core 11 'FAcc_nodsp' <Latency = 2> <II = 1> <Delay = 5.48> <FuncUnit> <Opcode : 'facc'> <InPorts = 2> <OutPorts = 1>
ST_180 : Operation 1244 [1/1] (0.00ns)   --->   "%br_ln0 = br void"   --->   Operation 1244 'br' 'br_ln0' <Predicate = (!icmp_ln10_5)> <Delay = 0.00>

State 181 <SV = 48> <Delay = 7.30>
ST_181 : Operation 1245 [1/1] (0.00ns)   --->   "%output_0_addr_5 = getelementptr i32 %output_0, i64 0, i64 5" [matmul.cpp:14]   --->   Operation 1245 'getelementptr' 'output_0_addr_5' <Predicate = true> <Delay = 0.00>
ST_181 : Operation 1246 [1/1] (1.35ns)   --->   "%store_ln14 = store i32 %sum_10, i5 %output_0_addr_5" [matmul.cpp:14]   --->   Operation 1246 'store' 'store_ln14' <Predicate = true> <Delay = 1.35> <CoreInst = "RAM">   --->   Core 83 'RAM' <Latency = 1> <II = 1> <Delay = 1.35> <Storage> <Opcode : 'load' 'store'> <Ports = 2> <Width = 32> <Depth = 32> <RAM>
ST_181 : Operation 1247 [7/7] (7.30ns)   --->   "%AXI_DATA_addr_32_rd_req549 = readreq i1 @_ssdm_op_ReadReq.m_axi.i8P1A, i8 %AXI_DATA_addr, i32 100" [matmul.cpp:12]   --->   Operation 1247 'readreq' 'AXI_DATA_addr_32_rd_req549' <Predicate = true> <Delay = 7.30> <CoreInst = "m_axi">   --->   Core 121 'm_axi' <Latency = 6> <II = 1> <Delay = 1.00> <Adapter> <Opcode : 'read' 'write' 'readreq' 'writereq' 'writeresp'>

State 182 <SV = 49> <Delay = 7.30>
ST_182 : Operation 1248 [6/7] (7.30ns)   --->   "%AXI_DATA_addr_32_rd_req549 = readreq i1 @_ssdm_op_ReadReq.m_axi.i8P1A, i8 %AXI_DATA_addr, i32 100" [matmul.cpp:12]   --->   Operation 1248 'readreq' 'AXI_DATA_addr_32_rd_req549' <Predicate = true> <Delay = 7.30> <CoreInst = "m_axi">   --->   Core 121 'm_axi' <Latency = 6> <II = 1> <Delay = 1.00> <Adapter> <Opcode : 'read' 'write' 'readreq' 'writereq' 'writeresp'>

State 183 <SV = 50> <Delay = 7.30>
ST_183 : Operation 1249 [5/7] (7.30ns)   --->   "%AXI_DATA_addr_32_rd_req549 = readreq i1 @_ssdm_op_ReadReq.m_axi.i8P1A, i8 %AXI_DATA_addr, i32 100" [matmul.cpp:12]   --->   Operation 1249 'readreq' 'AXI_DATA_addr_32_rd_req549' <Predicate = true> <Delay = 7.30> <CoreInst = "m_axi">   --->   Core 121 'm_axi' <Latency = 6> <II = 1> <Delay = 1.00> <Adapter> <Opcode : 'read' 'write' 'readreq' 'writereq' 'writeresp'>

State 184 <SV = 51> <Delay = 7.30>
ST_184 : Operation 1250 [4/7] (7.30ns)   --->   "%AXI_DATA_addr_32_rd_req549 = readreq i1 @_ssdm_op_ReadReq.m_axi.i8P1A, i8 %AXI_DATA_addr, i32 100" [matmul.cpp:12]   --->   Operation 1250 'readreq' 'AXI_DATA_addr_32_rd_req549' <Predicate = true> <Delay = 7.30> <CoreInst = "m_axi">   --->   Core 121 'm_axi' <Latency = 6> <II = 1> <Delay = 1.00> <Adapter> <Opcode : 'read' 'write' 'readreq' 'writereq' 'writeresp'>

State 185 <SV = 52> <Delay = 7.30>
ST_185 : Operation 1251 [3/7] (7.30ns)   --->   "%AXI_DATA_addr_32_rd_req549 = readreq i1 @_ssdm_op_ReadReq.m_axi.i8P1A, i8 %AXI_DATA_addr, i32 100" [matmul.cpp:12]   --->   Operation 1251 'readreq' 'AXI_DATA_addr_32_rd_req549' <Predicate = true> <Delay = 7.30> <CoreInst = "m_axi">   --->   Core 121 'm_axi' <Latency = 6> <II = 1> <Delay = 1.00> <Adapter> <Opcode : 'read' 'write' 'readreq' 'writereq' 'writeresp'>

State 186 <SV = 53> <Delay = 7.30>
ST_186 : Operation 1252 [2/7] (7.30ns)   --->   "%AXI_DATA_addr_32_rd_req549 = readreq i1 @_ssdm_op_ReadReq.m_axi.i8P1A, i8 %AXI_DATA_addr, i32 100" [matmul.cpp:12]   --->   Operation 1252 'readreq' 'AXI_DATA_addr_32_rd_req549' <Predicate = true> <Delay = 7.30> <CoreInst = "m_axi">   --->   Core 121 'm_axi' <Latency = 6> <II = 1> <Delay = 1.00> <Adapter> <Opcode : 'read' 'write' 'readreq' 'writereq' 'writeresp'>

State 187 <SV = 54> <Delay = 7.30>
ST_187 : Operation 1253 [1/7] (7.30ns)   --->   "%AXI_DATA_addr_32_rd_req549 = readreq i1 @_ssdm_op_ReadReq.m_axi.i8P1A, i8 %AXI_DATA_addr, i32 100" [matmul.cpp:12]   --->   Operation 1253 'readreq' 'AXI_DATA_addr_32_rd_req549' <Predicate = true> <Delay = 7.30> <CoreInst = "m_axi">   --->   Core 121 'm_axi' <Latency = 6> <II = 1> <Delay = 1.00> <Adapter> <Opcode : 'read' 'write' 'readreq' 'writereq' 'writeresp'>
ST_187 : Operation 1254 [1/1] (0.48ns)   --->   "%br_ln10 = br void" [matmul.cpp:10]   --->   Operation 1254 'br' 'br_ln10' <Predicate = true> <Delay = 0.48>

State 188 <SV = 55> <Delay = 0.89>
ST_188 : Operation 1255 [1/1] (0.00ns)   --->   "%k_6 = phi i7 %add_ln10_6, void %.split51, i7 0, void" [matmul.cpp:10]   --->   Operation 1255 'phi' 'k_6' <Predicate = true> <Delay = 0.00>
ST_188 : Operation 1256 [1/1] (0.00ns)   --->   "%sum_12 = phi i32 %sum_13, void %.split51, i32 0, void"   --->   Operation 1256 'phi' 'sum_12' <Predicate = true> <Delay = 0.00>
ST_188 : Operation 1257 [1/1] (0.89ns)   --->   "%add_ln10_6 = add i7 %k_6, i7 1" [matmul.cpp:10]   --->   Operation 1257 'add' 'add_ln10_6' <Predicate = true> <Delay = 0.89> <CoreInst = "Adder">   --->   Core 1 'Adder' <Latency = 0> <II = 1> <Delay = 0.89> <FuncUnit> <Opcode : 'add' 'sub'> <InPorts = 2> <OutPorts = 1>
ST_188 : Operation 1258 [1/1] (0.00ns)   --->   "%specpipeline_ln0 = specpipeline void @_ssdm_op_SpecPipeline, i32 4294967295, i32 0, i32 1, i32 0, void @p_str"   --->   Operation 1258 'specpipeline' 'specpipeline_ln0' <Predicate = true> <Delay = 0.00>
ST_188 : Operation 1259 [1/1] (0.86ns)   --->   "%icmp_ln10_6 = icmp_eq  i7 %k_6, i7 100" [matmul.cpp:10]   --->   Operation 1259 'icmp' 'icmp_ln10_6' <Predicate = true> <Delay = 0.86> <CoreInst = "Cmp">   --->   Core 9 'Cmp' <Latency = 0> <II = 1> <Delay = 0.86> <FuncUnit> <Opcode : 'icmp'> <InPorts = 2> <OutPorts = 1>
ST_188 : Operation 1260 [1/1] (0.00ns)   --->   "%empty_40 = speclooptripcount i32 @_ssdm_op_SpecLoopTripCount, i64 100, i64 100, i64 100"   --->   Operation 1260 'speclooptripcount' 'empty_40' <Predicate = true> <Delay = 0.00>
ST_188 : Operation 1261 [1/1] (0.00ns)   --->   "%br_ln10 = br i1 %icmp_ln10_6, void %.split51, void" [matmul.cpp:10]   --->   Operation 1261 'br' 'br_ln10' <Predicate = true> <Delay = 0.00>

State 189 <SV = 56> <Delay = 7.30>
ST_189 : Operation 1262 [1/1] (7.30ns)   --->   "%AXI_DATA_addr_read_6 = read i8 @_ssdm_op_Read.m_axi.i8P1A, i8 %AXI_DATA_addr" [matmul.cpp:12]   --->   Operation 1262 'read' 'AXI_DATA_addr_read_6' <Predicate = (!icmp_ln10_6)> <Delay = 7.30> <CoreInst = "m_axi">   --->   Core 121 'm_axi' <Latency = 6> <II = 1> <Delay = 1.00> <Adapter> <Opcode : 'read' 'write' 'readreq' 'writereq' 'writeresp'>

State 190 <SV = 57> <Delay = 6.67>
ST_190 : Operation 1263 [1/1] (0.00ns)   --->   "%zext_ln12_6 = zext i8 %AXI_DATA_addr_read_6" [matmul.cpp:12]   --->   Operation 1263 'zext' 'zext_ln12_6' <Predicate = (!icmp_ln10_6)> <Delay = 0.00>
ST_190 : Operation 1264 [4/4] (6.67ns)   --->   "%conv_6 = uitofp i32 %zext_ln12_6" [matmul.cpp:12]   --->   Operation 1264 'uitofp' 'conv_6' <Predicate = (!icmp_ln10_6)> <Delay = 6.67> <CoreInst = "Int2Float">   --->   Core 62 'Int2Float' <Latency = 3> <II = 1> <Delay = 6.67> <FuncUnit> <Opcode : 'sitofp' 'uitofp'> <InPorts = 1> <OutPorts = 1>

State 191 <SV = 58> <Delay = 6.67>
ST_191 : Operation 1265 [3/4] (6.67ns)   --->   "%conv_6 = uitofp i32 %zext_ln12_6" [matmul.cpp:12]   --->   Operation 1265 'uitofp' 'conv_6' <Predicate = (!icmp_ln10_6)> <Delay = 6.67> <CoreInst = "Int2Float">   --->   Core 62 'Int2Float' <Latency = 3> <II = 1> <Delay = 6.67> <FuncUnit> <Opcode : 'sitofp' 'uitofp'> <InPorts = 1> <OutPorts = 1>

State 192 <SV = 59> <Delay = 6.67>
ST_192 : Operation 1266 [2/4] (6.67ns)   --->   "%conv_6 = uitofp i32 %zext_ln12_6" [matmul.cpp:12]   --->   Operation 1266 'uitofp' 'conv_6' <Predicate = (!icmp_ln10_6)> <Delay = 6.67> <CoreInst = "Int2Float">   --->   Core 62 'Int2Float' <Latency = 3> <II = 1> <Delay = 6.67> <FuncUnit> <Opcode : 'sitofp' 'uitofp'> <InPorts = 1> <OutPorts = 1>

State 193 <SV = 60> <Delay = 6.67>
ST_193 : Operation 1267 [1/4] (6.67ns)   --->   "%conv_6 = uitofp i32 %zext_ln12_6" [matmul.cpp:12]   --->   Operation 1267 'uitofp' 'conv_6' <Predicate = (!icmp_ln10_6)> <Delay = 6.67> <CoreInst = "Int2Float">   --->   Core 62 'Int2Float' <Latency = 3> <II = 1> <Delay = 6.67> <FuncUnit> <Opcode : 'sitofp' 'uitofp'> <InPorts = 1> <OutPorts = 1>

State 194 <SV = 61> <Delay = 6.70>
ST_194 : Operation 1268 [10/10] (6.70ns)   --->   "%div_6 = fdiv i32 %conv_6, i32 255" [matmul.cpp:12]   --->   Operation 1268 'fdiv' 'div_6' <Predicate = (!icmp_ln10_6)> <Delay = 6.70> <CoreInst = "FDiv">   --->   Core 20 'FDiv' <Latency = 9> <II = 1> <Delay = 6.70> <FuncUnit> <Opcode : 'fdiv' 'frem'> <InPorts = 2> <OutPorts = 1>

State 195 <SV = 62> <Delay = 6.70>
ST_195 : Operation 1269 [9/10] (6.70ns)   --->   "%div_6 = fdiv i32 %conv_6, i32 255" [matmul.cpp:12]   --->   Operation 1269 'fdiv' 'div_6' <Predicate = (!icmp_ln10_6)> <Delay = 6.70> <CoreInst = "FDiv">   --->   Core 20 'FDiv' <Latency = 9> <II = 1> <Delay = 6.70> <FuncUnit> <Opcode : 'fdiv' 'frem'> <InPorts = 2> <OutPorts = 1>

State 196 <SV = 63> <Delay = 6.70>
ST_196 : Operation 1270 [8/10] (6.70ns)   --->   "%div_6 = fdiv i32 %conv_6, i32 255" [matmul.cpp:12]   --->   Operation 1270 'fdiv' 'div_6' <Predicate = (!icmp_ln10_6)> <Delay = 6.70> <CoreInst = "FDiv">   --->   Core 20 'FDiv' <Latency = 9> <II = 1> <Delay = 6.70> <FuncUnit> <Opcode : 'fdiv' 'frem'> <InPorts = 2> <OutPorts = 1>

State 197 <SV = 64> <Delay = 6.70>
ST_197 : Operation 1271 [7/10] (6.70ns)   --->   "%div_6 = fdiv i32 %conv_6, i32 255" [matmul.cpp:12]   --->   Operation 1271 'fdiv' 'div_6' <Predicate = (!icmp_ln10_6)> <Delay = 6.70> <CoreInst = "FDiv">   --->   Core 20 'FDiv' <Latency = 9> <II = 1> <Delay = 6.70> <FuncUnit> <Opcode : 'fdiv' 'frem'> <InPorts = 2> <OutPorts = 1>

State 198 <SV = 65> <Delay = 6.70>
ST_198 : Operation 1272 [6/10] (6.70ns)   --->   "%div_6 = fdiv i32 %conv_6, i32 255" [matmul.cpp:12]   --->   Operation 1272 'fdiv' 'div_6' <Predicate = (!icmp_ln10_6)> <Delay = 6.70> <CoreInst = "FDiv">   --->   Core 20 'FDiv' <Latency = 9> <II = 1> <Delay = 6.70> <FuncUnit> <Opcode : 'fdiv' 'frem'> <InPorts = 2> <OutPorts = 1>

State 199 <SV = 66> <Delay = 6.70>
ST_199 : Operation 1273 [5/10] (6.70ns)   --->   "%div_6 = fdiv i32 %conv_6, i32 255" [matmul.cpp:12]   --->   Operation 1273 'fdiv' 'div_6' <Predicate = (!icmp_ln10_6)> <Delay = 6.70> <CoreInst = "FDiv">   --->   Core 20 'FDiv' <Latency = 9> <II = 1> <Delay = 6.70> <FuncUnit> <Opcode : 'fdiv' 'frem'> <InPorts = 2> <OutPorts = 1>

State 200 <SV = 67> <Delay = 6.70>
ST_200 : Operation 1274 [4/10] (6.70ns)   --->   "%div_6 = fdiv i32 %conv_6, i32 255" [matmul.cpp:12]   --->   Operation 1274 'fdiv' 'div_6' <Predicate = (!icmp_ln10_6)> <Delay = 6.70> <CoreInst = "FDiv">   --->   Core 20 'FDiv' <Latency = 9> <II = 1> <Delay = 6.70> <FuncUnit> <Opcode : 'fdiv' 'frem'> <InPorts = 2> <OutPorts = 1>

State 201 <SV = 68> <Delay = 6.70>
ST_201 : Operation 1275 [3/10] (6.70ns)   --->   "%div_6 = fdiv i32 %conv_6, i32 255" [matmul.cpp:12]   --->   Operation 1275 'fdiv' 'div_6' <Predicate = (!icmp_ln10_6)> <Delay = 6.70> <CoreInst = "FDiv">   --->   Core 20 'FDiv' <Latency = 9> <II = 1> <Delay = 6.70> <FuncUnit> <Opcode : 'fdiv' 'frem'> <InPorts = 2> <OutPorts = 1>

State 202 <SV = 69> <Delay = 6.70>
ST_202 : Operation 1276 [2/10] (6.70ns)   --->   "%div_6 = fdiv i32 %conv_6, i32 255" [matmul.cpp:12]   --->   Operation 1276 'fdiv' 'div_6' <Predicate = (!icmp_ln10_6)> <Delay = 6.70> <CoreInst = "FDiv">   --->   Core 20 'FDiv' <Latency = 9> <II = 1> <Delay = 6.70> <FuncUnit> <Opcode : 'fdiv' 'frem'> <InPorts = 2> <OutPorts = 1>

State 203 <SV = 70> <Delay = 6.70>
ST_203 : Operation 1277 [1/1] (0.00ns)   --->   "%k_6_cast = zext i7 %k_6" [matmul.cpp:10]   --->   Operation 1277 'zext' 'k_6_cast' <Predicate = (!icmp_ln10_6)> <Delay = 0.00>
ST_203 : Operation 1278 [1/10] (6.70ns)   --->   "%div_6 = fdiv i32 %conv_6, i32 255" [matmul.cpp:12]   --->   Operation 1278 'fdiv' 'div_6' <Predicate = (!icmp_ln10_6)> <Delay = 6.70> <CoreInst = "FDiv">   --->   Core 20 'FDiv' <Latency = 9> <II = 1> <Delay = 6.70> <FuncUnit> <Opcode : 'fdiv' 'frem'> <InPorts = 2> <OutPorts = 1>
ST_203 : Operation 1279 [1/1] (0.00ns)   --->   "%layer1_weights_6_addr = getelementptr i32 %layer1_weights_6, i64 0, i64 %k_6_cast" [matmul.cpp:12]   --->   Operation 1279 'getelementptr' 'layer1_weights_6_addr' <Predicate = (!icmp_ln10_6)> <Delay = 0.00>
ST_203 : Operation 1280 [2/2] (1.35ns)   --->   "%layer1_weights_6_load = load i7 %layer1_weights_6_addr" [matmul.cpp:12]   --->   Operation 1280 'load' 'layer1_weights_6_load' <Predicate = (!icmp_ln10_6)> <Delay = 1.35> <CoreInst = "ROM">   --->   Core 101 'ROM' <Latency = 1> <II = 1> <Delay = 1.35> <Storage> <Opcode : 'load'> <Ports = 0> <Width = 32> <Depth = 100> <ROM>

State 204 <SV = 71> <Delay = 6.02>
ST_204 : Operation 1281 [1/2] (1.35ns)   --->   "%layer1_weights_6_load = load i7 %layer1_weights_6_addr" [matmul.cpp:12]   --->   Operation 1281 'load' 'layer1_weights_6_load' <Predicate = (!icmp_ln10_6)> <Delay = 1.35> <CoreInst = "ROM">   --->   Core 101 'ROM' <Latency = 1> <II = 1> <Delay = 1.35> <Storage> <Opcode : 'load'> <Ports = 0> <Width = 32> <Depth = 100> <ROM>
ST_204 : Operation 1282 [4/4] (4.67ns)   --->   "%mul_6 = fmul i32 %div_6, i32 %layer1_weights_6_load" [matmul.cpp:12]   --->   Operation 1282 'fmul' 'mul_6' <Predicate = (!icmp_ln10_6)> <Delay = 4.67> <CoreInst = "FMul_maxdsp">   --->   Core 30 'FMul_maxdsp' <Latency = 3> <II = 1> <Delay = 4.67> <FuncUnit> <Opcode : 'fmul'> <InPorts = 2> <OutPorts = 1>

State 205 <SV = 72> <Delay = 4.67>
ST_205 : Operation 1283 [3/4] (4.67ns)   --->   "%mul_6 = fmul i32 %div_6, i32 %layer1_weights_6_load" [matmul.cpp:12]   --->   Operation 1283 'fmul' 'mul_6' <Predicate = (!icmp_ln10_6)> <Delay = 4.67> <CoreInst = "FMul_maxdsp">   --->   Core 30 'FMul_maxdsp' <Latency = 3> <II = 1> <Delay = 4.67> <FuncUnit> <Opcode : 'fmul'> <InPorts = 2> <OutPorts = 1>

State 206 <SV = 73> <Delay = 4.67>
ST_206 : Operation 1284 [2/4] (4.67ns)   --->   "%mul_6 = fmul i32 %div_6, i32 %layer1_weights_6_load" [matmul.cpp:12]   --->   Operation 1284 'fmul' 'mul_6' <Predicate = (!icmp_ln10_6)> <Delay = 4.67> <CoreInst = "FMul_maxdsp">   --->   Core 30 'FMul_maxdsp' <Latency = 3> <II = 1> <Delay = 4.67> <FuncUnit> <Opcode : 'fmul'> <InPorts = 2> <OutPorts = 1>

State 207 <SV = 74> <Delay = 4.67>
ST_207 : Operation 1285 [1/4] (4.67ns)   --->   "%mul_6 = fmul i32 %div_6, i32 %layer1_weights_6_load" [matmul.cpp:12]   --->   Operation 1285 'fmul' 'mul_6' <Predicate = (!icmp_ln10_6)> <Delay = 4.67> <CoreInst = "FMul_maxdsp">   --->   Core 30 'FMul_maxdsp' <Latency = 3> <II = 1> <Delay = 4.67> <FuncUnit> <Opcode : 'fmul'> <InPorts = 2> <OutPorts = 1>

State 208 <SV = 75> <Delay = 6.34>
ST_208 : Operation 1286 [1/1] (0.86ns)   --->   "%icmp_ln12_6 = icmp_eq  i7 %add_ln10_6, i7 100" [matmul.cpp:12]   --->   Operation 1286 'icmp' 'icmp_ln12_6' <Predicate = (!icmp_ln10_6)> <Delay = 0.86> <CoreInst = "Cmp">   --->   Core 9 'Cmp' <Latency = 0> <II = 1> <Delay = 0.86> <FuncUnit> <Opcode : 'icmp'> <InPorts = 2> <OutPorts = 1>
ST_208 : Operation 1287 [3/3] (5.48ns)   --->   "%sum_13 = facc i32 @_ssdm_op_FACC, i32 %mul_6, i1 %icmp_ln12_6" [matmul.cpp:12]   --->   Operation 1287 'facc' 'sum_13' <Predicate = (!icmp_ln10_6)> <Delay = 5.48> <CoreInst = "FAcc_nodsp">   --->   Core 11 'FAcc_nodsp' <Latency = 2> <II = 1> <Delay = 5.48> <FuncUnit> <Opcode : 'facc'> <InPorts = 2> <OutPorts = 1>

State 209 <SV = 76> <Delay = 5.48>
ST_209 : Operation 1288 [2/3] (5.48ns)   --->   "%sum_13 = facc i32 @_ssdm_op_FACC, i32 %mul_6, i1 %icmp_ln12_6" [matmul.cpp:12]   --->   Operation 1288 'facc' 'sum_13' <Predicate = (!icmp_ln10_6)> <Delay = 5.48> <CoreInst = "FAcc_nodsp">   --->   Core 11 'FAcc_nodsp' <Latency = 2> <II = 1> <Delay = 5.48> <FuncUnit> <Opcode : 'facc'> <InPorts = 2> <OutPorts = 1>

State 210 <SV = 77> <Delay = 5.48>
ST_210 : Operation 1289 [1/1] (0.00ns)   --->   "%specloopname_ln8 = specloopname void @_ssdm_op_SpecLoopName, void @empty_9" [matmul.cpp:8]   --->   Operation 1289 'specloopname' 'specloopname_ln8' <Predicate = (!icmp_ln10_6)> <Delay = 0.00>
ST_210 : Operation 1290 [1/3] (5.48ns)   --->   "%sum_13 = facc i32 @_ssdm_op_FACC, i32 %mul_6, i1 %icmp_ln12_6" [matmul.cpp:12]   --->   Operation 1290 'facc' 'sum_13' <Predicate = (!icmp_ln10_6)> <Delay = 5.48> <CoreInst = "FAcc_nodsp">   --->   Core 11 'FAcc_nodsp' <Latency = 2> <II = 1> <Delay = 5.48> <FuncUnit> <Opcode : 'facc'> <InPorts = 2> <OutPorts = 1>
ST_210 : Operation 1291 [1/1] (0.00ns)   --->   "%br_ln0 = br void"   --->   Operation 1291 'br' 'br_ln0' <Predicate = (!icmp_ln10_6)> <Delay = 0.00>

State 211 <SV = 56> <Delay = 7.30>
ST_211 : Operation 1292 [1/1] (0.00ns)   --->   "%output_0_addr_6 = getelementptr i32 %output_0, i64 0, i64 6" [matmul.cpp:14]   --->   Operation 1292 'getelementptr' 'output_0_addr_6' <Predicate = true> <Delay = 0.00>
ST_211 : Operation 1293 [1/1] (1.35ns)   --->   "%store_ln14 = store i32 %sum_12, i5 %output_0_addr_6" [matmul.cpp:14]   --->   Operation 1293 'store' 'store_ln14' <Predicate = true> <Delay = 1.35> <CoreInst = "RAM">   --->   Core 83 'RAM' <Latency = 1> <II = 1> <Delay = 1.35> <Storage> <Opcode : 'load' 'store'> <Ports = 2> <Width = 32> <Depth = 32> <RAM>
ST_211 : Operation 1294 [7/7] (7.30ns)   --->   "%AXI_DATA_addr_32_rd_req550 = readreq i1 @_ssdm_op_ReadReq.m_axi.i8P1A, i8 %AXI_DATA_addr, i32 100" [matmul.cpp:12]   --->   Operation 1294 'readreq' 'AXI_DATA_addr_32_rd_req550' <Predicate = true> <Delay = 7.30> <CoreInst = "m_axi">   --->   Core 121 'm_axi' <Latency = 6> <II = 1> <Delay = 1.00> <Adapter> <Opcode : 'read' 'write' 'readreq' 'writereq' 'writeresp'>

State 212 <SV = 57> <Delay = 7.30>
ST_212 : Operation 1295 [6/7] (7.30ns)   --->   "%AXI_DATA_addr_32_rd_req550 = readreq i1 @_ssdm_op_ReadReq.m_axi.i8P1A, i8 %AXI_DATA_addr, i32 100" [matmul.cpp:12]   --->   Operation 1295 'readreq' 'AXI_DATA_addr_32_rd_req550' <Predicate = true> <Delay = 7.30> <CoreInst = "m_axi">   --->   Core 121 'm_axi' <Latency = 6> <II = 1> <Delay = 1.00> <Adapter> <Opcode : 'read' 'write' 'readreq' 'writereq' 'writeresp'>

State 213 <SV = 58> <Delay = 7.30>
ST_213 : Operation 1296 [5/7] (7.30ns)   --->   "%AXI_DATA_addr_32_rd_req550 = readreq i1 @_ssdm_op_ReadReq.m_axi.i8P1A, i8 %AXI_DATA_addr, i32 100" [matmul.cpp:12]   --->   Operation 1296 'readreq' 'AXI_DATA_addr_32_rd_req550' <Predicate = true> <Delay = 7.30> <CoreInst = "m_axi">   --->   Core 121 'm_axi' <Latency = 6> <II = 1> <Delay = 1.00> <Adapter> <Opcode : 'read' 'write' 'readreq' 'writereq' 'writeresp'>

State 214 <SV = 59> <Delay = 7.30>
ST_214 : Operation 1297 [4/7] (7.30ns)   --->   "%AXI_DATA_addr_32_rd_req550 = readreq i1 @_ssdm_op_ReadReq.m_axi.i8P1A, i8 %AXI_DATA_addr, i32 100" [matmul.cpp:12]   --->   Operation 1297 'readreq' 'AXI_DATA_addr_32_rd_req550' <Predicate = true> <Delay = 7.30> <CoreInst = "m_axi">   --->   Core 121 'm_axi' <Latency = 6> <II = 1> <Delay = 1.00> <Adapter> <Opcode : 'read' 'write' 'readreq' 'writereq' 'writeresp'>

State 215 <SV = 60> <Delay = 7.30>
ST_215 : Operation 1298 [3/7] (7.30ns)   --->   "%AXI_DATA_addr_32_rd_req550 = readreq i1 @_ssdm_op_ReadReq.m_axi.i8P1A, i8 %AXI_DATA_addr, i32 100" [matmul.cpp:12]   --->   Operation 1298 'readreq' 'AXI_DATA_addr_32_rd_req550' <Predicate = true> <Delay = 7.30> <CoreInst = "m_axi">   --->   Core 121 'm_axi' <Latency = 6> <II = 1> <Delay = 1.00> <Adapter> <Opcode : 'read' 'write' 'readreq' 'writereq' 'writeresp'>

State 216 <SV = 61> <Delay = 7.30>
ST_216 : Operation 1299 [2/7] (7.30ns)   --->   "%AXI_DATA_addr_32_rd_req550 = readreq i1 @_ssdm_op_ReadReq.m_axi.i8P1A, i8 %AXI_DATA_addr, i32 100" [matmul.cpp:12]   --->   Operation 1299 'readreq' 'AXI_DATA_addr_32_rd_req550' <Predicate = true> <Delay = 7.30> <CoreInst = "m_axi">   --->   Core 121 'm_axi' <Latency = 6> <II = 1> <Delay = 1.00> <Adapter> <Opcode : 'read' 'write' 'readreq' 'writereq' 'writeresp'>

State 217 <SV = 62> <Delay = 7.30>
ST_217 : Operation 1300 [1/7] (7.30ns)   --->   "%AXI_DATA_addr_32_rd_req550 = readreq i1 @_ssdm_op_ReadReq.m_axi.i8P1A, i8 %AXI_DATA_addr, i32 100" [matmul.cpp:12]   --->   Operation 1300 'readreq' 'AXI_DATA_addr_32_rd_req550' <Predicate = true> <Delay = 7.30> <CoreInst = "m_axi">   --->   Core 121 'm_axi' <Latency = 6> <II = 1> <Delay = 1.00> <Adapter> <Opcode : 'read' 'write' 'readreq' 'writereq' 'writeresp'>
ST_217 : Operation 1301 [1/1] (0.48ns)   --->   "%br_ln10 = br void" [matmul.cpp:10]   --->   Operation 1301 'br' 'br_ln10' <Predicate = true> <Delay = 0.48>

State 218 <SV = 63> <Delay = 0.89>
ST_218 : Operation 1302 [1/1] (0.00ns)   --->   "%k_7 = phi i7 %add_ln10_7, void %.split49, i7 0, void" [matmul.cpp:10]   --->   Operation 1302 'phi' 'k_7' <Predicate = true> <Delay = 0.00>
ST_218 : Operation 1303 [1/1] (0.00ns)   --->   "%sum_14 = phi i32 %sum_15, void %.split49, i32 0, void"   --->   Operation 1303 'phi' 'sum_14' <Predicate = true> <Delay = 0.00>
ST_218 : Operation 1304 [1/1] (0.89ns)   --->   "%add_ln10_7 = add i7 %k_7, i7 1" [matmul.cpp:10]   --->   Operation 1304 'add' 'add_ln10_7' <Predicate = true> <Delay = 0.89> <CoreInst = "Adder">   --->   Core 1 'Adder' <Latency = 0> <II = 1> <Delay = 0.89> <FuncUnit> <Opcode : 'add' 'sub'> <InPorts = 2> <OutPorts = 1>
ST_218 : Operation 1305 [1/1] (0.00ns)   --->   "%specpipeline_ln0 = specpipeline void @_ssdm_op_SpecPipeline, i32 4294967295, i32 0, i32 1, i32 0, void @p_str"   --->   Operation 1305 'specpipeline' 'specpipeline_ln0' <Predicate = true> <Delay = 0.00>
ST_218 : Operation 1306 [1/1] (0.86ns)   --->   "%icmp_ln10_7 = icmp_eq  i7 %k_7, i7 100" [matmul.cpp:10]   --->   Operation 1306 'icmp' 'icmp_ln10_7' <Predicate = true> <Delay = 0.86> <CoreInst = "Cmp">   --->   Core 9 'Cmp' <Latency = 0> <II = 1> <Delay = 0.86> <FuncUnit> <Opcode : 'icmp'> <InPorts = 2> <OutPorts = 1>
ST_218 : Operation 1307 [1/1] (0.00ns)   --->   "%empty_41 = speclooptripcount i32 @_ssdm_op_SpecLoopTripCount, i64 100, i64 100, i64 100"   --->   Operation 1307 'speclooptripcount' 'empty_41' <Predicate = true> <Delay = 0.00>
ST_218 : Operation 1308 [1/1] (0.00ns)   --->   "%br_ln10 = br i1 %icmp_ln10_7, void %.split49, void" [matmul.cpp:10]   --->   Operation 1308 'br' 'br_ln10' <Predicate = true> <Delay = 0.00>

State 219 <SV = 64> <Delay = 7.30>
ST_219 : Operation 1309 [1/1] (7.30ns)   --->   "%AXI_DATA_addr_read_7 = read i8 @_ssdm_op_Read.m_axi.i8P1A, i8 %AXI_DATA_addr" [matmul.cpp:12]   --->   Operation 1309 'read' 'AXI_DATA_addr_read_7' <Predicate = (!icmp_ln10_7)> <Delay = 7.30> <CoreInst = "m_axi">   --->   Core 121 'm_axi' <Latency = 6> <II = 1> <Delay = 1.00> <Adapter> <Opcode : 'read' 'write' 'readreq' 'writereq' 'writeresp'>

State 220 <SV = 65> <Delay = 6.67>
ST_220 : Operation 1310 [1/1] (0.00ns)   --->   "%zext_ln12_7 = zext i8 %AXI_DATA_addr_read_7" [matmul.cpp:12]   --->   Operation 1310 'zext' 'zext_ln12_7' <Predicate = (!icmp_ln10_7)> <Delay = 0.00>
ST_220 : Operation 1311 [4/4] (6.67ns)   --->   "%conv_7 = uitofp i32 %zext_ln12_7" [matmul.cpp:12]   --->   Operation 1311 'uitofp' 'conv_7' <Predicate = (!icmp_ln10_7)> <Delay = 6.67> <CoreInst = "Int2Float">   --->   Core 62 'Int2Float' <Latency = 3> <II = 1> <Delay = 6.67> <FuncUnit> <Opcode : 'sitofp' 'uitofp'> <InPorts = 1> <OutPorts = 1>

State 221 <SV = 66> <Delay = 6.67>
ST_221 : Operation 1312 [3/4] (6.67ns)   --->   "%conv_7 = uitofp i32 %zext_ln12_7" [matmul.cpp:12]   --->   Operation 1312 'uitofp' 'conv_7' <Predicate = (!icmp_ln10_7)> <Delay = 6.67> <CoreInst = "Int2Float">   --->   Core 62 'Int2Float' <Latency = 3> <II = 1> <Delay = 6.67> <FuncUnit> <Opcode : 'sitofp' 'uitofp'> <InPorts = 1> <OutPorts = 1>

State 222 <SV = 67> <Delay = 6.67>
ST_222 : Operation 1313 [2/4] (6.67ns)   --->   "%conv_7 = uitofp i32 %zext_ln12_7" [matmul.cpp:12]   --->   Operation 1313 'uitofp' 'conv_7' <Predicate = (!icmp_ln10_7)> <Delay = 6.67> <CoreInst = "Int2Float">   --->   Core 62 'Int2Float' <Latency = 3> <II = 1> <Delay = 6.67> <FuncUnit> <Opcode : 'sitofp' 'uitofp'> <InPorts = 1> <OutPorts = 1>

State 223 <SV = 68> <Delay = 6.67>
ST_223 : Operation 1314 [1/4] (6.67ns)   --->   "%conv_7 = uitofp i32 %zext_ln12_7" [matmul.cpp:12]   --->   Operation 1314 'uitofp' 'conv_7' <Predicate = (!icmp_ln10_7)> <Delay = 6.67> <CoreInst = "Int2Float">   --->   Core 62 'Int2Float' <Latency = 3> <II = 1> <Delay = 6.67> <FuncUnit> <Opcode : 'sitofp' 'uitofp'> <InPorts = 1> <OutPorts = 1>

State 224 <SV = 69> <Delay = 6.70>
ST_224 : Operation 1315 [10/10] (6.70ns)   --->   "%div_7 = fdiv i32 %conv_7, i32 255" [matmul.cpp:12]   --->   Operation 1315 'fdiv' 'div_7' <Predicate = (!icmp_ln10_7)> <Delay = 6.70> <CoreInst = "FDiv">   --->   Core 20 'FDiv' <Latency = 9> <II = 1> <Delay = 6.70> <FuncUnit> <Opcode : 'fdiv' 'frem'> <InPorts = 2> <OutPorts = 1>

State 225 <SV = 70> <Delay = 6.70>
ST_225 : Operation 1316 [9/10] (6.70ns)   --->   "%div_7 = fdiv i32 %conv_7, i32 255" [matmul.cpp:12]   --->   Operation 1316 'fdiv' 'div_7' <Predicate = (!icmp_ln10_7)> <Delay = 6.70> <CoreInst = "FDiv">   --->   Core 20 'FDiv' <Latency = 9> <II = 1> <Delay = 6.70> <FuncUnit> <Opcode : 'fdiv' 'frem'> <InPorts = 2> <OutPorts = 1>

State 226 <SV = 71> <Delay = 6.70>
ST_226 : Operation 1317 [8/10] (6.70ns)   --->   "%div_7 = fdiv i32 %conv_7, i32 255" [matmul.cpp:12]   --->   Operation 1317 'fdiv' 'div_7' <Predicate = (!icmp_ln10_7)> <Delay = 6.70> <CoreInst = "FDiv">   --->   Core 20 'FDiv' <Latency = 9> <II = 1> <Delay = 6.70> <FuncUnit> <Opcode : 'fdiv' 'frem'> <InPorts = 2> <OutPorts = 1>

State 227 <SV = 72> <Delay = 6.70>
ST_227 : Operation 1318 [7/10] (6.70ns)   --->   "%div_7 = fdiv i32 %conv_7, i32 255" [matmul.cpp:12]   --->   Operation 1318 'fdiv' 'div_7' <Predicate = (!icmp_ln10_7)> <Delay = 6.70> <CoreInst = "FDiv">   --->   Core 20 'FDiv' <Latency = 9> <II = 1> <Delay = 6.70> <FuncUnit> <Opcode : 'fdiv' 'frem'> <InPorts = 2> <OutPorts = 1>

State 228 <SV = 73> <Delay = 6.70>
ST_228 : Operation 1319 [6/10] (6.70ns)   --->   "%div_7 = fdiv i32 %conv_7, i32 255" [matmul.cpp:12]   --->   Operation 1319 'fdiv' 'div_7' <Predicate = (!icmp_ln10_7)> <Delay = 6.70> <CoreInst = "FDiv">   --->   Core 20 'FDiv' <Latency = 9> <II = 1> <Delay = 6.70> <FuncUnit> <Opcode : 'fdiv' 'frem'> <InPorts = 2> <OutPorts = 1>

State 229 <SV = 74> <Delay = 6.70>
ST_229 : Operation 1320 [5/10] (6.70ns)   --->   "%div_7 = fdiv i32 %conv_7, i32 255" [matmul.cpp:12]   --->   Operation 1320 'fdiv' 'div_7' <Predicate = (!icmp_ln10_7)> <Delay = 6.70> <CoreInst = "FDiv">   --->   Core 20 'FDiv' <Latency = 9> <II = 1> <Delay = 6.70> <FuncUnit> <Opcode : 'fdiv' 'frem'> <InPorts = 2> <OutPorts = 1>

State 230 <SV = 75> <Delay = 6.70>
ST_230 : Operation 1321 [4/10] (6.70ns)   --->   "%div_7 = fdiv i32 %conv_7, i32 255" [matmul.cpp:12]   --->   Operation 1321 'fdiv' 'div_7' <Predicate = (!icmp_ln10_7)> <Delay = 6.70> <CoreInst = "FDiv">   --->   Core 20 'FDiv' <Latency = 9> <II = 1> <Delay = 6.70> <FuncUnit> <Opcode : 'fdiv' 'frem'> <InPorts = 2> <OutPorts = 1>

State 231 <SV = 76> <Delay = 6.70>
ST_231 : Operation 1322 [3/10] (6.70ns)   --->   "%div_7 = fdiv i32 %conv_7, i32 255" [matmul.cpp:12]   --->   Operation 1322 'fdiv' 'div_7' <Predicate = (!icmp_ln10_7)> <Delay = 6.70> <CoreInst = "FDiv">   --->   Core 20 'FDiv' <Latency = 9> <II = 1> <Delay = 6.70> <FuncUnit> <Opcode : 'fdiv' 'frem'> <InPorts = 2> <OutPorts = 1>

State 232 <SV = 77> <Delay = 6.70>
ST_232 : Operation 1323 [2/10] (6.70ns)   --->   "%div_7 = fdiv i32 %conv_7, i32 255" [matmul.cpp:12]   --->   Operation 1323 'fdiv' 'div_7' <Predicate = (!icmp_ln10_7)> <Delay = 6.70> <CoreInst = "FDiv">   --->   Core 20 'FDiv' <Latency = 9> <II = 1> <Delay = 6.70> <FuncUnit> <Opcode : 'fdiv' 'frem'> <InPorts = 2> <OutPorts = 1>

State 233 <SV = 78> <Delay = 6.70>
ST_233 : Operation 1324 [1/1] (0.00ns)   --->   "%k_7_cast = zext i7 %k_7" [matmul.cpp:10]   --->   Operation 1324 'zext' 'k_7_cast' <Predicate = (!icmp_ln10_7)> <Delay = 0.00>
ST_233 : Operation 1325 [1/10] (6.70ns)   --->   "%div_7 = fdiv i32 %conv_7, i32 255" [matmul.cpp:12]   --->   Operation 1325 'fdiv' 'div_7' <Predicate = (!icmp_ln10_7)> <Delay = 6.70> <CoreInst = "FDiv">   --->   Core 20 'FDiv' <Latency = 9> <II = 1> <Delay = 6.70> <FuncUnit> <Opcode : 'fdiv' 'frem'> <InPorts = 2> <OutPorts = 1>
ST_233 : Operation 1326 [1/1] (0.00ns)   --->   "%layer1_weights_7_addr = getelementptr i32 %layer1_weights_7, i64 0, i64 %k_7_cast" [matmul.cpp:12]   --->   Operation 1326 'getelementptr' 'layer1_weights_7_addr' <Predicate = (!icmp_ln10_7)> <Delay = 0.00>
ST_233 : Operation 1327 [2/2] (1.35ns)   --->   "%layer1_weights_7_load = load i7 %layer1_weights_7_addr" [matmul.cpp:12]   --->   Operation 1327 'load' 'layer1_weights_7_load' <Predicate = (!icmp_ln10_7)> <Delay = 1.35> <CoreInst = "ROM">   --->   Core 101 'ROM' <Latency = 1> <II = 1> <Delay = 1.35> <Storage> <Opcode : 'load'> <Ports = 0> <Width = 32> <Depth = 100> <ROM>

State 234 <SV = 79> <Delay = 6.02>
ST_234 : Operation 1328 [1/2] (1.35ns)   --->   "%layer1_weights_7_load = load i7 %layer1_weights_7_addr" [matmul.cpp:12]   --->   Operation 1328 'load' 'layer1_weights_7_load' <Predicate = (!icmp_ln10_7)> <Delay = 1.35> <CoreInst = "ROM">   --->   Core 101 'ROM' <Latency = 1> <II = 1> <Delay = 1.35> <Storage> <Opcode : 'load'> <Ports = 0> <Width = 32> <Depth = 100> <ROM>
ST_234 : Operation 1329 [4/4] (4.67ns)   --->   "%mul_7 = fmul i32 %div_7, i32 %layer1_weights_7_load" [matmul.cpp:12]   --->   Operation 1329 'fmul' 'mul_7' <Predicate = (!icmp_ln10_7)> <Delay = 4.67> <CoreInst = "FMul_maxdsp">   --->   Core 30 'FMul_maxdsp' <Latency = 3> <II = 1> <Delay = 4.67> <FuncUnit> <Opcode : 'fmul'> <InPorts = 2> <OutPorts = 1>

State 235 <SV = 80> <Delay = 4.67>
ST_235 : Operation 1330 [3/4] (4.67ns)   --->   "%mul_7 = fmul i32 %div_7, i32 %layer1_weights_7_load" [matmul.cpp:12]   --->   Operation 1330 'fmul' 'mul_7' <Predicate = (!icmp_ln10_7)> <Delay = 4.67> <CoreInst = "FMul_maxdsp">   --->   Core 30 'FMul_maxdsp' <Latency = 3> <II = 1> <Delay = 4.67> <FuncUnit> <Opcode : 'fmul'> <InPorts = 2> <OutPorts = 1>

State 236 <SV = 81> <Delay = 4.67>
ST_236 : Operation 1331 [2/4] (4.67ns)   --->   "%mul_7 = fmul i32 %div_7, i32 %layer1_weights_7_load" [matmul.cpp:12]   --->   Operation 1331 'fmul' 'mul_7' <Predicate = (!icmp_ln10_7)> <Delay = 4.67> <CoreInst = "FMul_maxdsp">   --->   Core 30 'FMul_maxdsp' <Latency = 3> <II = 1> <Delay = 4.67> <FuncUnit> <Opcode : 'fmul'> <InPorts = 2> <OutPorts = 1>

State 237 <SV = 82> <Delay = 4.67>
ST_237 : Operation 1332 [1/4] (4.67ns)   --->   "%mul_7 = fmul i32 %div_7, i32 %layer1_weights_7_load" [matmul.cpp:12]   --->   Operation 1332 'fmul' 'mul_7' <Predicate = (!icmp_ln10_7)> <Delay = 4.67> <CoreInst = "FMul_maxdsp">   --->   Core 30 'FMul_maxdsp' <Latency = 3> <II = 1> <Delay = 4.67> <FuncUnit> <Opcode : 'fmul'> <InPorts = 2> <OutPorts = 1>

State 238 <SV = 83> <Delay = 6.34>
ST_238 : Operation 1333 [1/1] (0.86ns)   --->   "%icmp_ln12_7 = icmp_eq  i7 %add_ln10_7, i7 100" [matmul.cpp:12]   --->   Operation 1333 'icmp' 'icmp_ln12_7' <Predicate = (!icmp_ln10_7)> <Delay = 0.86> <CoreInst = "Cmp">   --->   Core 9 'Cmp' <Latency = 0> <II = 1> <Delay = 0.86> <FuncUnit> <Opcode : 'icmp'> <InPorts = 2> <OutPorts = 1>
ST_238 : Operation 1334 [3/3] (5.48ns)   --->   "%sum_15 = facc i32 @_ssdm_op_FACC, i32 %mul_7, i1 %icmp_ln12_7" [matmul.cpp:12]   --->   Operation 1334 'facc' 'sum_15' <Predicate = (!icmp_ln10_7)> <Delay = 5.48> <CoreInst = "FAcc_nodsp">   --->   Core 11 'FAcc_nodsp' <Latency = 2> <II = 1> <Delay = 5.48> <FuncUnit> <Opcode : 'facc'> <InPorts = 2> <OutPorts = 1>

State 239 <SV = 84> <Delay = 5.48>
ST_239 : Operation 1335 [2/3] (5.48ns)   --->   "%sum_15 = facc i32 @_ssdm_op_FACC, i32 %mul_7, i1 %icmp_ln12_7" [matmul.cpp:12]   --->   Operation 1335 'facc' 'sum_15' <Predicate = (!icmp_ln10_7)> <Delay = 5.48> <CoreInst = "FAcc_nodsp">   --->   Core 11 'FAcc_nodsp' <Latency = 2> <II = 1> <Delay = 5.48> <FuncUnit> <Opcode : 'facc'> <InPorts = 2> <OutPorts = 1>

State 240 <SV = 85> <Delay = 5.48>
ST_240 : Operation 1336 [1/1] (0.00ns)   --->   "%specloopname_ln8 = specloopname void @_ssdm_op_SpecLoopName, void @empty_9" [matmul.cpp:8]   --->   Operation 1336 'specloopname' 'specloopname_ln8' <Predicate = (!icmp_ln10_7)> <Delay = 0.00>
ST_240 : Operation 1337 [1/3] (5.48ns)   --->   "%sum_15 = facc i32 @_ssdm_op_FACC, i32 %mul_7, i1 %icmp_ln12_7" [matmul.cpp:12]   --->   Operation 1337 'facc' 'sum_15' <Predicate = (!icmp_ln10_7)> <Delay = 5.48> <CoreInst = "FAcc_nodsp">   --->   Core 11 'FAcc_nodsp' <Latency = 2> <II = 1> <Delay = 5.48> <FuncUnit> <Opcode : 'facc'> <InPorts = 2> <OutPorts = 1>
ST_240 : Operation 1338 [1/1] (0.00ns)   --->   "%br_ln0 = br void"   --->   Operation 1338 'br' 'br_ln0' <Predicate = (!icmp_ln10_7)> <Delay = 0.00>

State 241 <SV = 64> <Delay = 7.30>
ST_241 : Operation 1339 [1/1] (0.00ns)   --->   "%output_0_addr_7 = getelementptr i32 %output_0, i64 0, i64 7" [matmul.cpp:14]   --->   Operation 1339 'getelementptr' 'output_0_addr_7' <Predicate = true> <Delay = 0.00>
ST_241 : Operation 1340 [1/1] (1.35ns)   --->   "%store_ln14 = store i32 %sum_14, i5 %output_0_addr_7" [matmul.cpp:14]   --->   Operation 1340 'store' 'store_ln14' <Predicate = true> <Delay = 1.35> <CoreInst = "RAM">   --->   Core 83 'RAM' <Latency = 1> <II = 1> <Delay = 1.35> <Storage> <Opcode : 'load' 'store'> <Ports = 2> <Width = 32> <Depth = 32> <RAM>
ST_241 : Operation 1341 [7/7] (7.30ns)   --->   "%AXI_DATA_addr_32_rd_req551 = readreq i1 @_ssdm_op_ReadReq.m_axi.i8P1A, i8 %AXI_DATA_addr, i32 100" [matmul.cpp:12]   --->   Operation 1341 'readreq' 'AXI_DATA_addr_32_rd_req551' <Predicate = true> <Delay = 7.30> <CoreInst = "m_axi">   --->   Core 121 'm_axi' <Latency = 6> <II = 1> <Delay = 1.00> <Adapter> <Opcode : 'read' 'write' 'readreq' 'writereq' 'writeresp'>

State 242 <SV = 65> <Delay = 7.30>
ST_242 : Operation 1342 [6/7] (7.30ns)   --->   "%AXI_DATA_addr_32_rd_req551 = readreq i1 @_ssdm_op_ReadReq.m_axi.i8P1A, i8 %AXI_DATA_addr, i32 100" [matmul.cpp:12]   --->   Operation 1342 'readreq' 'AXI_DATA_addr_32_rd_req551' <Predicate = true> <Delay = 7.30> <CoreInst = "m_axi">   --->   Core 121 'm_axi' <Latency = 6> <II = 1> <Delay = 1.00> <Adapter> <Opcode : 'read' 'write' 'readreq' 'writereq' 'writeresp'>

State 243 <SV = 66> <Delay = 7.30>
ST_243 : Operation 1343 [5/7] (7.30ns)   --->   "%AXI_DATA_addr_32_rd_req551 = readreq i1 @_ssdm_op_ReadReq.m_axi.i8P1A, i8 %AXI_DATA_addr, i32 100" [matmul.cpp:12]   --->   Operation 1343 'readreq' 'AXI_DATA_addr_32_rd_req551' <Predicate = true> <Delay = 7.30> <CoreInst = "m_axi">   --->   Core 121 'm_axi' <Latency = 6> <II = 1> <Delay = 1.00> <Adapter> <Opcode : 'read' 'write' 'readreq' 'writereq' 'writeresp'>

State 244 <SV = 67> <Delay = 7.30>
ST_244 : Operation 1344 [4/7] (7.30ns)   --->   "%AXI_DATA_addr_32_rd_req551 = readreq i1 @_ssdm_op_ReadReq.m_axi.i8P1A, i8 %AXI_DATA_addr, i32 100" [matmul.cpp:12]   --->   Operation 1344 'readreq' 'AXI_DATA_addr_32_rd_req551' <Predicate = true> <Delay = 7.30> <CoreInst = "m_axi">   --->   Core 121 'm_axi' <Latency = 6> <II = 1> <Delay = 1.00> <Adapter> <Opcode : 'read' 'write' 'readreq' 'writereq' 'writeresp'>

State 245 <SV = 68> <Delay = 7.30>
ST_245 : Operation 1345 [3/7] (7.30ns)   --->   "%AXI_DATA_addr_32_rd_req551 = readreq i1 @_ssdm_op_ReadReq.m_axi.i8P1A, i8 %AXI_DATA_addr, i32 100" [matmul.cpp:12]   --->   Operation 1345 'readreq' 'AXI_DATA_addr_32_rd_req551' <Predicate = true> <Delay = 7.30> <CoreInst = "m_axi">   --->   Core 121 'm_axi' <Latency = 6> <II = 1> <Delay = 1.00> <Adapter> <Opcode : 'read' 'write' 'readreq' 'writereq' 'writeresp'>

State 246 <SV = 69> <Delay = 7.30>
ST_246 : Operation 1346 [2/7] (7.30ns)   --->   "%AXI_DATA_addr_32_rd_req551 = readreq i1 @_ssdm_op_ReadReq.m_axi.i8P1A, i8 %AXI_DATA_addr, i32 100" [matmul.cpp:12]   --->   Operation 1346 'readreq' 'AXI_DATA_addr_32_rd_req551' <Predicate = true> <Delay = 7.30> <CoreInst = "m_axi">   --->   Core 121 'm_axi' <Latency = 6> <II = 1> <Delay = 1.00> <Adapter> <Opcode : 'read' 'write' 'readreq' 'writereq' 'writeresp'>

State 247 <SV = 70> <Delay = 7.30>
ST_247 : Operation 1347 [1/7] (7.30ns)   --->   "%AXI_DATA_addr_32_rd_req551 = readreq i1 @_ssdm_op_ReadReq.m_axi.i8P1A, i8 %AXI_DATA_addr, i32 100" [matmul.cpp:12]   --->   Operation 1347 'readreq' 'AXI_DATA_addr_32_rd_req551' <Predicate = true> <Delay = 7.30> <CoreInst = "m_axi">   --->   Core 121 'm_axi' <Latency = 6> <II = 1> <Delay = 1.00> <Adapter> <Opcode : 'read' 'write' 'readreq' 'writereq' 'writeresp'>
ST_247 : Operation 1348 [1/1] (0.48ns)   --->   "%br_ln10 = br void" [matmul.cpp:10]   --->   Operation 1348 'br' 'br_ln10' <Predicate = true> <Delay = 0.48>

State 248 <SV = 71> <Delay = 0.89>
ST_248 : Operation 1349 [1/1] (0.00ns)   --->   "%k_8 = phi i7 %add_ln10_8, void %.split47, i7 0, void" [matmul.cpp:10]   --->   Operation 1349 'phi' 'k_8' <Predicate = true> <Delay = 0.00>
ST_248 : Operation 1350 [1/1] (0.00ns)   --->   "%sum_16 = phi i32 %sum_17, void %.split47, i32 0, void"   --->   Operation 1350 'phi' 'sum_16' <Predicate = true> <Delay = 0.00>
ST_248 : Operation 1351 [1/1] (0.89ns)   --->   "%add_ln10_8 = add i7 %k_8, i7 1" [matmul.cpp:10]   --->   Operation 1351 'add' 'add_ln10_8' <Predicate = true> <Delay = 0.89> <CoreInst = "Adder">   --->   Core 1 'Adder' <Latency = 0> <II = 1> <Delay = 0.89> <FuncUnit> <Opcode : 'add' 'sub'> <InPorts = 2> <OutPorts = 1>
ST_248 : Operation 1352 [1/1] (0.00ns)   --->   "%specpipeline_ln0 = specpipeline void @_ssdm_op_SpecPipeline, i32 4294967295, i32 0, i32 1, i32 0, void @p_str"   --->   Operation 1352 'specpipeline' 'specpipeline_ln0' <Predicate = true> <Delay = 0.00>
ST_248 : Operation 1353 [1/1] (0.86ns)   --->   "%icmp_ln10_8 = icmp_eq  i7 %k_8, i7 100" [matmul.cpp:10]   --->   Operation 1353 'icmp' 'icmp_ln10_8' <Predicate = true> <Delay = 0.86> <CoreInst = "Cmp">   --->   Core 9 'Cmp' <Latency = 0> <II = 1> <Delay = 0.86> <FuncUnit> <Opcode : 'icmp'> <InPorts = 2> <OutPorts = 1>
ST_248 : Operation 1354 [1/1] (0.00ns)   --->   "%empty_42 = speclooptripcount i32 @_ssdm_op_SpecLoopTripCount, i64 100, i64 100, i64 100"   --->   Operation 1354 'speclooptripcount' 'empty_42' <Predicate = true> <Delay = 0.00>
ST_248 : Operation 1355 [1/1] (0.00ns)   --->   "%br_ln10 = br i1 %icmp_ln10_8, void %.split47, void" [matmul.cpp:10]   --->   Operation 1355 'br' 'br_ln10' <Predicate = true> <Delay = 0.00>

State 249 <SV = 72> <Delay = 7.30>
ST_249 : Operation 1356 [1/1] (7.30ns)   --->   "%AXI_DATA_addr_read_8 = read i8 @_ssdm_op_Read.m_axi.i8P1A, i8 %AXI_DATA_addr" [matmul.cpp:12]   --->   Operation 1356 'read' 'AXI_DATA_addr_read_8' <Predicate = (!icmp_ln10_8)> <Delay = 7.30> <CoreInst = "m_axi">   --->   Core 121 'm_axi' <Latency = 6> <II = 1> <Delay = 1.00> <Adapter> <Opcode : 'read' 'write' 'readreq' 'writereq' 'writeresp'>

State 250 <SV = 73> <Delay = 6.67>
ST_250 : Operation 1357 [1/1] (0.00ns)   --->   "%zext_ln12_8 = zext i8 %AXI_DATA_addr_read_8" [matmul.cpp:12]   --->   Operation 1357 'zext' 'zext_ln12_8' <Predicate = (!icmp_ln10_8)> <Delay = 0.00>
ST_250 : Operation 1358 [4/4] (6.67ns)   --->   "%conv_8 = uitofp i32 %zext_ln12_8" [matmul.cpp:12]   --->   Operation 1358 'uitofp' 'conv_8' <Predicate = (!icmp_ln10_8)> <Delay = 6.67> <CoreInst = "Int2Float">   --->   Core 62 'Int2Float' <Latency = 3> <II = 1> <Delay = 6.67> <FuncUnit> <Opcode : 'sitofp' 'uitofp'> <InPorts = 1> <OutPorts = 1>

State 251 <SV = 74> <Delay = 6.67>
ST_251 : Operation 1359 [3/4] (6.67ns)   --->   "%conv_8 = uitofp i32 %zext_ln12_8" [matmul.cpp:12]   --->   Operation 1359 'uitofp' 'conv_8' <Predicate = (!icmp_ln10_8)> <Delay = 6.67> <CoreInst = "Int2Float">   --->   Core 62 'Int2Float' <Latency = 3> <II = 1> <Delay = 6.67> <FuncUnit> <Opcode : 'sitofp' 'uitofp'> <InPorts = 1> <OutPorts = 1>

State 252 <SV = 75> <Delay = 6.67>
ST_252 : Operation 1360 [2/4] (6.67ns)   --->   "%conv_8 = uitofp i32 %zext_ln12_8" [matmul.cpp:12]   --->   Operation 1360 'uitofp' 'conv_8' <Predicate = (!icmp_ln10_8)> <Delay = 6.67> <CoreInst = "Int2Float">   --->   Core 62 'Int2Float' <Latency = 3> <II = 1> <Delay = 6.67> <FuncUnit> <Opcode : 'sitofp' 'uitofp'> <InPorts = 1> <OutPorts = 1>

State 253 <SV = 76> <Delay = 6.67>
ST_253 : Operation 1361 [1/4] (6.67ns)   --->   "%conv_8 = uitofp i32 %zext_ln12_8" [matmul.cpp:12]   --->   Operation 1361 'uitofp' 'conv_8' <Predicate = (!icmp_ln10_8)> <Delay = 6.67> <CoreInst = "Int2Float">   --->   Core 62 'Int2Float' <Latency = 3> <II = 1> <Delay = 6.67> <FuncUnit> <Opcode : 'sitofp' 'uitofp'> <InPorts = 1> <OutPorts = 1>

State 254 <SV = 77> <Delay = 6.70>
ST_254 : Operation 1362 [10/10] (6.70ns)   --->   "%div_8 = fdiv i32 %conv_8, i32 255" [matmul.cpp:12]   --->   Operation 1362 'fdiv' 'div_8' <Predicate = (!icmp_ln10_8)> <Delay = 6.70> <CoreInst = "FDiv">   --->   Core 20 'FDiv' <Latency = 9> <II = 1> <Delay = 6.70> <FuncUnit> <Opcode : 'fdiv' 'frem'> <InPorts = 2> <OutPorts = 1>

State 255 <SV = 78> <Delay = 6.70>
ST_255 : Operation 1363 [9/10] (6.70ns)   --->   "%div_8 = fdiv i32 %conv_8, i32 255" [matmul.cpp:12]   --->   Operation 1363 'fdiv' 'div_8' <Predicate = (!icmp_ln10_8)> <Delay = 6.70> <CoreInst = "FDiv">   --->   Core 20 'FDiv' <Latency = 9> <II = 1> <Delay = 6.70> <FuncUnit> <Opcode : 'fdiv' 'frem'> <InPorts = 2> <OutPorts = 1>

State 256 <SV = 79> <Delay = 6.70>
ST_256 : Operation 1364 [8/10] (6.70ns)   --->   "%div_8 = fdiv i32 %conv_8, i32 255" [matmul.cpp:12]   --->   Operation 1364 'fdiv' 'div_8' <Predicate = (!icmp_ln10_8)> <Delay = 6.70> <CoreInst = "FDiv">   --->   Core 20 'FDiv' <Latency = 9> <II = 1> <Delay = 6.70> <FuncUnit> <Opcode : 'fdiv' 'frem'> <InPorts = 2> <OutPorts = 1>

State 257 <SV = 80> <Delay = 6.70>
ST_257 : Operation 1365 [7/10] (6.70ns)   --->   "%div_8 = fdiv i32 %conv_8, i32 255" [matmul.cpp:12]   --->   Operation 1365 'fdiv' 'div_8' <Predicate = (!icmp_ln10_8)> <Delay = 6.70> <CoreInst = "FDiv">   --->   Core 20 'FDiv' <Latency = 9> <II = 1> <Delay = 6.70> <FuncUnit> <Opcode : 'fdiv' 'frem'> <InPorts = 2> <OutPorts = 1>

State 258 <SV = 81> <Delay = 6.70>
ST_258 : Operation 1366 [6/10] (6.70ns)   --->   "%div_8 = fdiv i32 %conv_8, i32 255" [matmul.cpp:12]   --->   Operation 1366 'fdiv' 'div_8' <Predicate = (!icmp_ln10_8)> <Delay = 6.70> <CoreInst = "FDiv">   --->   Core 20 'FDiv' <Latency = 9> <II = 1> <Delay = 6.70> <FuncUnit> <Opcode : 'fdiv' 'frem'> <InPorts = 2> <OutPorts = 1>

State 259 <SV = 82> <Delay = 6.70>
ST_259 : Operation 1367 [5/10] (6.70ns)   --->   "%div_8 = fdiv i32 %conv_8, i32 255" [matmul.cpp:12]   --->   Operation 1367 'fdiv' 'div_8' <Predicate = (!icmp_ln10_8)> <Delay = 6.70> <CoreInst = "FDiv">   --->   Core 20 'FDiv' <Latency = 9> <II = 1> <Delay = 6.70> <FuncUnit> <Opcode : 'fdiv' 'frem'> <InPorts = 2> <OutPorts = 1>

State 260 <SV = 83> <Delay = 6.70>
ST_260 : Operation 1368 [4/10] (6.70ns)   --->   "%div_8 = fdiv i32 %conv_8, i32 255" [matmul.cpp:12]   --->   Operation 1368 'fdiv' 'div_8' <Predicate = (!icmp_ln10_8)> <Delay = 6.70> <CoreInst = "FDiv">   --->   Core 20 'FDiv' <Latency = 9> <II = 1> <Delay = 6.70> <FuncUnit> <Opcode : 'fdiv' 'frem'> <InPorts = 2> <OutPorts = 1>

State 261 <SV = 84> <Delay = 6.70>
ST_261 : Operation 1369 [3/10] (6.70ns)   --->   "%div_8 = fdiv i32 %conv_8, i32 255" [matmul.cpp:12]   --->   Operation 1369 'fdiv' 'div_8' <Predicate = (!icmp_ln10_8)> <Delay = 6.70> <CoreInst = "FDiv">   --->   Core 20 'FDiv' <Latency = 9> <II = 1> <Delay = 6.70> <FuncUnit> <Opcode : 'fdiv' 'frem'> <InPorts = 2> <OutPorts = 1>

State 262 <SV = 85> <Delay = 6.70>
ST_262 : Operation 1370 [2/10] (6.70ns)   --->   "%div_8 = fdiv i32 %conv_8, i32 255" [matmul.cpp:12]   --->   Operation 1370 'fdiv' 'div_8' <Predicate = (!icmp_ln10_8)> <Delay = 6.70> <CoreInst = "FDiv">   --->   Core 20 'FDiv' <Latency = 9> <II = 1> <Delay = 6.70> <FuncUnit> <Opcode : 'fdiv' 'frem'> <InPorts = 2> <OutPorts = 1>

State 263 <SV = 86> <Delay = 6.70>
ST_263 : Operation 1371 [1/1] (0.00ns)   --->   "%k_8_cast = zext i7 %k_8" [matmul.cpp:10]   --->   Operation 1371 'zext' 'k_8_cast' <Predicate = (!icmp_ln10_8)> <Delay = 0.00>
ST_263 : Operation 1372 [1/10] (6.70ns)   --->   "%div_8 = fdiv i32 %conv_8, i32 255" [matmul.cpp:12]   --->   Operation 1372 'fdiv' 'div_8' <Predicate = (!icmp_ln10_8)> <Delay = 6.70> <CoreInst = "FDiv">   --->   Core 20 'FDiv' <Latency = 9> <II = 1> <Delay = 6.70> <FuncUnit> <Opcode : 'fdiv' 'frem'> <InPorts = 2> <OutPorts = 1>
ST_263 : Operation 1373 [1/1] (0.00ns)   --->   "%layer1_weights_8_addr = getelementptr i32 %layer1_weights_8, i64 0, i64 %k_8_cast" [matmul.cpp:12]   --->   Operation 1373 'getelementptr' 'layer1_weights_8_addr' <Predicate = (!icmp_ln10_8)> <Delay = 0.00>
ST_263 : Operation 1374 [2/2] (1.35ns)   --->   "%layer1_weights_8_load = load i7 %layer1_weights_8_addr" [matmul.cpp:12]   --->   Operation 1374 'load' 'layer1_weights_8_load' <Predicate = (!icmp_ln10_8)> <Delay = 1.35> <CoreInst = "ROM">   --->   Core 101 'ROM' <Latency = 1> <II = 1> <Delay = 1.35> <Storage> <Opcode : 'load'> <Ports = 0> <Width = 32> <Depth = 100> <ROM>

State 264 <SV = 87> <Delay = 6.02>
ST_264 : Operation 1375 [1/2] (1.35ns)   --->   "%layer1_weights_8_load = load i7 %layer1_weights_8_addr" [matmul.cpp:12]   --->   Operation 1375 'load' 'layer1_weights_8_load' <Predicate = (!icmp_ln10_8)> <Delay = 1.35> <CoreInst = "ROM">   --->   Core 101 'ROM' <Latency = 1> <II = 1> <Delay = 1.35> <Storage> <Opcode : 'load'> <Ports = 0> <Width = 32> <Depth = 100> <ROM>
ST_264 : Operation 1376 [4/4] (4.67ns)   --->   "%mul_8 = fmul i32 %div_8, i32 %layer1_weights_8_load" [matmul.cpp:12]   --->   Operation 1376 'fmul' 'mul_8' <Predicate = (!icmp_ln10_8)> <Delay = 4.67> <CoreInst = "FMul_maxdsp">   --->   Core 30 'FMul_maxdsp' <Latency = 3> <II = 1> <Delay = 4.67> <FuncUnit> <Opcode : 'fmul'> <InPorts = 2> <OutPorts = 1>

State 265 <SV = 88> <Delay = 4.67>
ST_265 : Operation 1377 [3/4] (4.67ns)   --->   "%mul_8 = fmul i32 %div_8, i32 %layer1_weights_8_load" [matmul.cpp:12]   --->   Operation 1377 'fmul' 'mul_8' <Predicate = (!icmp_ln10_8)> <Delay = 4.67> <CoreInst = "FMul_maxdsp">   --->   Core 30 'FMul_maxdsp' <Latency = 3> <II = 1> <Delay = 4.67> <FuncUnit> <Opcode : 'fmul'> <InPorts = 2> <OutPorts = 1>

State 266 <SV = 89> <Delay = 4.67>
ST_266 : Operation 1378 [2/4] (4.67ns)   --->   "%mul_8 = fmul i32 %div_8, i32 %layer1_weights_8_load" [matmul.cpp:12]   --->   Operation 1378 'fmul' 'mul_8' <Predicate = (!icmp_ln10_8)> <Delay = 4.67> <CoreInst = "FMul_maxdsp">   --->   Core 30 'FMul_maxdsp' <Latency = 3> <II = 1> <Delay = 4.67> <FuncUnit> <Opcode : 'fmul'> <InPorts = 2> <OutPorts = 1>

State 267 <SV = 90> <Delay = 4.67>
ST_267 : Operation 1379 [1/4] (4.67ns)   --->   "%mul_8 = fmul i32 %div_8, i32 %layer1_weights_8_load" [matmul.cpp:12]   --->   Operation 1379 'fmul' 'mul_8' <Predicate = (!icmp_ln10_8)> <Delay = 4.67> <CoreInst = "FMul_maxdsp">   --->   Core 30 'FMul_maxdsp' <Latency = 3> <II = 1> <Delay = 4.67> <FuncUnit> <Opcode : 'fmul'> <InPorts = 2> <OutPorts = 1>

State 268 <SV = 91> <Delay = 6.34>
ST_268 : Operation 1380 [1/1] (0.86ns)   --->   "%icmp_ln12_8 = icmp_eq  i7 %add_ln10_8, i7 100" [matmul.cpp:12]   --->   Operation 1380 'icmp' 'icmp_ln12_8' <Predicate = (!icmp_ln10_8)> <Delay = 0.86> <CoreInst = "Cmp">   --->   Core 9 'Cmp' <Latency = 0> <II = 1> <Delay = 0.86> <FuncUnit> <Opcode : 'icmp'> <InPorts = 2> <OutPorts = 1>
ST_268 : Operation 1381 [3/3] (5.48ns)   --->   "%sum_17 = facc i32 @_ssdm_op_FACC, i32 %mul_8, i1 %icmp_ln12_8" [matmul.cpp:12]   --->   Operation 1381 'facc' 'sum_17' <Predicate = (!icmp_ln10_8)> <Delay = 5.48> <CoreInst = "FAcc_nodsp">   --->   Core 11 'FAcc_nodsp' <Latency = 2> <II = 1> <Delay = 5.48> <FuncUnit> <Opcode : 'facc'> <InPorts = 2> <OutPorts = 1>

State 269 <SV = 92> <Delay = 5.48>
ST_269 : Operation 1382 [2/3] (5.48ns)   --->   "%sum_17 = facc i32 @_ssdm_op_FACC, i32 %mul_8, i1 %icmp_ln12_8" [matmul.cpp:12]   --->   Operation 1382 'facc' 'sum_17' <Predicate = (!icmp_ln10_8)> <Delay = 5.48> <CoreInst = "FAcc_nodsp">   --->   Core 11 'FAcc_nodsp' <Latency = 2> <II = 1> <Delay = 5.48> <FuncUnit> <Opcode : 'facc'> <InPorts = 2> <OutPorts = 1>

State 270 <SV = 93> <Delay = 5.48>
ST_270 : Operation 1383 [1/1] (0.00ns)   --->   "%specloopname_ln8 = specloopname void @_ssdm_op_SpecLoopName, void @empty_9" [matmul.cpp:8]   --->   Operation 1383 'specloopname' 'specloopname_ln8' <Predicate = (!icmp_ln10_8)> <Delay = 0.00>
ST_270 : Operation 1384 [1/3] (5.48ns)   --->   "%sum_17 = facc i32 @_ssdm_op_FACC, i32 %mul_8, i1 %icmp_ln12_8" [matmul.cpp:12]   --->   Operation 1384 'facc' 'sum_17' <Predicate = (!icmp_ln10_8)> <Delay = 5.48> <CoreInst = "FAcc_nodsp">   --->   Core 11 'FAcc_nodsp' <Latency = 2> <II = 1> <Delay = 5.48> <FuncUnit> <Opcode : 'facc'> <InPorts = 2> <OutPorts = 1>
ST_270 : Operation 1385 [1/1] (0.00ns)   --->   "%br_ln0 = br void"   --->   Operation 1385 'br' 'br_ln0' <Predicate = (!icmp_ln10_8)> <Delay = 0.00>

State 271 <SV = 72> <Delay = 7.30>
ST_271 : Operation 1386 [1/1] (0.00ns)   --->   "%output_0_addr_8 = getelementptr i32 %output_0, i64 0, i64 8" [matmul.cpp:14]   --->   Operation 1386 'getelementptr' 'output_0_addr_8' <Predicate = true> <Delay = 0.00>
ST_271 : Operation 1387 [1/1] (1.35ns)   --->   "%store_ln14 = store i32 %sum_16, i5 %output_0_addr_8" [matmul.cpp:14]   --->   Operation 1387 'store' 'store_ln14' <Predicate = true> <Delay = 1.35> <CoreInst = "RAM">   --->   Core 83 'RAM' <Latency = 1> <II = 1> <Delay = 1.35> <Storage> <Opcode : 'load' 'store'> <Ports = 2> <Width = 32> <Depth = 32> <RAM>
ST_271 : Operation 1388 [7/7] (7.30ns)   --->   "%AXI_DATA_addr_32_rd_req552 = readreq i1 @_ssdm_op_ReadReq.m_axi.i8P1A, i8 %AXI_DATA_addr, i32 100" [matmul.cpp:12]   --->   Operation 1388 'readreq' 'AXI_DATA_addr_32_rd_req552' <Predicate = true> <Delay = 7.30> <CoreInst = "m_axi">   --->   Core 121 'm_axi' <Latency = 6> <II = 1> <Delay = 1.00> <Adapter> <Opcode : 'read' 'write' 'readreq' 'writereq' 'writeresp'>

State 272 <SV = 73> <Delay = 7.30>
ST_272 : Operation 1389 [6/7] (7.30ns)   --->   "%AXI_DATA_addr_32_rd_req552 = readreq i1 @_ssdm_op_ReadReq.m_axi.i8P1A, i8 %AXI_DATA_addr, i32 100" [matmul.cpp:12]   --->   Operation 1389 'readreq' 'AXI_DATA_addr_32_rd_req552' <Predicate = true> <Delay = 7.30> <CoreInst = "m_axi">   --->   Core 121 'm_axi' <Latency = 6> <II = 1> <Delay = 1.00> <Adapter> <Opcode : 'read' 'write' 'readreq' 'writereq' 'writeresp'>

State 273 <SV = 74> <Delay = 7.30>
ST_273 : Operation 1390 [5/7] (7.30ns)   --->   "%AXI_DATA_addr_32_rd_req552 = readreq i1 @_ssdm_op_ReadReq.m_axi.i8P1A, i8 %AXI_DATA_addr, i32 100" [matmul.cpp:12]   --->   Operation 1390 'readreq' 'AXI_DATA_addr_32_rd_req552' <Predicate = true> <Delay = 7.30> <CoreInst = "m_axi">   --->   Core 121 'm_axi' <Latency = 6> <II = 1> <Delay = 1.00> <Adapter> <Opcode : 'read' 'write' 'readreq' 'writereq' 'writeresp'>

State 274 <SV = 75> <Delay = 7.30>
ST_274 : Operation 1391 [4/7] (7.30ns)   --->   "%AXI_DATA_addr_32_rd_req552 = readreq i1 @_ssdm_op_ReadReq.m_axi.i8P1A, i8 %AXI_DATA_addr, i32 100" [matmul.cpp:12]   --->   Operation 1391 'readreq' 'AXI_DATA_addr_32_rd_req552' <Predicate = true> <Delay = 7.30> <CoreInst = "m_axi">   --->   Core 121 'm_axi' <Latency = 6> <II = 1> <Delay = 1.00> <Adapter> <Opcode : 'read' 'write' 'readreq' 'writereq' 'writeresp'>

State 275 <SV = 76> <Delay = 7.30>
ST_275 : Operation 1392 [3/7] (7.30ns)   --->   "%AXI_DATA_addr_32_rd_req552 = readreq i1 @_ssdm_op_ReadReq.m_axi.i8P1A, i8 %AXI_DATA_addr, i32 100" [matmul.cpp:12]   --->   Operation 1392 'readreq' 'AXI_DATA_addr_32_rd_req552' <Predicate = true> <Delay = 7.30> <CoreInst = "m_axi">   --->   Core 121 'm_axi' <Latency = 6> <II = 1> <Delay = 1.00> <Adapter> <Opcode : 'read' 'write' 'readreq' 'writereq' 'writeresp'>

State 276 <SV = 77> <Delay = 7.30>
ST_276 : Operation 1393 [2/7] (7.30ns)   --->   "%AXI_DATA_addr_32_rd_req552 = readreq i1 @_ssdm_op_ReadReq.m_axi.i8P1A, i8 %AXI_DATA_addr, i32 100" [matmul.cpp:12]   --->   Operation 1393 'readreq' 'AXI_DATA_addr_32_rd_req552' <Predicate = true> <Delay = 7.30> <CoreInst = "m_axi">   --->   Core 121 'm_axi' <Latency = 6> <II = 1> <Delay = 1.00> <Adapter> <Opcode : 'read' 'write' 'readreq' 'writereq' 'writeresp'>

State 277 <SV = 78> <Delay = 7.30>
ST_277 : Operation 1394 [1/7] (7.30ns)   --->   "%AXI_DATA_addr_32_rd_req552 = readreq i1 @_ssdm_op_ReadReq.m_axi.i8P1A, i8 %AXI_DATA_addr, i32 100" [matmul.cpp:12]   --->   Operation 1394 'readreq' 'AXI_DATA_addr_32_rd_req552' <Predicate = true> <Delay = 7.30> <CoreInst = "m_axi">   --->   Core 121 'm_axi' <Latency = 6> <II = 1> <Delay = 1.00> <Adapter> <Opcode : 'read' 'write' 'readreq' 'writereq' 'writeresp'>
ST_277 : Operation 1395 [1/1] (0.48ns)   --->   "%br_ln10 = br void" [matmul.cpp:10]   --->   Operation 1395 'br' 'br_ln10' <Predicate = true> <Delay = 0.48>

State 278 <SV = 79> <Delay = 0.89>
ST_278 : Operation 1396 [1/1] (0.00ns)   --->   "%k_9 = phi i7 %add_ln10_9, void %.split45, i7 0, void" [matmul.cpp:10]   --->   Operation 1396 'phi' 'k_9' <Predicate = true> <Delay = 0.00>
ST_278 : Operation 1397 [1/1] (0.00ns)   --->   "%sum_18 = phi i32 %sum_19, void %.split45, i32 0, void"   --->   Operation 1397 'phi' 'sum_18' <Predicate = true> <Delay = 0.00>
ST_278 : Operation 1398 [1/1] (0.89ns)   --->   "%add_ln10_9 = add i7 %k_9, i7 1" [matmul.cpp:10]   --->   Operation 1398 'add' 'add_ln10_9' <Predicate = true> <Delay = 0.89> <CoreInst = "Adder">   --->   Core 1 'Adder' <Latency = 0> <II = 1> <Delay = 0.89> <FuncUnit> <Opcode : 'add' 'sub'> <InPorts = 2> <OutPorts = 1>
ST_278 : Operation 1399 [1/1] (0.00ns)   --->   "%specpipeline_ln0 = specpipeline void @_ssdm_op_SpecPipeline, i32 4294967295, i32 0, i32 1, i32 0, void @p_str"   --->   Operation 1399 'specpipeline' 'specpipeline_ln0' <Predicate = true> <Delay = 0.00>
ST_278 : Operation 1400 [1/1] (0.86ns)   --->   "%icmp_ln10_9 = icmp_eq  i7 %k_9, i7 100" [matmul.cpp:10]   --->   Operation 1400 'icmp' 'icmp_ln10_9' <Predicate = true> <Delay = 0.86> <CoreInst = "Cmp">   --->   Core 9 'Cmp' <Latency = 0> <II = 1> <Delay = 0.86> <FuncUnit> <Opcode : 'icmp'> <InPorts = 2> <OutPorts = 1>
ST_278 : Operation 1401 [1/1] (0.00ns)   --->   "%empty_43 = speclooptripcount i32 @_ssdm_op_SpecLoopTripCount, i64 100, i64 100, i64 100"   --->   Operation 1401 'speclooptripcount' 'empty_43' <Predicate = true> <Delay = 0.00>
ST_278 : Operation 1402 [1/1] (0.00ns)   --->   "%br_ln10 = br i1 %icmp_ln10_9, void %.split45, void" [matmul.cpp:10]   --->   Operation 1402 'br' 'br_ln10' <Predicate = true> <Delay = 0.00>

State 279 <SV = 80> <Delay = 7.30>
ST_279 : Operation 1403 [1/1] (7.30ns)   --->   "%AXI_DATA_addr_read_9 = read i8 @_ssdm_op_Read.m_axi.i8P1A, i8 %AXI_DATA_addr" [matmul.cpp:12]   --->   Operation 1403 'read' 'AXI_DATA_addr_read_9' <Predicate = (!icmp_ln10_9)> <Delay = 7.30> <CoreInst = "m_axi">   --->   Core 121 'm_axi' <Latency = 6> <II = 1> <Delay = 1.00> <Adapter> <Opcode : 'read' 'write' 'readreq' 'writereq' 'writeresp'>

State 280 <SV = 81> <Delay = 6.67>
ST_280 : Operation 1404 [1/1] (0.00ns)   --->   "%zext_ln12_9 = zext i8 %AXI_DATA_addr_read_9" [matmul.cpp:12]   --->   Operation 1404 'zext' 'zext_ln12_9' <Predicate = (!icmp_ln10_9)> <Delay = 0.00>
ST_280 : Operation 1405 [4/4] (6.67ns)   --->   "%conv_9 = uitofp i32 %zext_ln12_9" [matmul.cpp:12]   --->   Operation 1405 'uitofp' 'conv_9' <Predicate = (!icmp_ln10_9)> <Delay = 6.67> <CoreInst = "Int2Float">   --->   Core 62 'Int2Float' <Latency = 3> <II = 1> <Delay = 6.67> <FuncUnit> <Opcode : 'sitofp' 'uitofp'> <InPorts = 1> <OutPorts = 1>

State 281 <SV = 82> <Delay = 6.67>
ST_281 : Operation 1406 [3/4] (6.67ns)   --->   "%conv_9 = uitofp i32 %zext_ln12_9" [matmul.cpp:12]   --->   Operation 1406 'uitofp' 'conv_9' <Predicate = (!icmp_ln10_9)> <Delay = 6.67> <CoreInst = "Int2Float">   --->   Core 62 'Int2Float' <Latency = 3> <II = 1> <Delay = 6.67> <FuncUnit> <Opcode : 'sitofp' 'uitofp'> <InPorts = 1> <OutPorts = 1>

State 282 <SV = 83> <Delay = 6.67>
ST_282 : Operation 1407 [2/4] (6.67ns)   --->   "%conv_9 = uitofp i32 %zext_ln12_9" [matmul.cpp:12]   --->   Operation 1407 'uitofp' 'conv_9' <Predicate = (!icmp_ln10_9)> <Delay = 6.67> <CoreInst = "Int2Float">   --->   Core 62 'Int2Float' <Latency = 3> <II = 1> <Delay = 6.67> <FuncUnit> <Opcode : 'sitofp' 'uitofp'> <InPorts = 1> <OutPorts = 1>

State 283 <SV = 84> <Delay = 6.67>
ST_283 : Operation 1408 [1/4] (6.67ns)   --->   "%conv_9 = uitofp i32 %zext_ln12_9" [matmul.cpp:12]   --->   Operation 1408 'uitofp' 'conv_9' <Predicate = (!icmp_ln10_9)> <Delay = 6.67> <CoreInst = "Int2Float">   --->   Core 62 'Int2Float' <Latency = 3> <II = 1> <Delay = 6.67> <FuncUnit> <Opcode : 'sitofp' 'uitofp'> <InPorts = 1> <OutPorts = 1>

State 284 <SV = 85> <Delay = 6.70>
ST_284 : Operation 1409 [10/10] (6.70ns)   --->   "%div_9 = fdiv i32 %conv_9, i32 255" [matmul.cpp:12]   --->   Operation 1409 'fdiv' 'div_9' <Predicate = (!icmp_ln10_9)> <Delay = 6.70> <CoreInst = "FDiv">   --->   Core 20 'FDiv' <Latency = 9> <II = 1> <Delay = 6.70> <FuncUnit> <Opcode : 'fdiv' 'frem'> <InPorts = 2> <OutPorts = 1>

State 285 <SV = 86> <Delay = 6.70>
ST_285 : Operation 1410 [9/10] (6.70ns)   --->   "%div_9 = fdiv i32 %conv_9, i32 255" [matmul.cpp:12]   --->   Operation 1410 'fdiv' 'div_9' <Predicate = (!icmp_ln10_9)> <Delay = 6.70> <CoreInst = "FDiv">   --->   Core 20 'FDiv' <Latency = 9> <II = 1> <Delay = 6.70> <FuncUnit> <Opcode : 'fdiv' 'frem'> <InPorts = 2> <OutPorts = 1>

State 286 <SV = 87> <Delay = 6.70>
ST_286 : Operation 1411 [8/10] (6.70ns)   --->   "%div_9 = fdiv i32 %conv_9, i32 255" [matmul.cpp:12]   --->   Operation 1411 'fdiv' 'div_9' <Predicate = (!icmp_ln10_9)> <Delay = 6.70> <CoreInst = "FDiv">   --->   Core 20 'FDiv' <Latency = 9> <II = 1> <Delay = 6.70> <FuncUnit> <Opcode : 'fdiv' 'frem'> <InPorts = 2> <OutPorts = 1>

State 287 <SV = 88> <Delay = 6.70>
ST_287 : Operation 1412 [7/10] (6.70ns)   --->   "%div_9 = fdiv i32 %conv_9, i32 255" [matmul.cpp:12]   --->   Operation 1412 'fdiv' 'div_9' <Predicate = (!icmp_ln10_9)> <Delay = 6.70> <CoreInst = "FDiv">   --->   Core 20 'FDiv' <Latency = 9> <II = 1> <Delay = 6.70> <FuncUnit> <Opcode : 'fdiv' 'frem'> <InPorts = 2> <OutPorts = 1>

State 288 <SV = 89> <Delay = 6.70>
ST_288 : Operation 1413 [6/10] (6.70ns)   --->   "%div_9 = fdiv i32 %conv_9, i32 255" [matmul.cpp:12]   --->   Operation 1413 'fdiv' 'div_9' <Predicate = (!icmp_ln10_9)> <Delay = 6.70> <CoreInst = "FDiv">   --->   Core 20 'FDiv' <Latency = 9> <II = 1> <Delay = 6.70> <FuncUnit> <Opcode : 'fdiv' 'frem'> <InPorts = 2> <OutPorts = 1>

State 289 <SV = 90> <Delay = 6.70>
ST_289 : Operation 1414 [5/10] (6.70ns)   --->   "%div_9 = fdiv i32 %conv_9, i32 255" [matmul.cpp:12]   --->   Operation 1414 'fdiv' 'div_9' <Predicate = (!icmp_ln10_9)> <Delay = 6.70> <CoreInst = "FDiv">   --->   Core 20 'FDiv' <Latency = 9> <II = 1> <Delay = 6.70> <FuncUnit> <Opcode : 'fdiv' 'frem'> <InPorts = 2> <OutPorts = 1>

State 290 <SV = 91> <Delay = 6.70>
ST_290 : Operation 1415 [4/10] (6.70ns)   --->   "%div_9 = fdiv i32 %conv_9, i32 255" [matmul.cpp:12]   --->   Operation 1415 'fdiv' 'div_9' <Predicate = (!icmp_ln10_9)> <Delay = 6.70> <CoreInst = "FDiv">   --->   Core 20 'FDiv' <Latency = 9> <II = 1> <Delay = 6.70> <FuncUnit> <Opcode : 'fdiv' 'frem'> <InPorts = 2> <OutPorts = 1>

State 291 <SV = 92> <Delay = 6.70>
ST_291 : Operation 1416 [3/10] (6.70ns)   --->   "%div_9 = fdiv i32 %conv_9, i32 255" [matmul.cpp:12]   --->   Operation 1416 'fdiv' 'div_9' <Predicate = (!icmp_ln10_9)> <Delay = 6.70> <CoreInst = "FDiv">   --->   Core 20 'FDiv' <Latency = 9> <II = 1> <Delay = 6.70> <FuncUnit> <Opcode : 'fdiv' 'frem'> <InPorts = 2> <OutPorts = 1>

State 292 <SV = 93> <Delay = 6.70>
ST_292 : Operation 1417 [2/10] (6.70ns)   --->   "%div_9 = fdiv i32 %conv_9, i32 255" [matmul.cpp:12]   --->   Operation 1417 'fdiv' 'div_9' <Predicate = (!icmp_ln10_9)> <Delay = 6.70> <CoreInst = "FDiv">   --->   Core 20 'FDiv' <Latency = 9> <II = 1> <Delay = 6.70> <FuncUnit> <Opcode : 'fdiv' 'frem'> <InPorts = 2> <OutPorts = 1>

State 293 <SV = 94> <Delay = 6.70>
ST_293 : Operation 1418 [1/1] (0.00ns)   --->   "%k_9_cast = zext i7 %k_9" [matmul.cpp:10]   --->   Operation 1418 'zext' 'k_9_cast' <Predicate = (!icmp_ln10_9)> <Delay = 0.00>
ST_293 : Operation 1419 [1/10] (6.70ns)   --->   "%div_9 = fdiv i32 %conv_9, i32 255" [matmul.cpp:12]   --->   Operation 1419 'fdiv' 'div_9' <Predicate = (!icmp_ln10_9)> <Delay = 6.70> <CoreInst = "FDiv">   --->   Core 20 'FDiv' <Latency = 9> <II = 1> <Delay = 6.70> <FuncUnit> <Opcode : 'fdiv' 'frem'> <InPorts = 2> <OutPorts = 1>
ST_293 : Operation 1420 [1/1] (0.00ns)   --->   "%layer1_weights_9_addr = getelementptr i32 %layer1_weights_9, i64 0, i64 %k_9_cast" [matmul.cpp:12]   --->   Operation 1420 'getelementptr' 'layer1_weights_9_addr' <Predicate = (!icmp_ln10_9)> <Delay = 0.00>
ST_293 : Operation 1421 [2/2] (1.35ns)   --->   "%layer1_weights_9_load = load i7 %layer1_weights_9_addr" [matmul.cpp:12]   --->   Operation 1421 'load' 'layer1_weights_9_load' <Predicate = (!icmp_ln10_9)> <Delay = 1.35> <CoreInst = "ROM">   --->   Core 101 'ROM' <Latency = 1> <II = 1> <Delay = 1.35> <Storage> <Opcode : 'load'> <Ports = 0> <Width = 32> <Depth = 100> <ROM>

State 294 <SV = 95> <Delay = 6.02>
ST_294 : Operation 1422 [1/2] (1.35ns)   --->   "%layer1_weights_9_load = load i7 %layer1_weights_9_addr" [matmul.cpp:12]   --->   Operation 1422 'load' 'layer1_weights_9_load' <Predicate = (!icmp_ln10_9)> <Delay = 1.35> <CoreInst = "ROM">   --->   Core 101 'ROM' <Latency = 1> <II = 1> <Delay = 1.35> <Storage> <Opcode : 'load'> <Ports = 0> <Width = 32> <Depth = 100> <ROM>
ST_294 : Operation 1423 [4/4] (4.67ns)   --->   "%mul_9 = fmul i32 %div_9, i32 %layer1_weights_9_load" [matmul.cpp:12]   --->   Operation 1423 'fmul' 'mul_9' <Predicate = (!icmp_ln10_9)> <Delay = 4.67> <CoreInst = "FMul_maxdsp">   --->   Core 30 'FMul_maxdsp' <Latency = 3> <II = 1> <Delay = 4.67> <FuncUnit> <Opcode : 'fmul'> <InPorts = 2> <OutPorts = 1>

State 295 <SV = 96> <Delay = 4.67>
ST_295 : Operation 1424 [3/4] (4.67ns)   --->   "%mul_9 = fmul i32 %div_9, i32 %layer1_weights_9_load" [matmul.cpp:12]   --->   Operation 1424 'fmul' 'mul_9' <Predicate = (!icmp_ln10_9)> <Delay = 4.67> <CoreInst = "FMul_maxdsp">   --->   Core 30 'FMul_maxdsp' <Latency = 3> <II = 1> <Delay = 4.67> <FuncUnit> <Opcode : 'fmul'> <InPorts = 2> <OutPorts = 1>

State 296 <SV = 97> <Delay = 4.67>
ST_296 : Operation 1425 [2/4] (4.67ns)   --->   "%mul_9 = fmul i32 %div_9, i32 %layer1_weights_9_load" [matmul.cpp:12]   --->   Operation 1425 'fmul' 'mul_9' <Predicate = (!icmp_ln10_9)> <Delay = 4.67> <CoreInst = "FMul_maxdsp">   --->   Core 30 'FMul_maxdsp' <Latency = 3> <II = 1> <Delay = 4.67> <FuncUnit> <Opcode : 'fmul'> <InPorts = 2> <OutPorts = 1>

State 297 <SV = 98> <Delay = 4.67>
ST_297 : Operation 1426 [1/4] (4.67ns)   --->   "%mul_9 = fmul i32 %div_9, i32 %layer1_weights_9_load" [matmul.cpp:12]   --->   Operation 1426 'fmul' 'mul_9' <Predicate = (!icmp_ln10_9)> <Delay = 4.67> <CoreInst = "FMul_maxdsp">   --->   Core 30 'FMul_maxdsp' <Latency = 3> <II = 1> <Delay = 4.67> <FuncUnit> <Opcode : 'fmul'> <InPorts = 2> <OutPorts = 1>

State 298 <SV = 99> <Delay = 6.34>
ST_298 : Operation 1427 [1/1] (0.86ns)   --->   "%icmp_ln12_9 = icmp_eq  i7 %add_ln10_9, i7 100" [matmul.cpp:12]   --->   Operation 1427 'icmp' 'icmp_ln12_9' <Predicate = (!icmp_ln10_9)> <Delay = 0.86> <CoreInst = "Cmp">   --->   Core 9 'Cmp' <Latency = 0> <II = 1> <Delay = 0.86> <FuncUnit> <Opcode : 'icmp'> <InPorts = 2> <OutPorts = 1>
ST_298 : Operation 1428 [3/3] (5.48ns)   --->   "%sum_19 = facc i32 @_ssdm_op_FACC, i32 %mul_9, i1 %icmp_ln12_9" [matmul.cpp:12]   --->   Operation 1428 'facc' 'sum_19' <Predicate = (!icmp_ln10_9)> <Delay = 5.48> <CoreInst = "FAcc_nodsp">   --->   Core 11 'FAcc_nodsp' <Latency = 2> <II = 1> <Delay = 5.48> <FuncUnit> <Opcode : 'facc'> <InPorts = 2> <OutPorts = 1>

State 299 <SV = 100> <Delay = 5.48>
ST_299 : Operation 1429 [2/3] (5.48ns)   --->   "%sum_19 = facc i32 @_ssdm_op_FACC, i32 %mul_9, i1 %icmp_ln12_9" [matmul.cpp:12]   --->   Operation 1429 'facc' 'sum_19' <Predicate = (!icmp_ln10_9)> <Delay = 5.48> <CoreInst = "FAcc_nodsp">   --->   Core 11 'FAcc_nodsp' <Latency = 2> <II = 1> <Delay = 5.48> <FuncUnit> <Opcode : 'facc'> <InPorts = 2> <OutPorts = 1>

State 300 <SV = 101> <Delay = 5.48>
ST_300 : Operation 1430 [1/1] (0.00ns)   --->   "%specloopname_ln8 = specloopname void @_ssdm_op_SpecLoopName, void @empty_9" [matmul.cpp:8]   --->   Operation 1430 'specloopname' 'specloopname_ln8' <Predicate = (!icmp_ln10_9)> <Delay = 0.00>
ST_300 : Operation 1431 [1/3] (5.48ns)   --->   "%sum_19 = facc i32 @_ssdm_op_FACC, i32 %mul_9, i1 %icmp_ln12_9" [matmul.cpp:12]   --->   Operation 1431 'facc' 'sum_19' <Predicate = (!icmp_ln10_9)> <Delay = 5.48> <CoreInst = "FAcc_nodsp">   --->   Core 11 'FAcc_nodsp' <Latency = 2> <II = 1> <Delay = 5.48> <FuncUnit> <Opcode : 'facc'> <InPorts = 2> <OutPorts = 1>
ST_300 : Operation 1432 [1/1] (0.00ns)   --->   "%br_ln0 = br void"   --->   Operation 1432 'br' 'br_ln0' <Predicate = (!icmp_ln10_9)> <Delay = 0.00>

State 301 <SV = 80> <Delay = 7.30>
ST_301 : Operation 1433 [1/1] (0.00ns)   --->   "%output_0_addr_9 = getelementptr i32 %output_0, i64 0, i64 9" [matmul.cpp:14]   --->   Operation 1433 'getelementptr' 'output_0_addr_9' <Predicate = true> <Delay = 0.00>
ST_301 : Operation 1434 [1/1] (1.35ns)   --->   "%store_ln14 = store i32 %sum_18, i5 %output_0_addr_9" [matmul.cpp:14]   --->   Operation 1434 'store' 'store_ln14' <Predicate = true> <Delay = 1.35> <CoreInst = "RAM">   --->   Core 83 'RAM' <Latency = 1> <II = 1> <Delay = 1.35> <Storage> <Opcode : 'load' 'store'> <Ports = 2> <Width = 32> <Depth = 32> <RAM>
ST_301 : Operation 1435 [7/7] (7.30ns)   --->   "%AXI_DATA_addr_32_rd_req553 = readreq i1 @_ssdm_op_ReadReq.m_axi.i8P1A, i8 %AXI_DATA_addr, i32 100" [matmul.cpp:12]   --->   Operation 1435 'readreq' 'AXI_DATA_addr_32_rd_req553' <Predicate = true> <Delay = 7.30> <CoreInst = "m_axi">   --->   Core 121 'm_axi' <Latency = 6> <II = 1> <Delay = 1.00> <Adapter> <Opcode : 'read' 'write' 'readreq' 'writereq' 'writeresp'>

State 302 <SV = 81> <Delay = 7.30>
ST_302 : Operation 1436 [6/7] (7.30ns)   --->   "%AXI_DATA_addr_32_rd_req553 = readreq i1 @_ssdm_op_ReadReq.m_axi.i8P1A, i8 %AXI_DATA_addr, i32 100" [matmul.cpp:12]   --->   Operation 1436 'readreq' 'AXI_DATA_addr_32_rd_req553' <Predicate = true> <Delay = 7.30> <CoreInst = "m_axi">   --->   Core 121 'm_axi' <Latency = 6> <II = 1> <Delay = 1.00> <Adapter> <Opcode : 'read' 'write' 'readreq' 'writereq' 'writeresp'>

State 303 <SV = 82> <Delay = 7.30>
ST_303 : Operation 1437 [5/7] (7.30ns)   --->   "%AXI_DATA_addr_32_rd_req553 = readreq i1 @_ssdm_op_ReadReq.m_axi.i8P1A, i8 %AXI_DATA_addr, i32 100" [matmul.cpp:12]   --->   Operation 1437 'readreq' 'AXI_DATA_addr_32_rd_req553' <Predicate = true> <Delay = 7.30> <CoreInst = "m_axi">   --->   Core 121 'm_axi' <Latency = 6> <II = 1> <Delay = 1.00> <Adapter> <Opcode : 'read' 'write' 'readreq' 'writereq' 'writeresp'>

State 304 <SV = 83> <Delay = 7.30>
ST_304 : Operation 1438 [4/7] (7.30ns)   --->   "%AXI_DATA_addr_32_rd_req553 = readreq i1 @_ssdm_op_ReadReq.m_axi.i8P1A, i8 %AXI_DATA_addr, i32 100" [matmul.cpp:12]   --->   Operation 1438 'readreq' 'AXI_DATA_addr_32_rd_req553' <Predicate = true> <Delay = 7.30> <CoreInst = "m_axi">   --->   Core 121 'm_axi' <Latency = 6> <II = 1> <Delay = 1.00> <Adapter> <Opcode : 'read' 'write' 'readreq' 'writereq' 'writeresp'>

State 305 <SV = 84> <Delay = 7.30>
ST_305 : Operation 1439 [3/7] (7.30ns)   --->   "%AXI_DATA_addr_32_rd_req553 = readreq i1 @_ssdm_op_ReadReq.m_axi.i8P1A, i8 %AXI_DATA_addr, i32 100" [matmul.cpp:12]   --->   Operation 1439 'readreq' 'AXI_DATA_addr_32_rd_req553' <Predicate = true> <Delay = 7.30> <CoreInst = "m_axi">   --->   Core 121 'm_axi' <Latency = 6> <II = 1> <Delay = 1.00> <Adapter> <Opcode : 'read' 'write' 'readreq' 'writereq' 'writeresp'>

State 306 <SV = 85> <Delay = 7.30>
ST_306 : Operation 1440 [2/7] (7.30ns)   --->   "%AXI_DATA_addr_32_rd_req553 = readreq i1 @_ssdm_op_ReadReq.m_axi.i8P1A, i8 %AXI_DATA_addr, i32 100" [matmul.cpp:12]   --->   Operation 1440 'readreq' 'AXI_DATA_addr_32_rd_req553' <Predicate = true> <Delay = 7.30> <CoreInst = "m_axi">   --->   Core 121 'm_axi' <Latency = 6> <II = 1> <Delay = 1.00> <Adapter> <Opcode : 'read' 'write' 'readreq' 'writereq' 'writeresp'>

State 307 <SV = 86> <Delay = 7.30>
ST_307 : Operation 1441 [1/7] (7.30ns)   --->   "%AXI_DATA_addr_32_rd_req553 = readreq i1 @_ssdm_op_ReadReq.m_axi.i8P1A, i8 %AXI_DATA_addr, i32 100" [matmul.cpp:12]   --->   Operation 1441 'readreq' 'AXI_DATA_addr_32_rd_req553' <Predicate = true> <Delay = 7.30> <CoreInst = "m_axi">   --->   Core 121 'm_axi' <Latency = 6> <II = 1> <Delay = 1.00> <Adapter> <Opcode : 'read' 'write' 'readreq' 'writereq' 'writeresp'>
ST_307 : Operation 1442 [1/1] (0.48ns)   --->   "%br_ln10 = br void" [matmul.cpp:10]   --->   Operation 1442 'br' 'br_ln10' <Predicate = true> <Delay = 0.48>

State 308 <SV = 87> <Delay = 0.89>
ST_308 : Operation 1443 [1/1] (0.00ns)   --->   "%k_10 = phi i7 %add_ln10_10, void %.split43, i7 0, void" [matmul.cpp:10]   --->   Operation 1443 'phi' 'k_10' <Predicate = true> <Delay = 0.00>
ST_308 : Operation 1444 [1/1] (0.00ns)   --->   "%sum_20 = phi i32 %sum_21, void %.split43, i32 0, void"   --->   Operation 1444 'phi' 'sum_20' <Predicate = true> <Delay = 0.00>
ST_308 : Operation 1445 [1/1] (0.89ns)   --->   "%add_ln10_10 = add i7 %k_10, i7 1" [matmul.cpp:10]   --->   Operation 1445 'add' 'add_ln10_10' <Predicate = true> <Delay = 0.89> <CoreInst = "Adder">   --->   Core 1 'Adder' <Latency = 0> <II = 1> <Delay = 0.89> <FuncUnit> <Opcode : 'add' 'sub'> <InPorts = 2> <OutPorts = 1>
ST_308 : Operation 1446 [1/1] (0.00ns)   --->   "%specpipeline_ln0 = specpipeline void @_ssdm_op_SpecPipeline, i32 4294967295, i32 0, i32 1, i32 0, void @p_str"   --->   Operation 1446 'specpipeline' 'specpipeline_ln0' <Predicate = true> <Delay = 0.00>
ST_308 : Operation 1447 [1/1] (0.86ns)   --->   "%icmp_ln10_10 = icmp_eq  i7 %k_10, i7 100" [matmul.cpp:10]   --->   Operation 1447 'icmp' 'icmp_ln10_10' <Predicate = true> <Delay = 0.86> <CoreInst = "Cmp">   --->   Core 9 'Cmp' <Latency = 0> <II = 1> <Delay = 0.86> <FuncUnit> <Opcode : 'icmp'> <InPorts = 2> <OutPorts = 1>
ST_308 : Operation 1448 [1/1] (0.00ns)   --->   "%empty_44 = speclooptripcount i32 @_ssdm_op_SpecLoopTripCount, i64 100, i64 100, i64 100"   --->   Operation 1448 'speclooptripcount' 'empty_44' <Predicate = true> <Delay = 0.00>
ST_308 : Operation 1449 [1/1] (0.00ns)   --->   "%br_ln10 = br i1 %icmp_ln10_10, void %.split43, void" [matmul.cpp:10]   --->   Operation 1449 'br' 'br_ln10' <Predicate = true> <Delay = 0.00>

State 309 <SV = 88> <Delay = 7.30>
ST_309 : Operation 1450 [1/1] (7.30ns)   --->   "%AXI_DATA_addr_read_10 = read i8 @_ssdm_op_Read.m_axi.i8P1A, i8 %AXI_DATA_addr" [matmul.cpp:12]   --->   Operation 1450 'read' 'AXI_DATA_addr_read_10' <Predicate = (!icmp_ln10_10)> <Delay = 7.30> <CoreInst = "m_axi">   --->   Core 121 'm_axi' <Latency = 6> <II = 1> <Delay = 1.00> <Adapter> <Opcode : 'read' 'write' 'readreq' 'writereq' 'writeresp'>

State 310 <SV = 89> <Delay = 6.67>
ST_310 : Operation 1451 [1/1] (0.00ns)   --->   "%zext_ln12_10 = zext i8 %AXI_DATA_addr_read_10" [matmul.cpp:12]   --->   Operation 1451 'zext' 'zext_ln12_10' <Predicate = (!icmp_ln10_10)> <Delay = 0.00>
ST_310 : Operation 1452 [4/4] (6.67ns)   --->   "%conv_s = uitofp i32 %zext_ln12_10" [matmul.cpp:12]   --->   Operation 1452 'uitofp' 'conv_s' <Predicate = (!icmp_ln10_10)> <Delay = 6.67> <CoreInst = "Int2Float">   --->   Core 62 'Int2Float' <Latency = 3> <II = 1> <Delay = 6.67> <FuncUnit> <Opcode : 'sitofp' 'uitofp'> <InPorts = 1> <OutPorts = 1>

State 311 <SV = 90> <Delay = 6.67>
ST_311 : Operation 1453 [3/4] (6.67ns)   --->   "%conv_s = uitofp i32 %zext_ln12_10" [matmul.cpp:12]   --->   Operation 1453 'uitofp' 'conv_s' <Predicate = (!icmp_ln10_10)> <Delay = 6.67> <CoreInst = "Int2Float">   --->   Core 62 'Int2Float' <Latency = 3> <II = 1> <Delay = 6.67> <FuncUnit> <Opcode : 'sitofp' 'uitofp'> <InPorts = 1> <OutPorts = 1>

State 312 <SV = 91> <Delay = 6.67>
ST_312 : Operation 1454 [2/4] (6.67ns)   --->   "%conv_s = uitofp i32 %zext_ln12_10" [matmul.cpp:12]   --->   Operation 1454 'uitofp' 'conv_s' <Predicate = (!icmp_ln10_10)> <Delay = 6.67> <CoreInst = "Int2Float">   --->   Core 62 'Int2Float' <Latency = 3> <II = 1> <Delay = 6.67> <FuncUnit> <Opcode : 'sitofp' 'uitofp'> <InPorts = 1> <OutPorts = 1>

State 313 <SV = 92> <Delay = 6.67>
ST_313 : Operation 1455 [1/4] (6.67ns)   --->   "%conv_s = uitofp i32 %zext_ln12_10" [matmul.cpp:12]   --->   Operation 1455 'uitofp' 'conv_s' <Predicate = (!icmp_ln10_10)> <Delay = 6.67> <CoreInst = "Int2Float">   --->   Core 62 'Int2Float' <Latency = 3> <II = 1> <Delay = 6.67> <FuncUnit> <Opcode : 'sitofp' 'uitofp'> <InPorts = 1> <OutPorts = 1>

State 314 <SV = 93> <Delay = 6.70>
ST_314 : Operation 1456 [10/10] (6.70ns)   --->   "%div_s = fdiv i32 %conv_s, i32 255" [matmul.cpp:12]   --->   Operation 1456 'fdiv' 'div_s' <Predicate = (!icmp_ln10_10)> <Delay = 6.70> <CoreInst = "FDiv">   --->   Core 20 'FDiv' <Latency = 9> <II = 1> <Delay = 6.70> <FuncUnit> <Opcode : 'fdiv' 'frem'> <InPorts = 2> <OutPorts = 1>

State 315 <SV = 94> <Delay = 6.70>
ST_315 : Operation 1457 [9/10] (6.70ns)   --->   "%div_s = fdiv i32 %conv_s, i32 255" [matmul.cpp:12]   --->   Operation 1457 'fdiv' 'div_s' <Predicate = (!icmp_ln10_10)> <Delay = 6.70> <CoreInst = "FDiv">   --->   Core 20 'FDiv' <Latency = 9> <II = 1> <Delay = 6.70> <FuncUnit> <Opcode : 'fdiv' 'frem'> <InPorts = 2> <OutPorts = 1>

State 316 <SV = 95> <Delay = 6.70>
ST_316 : Operation 1458 [8/10] (6.70ns)   --->   "%div_s = fdiv i32 %conv_s, i32 255" [matmul.cpp:12]   --->   Operation 1458 'fdiv' 'div_s' <Predicate = (!icmp_ln10_10)> <Delay = 6.70> <CoreInst = "FDiv">   --->   Core 20 'FDiv' <Latency = 9> <II = 1> <Delay = 6.70> <FuncUnit> <Opcode : 'fdiv' 'frem'> <InPorts = 2> <OutPorts = 1>

State 317 <SV = 96> <Delay = 6.70>
ST_317 : Operation 1459 [7/10] (6.70ns)   --->   "%div_s = fdiv i32 %conv_s, i32 255" [matmul.cpp:12]   --->   Operation 1459 'fdiv' 'div_s' <Predicate = (!icmp_ln10_10)> <Delay = 6.70> <CoreInst = "FDiv">   --->   Core 20 'FDiv' <Latency = 9> <II = 1> <Delay = 6.70> <FuncUnit> <Opcode : 'fdiv' 'frem'> <InPorts = 2> <OutPorts = 1>

State 318 <SV = 97> <Delay = 6.70>
ST_318 : Operation 1460 [6/10] (6.70ns)   --->   "%div_s = fdiv i32 %conv_s, i32 255" [matmul.cpp:12]   --->   Operation 1460 'fdiv' 'div_s' <Predicate = (!icmp_ln10_10)> <Delay = 6.70> <CoreInst = "FDiv">   --->   Core 20 'FDiv' <Latency = 9> <II = 1> <Delay = 6.70> <FuncUnit> <Opcode : 'fdiv' 'frem'> <InPorts = 2> <OutPorts = 1>

State 319 <SV = 98> <Delay = 6.70>
ST_319 : Operation 1461 [5/10] (6.70ns)   --->   "%div_s = fdiv i32 %conv_s, i32 255" [matmul.cpp:12]   --->   Operation 1461 'fdiv' 'div_s' <Predicate = (!icmp_ln10_10)> <Delay = 6.70> <CoreInst = "FDiv">   --->   Core 20 'FDiv' <Latency = 9> <II = 1> <Delay = 6.70> <FuncUnit> <Opcode : 'fdiv' 'frem'> <InPorts = 2> <OutPorts = 1>

State 320 <SV = 99> <Delay = 6.70>
ST_320 : Operation 1462 [4/10] (6.70ns)   --->   "%div_s = fdiv i32 %conv_s, i32 255" [matmul.cpp:12]   --->   Operation 1462 'fdiv' 'div_s' <Predicate = (!icmp_ln10_10)> <Delay = 6.70> <CoreInst = "FDiv">   --->   Core 20 'FDiv' <Latency = 9> <II = 1> <Delay = 6.70> <FuncUnit> <Opcode : 'fdiv' 'frem'> <InPorts = 2> <OutPorts = 1>

State 321 <SV = 100> <Delay = 6.70>
ST_321 : Operation 1463 [3/10] (6.70ns)   --->   "%div_s = fdiv i32 %conv_s, i32 255" [matmul.cpp:12]   --->   Operation 1463 'fdiv' 'div_s' <Predicate = (!icmp_ln10_10)> <Delay = 6.70> <CoreInst = "FDiv">   --->   Core 20 'FDiv' <Latency = 9> <II = 1> <Delay = 6.70> <FuncUnit> <Opcode : 'fdiv' 'frem'> <InPorts = 2> <OutPorts = 1>

State 322 <SV = 101> <Delay = 6.70>
ST_322 : Operation 1464 [2/10] (6.70ns)   --->   "%div_s = fdiv i32 %conv_s, i32 255" [matmul.cpp:12]   --->   Operation 1464 'fdiv' 'div_s' <Predicate = (!icmp_ln10_10)> <Delay = 6.70> <CoreInst = "FDiv">   --->   Core 20 'FDiv' <Latency = 9> <II = 1> <Delay = 6.70> <FuncUnit> <Opcode : 'fdiv' 'frem'> <InPorts = 2> <OutPorts = 1>

State 323 <SV = 102> <Delay = 6.70>
ST_323 : Operation 1465 [1/1] (0.00ns)   --->   "%k_10_cast = zext i7 %k_10" [matmul.cpp:10]   --->   Operation 1465 'zext' 'k_10_cast' <Predicate = (!icmp_ln10_10)> <Delay = 0.00>
ST_323 : Operation 1466 [1/10] (6.70ns)   --->   "%div_s = fdiv i32 %conv_s, i32 255" [matmul.cpp:12]   --->   Operation 1466 'fdiv' 'div_s' <Predicate = (!icmp_ln10_10)> <Delay = 6.70> <CoreInst = "FDiv">   --->   Core 20 'FDiv' <Latency = 9> <II = 1> <Delay = 6.70> <FuncUnit> <Opcode : 'fdiv' 'frem'> <InPorts = 2> <OutPorts = 1>
ST_323 : Operation 1467 [1/1] (0.00ns)   --->   "%layer1_weights_10_addr = getelementptr i32 %layer1_weights_10, i64 0, i64 %k_10_cast" [matmul.cpp:12]   --->   Operation 1467 'getelementptr' 'layer1_weights_10_addr' <Predicate = (!icmp_ln10_10)> <Delay = 0.00>
ST_323 : Operation 1468 [2/2] (1.35ns)   --->   "%layer1_weights_10_load = load i7 %layer1_weights_10_addr" [matmul.cpp:12]   --->   Operation 1468 'load' 'layer1_weights_10_load' <Predicate = (!icmp_ln10_10)> <Delay = 1.35> <CoreInst = "ROM">   --->   Core 101 'ROM' <Latency = 1> <II = 1> <Delay = 1.35> <Storage> <Opcode : 'load'> <Ports = 0> <Width = 32> <Depth = 100> <ROM>

State 324 <SV = 103> <Delay = 6.02>
ST_324 : Operation 1469 [1/2] (1.35ns)   --->   "%layer1_weights_10_load = load i7 %layer1_weights_10_addr" [matmul.cpp:12]   --->   Operation 1469 'load' 'layer1_weights_10_load' <Predicate = (!icmp_ln10_10)> <Delay = 1.35> <CoreInst = "ROM">   --->   Core 101 'ROM' <Latency = 1> <II = 1> <Delay = 1.35> <Storage> <Opcode : 'load'> <Ports = 0> <Width = 32> <Depth = 100> <ROM>
ST_324 : Operation 1470 [4/4] (4.67ns)   --->   "%mul_s = fmul i32 %div_s, i32 %layer1_weights_10_load" [matmul.cpp:12]   --->   Operation 1470 'fmul' 'mul_s' <Predicate = (!icmp_ln10_10)> <Delay = 4.67> <CoreInst = "FMul_maxdsp">   --->   Core 30 'FMul_maxdsp' <Latency = 3> <II = 1> <Delay = 4.67> <FuncUnit> <Opcode : 'fmul'> <InPorts = 2> <OutPorts = 1>

State 325 <SV = 104> <Delay = 4.67>
ST_325 : Operation 1471 [3/4] (4.67ns)   --->   "%mul_s = fmul i32 %div_s, i32 %layer1_weights_10_load" [matmul.cpp:12]   --->   Operation 1471 'fmul' 'mul_s' <Predicate = (!icmp_ln10_10)> <Delay = 4.67> <CoreInst = "FMul_maxdsp">   --->   Core 30 'FMul_maxdsp' <Latency = 3> <II = 1> <Delay = 4.67> <FuncUnit> <Opcode : 'fmul'> <InPorts = 2> <OutPorts = 1>

State 326 <SV = 105> <Delay = 4.67>
ST_326 : Operation 1472 [2/4] (4.67ns)   --->   "%mul_s = fmul i32 %div_s, i32 %layer1_weights_10_load" [matmul.cpp:12]   --->   Operation 1472 'fmul' 'mul_s' <Predicate = (!icmp_ln10_10)> <Delay = 4.67> <CoreInst = "FMul_maxdsp">   --->   Core 30 'FMul_maxdsp' <Latency = 3> <II = 1> <Delay = 4.67> <FuncUnit> <Opcode : 'fmul'> <InPorts = 2> <OutPorts = 1>

State 327 <SV = 106> <Delay = 4.67>
ST_327 : Operation 1473 [1/4] (4.67ns)   --->   "%mul_s = fmul i32 %div_s, i32 %layer1_weights_10_load" [matmul.cpp:12]   --->   Operation 1473 'fmul' 'mul_s' <Predicate = (!icmp_ln10_10)> <Delay = 4.67> <CoreInst = "FMul_maxdsp">   --->   Core 30 'FMul_maxdsp' <Latency = 3> <II = 1> <Delay = 4.67> <FuncUnit> <Opcode : 'fmul'> <InPorts = 2> <OutPorts = 1>

State 328 <SV = 107> <Delay = 6.34>
ST_328 : Operation 1474 [1/1] (0.86ns)   --->   "%icmp_ln12_10 = icmp_eq  i7 %add_ln10_10, i7 100" [matmul.cpp:12]   --->   Operation 1474 'icmp' 'icmp_ln12_10' <Predicate = (!icmp_ln10_10)> <Delay = 0.86> <CoreInst = "Cmp">   --->   Core 9 'Cmp' <Latency = 0> <II = 1> <Delay = 0.86> <FuncUnit> <Opcode : 'icmp'> <InPorts = 2> <OutPorts = 1>
ST_328 : Operation 1475 [3/3] (5.48ns)   --->   "%sum_21 = facc i32 @_ssdm_op_FACC, i32 %mul_s, i1 %icmp_ln12_10" [matmul.cpp:12]   --->   Operation 1475 'facc' 'sum_21' <Predicate = (!icmp_ln10_10)> <Delay = 5.48> <CoreInst = "FAcc_nodsp">   --->   Core 11 'FAcc_nodsp' <Latency = 2> <II = 1> <Delay = 5.48> <FuncUnit> <Opcode : 'facc'> <InPorts = 2> <OutPorts = 1>

State 329 <SV = 108> <Delay = 5.48>
ST_329 : Operation 1476 [2/3] (5.48ns)   --->   "%sum_21 = facc i32 @_ssdm_op_FACC, i32 %mul_s, i1 %icmp_ln12_10" [matmul.cpp:12]   --->   Operation 1476 'facc' 'sum_21' <Predicate = (!icmp_ln10_10)> <Delay = 5.48> <CoreInst = "FAcc_nodsp">   --->   Core 11 'FAcc_nodsp' <Latency = 2> <II = 1> <Delay = 5.48> <FuncUnit> <Opcode : 'facc'> <InPorts = 2> <OutPorts = 1>

State 330 <SV = 109> <Delay = 5.48>
ST_330 : Operation 1477 [1/1] (0.00ns)   --->   "%specloopname_ln8 = specloopname void @_ssdm_op_SpecLoopName, void @empty_9" [matmul.cpp:8]   --->   Operation 1477 'specloopname' 'specloopname_ln8' <Predicate = (!icmp_ln10_10)> <Delay = 0.00>
ST_330 : Operation 1478 [1/3] (5.48ns)   --->   "%sum_21 = facc i32 @_ssdm_op_FACC, i32 %mul_s, i1 %icmp_ln12_10" [matmul.cpp:12]   --->   Operation 1478 'facc' 'sum_21' <Predicate = (!icmp_ln10_10)> <Delay = 5.48> <CoreInst = "FAcc_nodsp">   --->   Core 11 'FAcc_nodsp' <Latency = 2> <II = 1> <Delay = 5.48> <FuncUnit> <Opcode : 'facc'> <InPorts = 2> <OutPorts = 1>
ST_330 : Operation 1479 [1/1] (0.00ns)   --->   "%br_ln0 = br void"   --->   Operation 1479 'br' 'br_ln0' <Predicate = (!icmp_ln10_10)> <Delay = 0.00>

State 331 <SV = 88> <Delay = 7.30>
ST_331 : Operation 1480 [1/1] (0.00ns)   --->   "%output_0_addr_10 = getelementptr i32 %output_0, i64 0, i64 10" [matmul.cpp:14]   --->   Operation 1480 'getelementptr' 'output_0_addr_10' <Predicate = true> <Delay = 0.00>
ST_331 : Operation 1481 [1/1] (1.35ns)   --->   "%store_ln14 = store i32 %sum_20, i5 %output_0_addr_10" [matmul.cpp:14]   --->   Operation 1481 'store' 'store_ln14' <Predicate = true> <Delay = 1.35> <CoreInst = "RAM">   --->   Core 83 'RAM' <Latency = 1> <II = 1> <Delay = 1.35> <Storage> <Opcode : 'load' 'store'> <Ports = 2> <Width = 32> <Depth = 32> <RAM>
ST_331 : Operation 1482 [7/7] (7.30ns)   --->   "%AXI_DATA_addr_32_rd_req554 = readreq i1 @_ssdm_op_ReadReq.m_axi.i8P1A, i8 %AXI_DATA_addr, i32 100" [matmul.cpp:12]   --->   Operation 1482 'readreq' 'AXI_DATA_addr_32_rd_req554' <Predicate = true> <Delay = 7.30> <CoreInst = "m_axi">   --->   Core 121 'm_axi' <Latency = 6> <II = 1> <Delay = 1.00> <Adapter> <Opcode : 'read' 'write' 'readreq' 'writereq' 'writeresp'>

State 332 <SV = 89> <Delay = 7.30>
ST_332 : Operation 1483 [6/7] (7.30ns)   --->   "%AXI_DATA_addr_32_rd_req554 = readreq i1 @_ssdm_op_ReadReq.m_axi.i8P1A, i8 %AXI_DATA_addr, i32 100" [matmul.cpp:12]   --->   Operation 1483 'readreq' 'AXI_DATA_addr_32_rd_req554' <Predicate = true> <Delay = 7.30> <CoreInst = "m_axi">   --->   Core 121 'm_axi' <Latency = 6> <II = 1> <Delay = 1.00> <Adapter> <Opcode : 'read' 'write' 'readreq' 'writereq' 'writeresp'>

State 333 <SV = 90> <Delay = 7.30>
ST_333 : Operation 1484 [5/7] (7.30ns)   --->   "%AXI_DATA_addr_32_rd_req554 = readreq i1 @_ssdm_op_ReadReq.m_axi.i8P1A, i8 %AXI_DATA_addr, i32 100" [matmul.cpp:12]   --->   Operation 1484 'readreq' 'AXI_DATA_addr_32_rd_req554' <Predicate = true> <Delay = 7.30> <CoreInst = "m_axi">   --->   Core 121 'm_axi' <Latency = 6> <II = 1> <Delay = 1.00> <Adapter> <Opcode : 'read' 'write' 'readreq' 'writereq' 'writeresp'>

State 334 <SV = 91> <Delay = 7.30>
ST_334 : Operation 1485 [4/7] (7.30ns)   --->   "%AXI_DATA_addr_32_rd_req554 = readreq i1 @_ssdm_op_ReadReq.m_axi.i8P1A, i8 %AXI_DATA_addr, i32 100" [matmul.cpp:12]   --->   Operation 1485 'readreq' 'AXI_DATA_addr_32_rd_req554' <Predicate = true> <Delay = 7.30> <CoreInst = "m_axi">   --->   Core 121 'm_axi' <Latency = 6> <II = 1> <Delay = 1.00> <Adapter> <Opcode : 'read' 'write' 'readreq' 'writereq' 'writeresp'>

State 335 <SV = 92> <Delay = 7.30>
ST_335 : Operation 1486 [3/7] (7.30ns)   --->   "%AXI_DATA_addr_32_rd_req554 = readreq i1 @_ssdm_op_ReadReq.m_axi.i8P1A, i8 %AXI_DATA_addr, i32 100" [matmul.cpp:12]   --->   Operation 1486 'readreq' 'AXI_DATA_addr_32_rd_req554' <Predicate = true> <Delay = 7.30> <CoreInst = "m_axi">   --->   Core 121 'm_axi' <Latency = 6> <II = 1> <Delay = 1.00> <Adapter> <Opcode : 'read' 'write' 'readreq' 'writereq' 'writeresp'>

State 336 <SV = 93> <Delay = 7.30>
ST_336 : Operation 1487 [2/7] (7.30ns)   --->   "%AXI_DATA_addr_32_rd_req554 = readreq i1 @_ssdm_op_ReadReq.m_axi.i8P1A, i8 %AXI_DATA_addr, i32 100" [matmul.cpp:12]   --->   Operation 1487 'readreq' 'AXI_DATA_addr_32_rd_req554' <Predicate = true> <Delay = 7.30> <CoreInst = "m_axi">   --->   Core 121 'm_axi' <Latency = 6> <II = 1> <Delay = 1.00> <Adapter> <Opcode : 'read' 'write' 'readreq' 'writereq' 'writeresp'>

State 337 <SV = 94> <Delay = 7.30>
ST_337 : Operation 1488 [1/7] (7.30ns)   --->   "%AXI_DATA_addr_32_rd_req554 = readreq i1 @_ssdm_op_ReadReq.m_axi.i8P1A, i8 %AXI_DATA_addr, i32 100" [matmul.cpp:12]   --->   Operation 1488 'readreq' 'AXI_DATA_addr_32_rd_req554' <Predicate = true> <Delay = 7.30> <CoreInst = "m_axi">   --->   Core 121 'm_axi' <Latency = 6> <II = 1> <Delay = 1.00> <Adapter> <Opcode : 'read' 'write' 'readreq' 'writereq' 'writeresp'>
ST_337 : Operation 1489 [1/1] (0.48ns)   --->   "%br_ln10 = br void" [matmul.cpp:10]   --->   Operation 1489 'br' 'br_ln10' <Predicate = true> <Delay = 0.48>

State 338 <SV = 95> <Delay = 0.89>
ST_338 : Operation 1490 [1/1] (0.00ns)   --->   "%k_11 = phi i7 %add_ln10_11, void %.split41, i7 0, void" [matmul.cpp:10]   --->   Operation 1490 'phi' 'k_11' <Predicate = true> <Delay = 0.00>
ST_338 : Operation 1491 [1/1] (0.00ns)   --->   "%sum_22 = phi i32 %sum_23, void %.split41, i32 0, void"   --->   Operation 1491 'phi' 'sum_22' <Predicate = true> <Delay = 0.00>
ST_338 : Operation 1492 [1/1] (0.89ns)   --->   "%add_ln10_11 = add i7 %k_11, i7 1" [matmul.cpp:10]   --->   Operation 1492 'add' 'add_ln10_11' <Predicate = true> <Delay = 0.89> <CoreInst = "Adder">   --->   Core 1 'Adder' <Latency = 0> <II = 1> <Delay = 0.89> <FuncUnit> <Opcode : 'add' 'sub'> <InPorts = 2> <OutPorts = 1>
ST_338 : Operation 1493 [1/1] (0.00ns)   --->   "%specpipeline_ln0 = specpipeline void @_ssdm_op_SpecPipeline, i32 4294967295, i32 0, i32 1, i32 0, void @p_str"   --->   Operation 1493 'specpipeline' 'specpipeline_ln0' <Predicate = true> <Delay = 0.00>
ST_338 : Operation 1494 [1/1] (0.86ns)   --->   "%icmp_ln10_11 = icmp_eq  i7 %k_11, i7 100" [matmul.cpp:10]   --->   Operation 1494 'icmp' 'icmp_ln10_11' <Predicate = true> <Delay = 0.86> <CoreInst = "Cmp">   --->   Core 9 'Cmp' <Latency = 0> <II = 1> <Delay = 0.86> <FuncUnit> <Opcode : 'icmp'> <InPorts = 2> <OutPorts = 1>
ST_338 : Operation 1495 [1/1] (0.00ns)   --->   "%empty_45 = speclooptripcount i32 @_ssdm_op_SpecLoopTripCount, i64 100, i64 100, i64 100"   --->   Operation 1495 'speclooptripcount' 'empty_45' <Predicate = true> <Delay = 0.00>
ST_338 : Operation 1496 [1/1] (0.00ns)   --->   "%br_ln10 = br i1 %icmp_ln10_11, void %.split41, void" [matmul.cpp:10]   --->   Operation 1496 'br' 'br_ln10' <Predicate = true> <Delay = 0.00>

State 339 <SV = 96> <Delay = 7.30>
ST_339 : Operation 1497 [1/1] (7.30ns)   --->   "%AXI_DATA_addr_read_11 = read i8 @_ssdm_op_Read.m_axi.i8P1A, i8 %AXI_DATA_addr" [matmul.cpp:12]   --->   Operation 1497 'read' 'AXI_DATA_addr_read_11' <Predicate = (!icmp_ln10_11)> <Delay = 7.30> <CoreInst = "m_axi">   --->   Core 121 'm_axi' <Latency = 6> <II = 1> <Delay = 1.00> <Adapter> <Opcode : 'read' 'write' 'readreq' 'writereq' 'writeresp'>

State 340 <SV = 97> <Delay = 6.67>
ST_340 : Operation 1498 [1/1] (0.00ns)   --->   "%zext_ln12_11 = zext i8 %AXI_DATA_addr_read_11" [matmul.cpp:12]   --->   Operation 1498 'zext' 'zext_ln12_11' <Predicate = (!icmp_ln10_11)> <Delay = 0.00>
ST_340 : Operation 1499 [4/4] (6.67ns)   --->   "%conv_10 = uitofp i32 %zext_ln12_11" [matmul.cpp:12]   --->   Operation 1499 'uitofp' 'conv_10' <Predicate = (!icmp_ln10_11)> <Delay = 6.67> <CoreInst = "Int2Float">   --->   Core 62 'Int2Float' <Latency = 3> <II = 1> <Delay = 6.67> <FuncUnit> <Opcode : 'sitofp' 'uitofp'> <InPorts = 1> <OutPorts = 1>

State 341 <SV = 98> <Delay = 6.67>
ST_341 : Operation 1500 [3/4] (6.67ns)   --->   "%conv_10 = uitofp i32 %zext_ln12_11" [matmul.cpp:12]   --->   Operation 1500 'uitofp' 'conv_10' <Predicate = (!icmp_ln10_11)> <Delay = 6.67> <CoreInst = "Int2Float">   --->   Core 62 'Int2Float' <Latency = 3> <II = 1> <Delay = 6.67> <FuncUnit> <Opcode : 'sitofp' 'uitofp'> <InPorts = 1> <OutPorts = 1>

State 342 <SV = 99> <Delay = 6.67>
ST_342 : Operation 1501 [2/4] (6.67ns)   --->   "%conv_10 = uitofp i32 %zext_ln12_11" [matmul.cpp:12]   --->   Operation 1501 'uitofp' 'conv_10' <Predicate = (!icmp_ln10_11)> <Delay = 6.67> <CoreInst = "Int2Float">   --->   Core 62 'Int2Float' <Latency = 3> <II = 1> <Delay = 6.67> <FuncUnit> <Opcode : 'sitofp' 'uitofp'> <InPorts = 1> <OutPorts = 1>

State 343 <SV = 100> <Delay = 6.67>
ST_343 : Operation 1502 [1/4] (6.67ns)   --->   "%conv_10 = uitofp i32 %zext_ln12_11" [matmul.cpp:12]   --->   Operation 1502 'uitofp' 'conv_10' <Predicate = (!icmp_ln10_11)> <Delay = 6.67> <CoreInst = "Int2Float">   --->   Core 62 'Int2Float' <Latency = 3> <II = 1> <Delay = 6.67> <FuncUnit> <Opcode : 'sitofp' 'uitofp'> <InPorts = 1> <OutPorts = 1>

State 344 <SV = 101> <Delay = 6.70>
ST_344 : Operation 1503 [10/10] (6.70ns)   --->   "%div_10 = fdiv i32 %conv_10, i32 255" [matmul.cpp:12]   --->   Operation 1503 'fdiv' 'div_10' <Predicate = (!icmp_ln10_11)> <Delay = 6.70> <CoreInst = "FDiv">   --->   Core 20 'FDiv' <Latency = 9> <II = 1> <Delay = 6.70> <FuncUnit> <Opcode : 'fdiv' 'frem'> <InPorts = 2> <OutPorts = 1>

State 345 <SV = 102> <Delay = 6.70>
ST_345 : Operation 1504 [9/10] (6.70ns)   --->   "%div_10 = fdiv i32 %conv_10, i32 255" [matmul.cpp:12]   --->   Operation 1504 'fdiv' 'div_10' <Predicate = (!icmp_ln10_11)> <Delay = 6.70> <CoreInst = "FDiv">   --->   Core 20 'FDiv' <Latency = 9> <II = 1> <Delay = 6.70> <FuncUnit> <Opcode : 'fdiv' 'frem'> <InPorts = 2> <OutPorts = 1>

State 346 <SV = 103> <Delay = 6.70>
ST_346 : Operation 1505 [8/10] (6.70ns)   --->   "%div_10 = fdiv i32 %conv_10, i32 255" [matmul.cpp:12]   --->   Operation 1505 'fdiv' 'div_10' <Predicate = (!icmp_ln10_11)> <Delay = 6.70> <CoreInst = "FDiv">   --->   Core 20 'FDiv' <Latency = 9> <II = 1> <Delay = 6.70> <FuncUnit> <Opcode : 'fdiv' 'frem'> <InPorts = 2> <OutPorts = 1>

State 347 <SV = 104> <Delay = 6.70>
ST_347 : Operation 1506 [7/10] (6.70ns)   --->   "%div_10 = fdiv i32 %conv_10, i32 255" [matmul.cpp:12]   --->   Operation 1506 'fdiv' 'div_10' <Predicate = (!icmp_ln10_11)> <Delay = 6.70> <CoreInst = "FDiv">   --->   Core 20 'FDiv' <Latency = 9> <II = 1> <Delay = 6.70> <FuncUnit> <Opcode : 'fdiv' 'frem'> <InPorts = 2> <OutPorts = 1>

State 348 <SV = 105> <Delay = 6.70>
ST_348 : Operation 1507 [6/10] (6.70ns)   --->   "%div_10 = fdiv i32 %conv_10, i32 255" [matmul.cpp:12]   --->   Operation 1507 'fdiv' 'div_10' <Predicate = (!icmp_ln10_11)> <Delay = 6.70> <CoreInst = "FDiv">   --->   Core 20 'FDiv' <Latency = 9> <II = 1> <Delay = 6.70> <FuncUnit> <Opcode : 'fdiv' 'frem'> <InPorts = 2> <OutPorts = 1>

State 349 <SV = 106> <Delay = 6.70>
ST_349 : Operation 1508 [5/10] (6.70ns)   --->   "%div_10 = fdiv i32 %conv_10, i32 255" [matmul.cpp:12]   --->   Operation 1508 'fdiv' 'div_10' <Predicate = (!icmp_ln10_11)> <Delay = 6.70> <CoreInst = "FDiv">   --->   Core 20 'FDiv' <Latency = 9> <II = 1> <Delay = 6.70> <FuncUnit> <Opcode : 'fdiv' 'frem'> <InPorts = 2> <OutPorts = 1>

State 350 <SV = 107> <Delay = 6.70>
ST_350 : Operation 1509 [4/10] (6.70ns)   --->   "%div_10 = fdiv i32 %conv_10, i32 255" [matmul.cpp:12]   --->   Operation 1509 'fdiv' 'div_10' <Predicate = (!icmp_ln10_11)> <Delay = 6.70> <CoreInst = "FDiv">   --->   Core 20 'FDiv' <Latency = 9> <II = 1> <Delay = 6.70> <FuncUnit> <Opcode : 'fdiv' 'frem'> <InPorts = 2> <OutPorts = 1>

State 351 <SV = 108> <Delay = 6.70>
ST_351 : Operation 1510 [3/10] (6.70ns)   --->   "%div_10 = fdiv i32 %conv_10, i32 255" [matmul.cpp:12]   --->   Operation 1510 'fdiv' 'div_10' <Predicate = (!icmp_ln10_11)> <Delay = 6.70> <CoreInst = "FDiv">   --->   Core 20 'FDiv' <Latency = 9> <II = 1> <Delay = 6.70> <FuncUnit> <Opcode : 'fdiv' 'frem'> <InPorts = 2> <OutPorts = 1>

State 352 <SV = 109> <Delay = 6.70>
ST_352 : Operation 1511 [2/10] (6.70ns)   --->   "%div_10 = fdiv i32 %conv_10, i32 255" [matmul.cpp:12]   --->   Operation 1511 'fdiv' 'div_10' <Predicate = (!icmp_ln10_11)> <Delay = 6.70> <CoreInst = "FDiv">   --->   Core 20 'FDiv' <Latency = 9> <II = 1> <Delay = 6.70> <FuncUnit> <Opcode : 'fdiv' 'frem'> <InPorts = 2> <OutPorts = 1>

State 353 <SV = 110> <Delay = 6.70>
ST_353 : Operation 1512 [1/1] (0.00ns)   --->   "%k_11_cast = zext i7 %k_11" [matmul.cpp:10]   --->   Operation 1512 'zext' 'k_11_cast' <Predicate = (!icmp_ln10_11)> <Delay = 0.00>
ST_353 : Operation 1513 [1/10] (6.70ns)   --->   "%div_10 = fdiv i32 %conv_10, i32 255" [matmul.cpp:12]   --->   Operation 1513 'fdiv' 'div_10' <Predicate = (!icmp_ln10_11)> <Delay = 6.70> <CoreInst = "FDiv">   --->   Core 20 'FDiv' <Latency = 9> <II = 1> <Delay = 6.70> <FuncUnit> <Opcode : 'fdiv' 'frem'> <InPorts = 2> <OutPorts = 1>
ST_353 : Operation 1514 [1/1] (0.00ns)   --->   "%layer1_weights_11_addr = getelementptr i32 %layer1_weights_11, i64 0, i64 %k_11_cast" [matmul.cpp:12]   --->   Operation 1514 'getelementptr' 'layer1_weights_11_addr' <Predicate = (!icmp_ln10_11)> <Delay = 0.00>
ST_353 : Operation 1515 [2/2] (1.35ns)   --->   "%layer1_weights_11_load = load i7 %layer1_weights_11_addr" [matmul.cpp:12]   --->   Operation 1515 'load' 'layer1_weights_11_load' <Predicate = (!icmp_ln10_11)> <Delay = 1.35> <CoreInst = "ROM">   --->   Core 101 'ROM' <Latency = 1> <II = 1> <Delay = 1.35> <Storage> <Opcode : 'load'> <Ports = 0> <Width = 32> <Depth = 100> <ROM>

State 354 <SV = 111> <Delay = 6.02>
ST_354 : Operation 1516 [1/2] (1.35ns)   --->   "%layer1_weights_11_load = load i7 %layer1_weights_11_addr" [matmul.cpp:12]   --->   Operation 1516 'load' 'layer1_weights_11_load' <Predicate = (!icmp_ln10_11)> <Delay = 1.35> <CoreInst = "ROM">   --->   Core 101 'ROM' <Latency = 1> <II = 1> <Delay = 1.35> <Storage> <Opcode : 'load'> <Ports = 0> <Width = 32> <Depth = 100> <ROM>
ST_354 : Operation 1517 [4/4] (4.67ns)   --->   "%mul_10 = fmul i32 %div_10, i32 %layer1_weights_11_load" [matmul.cpp:12]   --->   Operation 1517 'fmul' 'mul_10' <Predicate = (!icmp_ln10_11)> <Delay = 4.67> <CoreInst = "FMul_maxdsp">   --->   Core 30 'FMul_maxdsp' <Latency = 3> <II = 1> <Delay = 4.67> <FuncUnit> <Opcode : 'fmul'> <InPorts = 2> <OutPorts = 1>

State 355 <SV = 112> <Delay = 4.67>
ST_355 : Operation 1518 [3/4] (4.67ns)   --->   "%mul_10 = fmul i32 %div_10, i32 %layer1_weights_11_load" [matmul.cpp:12]   --->   Operation 1518 'fmul' 'mul_10' <Predicate = (!icmp_ln10_11)> <Delay = 4.67> <CoreInst = "FMul_maxdsp">   --->   Core 30 'FMul_maxdsp' <Latency = 3> <II = 1> <Delay = 4.67> <FuncUnit> <Opcode : 'fmul'> <InPorts = 2> <OutPorts = 1>

State 356 <SV = 113> <Delay = 4.67>
ST_356 : Operation 1519 [2/4] (4.67ns)   --->   "%mul_10 = fmul i32 %div_10, i32 %layer1_weights_11_load" [matmul.cpp:12]   --->   Operation 1519 'fmul' 'mul_10' <Predicate = (!icmp_ln10_11)> <Delay = 4.67> <CoreInst = "FMul_maxdsp">   --->   Core 30 'FMul_maxdsp' <Latency = 3> <II = 1> <Delay = 4.67> <FuncUnit> <Opcode : 'fmul'> <InPorts = 2> <OutPorts = 1>

State 357 <SV = 114> <Delay = 4.67>
ST_357 : Operation 1520 [1/4] (4.67ns)   --->   "%mul_10 = fmul i32 %div_10, i32 %layer1_weights_11_load" [matmul.cpp:12]   --->   Operation 1520 'fmul' 'mul_10' <Predicate = (!icmp_ln10_11)> <Delay = 4.67> <CoreInst = "FMul_maxdsp">   --->   Core 30 'FMul_maxdsp' <Latency = 3> <II = 1> <Delay = 4.67> <FuncUnit> <Opcode : 'fmul'> <InPorts = 2> <OutPorts = 1>

State 358 <SV = 115> <Delay = 6.34>
ST_358 : Operation 1521 [1/1] (0.86ns)   --->   "%icmp_ln12_11 = icmp_eq  i7 %add_ln10_11, i7 100" [matmul.cpp:12]   --->   Operation 1521 'icmp' 'icmp_ln12_11' <Predicate = (!icmp_ln10_11)> <Delay = 0.86> <CoreInst = "Cmp">   --->   Core 9 'Cmp' <Latency = 0> <II = 1> <Delay = 0.86> <FuncUnit> <Opcode : 'icmp'> <InPorts = 2> <OutPorts = 1>
ST_358 : Operation 1522 [3/3] (5.48ns)   --->   "%sum_23 = facc i32 @_ssdm_op_FACC, i32 %mul_10, i1 %icmp_ln12_11" [matmul.cpp:12]   --->   Operation 1522 'facc' 'sum_23' <Predicate = (!icmp_ln10_11)> <Delay = 5.48> <CoreInst = "FAcc_nodsp">   --->   Core 11 'FAcc_nodsp' <Latency = 2> <II = 1> <Delay = 5.48> <FuncUnit> <Opcode : 'facc'> <InPorts = 2> <OutPorts = 1>

State 359 <SV = 116> <Delay = 5.48>
ST_359 : Operation 1523 [2/3] (5.48ns)   --->   "%sum_23 = facc i32 @_ssdm_op_FACC, i32 %mul_10, i1 %icmp_ln12_11" [matmul.cpp:12]   --->   Operation 1523 'facc' 'sum_23' <Predicate = (!icmp_ln10_11)> <Delay = 5.48> <CoreInst = "FAcc_nodsp">   --->   Core 11 'FAcc_nodsp' <Latency = 2> <II = 1> <Delay = 5.48> <FuncUnit> <Opcode : 'facc'> <InPorts = 2> <OutPorts = 1>

State 360 <SV = 117> <Delay = 5.48>
ST_360 : Operation 1524 [1/1] (0.00ns)   --->   "%specloopname_ln8 = specloopname void @_ssdm_op_SpecLoopName, void @empty_9" [matmul.cpp:8]   --->   Operation 1524 'specloopname' 'specloopname_ln8' <Predicate = (!icmp_ln10_11)> <Delay = 0.00>
ST_360 : Operation 1525 [1/3] (5.48ns)   --->   "%sum_23 = facc i32 @_ssdm_op_FACC, i32 %mul_10, i1 %icmp_ln12_11" [matmul.cpp:12]   --->   Operation 1525 'facc' 'sum_23' <Predicate = (!icmp_ln10_11)> <Delay = 5.48> <CoreInst = "FAcc_nodsp">   --->   Core 11 'FAcc_nodsp' <Latency = 2> <II = 1> <Delay = 5.48> <FuncUnit> <Opcode : 'facc'> <InPorts = 2> <OutPorts = 1>
ST_360 : Operation 1526 [1/1] (0.00ns)   --->   "%br_ln0 = br void"   --->   Operation 1526 'br' 'br_ln0' <Predicate = (!icmp_ln10_11)> <Delay = 0.00>

State 361 <SV = 96> <Delay = 7.30>
ST_361 : Operation 1527 [1/1] (0.00ns)   --->   "%output_0_addr_11 = getelementptr i32 %output_0, i64 0, i64 11" [matmul.cpp:14]   --->   Operation 1527 'getelementptr' 'output_0_addr_11' <Predicate = true> <Delay = 0.00>
ST_361 : Operation 1528 [1/1] (1.35ns)   --->   "%store_ln14 = store i32 %sum_22, i5 %output_0_addr_11" [matmul.cpp:14]   --->   Operation 1528 'store' 'store_ln14' <Predicate = true> <Delay = 1.35> <CoreInst = "RAM">   --->   Core 83 'RAM' <Latency = 1> <II = 1> <Delay = 1.35> <Storage> <Opcode : 'load' 'store'> <Ports = 2> <Width = 32> <Depth = 32> <RAM>
ST_361 : Operation 1529 [7/7] (7.30ns)   --->   "%AXI_DATA_addr_32_rd_req555 = readreq i1 @_ssdm_op_ReadReq.m_axi.i8P1A, i8 %AXI_DATA_addr, i32 100" [matmul.cpp:12]   --->   Operation 1529 'readreq' 'AXI_DATA_addr_32_rd_req555' <Predicate = true> <Delay = 7.30> <CoreInst = "m_axi">   --->   Core 121 'm_axi' <Latency = 6> <II = 1> <Delay = 1.00> <Adapter> <Opcode : 'read' 'write' 'readreq' 'writereq' 'writeresp'>

State 362 <SV = 97> <Delay = 7.30>
ST_362 : Operation 1530 [6/7] (7.30ns)   --->   "%AXI_DATA_addr_32_rd_req555 = readreq i1 @_ssdm_op_ReadReq.m_axi.i8P1A, i8 %AXI_DATA_addr, i32 100" [matmul.cpp:12]   --->   Operation 1530 'readreq' 'AXI_DATA_addr_32_rd_req555' <Predicate = true> <Delay = 7.30> <CoreInst = "m_axi">   --->   Core 121 'm_axi' <Latency = 6> <II = 1> <Delay = 1.00> <Adapter> <Opcode : 'read' 'write' 'readreq' 'writereq' 'writeresp'>

State 363 <SV = 98> <Delay = 7.30>
ST_363 : Operation 1531 [5/7] (7.30ns)   --->   "%AXI_DATA_addr_32_rd_req555 = readreq i1 @_ssdm_op_ReadReq.m_axi.i8P1A, i8 %AXI_DATA_addr, i32 100" [matmul.cpp:12]   --->   Operation 1531 'readreq' 'AXI_DATA_addr_32_rd_req555' <Predicate = true> <Delay = 7.30> <CoreInst = "m_axi">   --->   Core 121 'm_axi' <Latency = 6> <II = 1> <Delay = 1.00> <Adapter> <Opcode : 'read' 'write' 'readreq' 'writereq' 'writeresp'>

State 364 <SV = 99> <Delay = 7.30>
ST_364 : Operation 1532 [4/7] (7.30ns)   --->   "%AXI_DATA_addr_32_rd_req555 = readreq i1 @_ssdm_op_ReadReq.m_axi.i8P1A, i8 %AXI_DATA_addr, i32 100" [matmul.cpp:12]   --->   Operation 1532 'readreq' 'AXI_DATA_addr_32_rd_req555' <Predicate = true> <Delay = 7.30> <CoreInst = "m_axi">   --->   Core 121 'm_axi' <Latency = 6> <II = 1> <Delay = 1.00> <Adapter> <Opcode : 'read' 'write' 'readreq' 'writereq' 'writeresp'>

State 365 <SV = 100> <Delay = 7.30>
ST_365 : Operation 1533 [3/7] (7.30ns)   --->   "%AXI_DATA_addr_32_rd_req555 = readreq i1 @_ssdm_op_ReadReq.m_axi.i8P1A, i8 %AXI_DATA_addr, i32 100" [matmul.cpp:12]   --->   Operation 1533 'readreq' 'AXI_DATA_addr_32_rd_req555' <Predicate = true> <Delay = 7.30> <CoreInst = "m_axi">   --->   Core 121 'm_axi' <Latency = 6> <II = 1> <Delay = 1.00> <Adapter> <Opcode : 'read' 'write' 'readreq' 'writereq' 'writeresp'>

State 366 <SV = 101> <Delay = 7.30>
ST_366 : Operation 1534 [2/7] (7.30ns)   --->   "%AXI_DATA_addr_32_rd_req555 = readreq i1 @_ssdm_op_ReadReq.m_axi.i8P1A, i8 %AXI_DATA_addr, i32 100" [matmul.cpp:12]   --->   Operation 1534 'readreq' 'AXI_DATA_addr_32_rd_req555' <Predicate = true> <Delay = 7.30> <CoreInst = "m_axi">   --->   Core 121 'm_axi' <Latency = 6> <II = 1> <Delay = 1.00> <Adapter> <Opcode : 'read' 'write' 'readreq' 'writereq' 'writeresp'>

State 367 <SV = 102> <Delay = 7.30>
ST_367 : Operation 1535 [1/7] (7.30ns)   --->   "%AXI_DATA_addr_32_rd_req555 = readreq i1 @_ssdm_op_ReadReq.m_axi.i8P1A, i8 %AXI_DATA_addr, i32 100" [matmul.cpp:12]   --->   Operation 1535 'readreq' 'AXI_DATA_addr_32_rd_req555' <Predicate = true> <Delay = 7.30> <CoreInst = "m_axi">   --->   Core 121 'm_axi' <Latency = 6> <II = 1> <Delay = 1.00> <Adapter> <Opcode : 'read' 'write' 'readreq' 'writereq' 'writeresp'>
ST_367 : Operation 1536 [1/1] (0.48ns)   --->   "%br_ln10 = br void" [matmul.cpp:10]   --->   Operation 1536 'br' 'br_ln10' <Predicate = true> <Delay = 0.48>

State 368 <SV = 103> <Delay = 0.89>
ST_368 : Operation 1537 [1/1] (0.00ns)   --->   "%k_12 = phi i7 %add_ln10_12, void %.split39, i7 0, void" [matmul.cpp:10]   --->   Operation 1537 'phi' 'k_12' <Predicate = true> <Delay = 0.00>
ST_368 : Operation 1538 [1/1] (0.00ns)   --->   "%sum_24 = phi i32 %sum_25, void %.split39, i32 0, void"   --->   Operation 1538 'phi' 'sum_24' <Predicate = true> <Delay = 0.00>
ST_368 : Operation 1539 [1/1] (0.89ns)   --->   "%add_ln10_12 = add i7 %k_12, i7 1" [matmul.cpp:10]   --->   Operation 1539 'add' 'add_ln10_12' <Predicate = true> <Delay = 0.89> <CoreInst = "Adder">   --->   Core 1 'Adder' <Latency = 0> <II = 1> <Delay = 0.89> <FuncUnit> <Opcode : 'add' 'sub'> <InPorts = 2> <OutPorts = 1>
ST_368 : Operation 1540 [1/1] (0.00ns)   --->   "%specpipeline_ln0 = specpipeline void @_ssdm_op_SpecPipeline, i32 4294967295, i32 0, i32 1, i32 0, void @p_str"   --->   Operation 1540 'specpipeline' 'specpipeline_ln0' <Predicate = true> <Delay = 0.00>
ST_368 : Operation 1541 [1/1] (0.86ns)   --->   "%icmp_ln10_12 = icmp_eq  i7 %k_12, i7 100" [matmul.cpp:10]   --->   Operation 1541 'icmp' 'icmp_ln10_12' <Predicate = true> <Delay = 0.86> <CoreInst = "Cmp">   --->   Core 9 'Cmp' <Latency = 0> <II = 1> <Delay = 0.86> <FuncUnit> <Opcode : 'icmp'> <InPorts = 2> <OutPorts = 1>
ST_368 : Operation 1542 [1/1] (0.00ns)   --->   "%empty_46 = speclooptripcount i32 @_ssdm_op_SpecLoopTripCount, i64 100, i64 100, i64 100"   --->   Operation 1542 'speclooptripcount' 'empty_46' <Predicate = true> <Delay = 0.00>
ST_368 : Operation 1543 [1/1] (0.00ns)   --->   "%br_ln10 = br i1 %icmp_ln10_12, void %.split39, void" [matmul.cpp:10]   --->   Operation 1543 'br' 'br_ln10' <Predicate = true> <Delay = 0.00>

State 369 <SV = 104> <Delay = 7.30>
ST_369 : Operation 1544 [1/1] (7.30ns)   --->   "%AXI_DATA_addr_read_12 = read i8 @_ssdm_op_Read.m_axi.i8P1A, i8 %AXI_DATA_addr" [matmul.cpp:12]   --->   Operation 1544 'read' 'AXI_DATA_addr_read_12' <Predicate = (!icmp_ln10_12)> <Delay = 7.30> <CoreInst = "m_axi">   --->   Core 121 'm_axi' <Latency = 6> <II = 1> <Delay = 1.00> <Adapter> <Opcode : 'read' 'write' 'readreq' 'writereq' 'writeresp'>

State 370 <SV = 105> <Delay = 6.67>
ST_370 : Operation 1545 [1/1] (0.00ns)   --->   "%zext_ln12_12 = zext i8 %AXI_DATA_addr_read_12" [matmul.cpp:12]   --->   Operation 1545 'zext' 'zext_ln12_12' <Predicate = (!icmp_ln10_12)> <Delay = 0.00>
ST_370 : Operation 1546 [4/4] (6.67ns)   --->   "%conv_11 = uitofp i32 %zext_ln12_12" [matmul.cpp:12]   --->   Operation 1546 'uitofp' 'conv_11' <Predicate = (!icmp_ln10_12)> <Delay = 6.67> <CoreInst = "Int2Float">   --->   Core 62 'Int2Float' <Latency = 3> <II = 1> <Delay = 6.67> <FuncUnit> <Opcode : 'sitofp' 'uitofp'> <InPorts = 1> <OutPorts = 1>

State 371 <SV = 106> <Delay = 6.67>
ST_371 : Operation 1547 [3/4] (6.67ns)   --->   "%conv_11 = uitofp i32 %zext_ln12_12" [matmul.cpp:12]   --->   Operation 1547 'uitofp' 'conv_11' <Predicate = (!icmp_ln10_12)> <Delay = 6.67> <CoreInst = "Int2Float">   --->   Core 62 'Int2Float' <Latency = 3> <II = 1> <Delay = 6.67> <FuncUnit> <Opcode : 'sitofp' 'uitofp'> <InPorts = 1> <OutPorts = 1>

State 372 <SV = 107> <Delay = 6.67>
ST_372 : Operation 1548 [2/4] (6.67ns)   --->   "%conv_11 = uitofp i32 %zext_ln12_12" [matmul.cpp:12]   --->   Operation 1548 'uitofp' 'conv_11' <Predicate = (!icmp_ln10_12)> <Delay = 6.67> <CoreInst = "Int2Float">   --->   Core 62 'Int2Float' <Latency = 3> <II = 1> <Delay = 6.67> <FuncUnit> <Opcode : 'sitofp' 'uitofp'> <InPorts = 1> <OutPorts = 1>

State 373 <SV = 108> <Delay = 6.67>
ST_373 : Operation 1549 [1/4] (6.67ns)   --->   "%conv_11 = uitofp i32 %zext_ln12_12" [matmul.cpp:12]   --->   Operation 1549 'uitofp' 'conv_11' <Predicate = (!icmp_ln10_12)> <Delay = 6.67> <CoreInst = "Int2Float">   --->   Core 62 'Int2Float' <Latency = 3> <II = 1> <Delay = 6.67> <FuncUnit> <Opcode : 'sitofp' 'uitofp'> <InPorts = 1> <OutPorts = 1>

State 374 <SV = 109> <Delay = 6.70>
ST_374 : Operation 1550 [10/10] (6.70ns)   --->   "%div_11 = fdiv i32 %conv_11, i32 255" [matmul.cpp:12]   --->   Operation 1550 'fdiv' 'div_11' <Predicate = (!icmp_ln10_12)> <Delay = 6.70> <CoreInst = "FDiv">   --->   Core 20 'FDiv' <Latency = 9> <II = 1> <Delay = 6.70> <FuncUnit> <Opcode : 'fdiv' 'frem'> <InPorts = 2> <OutPorts = 1>

State 375 <SV = 110> <Delay = 6.70>
ST_375 : Operation 1551 [9/10] (6.70ns)   --->   "%div_11 = fdiv i32 %conv_11, i32 255" [matmul.cpp:12]   --->   Operation 1551 'fdiv' 'div_11' <Predicate = (!icmp_ln10_12)> <Delay = 6.70> <CoreInst = "FDiv">   --->   Core 20 'FDiv' <Latency = 9> <II = 1> <Delay = 6.70> <FuncUnit> <Opcode : 'fdiv' 'frem'> <InPorts = 2> <OutPorts = 1>

State 376 <SV = 111> <Delay = 6.70>
ST_376 : Operation 1552 [8/10] (6.70ns)   --->   "%div_11 = fdiv i32 %conv_11, i32 255" [matmul.cpp:12]   --->   Operation 1552 'fdiv' 'div_11' <Predicate = (!icmp_ln10_12)> <Delay = 6.70> <CoreInst = "FDiv">   --->   Core 20 'FDiv' <Latency = 9> <II = 1> <Delay = 6.70> <FuncUnit> <Opcode : 'fdiv' 'frem'> <InPorts = 2> <OutPorts = 1>

State 377 <SV = 112> <Delay = 6.70>
ST_377 : Operation 1553 [7/10] (6.70ns)   --->   "%div_11 = fdiv i32 %conv_11, i32 255" [matmul.cpp:12]   --->   Operation 1553 'fdiv' 'div_11' <Predicate = (!icmp_ln10_12)> <Delay = 6.70> <CoreInst = "FDiv">   --->   Core 20 'FDiv' <Latency = 9> <II = 1> <Delay = 6.70> <FuncUnit> <Opcode : 'fdiv' 'frem'> <InPorts = 2> <OutPorts = 1>

State 378 <SV = 113> <Delay = 6.70>
ST_378 : Operation 1554 [6/10] (6.70ns)   --->   "%div_11 = fdiv i32 %conv_11, i32 255" [matmul.cpp:12]   --->   Operation 1554 'fdiv' 'div_11' <Predicate = (!icmp_ln10_12)> <Delay = 6.70> <CoreInst = "FDiv">   --->   Core 20 'FDiv' <Latency = 9> <II = 1> <Delay = 6.70> <FuncUnit> <Opcode : 'fdiv' 'frem'> <InPorts = 2> <OutPorts = 1>

State 379 <SV = 114> <Delay = 6.70>
ST_379 : Operation 1555 [5/10] (6.70ns)   --->   "%div_11 = fdiv i32 %conv_11, i32 255" [matmul.cpp:12]   --->   Operation 1555 'fdiv' 'div_11' <Predicate = (!icmp_ln10_12)> <Delay = 6.70> <CoreInst = "FDiv">   --->   Core 20 'FDiv' <Latency = 9> <II = 1> <Delay = 6.70> <FuncUnit> <Opcode : 'fdiv' 'frem'> <InPorts = 2> <OutPorts = 1>

State 380 <SV = 115> <Delay = 6.70>
ST_380 : Operation 1556 [4/10] (6.70ns)   --->   "%div_11 = fdiv i32 %conv_11, i32 255" [matmul.cpp:12]   --->   Operation 1556 'fdiv' 'div_11' <Predicate = (!icmp_ln10_12)> <Delay = 6.70> <CoreInst = "FDiv">   --->   Core 20 'FDiv' <Latency = 9> <II = 1> <Delay = 6.70> <FuncUnit> <Opcode : 'fdiv' 'frem'> <InPorts = 2> <OutPorts = 1>

State 381 <SV = 116> <Delay = 6.70>
ST_381 : Operation 1557 [3/10] (6.70ns)   --->   "%div_11 = fdiv i32 %conv_11, i32 255" [matmul.cpp:12]   --->   Operation 1557 'fdiv' 'div_11' <Predicate = (!icmp_ln10_12)> <Delay = 6.70> <CoreInst = "FDiv">   --->   Core 20 'FDiv' <Latency = 9> <II = 1> <Delay = 6.70> <FuncUnit> <Opcode : 'fdiv' 'frem'> <InPorts = 2> <OutPorts = 1>

State 382 <SV = 117> <Delay = 6.70>
ST_382 : Operation 1558 [2/10] (6.70ns)   --->   "%div_11 = fdiv i32 %conv_11, i32 255" [matmul.cpp:12]   --->   Operation 1558 'fdiv' 'div_11' <Predicate = (!icmp_ln10_12)> <Delay = 6.70> <CoreInst = "FDiv">   --->   Core 20 'FDiv' <Latency = 9> <II = 1> <Delay = 6.70> <FuncUnit> <Opcode : 'fdiv' 'frem'> <InPorts = 2> <OutPorts = 1>

State 383 <SV = 118> <Delay = 6.70>
ST_383 : Operation 1559 [1/1] (0.00ns)   --->   "%k_12_cast = zext i7 %k_12" [matmul.cpp:10]   --->   Operation 1559 'zext' 'k_12_cast' <Predicate = (!icmp_ln10_12)> <Delay = 0.00>
ST_383 : Operation 1560 [1/10] (6.70ns)   --->   "%div_11 = fdiv i32 %conv_11, i32 255" [matmul.cpp:12]   --->   Operation 1560 'fdiv' 'div_11' <Predicate = (!icmp_ln10_12)> <Delay = 6.70> <CoreInst = "FDiv">   --->   Core 20 'FDiv' <Latency = 9> <II = 1> <Delay = 6.70> <FuncUnit> <Opcode : 'fdiv' 'frem'> <InPorts = 2> <OutPorts = 1>
ST_383 : Operation 1561 [1/1] (0.00ns)   --->   "%layer1_weights_12_addr = getelementptr i32 %layer1_weights_12, i64 0, i64 %k_12_cast" [matmul.cpp:12]   --->   Operation 1561 'getelementptr' 'layer1_weights_12_addr' <Predicate = (!icmp_ln10_12)> <Delay = 0.00>
ST_383 : Operation 1562 [2/2] (1.35ns)   --->   "%layer1_weights_12_load = load i7 %layer1_weights_12_addr" [matmul.cpp:12]   --->   Operation 1562 'load' 'layer1_weights_12_load' <Predicate = (!icmp_ln10_12)> <Delay = 1.35> <CoreInst = "ROM">   --->   Core 101 'ROM' <Latency = 1> <II = 1> <Delay = 1.35> <Storage> <Opcode : 'load'> <Ports = 0> <Width = 32> <Depth = 100> <ROM>

State 384 <SV = 119> <Delay = 6.02>
ST_384 : Operation 1563 [1/2] (1.35ns)   --->   "%layer1_weights_12_load = load i7 %layer1_weights_12_addr" [matmul.cpp:12]   --->   Operation 1563 'load' 'layer1_weights_12_load' <Predicate = (!icmp_ln10_12)> <Delay = 1.35> <CoreInst = "ROM">   --->   Core 101 'ROM' <Latency = 1> <II = 1> <Delay = 1.35> <Storage> <Opcode : 'load'> <Ports = 0> <Width = 32> <Depth = 100> <ROM>
ST_384 : Operation 1564 [4/4] (4.67ns)   --->   "%mul_11 = fmul i32 %div_11, i32 %layer1_weights_12_load" [matmul.cpp:12]   --->   Operation 1564 'fmul' 'mul_11' <Predicate = (!icmp_ln10_12)> <Delay = 4.67> <CoreInst = "FMul_maxdsp">   --->   Core 30 'FMul_maxdsp' <Latency = 3> <II = 1> <Delay = 4.67> <FuncUnit> <Opcode : 'fmul'> <InPorts = 2> <OutPorts = 1>

State 385 <SV = 120> <Delay = 4.67>
ST_385 : Operation 1565 [3/4] (4.67ns)   --->   "%mul_11 = fmul i32 %div_11, i32 %layer1_weights_12_load" [matmul.cpp:12]   --->   Operation 1565 'fmul' 'mul_11' <Predicate = (!icmp_ln10_12)> <Delay = 4.67> <CoreInst = "FMul_maxdsp">   --->   Core 30 'FMul_maxdsp' <Latency = 3> <II = 1> <Delay = 4.67> <FuncUnit> <Opcode : 'fmul'> <InPorts = 2> <OutPorts = 1>

State 386 <SV = 121> <Delay = 4.67>
ST_386 : Operation 1566 [2/4] (4.67ns)   --->   "%mul_11 = fmul i32 %div_11, i32 %layer1_weights_12_load" [matmul.cpp:12]   --->   Operation 1566 'fmul' 'mul_11' <Predicate = (!icmp_ln10_12)> <Delay = 4.67> <CoreInst = "FMul_maxdsp">   --->   Core 30 'FMul_maxdsp' <Latency = 3> <II = 1> <Delay = 4.67> <FuncUnit> <Opcode : 'fmul'> <InPorts = 2> <OutPorts = 1>

State 387 <SV = 122> <Delay = 4.67>
ST_387 : Operation 1567 [1/4] (4.67ns)   --->   "%mul_11 = fmul i32 %div_11, i32 %layer1_weights_12_load" [matmul.cpp:12]   --->   Operation 1567 'fmul' 'mul_11' <Predicate = (!icmp_ln10_12)> <Delay = 4.67> <CoreInst = "FMul_maxdsp">   --->   Core 30 'FMul_maxdsp' <Latency = 3> <II = 1> <Delay = 4.67> <FuncUnit> <Opcode : 'fmul'> <InPorts = 2> <OutPorts = 1>

State 388 <SV = 123> <Delay = 6.34>
ST_388 : Operation 1568 [1/1] (0.86ns)   --->   "%icmp_ln12_12 = icmp_eq  i7 %add_ln10_12, i7 100" [matmul.cpp:12]   --->   Operation 1568 'icmp' 'icmp_ln12_12' <Predicate = (!icmp_ln10_12)> <Delay = 0.86> <CoreInst = "Cmp">   --->   Core 9 'Cmp' <Latency = 0> <II = 1> <Delay = 0.86> <FuncUnit> <Opcode : 'icmp'> <InPorts = 2> <OutPorts = 1>
ST_388 : Operation 1569 [3/3] (5.48ns)   --->   "%sum_25 = facc i32 @_ssdm_op_FACC, i32 %mul_11, i1 %icmp_ln12_12" [matmul.cpp:12]   --->   Operation 1569 'facc' 'sum_25' <Predicate = (!icmp_ln10_12)> <Delay = 5.48> <CoreInst = "FAcc_nodsp">   --->   Core 11 'FAcc_nodsp' <Latency = 2> <II = 1> <Delay = 5.48> <FuncUnit> <Opcode : 'facc'> <InPorts = 2> <OutPorts = 1>

State 389 <SV = 124> <Delay = 5.48>
ST_389 : Operation 1570 [2/3] (5.48ns)   --->   "%sum_25 = facc i32 @_ssdm_op_FACC, i32 %mul_11, i1 %icmp_ln12_12" [matmul.cpp:12]   --->   Operation 1570 'facc' 'sum_25' <Predicate = (!icmp_ln10_12)> <Delay = 5.48> <CoreInst = "FAcc_nodsp">   --->   Core 11 'FAcc_nodsp' <Latency = 2> <II = 1> <Delay = 5.48> <FuncUnit> <Opcode : 'facc'> <InPorts = 2> <OutPorts = 1>

State 390 <SV = 125> <Delay = 5.48>
ST_390 : Operation 1571 [1/1] (0.00ns)   --->   "%specloopname_ln8 = specloopname void @_ssdm_op_SpecLoopName, void @empty_9" [matmul.cpp:8]   --->   Operation 1571 'specloopname' 'specloopname_ln8' <Predicate = (!icmp_ln10_12)> <Delay = 0.00>
ST_390 : Operation 1572 [1/3] (5.48ns)   --->   "%sum_25 = facc i32 @_ssdm_op_FACC, i32 %mul_11, i1 %icmp_ln12_12" [matmul.cpp:12]   --->   Operation 1572 'facc' 'sum_25' <Predicate = (!icmp_ln10_12)> <Delay = 5.48> <CoreInst = "FAcc_nodsp">   --->   Core 11 'FAcc_nodsp' <Latency = 2> <II = 1> <Delay = 5.48> <FuncUnit> <Opcode : 'facc'> <InPorts = 2> <OutPorts = 1>
ST_390 : Operation 1573 [1/1] (0.00ns)   --->   "%br_ln0 = br void"   --->   Operation 1573 'br' 'br_ln0' <Predicate = (!icmp_ln10_12)> <Delay = 0.00>

State 391 <SV = 104> <Delay = 7.30>
ST_391 : Operation 1574 [1/1] (0.00ns)   --->   "%output_0_addr_12 = getelementptr i32 %output_0, i64 0, i64 12" [matmul.cpp:14]   --->   Operation 1574 'getelementptr' 'output_0_addr_12' <Predicate = true> <Delay = 0.00>
ST_391 : Operation 1575 [1/1] (1.35ns)   --->   "%store_ln14 = store i32 %sum_24, i5 %output_0_addr_12" [matmul.cpp:14]   --->   Operation 1575 'store' 'store_ln14' <Predicate = true> <Delay = 1.35> <CoreInst = "RAM">   --->   Core 83 'RAM' <Latency = 1> <II = 1> <Delay = 1.35> <Storage> <Opcode : 'load' 'store'> <Ports = 2> <Width = 32> <Depth = 32> <RAM>
ST_391 : Operation 1576 [7/7] (7.30ns)   --->   "%AXI_DATA_addr_32_rd_req556 = readreq i1 @_ssdm_op_ReadReq.m_axi.i8P1A, i8 %AXI_DATA_addr, i32 100" [matmul.cpp:12]   --->   Operation 1576 'readreq' 'AXI_DATA_addr_32_rd_req556' <Predicate = true> <Delay = 7.30> <CoreInst = "m_axi">   --->   Core 121 'm_axi' <Latency = 6> <II = 1> <Delay = 1.00> <Adapter> <Opcode : 'read' 'write' 'readreq' 'writereq' 'writeresp'>

State 392 <SV = 105> <Delay = 7.30>
ST_392 : Operation 1577 [6/7] (7.30ns)   --->   "%AXI_DATA_addr_32_rd_req556 = readreq i1 @_ssdm_op_ReadReq.m_axi.i8P1A, i8 %AXI_DATA_addr, i32 100" [matmul.cpp:12]   --->   Operation 1577 'readreq' 'AXI_DATA_addr_32_rd_req556' <Predicate = true> <Delay = 7.30> <CoreInst = "m_axi">   --->   Core 121 'm_axi' <Latency = 6> <II = 1> <Delay = 1.00> <Adapter> <Opcode : 'read' 'write' 'readreq' 'writereq' 'writeresp'>

State 393 <SV = 106> <Delay = 7.30>
ST_393 : Operation 1578 [5/7] (7.30ns)   --->   "%AXI_DATA_addr_32_rd_req556 = readreq i1 @_ssdm_op_ReadReq.m_axi.i8P1A, i8 %AXI_DATA_addr, i32 100" [matmul.cpp:12]   --->   Operation 1578 'readreq' 'AXI_DATA_addr_32_rd_req556' <Predicate = true> <Delay = 7.30> <CoreInst = "m_axi">   --->   Core 121 'm_axi' <Latency = 6> <II = 1> <Delay = 1.00> <Adapter> <Opcode : 'read' 'write' 'readreq' 'writereq' 'writeresp'>

State 394 <SV = 107> <Delay = 7.30>
ST_394 : Operation 1579 [4/7] (7.30ns)   --->   "%AXI_DATA_addr_32_rd_req556 = readreq i1 @_ssdm_op_ReadReq.m_axi.i8P1A, i8 %AXI_DATA_addr, i32 100" [matmul.cpp:12]   --->   Operation 1579 'readreq' 'AXI_DATA_addr_32_rd_req556' <Predicate = true> <Delay = 7.30> <CoreInst = "m_axi">   --->   Core 121 'm_axi' <Latency = 6> <II = 1> <Delay = 1.00> <Adapter> <Opcode : 'read' 'write' 'readreq' 'writereq' 'writeresp'>

State 395 <SV = 108> <Delay = 7.30>
ST_395 : Operation 1580 [3/7] (7.30ns)   --->   "%AXI_DATA_addr_32_rd_req556 = readreq i1 @_ssdm_op_ReadReq.m_axi.i8P1A, i8 %AXI_DATA_addr, i32 100" [matmul.cpp:12]   --->   Operation 1580 'readreq' 'AXI_DATA_addr_32_rd_req556' <Predicate = true> <Delay = 7.30> <CoreInst = "m_axi">   --->   Core 121 'm_axi' <Latency = 6> <II = 1> <Delay = 1.00> <Adapter> <Opcode : 'read' 'write' 'readreq' 'writereq' 'writeresp'>

State 396 <SV = 109> <Delay = 7.30>
ST_396 : Operation 1581 [2/7] (7.30ns)   --->   "%AXI_DATA_addr_32_rd_req556 = readreq i1 @_ssdm_op_ReadReq.m_axi.i8P1A, i8 %AXI_DATA_addr, i32 100" [matmul.cpp:12]   --->   Operation 1581 'readreq' 'AXI_DATA_addr_32_rd_req556' <Predicate = true> <Delay = 7.30> <CoreInst = "m_axi">   --->   Core 121 'm_axi' <Latency = 6> <II = 1> <Delay = 1.00> <Adapter> <Opcode : 'read' 'write' 'readreq' 'writereq' 'writeresp'>

State 397 <SV = 110> <Delay = 7.30>
ST_397 : Operation 1582 [1/7] (7.30ns)   --->   "%AXI_DATA_addr_32_rd_req556 = readreq i1 @_ssdm_op_ReadReq.m_axi.i8P1A, i8 %AXI_DATA_addr, i32 100" [matmul.cpp:12]   --->   Operation 1582 'readreq' 'AXI_DATA_addr_32_rd_req556' <Predicate = true> <Delay = 7.30> <CoreInst = "m_axi">   --->   Core 121 'm_axi' <Latency = 6> <II = 1> <Delay = 1.00> <Adapter> <Opcode : 'read' 'write' 'readreq' 'writereq' 'writeresp'>
ST_397 : Operation 1583 [1/1] (0.48ns)   --->   "%br_ln10 = br void" [matmul.cpp:10]   --->   Operation 1583 'br' 'br_ln10' <Predicate = true> <Delay = 0.48>

State 398 <SV = 111> <Delay = 0.89>
ST_398 : Operation 1584 [1/1] (0.00ns)   --->   "%k_13 = phi i7 %add_ln10_13, void %.split37, i7 0, void" [matmul.cpp:10]   --->   Operation 1584 'phi' 'k_13' <Predicate = true> <Delay = 0.00>
ST_398 : Operation 1585 [1/1] (0.00ns)   --->   "%sum_26 = phi i32 %sum_27, void %.split37, i32 0, void"   --->   Operation 1585 'phi' 'sum_26' <Predicate = true> <Delay = 0.00>
ST_398 : Operation 1586 [1/1] (0.89ns)   --->   "%add_ln10_13 = add i7 %k_13, i7 1" [matmul.cpp:10]   --->   Operation 1586 'add' 'add_ln10_13' <Predicate = true> <Delay = 0.89> <CoreInst = "Adder">   --->   Core 1 'Adder' <Latency = 0> <II = 1> <Delay = 0.89> <FuncUnit> <Opcode : 'add' 'sub'> <InPorts = 2> <OutPorts = 1>
ST_398 : Operation 1587 [1/1] (0.00ns)   --->   "%specpipeline_ln0 = specpipeline void @_ssdm_op_SpecPipeline, i32 4294967295, i32 0, i32 1, i32 0, void @p_str"   --->   Operation 1587 'specpipeline' 'specpipeline_ln0' <Predicate = true> <Delay = 0.00>
ST_398 : Operation 1588 [1/1] (0.86ns)   --->   "%icmp_ln10_13 = icmp_eq  i7 %k_13, i7 100" [matmul.cpp:10]   --->   Operation 1588 'icmp' 'icmp_ln10_13' <Predicate = true> <Delay = 0.86> <CoreInst = "Cmp">   --->   Core 9 'Cmp' <Latency = 0> <II = 1> <Delay = 0.86> <FuncUnit> <Opcode : 'icmp'> <InPorts = 2> <OutPorts = 1>
ST_398 : Operation 1589 [1/1] (0.00ns)   --->   "%empty_47 = speclooptripcount i32 @_ssdm_op_SpecLoopTripCount, i64 100, i64 100, i64 100"   --->   Operation 1589 'speclooptripcount' 'empty_47' <Predicate = true> <Delay = 0.00>
ST_398 : Operation 1590 [1/1] (0.00ns)   --->   "%br_ln10 = br i1 %icmp_ln10_13, void %.split37, void" [matmul.cpp:10]   --->   Operation 1590 'br' 'br_ln10' <Predicate = true> <Delay = 0.00>

State 399 <SV = 112> <Delay = 7.30>
ST_399 : Operation 1591 [1/1] (7.30ns)   --->   "%AXI_DATA_addr_read_13 = read i8 @_ssdm_op_Read.m_axi.i8P1A, i8 %AXI_DATA_addr" [matmul.cpp:12]   --->   Operation 1591 'read' 'AXI_DATA_addr_read_13' <Predicate = (!icmp_ln10_13)> <Delay = 7.30> <CoreInst = "m_axi">   --->   Core 121 'm_axi' <Latency = 6> <II = 1> <Delay = 1.00> <Adapter> <Opcode : 'read' 'write' 'readreq' 'writereq' 'writeresp'>

State 400 <SV = 113> <Delay = 6.67>
ST_400 : Operation 1592 [1/1] (0.00ns)   --->   "%zext_ln12_13 = zext i8 %AXI_DATA_addr_read_13" [matmul.cpp:12]   --->   Operation 1592 'zext' 'zext_ln12_13' <Predicate = (!icmp_ln10_13)> <Delay = 0.00>
ST_400 : Operation 1593 [4/4] (6.67ns)   --->   "%conv_12 = uitofp i32 %zext_ln12_13" [matmul.cpp:12]   --->   Operation 1593 'uitofp' 'conv_12' <Predicate = (!icmp_ln10_13)> <Delay = 6.67> <CoreInst = "Int2Float">   --->   Core 62 'Int2Float' <Latency = 3> <II = 1> <Delay = 6.67> <FuncUnit> <Opcode : 'sitofp' 'uitofp'> <InPorts = 1> <OutPorts = 1>

State 401 <SV = 114> <Delay = 6.67>
ST_401 : Operation 1594 [3/4] (6.67ns)   --->   "%conv_12 = uitofp i32 %zext_ln12_13" [matmul.cpp:12]   --->   Operation 1594 'uitofp' 'conv_12' <Predicate = (!icmp_ln10_13)> <Delay = 6.67> <CoreInst = "Int2Float">   --->   Core 62 'Int2Float' <Latency = 3> <II = 1> <Delay = 6.67> <FuncUnit> <Opcode : 'sitofp' 'uitofp'> <InPorts = 1> <OutPorts = 1>

State 402 <SV = 115> <Delay = 6.67>
ST_402 : Operation 1595 [2/4] (6.67ns)   --->   "%conv_12 = uitofp i32 %zext_ln12_13" [matmul.cpp:12]   --->   Operation 1595 'uitofp' 'conv_12' <Predicate = (!icmp_ln10_13)> <Delay = 6.67> <CoreInst = "Int2Float">   --->   Core 62 'Int2Float' <Latency = 3> <II = 1> <Delay = 6.67> <FuncUnit> <Opcode : 'sitofp' 'uitofp'> <InPorts = 1> <OutPorts = 1>

State 403 <SV = 116> <Delay = 6.67>
ST_403 : Operation 1596 [1/4] (6.67ns)   --->   "%conv_12 = uitofp i32 %zext_ln12_13" [matmul.cpp:12]   --->   Operation 1596 'uitofp' 'conv_12' <Predicate = (!icmp_ln10_13)> <Delay = 6.67> <CoreInst = "Int2Float">   --->   Core 62 'Int2Float' <Latency = 3> <II = 1> <Delay = 6.67> <FuncUnit> <Opcode : 'sitofp' 'uitofp'> <InPorts = 1> <OutPorts = 1>

State 404 <SV = 117> <Delay = 6.70>
ST_404 : Operation 1597 [10/10] (6.70ns)   --->   "%div_12 = fdiv i32 %conv_12, i32 255" [matmul.cpp:12]   --->   Operation 1597 'fdiv' 'div_12' <Predicate = (!icmp_ln10_13)> <Delay = 6.70> <CoreInst = "FDiv">   --->   Core 20 'FDiv' <Latency = 9> <II = 1> <Delay = 6.70> <FuncUnit> <Opcode : 'fdiv' 'frem'> <InPorts = 2> <OutPorts = 1>

State 405 <SV = 118> <Delay = 6.70>
ST_405 : Operation 1598 [9/10] (6.70ns)   --->   "%div_12 = fdiv i32 %conv_12, i32 255" [matmul.cpp:12]   --->   Operation 1598 'fdiv' 'div_12' <Predicate = (!icmp_ln10_13)> <Delay = 6.70> <CoreInst = "FDiv">   --->   Core 20 'FDiv' <Latency = 9> <II = 1> <Delay = 6.70> <FuncUnit> <Opcode : 'fdiv' 'frem'> <InPorts = 2> <OutPorts = 1>

State 406 <SV = 119> <Delay = 6.70>
ST_406 : Operation 1599 [8/10] (6.70ns)   --->   "%div_12 = fdiv i32 %conv_12, i32 255" [matmul.cpp:12]   --->   Operation 1599 'fdiv' 'div_12' <Predicate = (!icmp_ln10_13)> <Delay = 6.70> <CoreInst = "FDiv">   --->   Core 20 'FDiv' <Latency = 9> <II = 1> <Delay = 6.70> <FuncUnit> <Opcode : 'fdiv' 'frem'> <InPorts = 2> <OutPorts = 1>

State 407 <SV = 120> <Delay = 6.70>
ST_407 : Operation 1600 [7/10] (6.70ns)   --->   "%div_12 = fdiv i32 %conv_12, i32 255" [matmul.cpp:12]   --->   Operation 1600 'fdiv' 'div_12' <Predicate = (!icmp_ln10_13)> <Delay = 6.70> <CoreInst = "FDiv">   --->   Core 20 'FDiv' <Latency = 9> <II = 1> <Delay = 6.70> <FuncUnit> <Opcode : 'fdiv' 'frem'> <InPorts = 2> <OutPorts = 1>

State 408 <SV = 121> <Delay = 6.70>
ST_408 : Operation 1601 [6/10] (6.70ns)   --->   "%div_12 = fdiv i32 %conv_12, i32 255" [matmul.cpp:12]   --->   Operation 1601 'fdiv' 'div_12' <Predicate = (!icmp_ln10_13)> <Delay = 6.70> <CoreInst = "FDiv">   --->   Core 20 'FDiv' <Latency = 9> <II = 1> <Delay = 6.70> <FuncUnit> <Opcode : 'fdiv' 'frem'> <InPorts = 2> <OutPorts = 1>

State 409 <SV = 122> <Delay = 6.70>
ST_409 : Operation 1602 [5/10] (6.70ns)   --->   "%div_12 = fdiv i32 %conv_12, i32 255" [matmul.cpp:12]   --->   Operation 1602 'fdiv' 'div_12' <Predicate = (!icmp_ln10_13)> <Delay = 6.70> <CoreInst = "FDiv">   --->   Core 20 'FDiv' <Latency = 9> <II = 1> <Delay = 6.70> <FuncUnit> <Opcode : 'fdiv' 'frem'> <InPorts = 2> <OutPorts = 1>

State 410 <SV = 123> <Delay = 6.70>
ST_410 : Operation 1603 [4/10] (6.70ns)   --->   "%div_12 = fdiv i32 %conv_12, i32 255" [matmul.cpp:12]   --->   Operation 1603 'fdiv' 'div_12' <Predicate = (!icmp_ln10_13)> <Delay = 6.70> <CoreInst = "FDiv">   --->   Core 20 'FDiv' <Latency = 9> <II = 1> <Delay = 6.70> <FuncUnit> <Opcode : 'fdiv' 'frem'> <InPorts = 2> <OutPorts = 1>

State 411 <SV = 124> <Delay = 6.70>
ST_411 : Operation 1604 [3/10] (6.70ns)   --->   "%div_12 = fdiv i32 %conv_12, i32 255" [matmul.cpp:12]   --->   Operation 1604 'fdiv' 'div_12' <Predicate = (!icmp_ln10_13)> <Delay = 6.70> <CoreInst = "FDiv">   --->   Core 20 'FDiv' <Latency = 9> <II = 1> <Delay = 6.70> <FuncUnit> <Opcode : 'fdiv' 'frem'> <InPorts = 2> <OutPorts = 1>

State 412 <SV = 125> <Delay = 6.70>
ST_412 : Operation 1605 [2/10] (6.70ns)   --->   "%div_12 = fdiv i32 %conv_12, i32 255" [matmul.cpp:12]   --->   Operation 1605 'fdiv' 'div_12' <Predicate = (!icmp_ln10_13)> <Delay = 6.70> <CoreInst = "FDiv">   --->   Core 20 'FDiv' <Latency = 9> <II = 1> <Delay = 6.70> <FuncUnit> <Opcode : 'fdiv' 'frem'> <InPorts = 2> <OutPorts = 1>

State 413 <SV = 126> <Delay = 6.70>
ST_413 : Operation 1606 [1/1] (0.00ns)   --->   "%k_13_cast = zext i7 %k_13" [matmul.cpp:10]   --->   Operation 1606 'zext' 'k_13_cast' <Predicate = (!icmp_ln10_13)> <Delay = 0.00>
ST_413 : Operation 1607 [1/10] (6.70ns)   --->   "%div_12 = fdiv i32 %conv_12, i32 255" [matmul.cpp:12]   --->   Operation 1607 'fdiv' 'div_12' <Predicate = (!icmp_ln10_13)> <Delay = 6.70> <CoreInst = "FDiv">   --->   Core 20 'FDiv' <Latency = 9> <II = 1> <Delay = 6.70> <FuncUnit> <Opcode : 'fdiv' 'frem'> <InPorts = 2> <OutPorts = 1>
ST_413 : Operation 1608 [1/1] (0.00ns)   --->   "%layer1_weights_13_addr = getelementptr i32 %layer1_weights_13, i64 0, i64 %k_13_cast" [matmul.cpp:12]   --->   Operation 1608 'getelementptr' 'layer1_weights_13_addr' <Predicate = (!icmp_ln10_13)> <Delay = 0.00>
ST_413 : Operation 1609 [2/2] (1.35ns)   --->   "%layer1_weights_13_load = load i7 %layer1_weights_13_addr" [matmul.cpp:12]   --->   Operation 1609 'load' 'layer1_weights_13_load' <Predicate = (!icmp_ln10_13)> <Delay = 1.35> <CoreInst = "ROM">   --->   Core 101 'ROM' <Latency = 1> <II = 1> <Delay = 1.35> <Storage> <Opcode : 'load'> <Ports = 0> <Width = 32> <Depth = 100> <ROM>

State 414 <SV = 127> <Delay = 6.02>
ST_414 : Operation 1610 [1/2] (1.35ns)   --->   "%layer1_weights_13_load = load i7 %layer1_weights_13_addr" [matmul.cpp:12]   --->   Operation 1610 'load' 'layer1_weights_13_load' <Predicate = (!icmp_ln10_13)> <Delay = 1.35> <CoreInst = "ROM">   --->   Core 101 'ROM' <Latency = 1> <II = 1> <Delay = 1.35> <Storage> <Opcode : 'load'> <Ports = 0> <Width = 32> <Depth = 100> <ROM>
ST_414 : Operation 1611 [4/4] (4.67ns)   --->   "%mul_12 = fmul i32 %div_12, i32 %layer1_weights_13_load" [matmul.cpp:12]   --->   Operation 1611 'fmul' 'mul_12' <Predicate = (!icmp_ln10_13)> <Delay = 4.67> <CoreInst = "FMul_maxdsp">   --->   Core 30 'FMul_maxdsp' <Latency = 3> <II = 1> <Delay = 4.67> <FuncUnit> <Opcode : 'fmul'> <InPorts = 2> <OutPorts = 1>

State 415 <SV = 128> <Delay = 4.67>
ST_415 : Operation 1612 [3/4] (4.67ns)   --->   "%mul_12 = fmul i32 %div_12, i32 %layer1_weights_13_load" [matmul.cpp:12]   --->   Operation 1612 'fmul' 'mul_12' <Predicate = (!icmp_ln10_13)> <Delay = 4.67> <CoreInst = "FMul_maxdsp">   --->   Core 30 'FMul_maxdsp' <Latency = 3> <II = 1> <Delay = 4.67> <FuncUnit> <Opcode : 'fmul'> <InPorts = 2> <OutPorts = 1>

State 416 <SV = 129> <Delay = 4.67>
ST_416 : Operation 1613 [2/4] (4.67ns)   --->   "%mul_12 = fmul i32 %div_12, i32 %layer1_weights_13_load" [matmul.cpp:12]   --->   Operation 1613 'fmul' 'mul_12' <Predicate = (!icmp_ln10_13)> <Delay = 4.67> <CoreInst = "FMul_maxdsp">   --->   Core 30 'FMul_maxdsp' <Latency = 3> <II = 1> <Delay = 4.67> <FuncUnit> <Opcode : 'fmul'> <InPorts = 2> <OutPorts = 1>

State 417 <SV = 130> <Delay = 4.67>
ST_417 : Operation 1614 [1/4] (4.67ns)   --->   "%mul_12 = fmul i32 %div_12, i32 %layer1_weights_13_load" [matmul.cpp:12]   --->   Operation 1614 'fmul' 'mul_12' <Predicate = (!icmp_ln10_13)> <Delay = 4.67> <CoreInst = "FMul_maxdsp">   --->   Core 30 'FMul_maxdsp' <Latency = 3> <II = 1> <Delay = 4.67> <FuncUnit> <Opcode : 'fmul'> <InPorts = 2> <OutPorts = 1>

State 418 <SV = 131> <Delay = 6.34>
ST_418 : Operation 1615 [1/1] (0.86ns)   --->   "%icmp_ln12_13 = icmp_eq  i7 %add_ln10_13, i7 100" [matmul.cpp:12]   --->   Operation 1615 'icmp' 'icmp_ln12_13' <Predicate = (!icmp_ln10_13)> <Delay = 0.86> <CoreInst = "Cmp">   --->   Core 9 'Cmp' <Latency = 0> <II = 1> <Delay = 0.86> <FuncUnit> <Opcode : 'icmp'> <InPorts = 2> <OutPorts = 1>
ST_418 : Operation 1616 [3/3] (5.48ns)   --->   "%sum_27 = facc i32 @_ssdm_op_FACC, i32 %mul_12, i1 %icmp_ln12_13" [matmul.cpp:12]   --->   Operation 1616 'facc' 'sum_27' <Predicate = (!icmp_ln10_13)> <Delay = 5.48> <CoreInst = "FAcc_nodsp">   --->   Core 11 'FAcc_nodsp' <Latency = 2> <II = 1> <Delay = 5.48> <FuncUnit> <Opcode : 'facc'> <InPorts = 2> <OutPorts = 1>

State 419 <SV = 132> <Delay = 5.48>
ST_419 : Operation 1617 [2/3] (5.48ns)   --->   "%sum_27 = facc i32 @_ssdm_op_FACC, i32 %mul_12, i1 %icmp_ln12_13" [matmul.cpp:12]   --->   Operation 1617 'facc' 'sum_27' <Predicate = (!icmp_ln10_13)> <Delay = 5.48> <CoreInst = "FAcc_nodsp">   --->   Core 11 'FAcc_nodsp' <Latency = 2> <II = 1> <Delay = 5.48> <FuncUnit> <Opcode : 'facc'> <InPorts = 2> <OutPorts = 1>

State 420 <SV = 133> <Delay = 5.48>
ST_420 : Operation 1618 [1/1] (0.00ns)   --->   "%specloopname_ln8 = specloopname void @_ssdm_op_SpecLoopName, void @empty_9" [matmul.cpp:8]   --->   Operation 1618 'specloopname' 'specloopname_ln8' <Predicate = (!icmp_ln10_13)> <Delay = 0.00>
ST_420 : Operation 1619 [1/3] (5.48ns)   --->   "%sum_27 = facc i32 @_ssdm_op_FACC, i32 %mul_12, i1 %icmp_ln12_13" [matmul.cpp:12]   --->   Operation 1619 'facc' 'sum_27' <Predicate = (!icmp_ln10_13)> <Delay = 5.48> <CoreInst = "FAcc_nodsp">   --->   Core 11 'FAcc_nodsp' <Latency = 2> <II = 1> <Delay = 5.48> <FuncUnit> <Opcode : 'facc'> <InPorts = 2> <OutPorts = 1>
ST_420 : Operation 1620 [1/1] (0.00ns)   --->   "%br_ln0 = br void"   --->   Operation 1620 'br' 'br_ln0' <Predicate = (!icmp_ln10_13)> <Delay = 0.00>

State 421 <SV = 112> <Delay = 7.30>
ST_421 : Operation 1621 [1/1] (0.00ns)   --->   "%output_0_addr_13 = getelementptr i32 %output_0, i64 0, i64 13" [matmul.cpp:14]   --->   Operation 1621 'getelementptr' 'output_0_addr_13' <Predicate = true> <Delay = 0.00>
ST_421 : Operation 1622 [1/1] (1.35ns)   --->   "%store_ln14 = store i32 %sum_26, i5 %output_0_addr_13" [matmul.cpp:14]   --->   Operation 1622 'store' 'store_ln14' <Predicate = true> <Delay = 1.35> <CoreInst = "RAM">   --->   Core 83 'RAM' <Latency = 1> <II = 1> <Delay = 1.35> <Storage> <Opcode : 'load' 'store'> <Ports = 2> <Width = 32> <Depth = 32> <RAM>
ST_421 : Operation 1623 [7/7] (7.30ns)   --->   "%AXI_DATA_addr_32_rd_req557 = readreq i1 @_ssdm_op_ReadReq.m_axi.i8P1A, i8 %AXI_DATA_addr, i32 100" [matmul.cpp:12]   --->   Operation 1623 'readreq' 'AXI_DATA_addr_32_rd_req557' <Predicate = true> <Delay = 7.30> <CoreInst = "m_axi">   --->   Core 121 'm_axi' <Latency = 6> <II = 1> <Delay = 1.00> <Adapter> <Opcode : 'read' 'write' 'readreq' 'writereq' 'writeresp'>

State 422 <SV = 113> <Delay = 7.30>
ST_422 : Operation 1624 [6/7] (7.30ns)   --->   "%AXI_DATA_addr_32_rd_req557 = readreq i1 @_ssdm_op_ReadReq.m_axi.i8P1A, i8 %AXI_DATA_addr, i32 100" [matmul.cpp:12]   --->   Operation 1624 'readreq' 'AXI_DATA_addr_32_rd_req557' <Predicate = true> <Delay = 7.30> <CoreInst = "m_axi">   --->   Core 121 'm_axi' <Latency = 6> <II = 1> <Delay = 1.00> <Adapter> <Opcode : 'read' 'write' 'readreq' 'writereq' 'writeresp'>

State 423 <SV = 114> <Delay = 7.30>
ST_423 : Operation 1625 [5/7] (7.30ns)   --->   "%AXI_DATA_addr_32_rd_req557 = readreq i1 @_ssdm_op_ReadReq.m_axi.i8P1A, i8 %AXI_DATA_addr, i32 100" [matmul.cpp:12]   --->   Operation 1625 'readreq' 'AXI_DATA_addr_32_rd_req557' <Predicate = true> <Delay = 7.30> <CoreInst = "m_axi">   --->   Core 121 'm_axi' <Latency = 6> <II = 1> <Delay = 1.00> <Adapter> <Opcode : 'read' 'write' 'readreq' 'writereq' 'writeresp'>

State 424 <SV = 115> <Delay = 7.30>
ST_424 : Operation 1626 [4/7] (7.30ns)   --->   "%AXI_DATA_addr_32_rd_req557 = readreq i1 @_ssdm_op_ReadReq.m_axi.i8P1A, i8 %AXI_DATA_addr, i32 100" [matmul.cpp:12]   --->   Operation 1626 'readreq' 'AXI_DATA_addr_32_rd_req557' <Predicate = true> <Delay = 7.30> <CoreInst = "m_axi">   --->   Core 121 'm_axi' <Latency = 6> <II = 1> <Delay = 1.00> <Adapter> <Opcode : 'read' 'write' 'readreq' 'writereq' 'writeresp'>

State 425 <SV = 116> <Delay = 7.30>
ST_425 : Operation 1627 [3/7] (7.30ns)   --->   "%AXI_DATA_addr_32_rd_req557 = readreq i1 @_ssdm_op_ReadReq.m_axi.i8P1A, i8 %AXI_DATA_addr, i32 100" [matmul.cpp:12]   --->   Operation 1627 'readreq' 'AXI_DATA_addr_32_rd_req557' <Predicate = true> <Delay = 7.30> <CoreInst = "m_axi">   --->   Core 121 'm_axi' <Latency = 6> <II = 1> <Delay = 1.00> <Adapter> <Opcode : 'read' 'write' 'readreq' 'writereq' 'writeresp'>

State 426 <SV = 117> <Delay = 7.30>
ST_426 : Operation 1628 [2/7] (7.30ns)   --->   "%AXI_DATA_addr_32_rd_req557 = readreq i1 @_ssdm_op_ReadReq.m_axi.i8P1A, i8 %AXI_DATA_addr, i32 100" [matmul.cpp:12]   --->   Operation 1628 'readreq' 'AXI_DATA_addr_32_rd_req557' <Predicate = true> <Delay = 7.30> <CoreInst = "m_axi">   --->   Core 121 'm_axi' <Latency = 6> <II = 1> <Delay = 1.00> <Adapter> <Opcode : 'read' 'write' 'readreq' 'writereq' 'writeresp'>

State 427 <SV = 118> <Delay = 7.30>
ST_427 : Operation 1629 [1/7] (7.30ns)   --->   "%AXI_DATA_addr_32_rd_req557 = readreq i1 @_ssdm_op_ReadReq.m_axi.i8P1A, i8 %AXI_DATA_addr, i32 100" [matmul.cpp:12]   --->   Operation 1629 'readreq' 'AXI_DATA_addr_32_rd_req557' <Predicate = true> <Delay = 7.30> <CoreInst = "m_axi">   --->   Core 121 'm_axi' <Latency = 6> <II = 1> <Delay = 1.00> <Adapter> <Opcode : 'read' 'write' 'readreq' 'writereq' 'writeresp'>
ST_427 : Operation 1630 [1/1] (0.48ns)   --->   "%br_ln10 = br void" [matmul.cpp:10]   --->   Operation 1630 'br' 'br_ln10' <Predicate = true> <Delay = 0.48>

State 428 <SV = 119> <Delay = 0.89>
ST_428 : Operation 1631 [1/1] (0.00ns)   --->   "%k_14 = phi i7 %add_ln10_14, void %.split35, i7 0, void" [matmul.cpp:10]   --->   Operation 1631 'phi' 'k_14' <Predicate = true> <Delay = 0.00>
ST_428 : Operation 1632 [1/1] (0.00ns)   --->   "%sum_28 = phi i32 %sum_29, void %.split35, i32 0, void"   --->   Operation 1632 'phi' 'sum_28' <Predicate = true> <Delay = 0.00>
ST_428 : Operation 1633 [1/1] (0.89ns)   --->   "%add_ln10_14 = add i7 %k_14, i7 1" [matmul.cpp:10]   --->   Operation 1633 'add' 'add_ln10_14' <Predicate = true> <Delay = 0.89> <CoreInst = "Adder">   --->   Core 1 'Adder' <Latency = 0> <II = 1> <Delay = 0.89> <FuncUnit> <Opcode : 'add' 'sub'> <InPorts = 2> <OutPorts = 1>
ST_428 : Operation 1634 [1/1] (0.00ns)   --->   "%specpipeline_ln0 = specpipeline void @_ssdm_op_SpecPipeline, i32 4294967295, i32 0, i32 1, i32 0, void @p_str"   --->   Operation 1634 'specpipeline' 'specpipeline_ln0' <Predicate = true> <Delay = 0.00>
ST_428 : Operation 1635 [1/1] (0.86ns)   --->   "%icmp_ln10_14 = icmp_eq  i7 %k_14, i7 100" [matmul.cpp:10]   --->   Operation 1635 'icmp' 'icmp_ln10_14' <Predicate = true> <Delay = 0.86> <CoreInst = "Cmp">   --->   Core 9 'Cmp' <Latency = 0> <II = 1> <Delay = 0.86> <FuncUnit> <Opcode : 'icmp'> <InPorts = 2> <OutPorts = 1>
ST_428 : Operation 1636 [1/1] (0.00ns)   --->   "%empty_48 = speclooptripcount i32 @_ssdm_op_SpecLoopTripCount, i64 100, i64 100, i64 100"   --->   Operation 1636 'speclooptripcount' 'empty_48' <Predicate = true> <Delay = 0.00>
ST_428 : Operation 1637 [1/1] (0.00ns)   --->   "%br_ln10 = br i1 %icmp_ln10_14, void %.split35, void" [matmul.cpp:10]   --->   Operation 1637 'br' 'br_ln10' <Predicate = true> <Delay = 0.00>

State 429 <SV = 120> <Delay = 7.30>
ST_429 : Operation 1638 [1/1] (7.30ns)   --->   "%AXI_DATA_addr_read_14 = read i8 @_ssdm_op_Read.m_axi.i8P1A, i8 %AXI_DATA_addr" [matmul.cpp:12]   --->   Operation 1638 'read' 'AXI_DATA_addr_read_14' <Predicate = (!icmp_ln10_14)> <Delay = 7.30> <CoreInst = "m_axi">   --->   Core 121 'm_axi' <Latency = 6> <II = 1> <Delay = 1.00> <Adapter> <Opcode : 'read' 'write' 'readreq' 'writereq' 'writeresp'>

State 430 <SV = 121> <Delay = 6.67>
ST_430 : Operation 1639 [1/1] (0.00ns)   --->   "%zext_ln12_14 = zext i8 %AXI_DATA_addr_read_14" [matmul.cpp:12]   --->   Operation 1639 'zext' 'zext_ln12_14' <Predicate = (!icmp_ln10_14)> <Delay = 0.00>
ST_430 : Operation 1640 [4/4] (6.67ns)   --->   "%conv_13 = uitofp i32 %zext_ln12_14" [matmul.cpp:12]   --->   Operation 1640 'uitofp' 'conv_13' <Predicate = (!icmp_ln10_14)> <Delay = 6.67> <CoreInst = "Int2Float">   --->   Core 62 'Int2Float' <Latency = 3> <II = 1> <Delay = 6.67> <FuncUnit> <Opcode : 'sitofp' 'uitofp'> <InPorts = 1> <OutPorts = 1>

State 431 <SV = 122> <Delay = 6.67>
ST_431 : Operation 1641 [3/4] (6.67ns)   --->   "%conv_13 = uitofp i32 %zext_ln12_14" [matmul.cpp:12]   --->   Operation 1641 'uitofp' 'conv_13' <Predicate = (!icmp_ln10_14)> <Delay = 6.67> <CoreInst = "Int2Float">   --->   Core 62 'Int2Float' <Latency = 3> <II = 1> <Delay = 6.67> <FuncUnit> <Opcode : 'sitofp' 'uitofp'> <InPorts = 1> <OutPorts = 1>

State 432 <SV = 123> <Delay = 6.67>
ST_432 : Operation 1642 [2/4] (6.67ns)   --->   "%conv_13 = uitofp i32 %zext_ln12_14" [matmul.cpp:12]   --->   Operation 1642 'uitofp' 'conv_13' <Predicate = (!icmp_ln10_14)> <Delay = 6.67> <CoreInst = "Int2Float">   --->   Core 62 'Int2Float' <Latency = 3> <II = 1> <Delay = 6.67> <FuncUnit> <Opcode : 'sitofp' 'uitofp'> <InPorts = 1> <OutPorts = 1>

State 433 <SV = 124> <Delay = 6.67>
ST_433 : Operation 1643 [1/4] (6.67ns)   --->   "%conv_13 = uitofp i32 %zext_ln12_14" [matmul.cpp:12]   --->   Operation 1643 'uitofp' 'conv_13' <Predicate = (!icmp_ln10_14)> <Delay = 6.67> <CoreInst = "Int2Float">   --->   Core 62 'Int2Float' <Latency = 3> <II = 1> <Delay = 6.67> <FuncUnit> <Opcode : 'sitofp' 'uitofp'> <InPorts = 1> <OutPorts = 1>

State 434 <SV = 125> <Delay = 6.70>
ST_434 : Operation 1644 [10/10] (6.70ns)   --->   "%div_13 = fdiv i32 %conv_13, i32 255" [matmul.cpp:12]   --->   Operation 1644 'fdiv' 'div_13' <Predicate = (!icmp_ln10_14)> <Delay = 6.70> <CoreInst = "FDiv">   --->   Core 20 'FDiv' <Latency = 9> <II = 1> <Delay = 6.70> <FuncUnit> <Opcode : 'fdiv' 'frem'> <InPorts = 2> <OutPorts = 1>

State 435 <SV = 126> <Delay = 6.70>
ST_435 : Operation 1645 [9/10] (6.70ns)   --->   "%div_13 = fdiv i32 %conv_13, i32 255" [matmul.cpp:12]   --->   Operation 1645 'fdiv' 'div_13' <Predicate = (!icmp_ln10_14)> <Delay = 6.70> <CoreInst = "FDiv">   --->   Core 20 'FDiv' <Latency = 9> <II = 1> <Delay = 6.70> <FuncUnit> <Opcode : 'fdiv' 'frem'> <InPorts = 2> <OutPorts = 1>

State 436 <SV = 127> <Delay = 6.70>
ST_436 : Operation 1646 [8/10] (6.70ns)   --->   "%div_13 = fdiv i32 %conv_13, i32 255" [matmul.cpp:12]   --->   Operation 1646 'fdiv' 'div_13' <Predicate = (!icmp_ln10_14)> <Delay = 6.70> <CoreInst = "FDiv">   --->   Core 20 'FDiv' <Latency = 9> <II = 1> <Delay = 6.70> <FuncUnit> <Opcode : 'fdiv' 'frem'> <InPorts = 2> <OutPorts = 1>

State 437 <SV = 128> <Delay = 6.70>
ST_437 : Operation 1647 [7/10] (6.70ns)   --->   "%div_13 = fdiv i32 %conv_13, i32 255" [matmul.cpp:12]   --->   Operation 1647 'fdiv' 'div_13' <Predicate = (!icmp_ln10_14)> <Delay = 6.70> <CoreInst = "FDiv">   --->   Core 20 'FDiv' <Latency = 9> <II = 1> <Delay = 6.70> <FuncUnit> <Opcode : 'fdiv' 'frem'> <InPorts = 2> <OutPorts = 1>

State 438 <SV = 129> <Delay = 6.70>
ST_438 : Operation 1648 [6/10] (6.70ns)   --->   "%div_13 = fdiv i32 %conv_13, i32 255" [matmul.cpp:12]   --->   Operation 1648 'fdiv' 'div_13' <Predicate = (!icmp_ln10_14)> <Delay = 6.70> <CoreInst = "FDiv">   --->   Core 20 'FDiv' <Latency = 9> <II = 1> <Delay = 6.70> <FuncUnit> <Opcode : 'fdiv' 'frem'> <InPorts = 2> <OutPorts = 1>

State 439 <SV = 130> <Delay = 6.70>
ST_439 : Operation 1649 [5/10] (6.70ns)   --->   "%div_13 = fdiv i32 %conv_13, i32 255" [matmul.cpp:12]   --->   Operation 1649 'fdiv' 'div_13' <Predicate = (!icmp_ln10_14)> <Delay = 6.70> <CoreInst = "FDiv">   --->   Core 20 'FDiv' <Latency = 9> <II = 1> <Delay = 6.70> <FuncUnit> <Opcode : 'fdiv' 'frem'> <InPorts = 2> <OutPorts = 1>

State 440 <SV = 131> <Delay = 6.70>
ST_440 : Operation 1650 [4/10] (6.70ns)   --->   "%div_13 = fdiv i32 %conv_13, i32 255" [matmul.cpp:12]   --->   Operation 1650 'fdiv' 'div_13' <Predicate = (!icmp_ln10_14)> <Delay = 6.70> <CoreInst = "FDiv">   --->   Core 20 'FDiv' <Latency = 9> <II = 1> <Delay = 6.70> <FuncUnit> <Opcode : 'fdiv' 'frem'> <InPorts = 2> <OutPorts = 1>

State 441 <SV = 132> <Delay = 6.70>
ST_441 : Operation 1651 [3/10] (6.70ns)   --->   "%div_13 = fdiv i32 %conv_13, i32 255" [matmul.cpp:12]   --->   Operation 1651 'fdiv' 'div_13' <Predicate = (!icmp_ln10_14)> <Delay = 6.70> <CoreInst = "FDiv">   --->   Core 20 'FDiv' <Latency = 9> <II = 1> <Delay = 6.70> <FuncUnit> <Opcode : 'fdiv' 'frem'> <InPorts = 2> <OutPorts = 1>

State 442 <SV = 133> <Delay = 6.70>
ST_442 : Operation 1652 [2/10] (6.70ns)   --->   "%div_13 = fdiv i32 %conv_13, i32 255" [matmul.cpp:12]   --->   Operation 1652 'fdiv' 'div_13' <Predicate = (!icmp_ln10_14)> <Delay = 6.70> <CoreInst = "FDiv">   --->   Core 20 'FDiv' <Latency = 9> <II = 1> <Delay = 6.70> <FuncUnit> <Opcode : 'fdiv' 'frem'> <InPorts = 2> <OutPorts = 1>

State 443 <SV = 134> <Delay = 6.70>
ST_443 : Operation 1653 [1/1] (0.00ns)   --->   "%k_14_cast = zext i7 %k_14" [matmul.cpp:10]   --->   Operation 1653 'zext' 'k_14_cast' <Predicate = (!icmp_ln10_14)> <Delay = 0.00>
ST_443 : Operation 1654 [1/10] (6.70ns)   --->   "%div_13 = fdiv i32 %conv_13, i32 255" [matmul.cpp:12]   --->   Operation 1654 'fdiv' 'div_13' <Predicate = (!icmp_ln10_14)> <Delay = 6.70> <CoreInst = "FDiv">   --->   Core 20 'FDiv' <Latency = 9> <II = 1> <Delay = 6.70> <FuncUnit> <Opcode : 'fdiv' 'frem'> <InPorts = 2> <OutPorts = 1>
ST_443 : Operation 1655 [1/1] (0.00ns)   --->   "%layer1_weights_14_addr = getelementptr i32 %layer1_weights_14, i64 0, i64 %k_14_cast" [matmul.cpp:12]   --->   Operation 1655 'getelementptr' 'layer1_weights_14_addr' <Predicate = (!icmp_ln10_14)> <Delay = 0.00>
ST_443 : Operation 1656 [2/2] (1.35ns)   --->   "%layer1_weights_14_load = load i7 %layer1_weights_14_addr" [matmul.cpp:12]   --->   Operation 1656 'load' 'layer1_weights_14_load' <Predicate = (!icmp_ln10_14)> <Delay = 1.35> <CoreInst = "ROM">   --->   Core 101 'ROM' <Latency = 1> <II = 1> <Delay = 1.35> <Storage> <Opcode : 'load'> <Ports = 0> <Width = 32> <Depth = 100> <ROM>

State 444 <SV = 135> <Delay = 6.02>
ST_444 : Operation 1657 [1/2] (1.35ns)   --->   "%layer1_weights_14_load = load i7 %layer1_weights_14_addr" [matmul.cpp:12]   --->   Operation 1657 'load' 'layer1_weights_14_load' <Predicate = (!icmp_ln10_14)> <Delay = 1.35> <CoreInst = "ROM">   --->   Core 101 'ROM' <Latency = 1> <II = 1> <Delay = 1.35> <Storage> <Opcode : 'load'> <Ports = 0> <Width = 32> <Depth = 100> <ROM>
ST_444 : Operation 1658 [4/4] (4.67ns)   --->   "%mul_13 = fmul i32 %div_13, i32 %layer1_weights_14_load" [matmul.cpp:12]   --->   Operation 1658 'fmul' 'mul_13' <Predicate = (!icmp_ln10_14)> <Delay = 4.67> <CoreInst = "FMul_maxdsp">   --->   Core 30 'FMul_maxdsp' <Latency = 3> <II = 1> <Delay = 4.67> <FuncUnit> <Opcode : 'fmul'> <InPorts = 2> <OutPorts = 1>

State 445 <SV = 136> <Delay = 4.67>
ST_445 : Operation 1659 [3/4] (4.67ns)   --->   "%mul_13 = fmul i32 %div_13, i32 %layer1_weights_14_load" [matmul.cpp:12]   --->   Operation 1659 'fmul' 'mul_13' <Predicate = (!icmp_ln10_14)> <Delay = 4.67> <CoreInst = "FMul_maxdsp">   --->   Core 30 'FMul_maxdsp' <Latency = 3> <II = 1> <Delay = 4.67> <FuncUnit> <Opcode : 'fmul'> <InPorts = 2> <OutPorts = 1>

State 446 <SV = 137> <Delay = 4.67>
ST_446 : Operation 1660 [2/4] (4.67ns)   --->   "%mul_13 = fmul i32 %div_13, i32 %layer1_weights_14_load" [matmul.cpp:12]   --->   Operation 1660 'fmul' 'mul_13' <Predicate = (!icmp_ln10_14)> <Delay = 4.67> <CoreInst = "FMul_maxdsp">   --->   Core 30 'FMul_maxdsp' <Latency = 3> <II = 1> <Delay = 4.67> <FuncUnit> <Opcode : 'fmul'> <InPorts = 2> <OutPorts = 1>

State 447 <SV = 138> <Delay = 4.67>
ST_447 : Operation 1661 [1/4] (4.67ns)   --->   "%mul_13 = fmul i32 %div_13, i32 %layer1_weights_14_load" [matmul.cpp:12]   --->   Operation 1661 'fmul' 'mul_13' <Predicate = (!icmp_ln10_14)> <Delay = 4.67> <CoreInst = "FMul_maxdsp">   --->   Core 30 'FMul_maxdsp' <Latency = 3> <II = 1> <Delay = 4.67> <FuncUnit> <Opcode : 'fmul'> <InPorts = 2> <OutPorts = 1>

State 448 <SV = 139> <Delay = 6.34>
ST_448 : Operation 1662 [1/1] (0.86ns)   --->   "%icmp_ln12_14 = icmp_eq  i7 %add_ln10_14, i7 100" [matmul.cpp:12]   --->   Operation 1662 'icmp' 'icmp_ln12_14' <Predicate = (!icmp_ln10_14)> <Delay = 0.86> <CoreInst = "Cmp">   --->   Core 9 'Cmp' <Latency = 0> <II = 1> <Delay = 0.86> <FuncUnit> <Opcode : 'icmp'> <InPorts = 2> <OutPorts = 1>
ST_448 : Operation 1663 [3/3] (5.48ns)   --->   "%sum_29 = facc i32 @_ssdm_op_FACC, i32 %mul_13, i1 %icmp_ln12_14" [matmul.cpp:12]   --->   Operation 1663 'facc' 'sum_29' <Predicate = (!icmp_ln10_14)> <Delay = 5.48> <CoreInst = "FAcc_nodsp">   --->   Core 11 'FAcc_nodsp' <Latency = 2> <II = 1> <Delay = 5.48> <FuncUnit> <Opcode : 'facc'> <InPorts = 2> <OutPorts = 1>

State 449 <SV = 140> <Delay = 5.48>
ST_449 : Operation 1664 [2/3] (5.48ns)   --->   "%sum_29 = facc i32 @_ssdm_op_FACC, i32 %mul_13, i1 %icmp_ln12_14" [matmul.cpp:12]   --->   Operation 1664 'facc' 'sum_29' <Predicate = (!icmp_ln10_14)> <Delay = 5.48> <CoreInst = "FAcc_nodsp">   --->   Core 11 'FAcc_nodsp' <Latency = 2> <II = 1> <Delay = 5.48> <FuncUnit> <Opcode : 'facc'> <InPorts = 2> <OutPorts = 1>

State 450 <SV = 141> <Delay = 5.48>
ST_450 : Operation 1665 [1/1] (0.00ns)   --->   "%specloopname_ln8 = specloopname void @_ssdm_op_SpecLoopName, void @empty_9" [matmul.cpp:8]   --->   Operation 1665 'specloopname' 'specloopname_ln8' <Predicate = (!icmp_ln10_14)> <Delay = 0.00>
ST_450 : Operation 1666 [1/3] (5.48ns)   --->   "%sum_29 = facc i32 @_ssdm_op_FACC, i32 %mul_13, i1 %icmp_ln12_14" [matmul.cpp:12]   --->   Operation 1666 'facc' 'sum_29' <Predicate = (!icmp_ln10_14)> <Delay = 5.48> <CoreInst = "FAcc_nodsp">   --->   Core 11 'FAcc_nodsp' <Latency = 2> <II = 1> <Delay = 5.48> <FuncUnit> <Opcode : 'facc'> <InPorts = 2> <OutPorts = 1>
ST_450 : Operation 1667 [1/1] (0.00ns)   --->   "%br_ln0 = br void"   --->   Operation 1667 'br' 'br_ln0' <Predicate = (!icmp_ln10_14)> <Delay = 0.00>

State 451 <SV = 120> <Delay = 7.30>
ST_451 : Operation 1668 [1/1] (0.00ns)   --->   "%output_0_addr_14 = getelementptr i32 %output_0, i64 0, i64 14" [matmul.cpp:14]   --->   Operation 1668 'getelementptr' 'output_0_addr_14' <Predicate = true> <Delay = 0.00>
ST_451 : Operation 1669 [1/1] (1.35ns)   --->   "%store_ln14 = store i32 %sum_28, i5 %output_0_addr_14" [matmul.cpp:14]   --->   Operation 1669 'store' 'store_ln14' <Predicate = true> <Delay = 1.35> <CoreInst = "RAM">   --->   Core 83 'RAM' <Latency = 1> <II = 1> <Delay = 1.35> <Storage> <Opcode : 'load' 'store'> <Ports = 2> <Width = 32> <Depth = 32> <RAM>
ST_451 : Operation 1670 [7/7] (7.30ns)   --->   "%AXI_DATA_addr_32_rd_req558 = readreq i1 @_ssdm_op_ReadReq.m_axi.i8P1A, i8 %AXI_DATA_addr, i32 100" [matmul.cpp:12]   --->   Operation 1670 'readreq' 'AXI_DATA_addr_32_rd_req558' <Predicate = true> <Delay = 7.30> <CoreInst = "m_axi">   --->   Core 121 'm_axi' <Latency = 6> <II = 1> <Delay = 1.00> <Adapter> <Opcode : 'read' 'write' 'readreq' 'writereq' 'writeresp'>

State 452 <SV = 121> <Delay = 7.30>
ST_452 : Operation 1671 [6/7] (7.30ns)   --->   "%AXI_DATA_addr_32_rd_req558 = readreq i1 @_ssdm_op_ReadReq.m_axi.i8P1A, i8 %AXI_DATA_addr, i32 100" [matmul.cpp:12]   --->   Operation 1671 'readreq' 'AXI_DATA_addr_32_rd_req558' <Predicate = true> <Delay = 7.30> <CoreInst = "m_axi">   --->   Core 121 'm_axi' <Latency = 6> <II = 1> <Delay = 1.00> <Adapter> <Opcode : 'read' 'write' 'readreq' 'writereq' 'writeresp'>

State 453 <SV = 122> <Delay = 7.30>
ST_453 : Operation 1672 [5/7] (7.30ns)   --->   "%AXI_DATA_addr_32_rd_req558 = readreq i1 @_ssdm_op_ReadReq.m_axi.i8P1A, i8 %AXI_DATA_addr, i32 100" [matmul.cpp:12]   --->   Operation 1672 'readreq' 'AXI_DATA_addr_32_rd_req558' <Predicate = true> <Delay = 7.30> <CoreInst = "m_axi">   --->   Core 121 'm_axi' <Latency = 6> <II = 1> <Delay = 1.00> <Adapter> <Opcode : 'read' 'write' 'readreq' 'writereq' 'writeresp'>

State 454 <SV = 123> <Delay = 7.30>
ST_454 : Operation 1673 [4/7] (7.30ns)   --->   "%AXI_DATA_addr_32_rd_req558 = readreq i1 @_ssdm_op_ReadReq.m_axi.i8P1A, i8 %AXI_DATA_addr, i32 100" [matmul.cpp:12]   --->   Operation 1673 'readreq' 'AXI_DATA_addr_32_rd_req558' <Predicate = true> <Delay = 7.30> <CoreInst = "m_axi">   --->   Core 121 'm_axi' <Latency = 6> <II = 1> <Delay = 1.00> <Adapter> <Opcode : 'read' 'write' 'readreq' 'writereq' 'writeresp'>

State 455 <SV = 124> <Delay = 7.30>
ST_455 : Operation 1674 [3/7] (7.30ns)   --->   "%AXI_DATA_addr_32_rd_req558 = readreq i1 @_ssdm_op_ReadReq.m_axi.i8P1A, i8 %AXI_DATA_addr, i32 100" [matmul.cpp:12]   --->   Operation 1674 'readreq' 'AXI_DATA_addr_32_rd_req558' <Predicate = true> <Delay = 7.30> <CoreInst = "m_axi">   --->   Core 121 'm_axi' <Latency = 6> <II = 1> <Delay = 1.00> <Adapter> <Opcode : 'read' 'write' 'readreq' 'writereq' 'writeresp'>

State 456 <SV = 125> <Delay = 7.30>
ST_456 : Operation 1675 [2/7] (7.30ns)   --->   "%AXI_DATA_addr_32_rd_req558 = readreq i1 @_ssdm_op_ReadReq.m_axi.i8P1A, i8 %AXI_DATA_addr, i32 100" [matmul.cpp:12]   --->   Operation 1675 'readreq' 'AXI_DATA_addr_32_rd_req558' <Predicate = true> <Delay = 7.30> <CoreInst = "m_axi">   --->   Core 121 'm_axi' <Latency = 6> <II = 1> <Delay = 1.00> <Adapter> <Opcode : 'read' 'write' 'readreq' 'writereq' 'writeresp'>

State 457 <SV = 126> <Delay = 7.30>
ST_457 : Operation 1676 [1/7] (7.30ns)   --->   "%AXI_DATA_addr_32_rd_req558 = readreq i1 @_ssdm_op_ReadReq.m_axi.i8P1A, i8 %AXI_DATA_addr, i32 100" [matmul.cpp:12]   --->   Operation 1676 'readreq' 'AXI_DATA_addr_32_rd_req558' <Predicate = true> <Delay = 7.30> <CoreInst = "m_axi">   --->   Core 121 'm_axi' <Latency = 6> <II = 1> <Delay = 1.00> <Adapter> <Opcode : 'read' 'write' 'readreq' 'writereq' 'writeresp'>
ST_457 : Operation 1677 [1/1] (0.48ns)   --->   "%br_ln10 = br void" [matmul.cpp:10]   --->   Operation 1677 'br' 'br_ln10' <Predicate = true> <Delay = 0.48>

State 458 <SV = 127> <Delay = 0.89>
ST_458 : Operation 1678 [1/1] (0.00ns)   --->   "%k_15 = phi i7 %add_ln10_15, void %.split33, i7 0, void" [matmul.cpp:10]   --->   Operation 1678 'phi' 'k_15' <Predicate = true> <Delay = 0.00>
ST_458 : Operation 1679 [1/1] (0.00ns)   --->   "%sum_30 = phi i32 %sum_31, void %.split33, i32 0, void"   --->   Operation 1679 'phi' 'sum_30' <Predicate = true> <Delay = 0.00>
ST_458 : Operation 1680 [1/1] (0.89ns)   --->   "%add_ln10_15 = add i7 %k_15, i7 1" [matmul.cpp:10]   --->   Operation 1680 'add' 'add_ln10_15' <Predicate = true> <Delay = 0.89> <CoreInst = "Adder">   --->   Core 1 'Adder' <Latency = 0> <II = 1> <Delay = 0.89> <FuncUnit> <Opcode : 'add' 'sub'> <InPorts = 2> <OutPorts = 1>
ST_458 : Operation 1681 [1/1] (0.00ns)   --->   "%specpipeline_ln0 = specpipeline void @_ssdm_op_SpecPipeline, i32 4294967295, i32 0, i32 1, i32 0, void @p_str"   --->   Operation 1681 'specpipeline' 'specpipeline_ln0' <Predicate = true> <Delay = 0.00>
ST_458 : Operation 1682 [1/1] (0.86ns)   --->   "%icmp_ln10_15 = icmp_eq  i7 %k_15, i7 100" [matmul.cpp:10]   --->   Operation 1682 'icmp' 'icmp_ln10_15' <Predicate = true> <Delay = 0.86> <CoreInst = "Cmp">   --->   Core 9 'Cmp' <Latency = 0> <II = 1> <Delay = 0.86> <FuncUnit> <Opcode : 'icmp'> <InPorts = 2> <OutPorts = 1>
ST_458 : Operation 1683 [1/1] (0.00ns)   --->   "%empty_49 = speclooptripcount i32 @_ssdm_op_SpecLoopTripCount, i64 100, i64 100, i64 100"   --->   Operation 1683 'speclooptripcount' 'empty_49' <Predicate = true> <Delay = 0.00>
ST_458 : Operation 1684 [1/1] (0.00ns)   --->   "%br_ln10 = br i1 %icmp_ln10_15, void %.split33, void" [matmul.cpp:10]   --->   Operation 1684 'br' 'br_ln10' <Predicate = true> <Delay = 0.00>

State 459 <SV = 128> <Delay = 7.30>
ST_459 : Operation 1685 [1/1] (7.30ns)   --->   "%AXI_DATA_addr_read_15 = read i8 @_ssdm_op_Read.m_axi.i8P1A, i8 %AXI_DATA_addr" [matmul.cpp:12]   --->   Operation 1685 'read' 'AXI_DATA_addr_read_15' <Predicate = (!icmp_ln10_15)> <Delay = 7.30> <CoreInst = "m_axi">   --->   Core 121 'm_axi' <Latency = 6> <II = 1> <Delay = 1.00> <Adapter> <Opcode : 'read' 'write' 'readreq' 'writereq' 'writeresp'>

State 460 <SV = 129> <Delay = 6.67>
ST_460 : Operation 1686 [1/1] (0.00ns)   --->   "%zext_ln12_15 = zext i8 %AXI_DATA_addr_read_15" [matmul.cpp:12]   --->   Operation 1686 'zext' 'zext_ln12_15' <Predicate = (!icmp_ln10_15)> <Delay = 0.00>
ST_460 : Operation 1687 [4/4] (6.67ns)   --->   "%conv_14 = uitofp i32 %zext_ln12_15" [matmul.cpp:12]   --->   Operation 1687 'uitofp' 'conv_14' <Predicate = (!icmp_ln10_15)> <Delay = 6.67> <CoreInst = "Int2Float">   --->   Core 62 'Int2Float' <Latency = 3> <II = 1> <Delay = 6.67> <FuncUnit> <Opcode : 'sitofp' 'uitofp'> <InPorts = 1> <OutPorts = 1>

State 461 <SV = 130> <Delay = 6.67>
ST_461 : Operation 1688 [3/4] (6.67ns)   --->   "%conv_14 = uitofp i32 %zext_ln12_15" [matmul.cpp:12]   --->   Operation 1688 'uitofp' 'conv_14' <Predicate = (!icmp_ln10_15)> <Delay = 6.67> <CoreInst = "Int2Float">   --->   Core 62 'Int2Float' <Latency = 3> <II = 1> <Delay = 6.67> <FuncUnit> <Opcode : 'sitofp' 'uitofp'> <InPorts = 1> <OutPorts = 1>

State 462 <SV = 131> <Delay = 6.67>
ST_462 : Operation 1689 [2/4] (6.67ns)   --->   "%conv_14 = uitofp i32 %zext_ln12_15" [matmul.cpp:12]   --->   Operation 1689 'uitofp' 'conv_14' <Predicate = (!icmp_ln10_15)> <Delay = 6.67> <CoreInst = "Int2Float">   --->   Core 62 'Int2Float' <Latency = 3> <II = 1> <Delay = 6.67> <FuncUnit> <Opcode : 'sitofp' 'uitofp'> <InPorts = 1> <OutPorts = 1>

State 463 <SV = 132> <Delay = 6.67>
ST_463 : Operation 1690 [1/4] (6.67ns)   --->   "%conv_14 = uitofp i32 %zext_ln12_15" [matmul.cpp:12]   --->   Operation 1690 'uitofp' 'conv_14' <Predicate = (!icmp_ln10_15)> <Delay = 6.67> <CoreInst = "Int2Float">   --->   Core 62 'Int2Float' <Latency = 3> <II = 1> <Delay = 6.67> <FuncUnit> <Opcode : 'sitofp' 'uitofp'> <InPorts = 1> <OutPorts = 1>

State 464 <SV = 133> <Delay = 6.70>
ST_464 : Operation 1691 [10/10] (6.70ns)   --->   "%div_14 = fdiv i32 %conv_14, i32 255" [matmul.cpp:12]   --->   Operation 1691 'fdiv' 'div_14' <Predicate = (!icmp_ln10_15)> <Delay = 6.70> <CoreInst = "FDiv">   --->   Core 20 'FDiv' <Latency = 9> <II = 1> <Delay = 6.70> <FuncUnit> <Opcode : 'fdiv' 'frem'> <InPorts = 2> <OutPorts = 1>

State 465 <SV = 134> <Delay = 6.70>
ST_465 : Operation 1692 [9/10] (6.70ns)   --->   "%div_14 = fdiv i32 %conv_14, i32 255" [matmul.cpp:12]   --->   Operation 1692 'fdiv' 'div_14' <Predicate = (!icmp_ln10_15)> <Delay = 6.70> <CoreInst = "FDiv">   --->   Core 20 'FDiv' <Latency = 9> <II = 1> <Delay = 6.70> <FuncUnit> <Opcode : 'fdiv' 'frem'> <InPorts = 2> <OutPorts = 1>

State 466 <SV = 135> <Delay = 6.70>
ST_466 : Operation 1693 [8/10] (6.70ns)   --->   "%div_14 = fdiv i32 %conv_14, i32 255" [matmul.cpp:12]   --->   Operation 1693 'fdiv' 'div_14' <Predicate = (!icmp_ln10_15)> <Delay = 6.70> <CoreInst = "FDiv">   --->   Core 20 'FDiv' <Latency = 9> <II = 1> <Delay = 6.70> <FuncUnit> <Opcode : 'fdiv' 'frem'> <InPorts = 2> <OutPorts = 1>

State 467 <SV = 136> <Delay = 6.70>
ST_467 : Operation 1694 [7/10] (6.70ns)   --->   "%div_14 = fdiv i32 %conv_14, i32 255" [matmul.cpp:12]   --->   Operation 1694 'fdiv' 'div_14' <Predicate = (!icmp_ln10_15)> <Delay = 6.70> <CoreInst = "FDiv">   --->   Core 20 'FDiv' <Latency = 9> <II = 1> <Delay = 6.70> <FuncUnit> <Opcode : 'fdiv' 'frem'> <InPorts = 2> <OutPorts = 1>

State 468 <SV = 137> <Delay = 6.70>
ST_468 : Operation 1695 [6/10] (6.70ns)   --->   "%div_14 = fdiv i32 %conv_14, i32 255" [matmul.cpp:12]   --->   Operation 1695 'fdiv' 'div_14' <Predicate = (!icmp_ln10_15)> <Delay = 6.70> <CoreInst = "FDiv">   --->   Core 20 'FDiv' <Latency = 9> <II = 1> <Delay = 6.70> <FuncUnit> <Opcode : 'fdiv' 'frem'> <InPorts = 2> <OutPorts = 1>

State 469 <SV = 138> <Delay = 6.70>
ST_469 : Operation 1696 [5/10] (6.70ns)   --->   "%div_14 = fdiv i32 %conv_14, i32 255" [matmul.cpp:12]   --->   Operation 1696 'fdiv' 'div_14' <Predicate = (!icmp_ln10_15)> <Delay = 6.70> <CoreInst = "FDiv">   --->   Core 20 'FDiv' <Latency = 9> <II = 1> <Delay = 6.70> <FuncUnit> <Opcode : 'fdiv' 'frem'> <InPorts = 2> <OutPorts = 1>

State 470 <SV = 139> <Delay = 6.70>
ST_470 : Operation 1697 [4/10] (6.70ns)   --->   "%div_14 = fdiv i32 %conv_14, i32 255" [matmul.cpp:12]   --->   Operation 1697 'fdiv' 'div_14' <Predicate = (!icmp_ln10_15)> <Delay = 6.70> <CoreInst = "FDiv">   --->   Core 20 'FDiv' <Latency = 9> <II = 1> <Delay = 6.70> <FuncUnit> <Opcode : 'fdiv' 'frem'> <InPorts = 2> <OutPorts = 1>

State 471 <SV = 140> <Delay = 6.70>
ST_471 : Operation 1698 [3/10] (6.70ns)   --->   "%div_14 = fdiv i32 %conv_14, i32 255" [matmul.cpp:12]   --->   Operation 1698 'fdiv' 'div_14' <Predicate = (!icmp_ln10_15)> <Delay = 6.70> <CoreInst = "FDiv">   --->   Core 20 'FDiv' <Latency = 9> <II = 1> <Delay = 6.70> <FuncUnit> <Opcode : 'fdiv' 'frem'> <InPorts = 2> <OutPorts = 1>

State 472 <SV = 141> <Delay = 6.70>
ST_472 : Operation 1699 [2/10] (6.70ns)   --->   "%div_14 = fdiv i32 %conv_14, i32 255" [matmul.cpp:12]   --->   Operation 1699 'fdiv' 'div_14' <Predicate = (!icmp_ln10_15)> <Delay = 6.70> <CoreInst = "FDiv">   --->   Core 20 'FDiv' <Latency = 9> <II = 1> <Delay = 6.70> <FuncUnit> <Opcode : 'fdiv' 'frem'> <InPorts = 2> <OutPorts = 1>

State 473 <SV = 142> <Delay = 6.70>
ST_473 : Operation 1700 [1/1] (0.00ns)   --->   "%k_15_cast = zext i7 %k_15" [matmul.cpp:10]   --->   Operation 1700 'zext' 'k_15_cast' <Predicate = (!icmp_ln10_15)> <Delay = 0.00>
ST_473 : Operation 1701 [1/10] (6.70ns)   --->   "%div_14 = fdiv i32 %conv_14, i32 255" [matmul.cpp:12]   --->   Operation 1701 'fdiv' 'div_14' <Predicate = (!icmp_ln10_15)> <Delay = 6.70> <CoreInst = "FDiv">   --->   Core 20 'FDiv' <Latency = 9> <II = 1> <Delay = 6.70> <FuncUnit> <Opcode : 'fdiv' 'frem'> <InPorts = 2> <OutPorts = 1>
ST_473 : Operation 1702 [1/1] (0.00ns)   --->   "%layer1_weights_15_addr = getelementptr i32 %layer1_weights_15, i64 0, i64 %k_15_cast" [matmul.cpp:12]   --->   Operation 1702 'getelementptr' 'layer1_weights_15_addr' <Predicate = (!icmp_ln10_15)> <Delay = 0.00>
ST_473 : Operation 1703 [2/2] (1.35ns)   --->   "%layer1_weights_15_load = load i7 %layer1_weights_15_addr" [matmul.cpp:12]   --->   Operation 1703 'load' 'layer1_weights_15_load' <Predicate = (!icmp_ln10_15)> <Delay = 1.35> <CoreInst = "ROM">   --->   Core 101 'ROM' <Latency = 1> <II = 1> <Delay = 1.35> <Storage> <Opcode : 'load'> <Ports = 0> <Width = 32> <Depth = 100> <ROM>

State 474 <SV = 143> <Delay = 6.02>
ST_474 : Operation 1704 [1/2] (1.35ns)   --->   "%layer1_weights_15_load = load i7 %layer1_weights_15_addr" [matmul.cpp:12]   --->   Operation 1704 'load' 'layer1_weights_15_load' <Predicate = (!icmp_ln10_15)> <Delay = 1.35> <CoreInst = "ROM">   --->   Core 101 'ROM' <Latency = 1> <II = 1> <Delay = 1.35> <Storage> <Opcode : 'load'> <Ports = 0> <Width = 32> <Depth = 100> <ROM>
ST_474 : Operation 1705 [4/4] (4.67ns)   --->   "%mul_14 = fmul i32 %div_14, i32 %layer1_weights_15_load" [matmul.cpp:12]   --->   Operation 1705 'fmul' 'mul_14' <Predicate = (!icmp_ln10_15)> <Delay = 4.67> <CoreInst = "FMul_maxdsp">   --->   Core 30 'FMul_maxdsp' <Latency = 3> <II = 1> <Delay = 4.67> <FuncUnit> <Opcode : 'fmul'> <InPorts = 2> <OutPorts = 1>

State 475 <SV = 144> <Delay = 4.67>
ST_475 : Operation 1706 [3/4] (4.67ns)   --->   "%mul_14 = fmul i32 %div_14, i32 %layer1_weights_15_load" [matmul.cpp:12]   --->   Operation 1706 'fmul' 'mul_14' <Predicate = (!icmp_ln10_15)> <Delay = 4.67> <CoreInst = "FMul_maxdsp">   --->   Core 30 'FMul_maxdsp' <Latency = 3> <II = 1> <Delay = 4.67> <FuncUnit> <Opcode : 'fmul'> <InPorts = 2> <OutPorts = 1>

State 476 <SV = 145> <Delay = 4.67>
ST_476 : Operation 1707 [2/4] (4.67ns)   --->   "%mul_14 = fmul i32 %div_14, i32 %layer1_weights_15_load" [matmul.cpp:12]   --->   Operation 1707 'fmul' 'mul_14' <Predicate = (!icmp_ln10_15)> <Delay = 4.67> <CoreInst = "FMul_maxdsp">   --->   Core 30 'FMul_maxdsp' <Latency = 3> <II = 1> <Delay = 4.67> <FuncUnit> <Opcode : 'fmul'> <InPorts = 2> <OutPorts = 1>

State 477 <SV = 146> <Delay = 4.67>
ST_477 : Operation 1708 [1/4] (4.67ns)   --->   "%mul_14 = fmul i32 %div_14, i32 %layer1_weights_15_load" [matmul.cpp:12]   --->   Operation 1708 'fmul' 'mul_14' <Predicate = (!icmp_ln10_15)> <Delay = 4.67> <CoreInst = "FMul_maxdsp">   --->   Core 30 'FMul_maxdsp' <Latency = 3> <II = 1> <Delay = 4.67> <FuncUnit> <Opcode : 'fmul'> <InPorts = 2> <OutPorts = 1>

State 478 <SV = 147> <Delay = 6.34>
ST_478 : Operation 1709 [1/1] (0.86ns)   --->   "%icmp_ln12_15 = icmp_eq  i7 %add_ln10_15, i7 100" [matmul.cpp:12]   --->   Operation 1709 'icmp' 'icmp_ln12_15' <Predicate = (!icmp_ln10_15)> <Delay = 0.86> <CoreInst = "Cmp">   --->   Core 9 'Cmp' <Latency = 0> <II = 1> <Delay = 0.86> <FuncUnit> <Opcode : 'icmp'> <InPorts = 2> <OutPorts = 1>
ST_478 : Operation 1710 [3/3] (5.48ns)   --->   "%sum_31 = facc i32 @_ssdm_op_FACC, i32 %mul_14, i1 %icmp_ln12_15" [matmul.cpp:12]   --->   Operation 1710 'facc' 'sum_31' <Predicate = (!icmp_ln10_15)> <Delay = 5.48> <CoreInst = "FAcc_nodsp">   --->   Core 11 'FAcc_nodsp' <Latency = 2> <II = 1> <Delay = 5.48> <FuncUnit> <Opcode : 'facc'> <InPorts = 2> <OutPorts = 1>

State 479 <SV = 148> <Delay = 5.48>
ST_479 : Operation 1711 [2/3] (5.48ns)   --->   "%sum_31 = facc i32 @_ssdm_op_FACC, i32 %mul_14, i1 %icmp_ln12_15" [matmul.cpp:12]   --->   Operation 1711 'facc' 'sum_31' <Predicate = (!icmp_ln10_15)> <Delay = 5.48> <CoreInst = "FAcc_nodsp">   --->   Core 11 'FAcc_nodsp' <Latency = 2> <II = 1> <Delay = 5.48> <FuncUnit> <Opcode : 'facc'> <InPorts = 2> <OutPorts = 1>

State 480 <SV = 149> <Delay = 5.48>
ST_480 : Operation 1712 [1/1] (0.00ns)   --->   "%specloopname_ln8 = specloopname void @_ssdm_op_SpecLoopName, void @empty_9" [matmul.cpp:8]   --->   Operation 1712 'specloopname' 'specloopname_ln8' <Predicate = (!icmp_ln10_15)> <Delay = 0.00>
ST_480 : Operation 1713 [1/3] (5.48ns)   --->   "%sum_31 = facc i32 @_ssdm_op_FACC, i32 %mul_14, i1 %icmp_ln12_15" [matmul.cpp:12]   --->   Operation 1713 'facc' 'sum_31' <Predicate = (!icmp_ln10_15)> <Delay = 5.48> <CoreInst = "FAcc_nodsp">   --->   Core 11 'FAcc_nodsp' <Latency = 2> <II = 1> <Delay = 5.48> <FuncUnit> <Opcode : 'facc'> <InPorts = 2> <OutPorts = 1>
ST_480 : Operation 1714 [1/1] (0.00ns)   --->   "%br_ln0 = br void"   --->   Operation 1714 'br' 'br_ln0' <Predicate = (!icmp_ln10_15)> <Delay = 0.00>

State 481 <SV = 128> <Delay = 7.30>
ST_481 : Operation 1715 [1/1] (0.00ns)   --->   "%output_0_addr_15 = getelementptr i32 %output_0, i64 0, i64 15" [matmul.cpp:14]   --->   Operation 1715 'getelementptr' 'output_0_addr_15' <Predicate = true> <Delay = 0.00>
ST_481 : Operation 1716 [1/1] (1.35ns)   --->   "%store_ln14 = store i32 %sum_30, i5 %output_0_addr_15" [matmul.cpp:14]   --->   Operation 1716 'store' 'store_ln14' <Predicate = true> <Delay = 1.35> <CoreInst = "RAM">   --->   Core 83 'RAM' <Latency = 1> <II = 1> <Delay = 1.35> <Storage> <Opcode : 'load' 'store'> <Ports = 2> <Width = 32> <Depth = 32> <RAM>
ST_481 : Operation 1717 [7/7] (7.30ns)   --->   "%AXI_DATA_addr_32_rd_req559 = readreq i1 @_ssdm_op_ReadReq.m_axi.i8P1A, i8 %AXI_DATA_addr, i32 100" [matmul.cpp:12]   --->   Operation 1717 'readreq' 'AXI_DATA_addr_32_rd_req559' <Predicate = true> <Delay = 7.30> <CoreInst = "m_axi">   --->   Core 121 'm_axi' <Latency = 6> <II = 1> <Delay = 1.00> <Adapter> <Opcode : 'read' 'write' 'readreq' 'writereq' 'writeresp'>

State 482 <SV = 129> <Delay = 7.30>
ST_482 : Operation 1718 [6/7] (7.30ns)   --->   "%AXI_DATA_addr_32_rd_req559 = readreq i1 @_ssdm_op_ReadReq.m_axi.i8P1A, i8 %AXI_DATA_addr, i32 100" [matmul.cpp:12]   --->   Operation 1718 'readreq' 'AXI_DATA_addr_32_rd_req559' <Predicate = true> <Delay = 7.30> <CoreInst = "m_axi">   --->   Core 121 'm_axi' <Latency = 6> <II = 1> <Delay = 1.00> <Adapter> <Opcode : 'read' 'write' 'readreq' 'writereq' 'writeresp'>

State 483 <SV = 130> <Delay = 7.30>
ST_483 : Operation 1719 [5/7] (7.30ns)   --->   "%AXI_DATA_addr_32_rd_req559 = readreq i1 @_ssdm_op_ReadReq.m_axi.i8P1A, i8 %AXI_DATA_addr, i32 100" [matmul.cpp:12]   --->   Operation 1719 'readreq' 'AXI_DATA_addr_32_rd_req559' <Predicate = true> <Delay = 7.30> <CoreInst = "m_axi">   --->   Core 121 'm_axi' <Latency = 6> <II = 1> <Delay = 1.00> <Adapter> <Opcode : 'read' 'write' 'readreq' 'writereq' 'writeresp'>

State 484 <SV = 131> <Delay = 7.30>
ST_484 : Operation 1720 [4/7] (7.30ns)   --->   "%AXI_DATA_addr_32_rd_req559 = readreq i1 @_ssdm_op_ReadReq.m_axi.i8P1A, i8 %AXI_DATA_addr, i32 100" [matmul.cpp:12]   --->   Operation 1720 'readreq' 'AXI_DATA_addr_32_rd_req559' <Predicate = true> <Delay = 7.30> <CoreInst = "m_axi">   --->   Core 121 'm_axi' <Latency = 6> <II = 1> <Delay = 1.00> <Adapter> <Opcode : 'read' 'write' 'readreq' 'writereq' 'writeresp'>

State 485 <SV = 132> <Delay = 7.30>
ST_485 : Operation 1721 [3/7] (7.30ns)   --->   "%AXI_DATA_addr_32_rd_req559 = readreq i1 @_ssdm_op_ReadReq.m_axi.i8P1A, i8 %AXI_DATA_addr, i32 100" [matmul.cpp:12]   --->   Operation 1721 'readreq' 'AXI_DATA_addr_32_rd_req559' <Predicate = true> <Delay = 7.30> <CoreInst = "m_axi">   --->   Core 121 'm_axi' <Latency = 6> <II = 1> <Delay = 1.00> <Adapter> <Opcode : 'read' 'write' 'readreq' 'writereq' 'writeresp'>

State 486 <SV = 133> <Delay = 7.30>
ST_486 : Operation 1722 [2/7] (7.30ns)   --->   "%AXI_DATA_addr_32_rd_req559 = readreq i1 @_ssdm_op_ReadReq.m_axi.i8P1A, i8 %AXI_DATA_addr, i32 100" [matmul.cpp:12]   --->   Operation 1722 'readreq' 'AXI_DATA_addr_32_rd_req559' <Predicate = true> <Delay = 7.30> <CoreInst = "m_axi">   --->   Core 121 'm_axi' <Latency = 6> <II = 1> <Delay = 1.00> <Adapter> <Opcode : 'read' 'write' 'readreq' 'writereq' 'writeresp'>

State 487 <SV = 134> <Delay = 7.30>
ST_487 : Operation 1723 [1/7] (7.30ns)   --->   "%AXI_DATA_addr_32_rd_req559 = readreq i1 @_ssdm_op_ReadReq.m_axi.i8P1A, i8 %AXI_DATA_addr, i32 100" [matmul.cpp:12]   --->   Operation 1723 'readreq' 'AXI_DATA_addr_32_rd_req559' <Predicate = true> <Delay = 7.30> <CoreInst = "m_axi">   --->   Core 121 'm_axi' <Latency = 6> <II = 1> <Delay = 1.00> <Adapter> <Opcode : 'read' 'write' 'readreq' 'writereq' 'writeresp'>
ST_487 : Operation 1724 [1/1] (0.48ns)   --->   "%br_ln10 = br void" [matmul.cpp:10]   --->   Operation 1724 'br' 'br_ln10' <Predicate = true> <Delay = 0.48>

State 488 <SV = 135> <Delay = 0.89>
ST_488 : Operation 1725 [1/1] (0.00ns)   --->   "%k_16 = phi i7 %add_ln10_16, void %.split31, i7 0, void" [matmul.cpp:10]   --->   Operation 1725 'phi' 'k_16' <Predicate = true> <Delay = 0.00>
ST_488 : Operation 1726 [1/1] (0.00ns)   --->   "%sum_32 = phi i32 %sum_33, void %.split31, i32 0, void"   --->   Operation 1726 'phi' 'sum_32' <Predicate = true> <Delay = 0.00>
ST_488 : Operation 1727 [1/1] (0.89ns)   --->   "%add_ln10_16 = add i7 %k_16, i7 1" [matmul.cpp:10]   --->   Operation 1727 'add' 'add_ln10_16' <Predicate = true> <Delay = 0.89> <CoreInst = "Adder">   --->   Core 1 'Adder' <Latency = 0> <II = 1> <Delay = 0.89> <FuncUnit> <Opcode : 'add' 'sub'> <InPorts = 2> <OutPorts = 1>
ST_488 : Operation 1728 [1/1] (0.00ns)   --->   "%specpipeline_ln0 = specpipeline void @_ssdm_op_SpecPipeline, i32 4294967295, i32 0, i32 1, i32 0, void @p_str"   --->   Operation 1728 'specpipeline' 'specpipeline_ln0' <Predicate = true> <Delay = 0.00>
ST_488 : Operation 1729 [1/1] (0.86ns)   --->   "%icmp_ln10_16 = icmp_eq  i7 %k_16, i7 100" [matmul.cpp:10]   --->   Operation 1729 'icmp' 'icmp_ln10_16' <Predicate = true> <Delay = 0.86> <CoreInst = "Cmp">   --->   Core 9 'Cmp' <Latency = 0> <II = 1> <Delay = 0.86> <FuncUnit> <Opcode : 'icmp'> <InPorts = 2> <OutPorts = 1>
ST_488 : Operation 1730 [1/1] (0.00ns)   --->   "%empty_50 = speclooptripcount i32 @_ssdm_op_SpecLoopTripCount, i64 100, i64 100, i64 100"   --->   Operation 1730 'speclooptripcount' 'empty_50' <Predicate = true> <Delay = 0.00>
ST_488 : Operation 1731 [1/1] (0.00ns)   --->   "%br_ln10 = br i1 %icmp_ln10_16, void %.split31, void" [matmul.cpp:10]   --->   Operation 1731 'br' 'br_ln10' <Predicate = true> <Delay = 0.00>

State 489 <SV = 136> <Delay = 7.30>
ST_489 : Operation 1732 [1/1] (7.30ns)   --->   "%AXI_DATA_addr_read_16 = read i8 @_ssdm_op_Read.m_axi.i8P1A, i8 %AXI_DATA_addr" [matmul.cpp:12]   --->   Operation 1732 'read' 'AXI_DATA_addr_read_16' <Predicate = (!icmp_ln10_16)> <Delay = 7.30> <CoreInst = "m_axi">   --->   Core 121 'm_axi' <Latency = 6> <II = 1> <Delay = 1.00> <Adapter> <Opcode : 'read' 'write' 'readreq' 'writereq' 'writeresp'>

State 490 <SV = 137> <Delay = 6.67>
ST_490 : Operation 1733 [1/1] (0.00ns)   --->   "%zext_ln12_16 = zext i8 %AXI_DATA_addr_read_16" [matmul.cpp:12]   --->   Operation 1733 'zext' 'zext_ln12_16' <Predicate = (!icmp_ln10_16)> <Delay = 0.00>
ST_490 : Operation 1734 [4/4] (6.67ns)   --->   "%conv_15 = uitofp i32 %zext_ln12_16" [matmul.cpp:12]   --->   Operation 1734 'uitofp' 'conv_15' <Predicate = (!icmp_ln10_16)> <Delay = 6.67> <CoreInst = "Int2Float">   --->   Core 62 'Int2Float' <Latency = 3> <II = 1> <Delay = 6.67> <FuncUnit> <Opcode : 'sitofp' 'uitofp'> <InPorts = 1> <OutPorts = 1>

State 491 <SV = 138> <Delay = 6.67>
ST_491 : Operation 1735 [3/4] (6.67ns)   --->   "%conv_15 = uitofp i32 %zext_ln12_16" [matmul.cpp:12]   --->   Operation 1735 'uitofp' 'conv_15' <Predicate = (!icmp_ln10_16)> <Delay = 6.67> <CoreInst = "Int2Float">   --->   Core 62 'Int2Float' <Latency = 3> <II = 1> <Delay = 6.67> <FuncUnit> <Opcode : 'sitofp' 'uitofp'> <InPorts = 1> <OutPorts = 1>

State 492 <SV = 139> <Delay = 6.67>
ST_492 : Operation 1736 [2/4] (6.67ns)   --->   "%conv_15 = uitofp i32 %zext_ln12_16" [matmul.cpp:12]   --->   Operation 1736 'uitofp' 'conv_15' <Predicate = (!icmp_ln10_16)> <Delay = 6.67> <CoreInst = "Int2Float">   --->   Core 62 'Int2Float' <Latency = 3> <II = 1> <Delay = 6.67> <FuncUnit> <Opcode : 'sitofp' 'uitofp'> <InPorts = 1> <OutPorts = 1>

State 493 <SV = 140> <Delay = 6.67>
ST_493 : Operation 1737 [1/4] (6.67ns)   --->   "%conv_15 = uitofp i32 %zext_ln12_16" [matmul.cpp:12]   --->   Operation 1737 'uitofp' 'conv_15' <Predicate = (!icmp_ln10_16)> <Delay = 6.67> <CoreInst = "Int2Float">   --->   Core 62 'Int2Float' <Latency = 3> <II = 1> <Delay = 6.67> <FuncUnit> <Opcode : 'sitofp' 'uitofp'> <InPorts = 1> <OutPorts = 1>

State 494 <SV = 141> <Delay = 6.70>
ST_494 : Operation 1738 [10/10] (6.70ns)   --->   "%div_15 = fdiv i32 %conv_15, i32 255" [matmul.cpp:12]   --->   Operation 1738 'fdiv' 'div_15' <Predicate = (!icmp_ln10_16)> <Delay = 6.70> <CoreInst = "FDiv">   --->   Core 20 'FDiv' <Latency = 9> <II = 1> <Delay = 6.70> <FuncUnit> <Opcode : 'fdiv' 'frem'> <InPorts = 2> <OutPorts = 1>

State 495 <SV = 142> <Delay = 6.70>
ST_495 : Operation 1739 [9/10] (6.70ns)   --->   "%div_15 = fdiv i32 %conv_15, i32 255" [matmul.cpp:12]   --->   Operation 1739 'fdiv' 'div_15' <Predicate = (!icmp_ln10_16)> <Delay = 6.70> <CoreInst = "FDiv">   --->   Core 20 'FDiv' <Latency = 9> <II = 1> <Delay = 6.70> <FuncUnit> <Opcode : 'fdiv' 'frem'> <InPorts = 2> <OutPorts = 1>

State 496 <SV = 143> <Delay = 6.70>
ST_496 : Operation 1740 [8/10] (6.70ns)   --->   "%div_15 = fdiv i32 %conv_15, i32 255" [matmul.cpp:12]   --->   Operation 1740 'fdiv' 'div_15' <Predicate = (!icmp_ln10_16)> <Delay = 6.70> <CoreInst = "FDiv">   --->   Core 20 'FDiv' <Latency = 9> <II = 1> <Delay = 6.70> <FuncUnit> <Opcode : 'fdiv' 'frem'> <InPorts = 2> <OutPorts = 1>

State 497 <SV = 144> <Delay = 6.70>
ST_497 : Operation 1741 [7/10] (6.70ns)   --->   "%div_15 = fdiv i32 %conv_15, i32 255" [matmul.cpp:12]   --->   Operation 1741 'fdiv' 'div_15' <Predicate = (!icmp_ln10_16)> <Delay = 6.70> <CoreInst = "FDiv">   --->   Core 20 'FDiv' <Latency = 9> <II = 1> <Delay = 6.70> <FuncUnit> <Opcode : 'fdiv' 'frem'> <InPorts = 2> <OutPorts = 1>

State 498 <SV = 145> <Delay = 6.70>
ST_498 : Operation 1742 [6/10] (6.70ns)   --->   "%div_15 = fdiv i32 %conv_15, i32 255" [matmul.cpp:12]   --->   Operation 1742 'fdiv' 'div_15' <Predicate = (!icmp_ln10_16)> <Delay = 6.70> <CoreInst = "FDiv">   --->   Core 20 'FDiv' <Latency = 9> <II = 1> <Delay = 6.70> <FuncUnit> <Opcode : 'fdiv' 'frem'> <InPorts = 2> <OutPorts = 1>

State 499 <SV = 146> <Delay = 6.70>
ST_499 : Operation 1743 [5/10] (6.70ns)   --->   "%div_15 = fdiv i32 %conv_15, i32 255" [matmul.cpp:12]   --->   Operation 1743 'fdiv' 'div_15' <Predicate = (!icmp_ln10_16)> <Delay = 6.70> <CoreInst = "FDiv">   --->   Core 20 'FDiv' <Latency = 9> <II = 1> <Delay = 6.70> <FuncUnit> <Opcode : 'fdiv' 'frem'> <InPorts = 2> <OutPorts = 1>

State 500 <SV = 147> <Delay = 6.70>
ST_500 : Operation 1744 [4/10] (6.70ns)   --->   "%div_15 = fdiv i32 %conv_15, i32 255" [matmul.cpp:12]   --->   Operation 1744 'fdiv' 'div_15' <Predicate = (!icmp_ln10_16)> <Delay = 6.70> <CoreInst = "FDiv">   --->   Core 20 'FDiv' <Latency = 9> <II = 1> <Delay = 6.70> <FuncUnit> <Opcode : 'fdiv' 'frem'> <InPorts = 2> <OutPorts = 1>

State 501 <SV = 148> <Delay = 6.70>
ST_501 : Operation 1745 [3/10] (6.70ns)   --->   "%div_15 = fdiv i32 %conv_15, i32 255" [matmul.cpp:12]   --->   Operation 1745 'fdiv' 'div_15' <Predicate = (!icmp_ln10_16)> <Delay = 6.70> <CoreInst = "FDiv">   --->   Core 20 'FDiv' <Latency = 9> <II = 1> <Delay = 6.70> <FuncUnit> <Opcode : 'fdiv' 'frem'> <InPorts = 2> <OutPorts = 1>

State 502 <SV = 149> <Delay = 6.70>
ST_502 : Operation 1746 [2/10] (6.70ns)   --->   "%div_15 = fdiv i32 %conv_15, i32 255" [matmul.cpp:12]   --->   Operation 1746 'fdiv' 'div_15' <Predicate = (!icmp_ln10_16)> <Delay = 6.70> <CoreInst = "FDiv">   --->   Core 20 'FDiv' <Latency = 9> <II = 1> <Delay = 6.70> <FuncUnit> <Opcode : 'fdiv' 'frem'> <InPorts = 2> <OutPorts = 1>

State 503 <SV = 150> <Delay = 6.70>
ST_503 : Operation 1747 [1/1] (0.00ns)   --->   "%k_16_cast = zext i7 %k_16" [matmul.cpp:10]   --->   Operation 1747 'zext' 'k_16_cast' <Predicate = (!icmp_ln10_16)> <Delay = 0.00>
ST_503 : Operation 1748 [1/10] (6.70ns)   --->   "%div_15 = fdiv i32 %conv_15, i32 255" [matmul.cpp:12]   --->   Operation 1748 'fdiv' 'div_15' <Predicate = (!icmp_ln10_16)> <Delay = 6.70> <CoreInst = "FDiv">   --->   Core 20 'FDiv' <Latency = 9> <II = 1> <Delay = 6.70> <FuncUnit> <Opcode : 'fdiv' 'frem'> <InPorts = 2> <OutPorts = 1>
ST_503 : Operation 1749 [1/1] (0.00ns)   --->   "%layer1_weights_16_addr = getelementptr i32 %layer1_weights_16, i64 0, i64 %k_16_cast" [matmul.cpp:12]   --->   Operation 1749 'getelementptr' 'layer1_weights_16_addr' <Predicate = (!icmp_ln10_16)> <Delay = 0.00>
ST_503 : Operation 1750 [2/2] (1.35ns)   --->   "%layer1_weights_16_load = load i7 %layer1_weights_16_addr" [matmul.cpp:12]   --->   Operation 1750 'load' 'layer1_weights_16_load' <Predicate = (!icmp_ln10_16)> <Delay = 1.35> <CoreInst = "ROM">   --->   Core 101 'ROM' <Latency = 1> <II = 1> <Delay = 1.35> <Storage> <Opcode : 'load'> <Ports = 0> <Width = 32> <Depth = 100> <ROM>

State 504 <SV = 151> <Delay = 6.02>
ST_504 : Operation 1751 [1/2] (1.35ns)   --->   "%layer1_weights_16_load = load i7 %layer1_weights_16_addr" [matmul.cpp:12]   --->   Operation 1751 'load' 'layer1_weights_16_load' <Predicate = (!icmp_ln10_16)> <Delay = 1.35> <CoreInst = "ROM">   --->   Core 101 'ROM' <Latency = 1> <II = 1> <Delay = 1.35> <Storage> <Opcode : 'load'> <Ports = 0> <Width = 32> <Depth = 100> <ROM>
ST_504 : Operation 1752 [4/4] (4.67ns)   --->   "%mul_15 = fmul i32 %div_15, i32 %layer1_weights_16_load" [matmul.cpp:12]   --->   Operation 1752 'fmul' 'mul_15' <Predicate = (!icmp_ln10_16)> <Delay = 4.67> <CoreInst = "FMul_maxdsp">   --->   Core 30 'FMul_maxdsp' <Latency = 3> <II = 1> <Delay = 4.67> <FuncUnit> <Opcode : 'fmul'> <InPorts = 2> <OutPorts = 1>

State 505 <SV = 152> <Delay = 4.67>
ST_505 : Operation 1753 [3/4] (4.67ns)   --->   "%mul_15 = fmul i32 %div_15, i32 %layer1_weights_16_load" [matmul.cpp:12]   --->   Operation 1753 'fmul' 'mul_15' <Predicate = (!icmp_ln10_16)> <Delay = 4.67> <CoreInst = "FMul_maxdsp">   --->   Core 30 'FMul_maxdsp' <Latency = 3> <II = 1> <Delay = 4.67> <FuncUnit> <Opcode : 'fmul'> <InPorts = 2> <OutPorts = 1>

State 506 <SV = 153> <Delay = 4.67>
ST_506 : Operation 1754 [2/4] (4.67ns)   --->   "%mul_15 = fmul i32 %div_15, i32 %layer1_weights_16_load" [matmul.cpp:12]   --->   Operation 1754 'fmul' 'mul_15' <Predicate = (!icmp_ln10_16)> <Delay = 4.67> <CoreInst = "FMul_maxdsp">   --->   Core 30 'FMul_maxdsp' <Latency = 3> <II = 1> <Delay = 4.67> <FuncUnit> <Opcode : 'fmul'> <InPorts = 2> <OutPorts = 1>

State 507 <SV = 154> <Delay = 4.67>
ST_507 : Operation 1755 [1/4] (4.67ns)   --->   "%mul_15 = fmul i32 %div_15, i32 %layer1_weights_16_load" [matmul.cpp:12]   --->   Operation 1755 'fmul' 'mul_15' <Predicate = (!icmp_ln10_16)> <Delay = 4.67> <CoreInst = "FMul_maxdsp">   --->   Core 30 'FMul_maxdsp' <Latency = 3> <II = 1> <Delay = 4.67> <FuncUnit> <Opcode : 'fmul'> <InPorts = 2> <OutPorts = 1>

State 508 <SV = 155> <Delay = 6.34>
ST_508 : Operation 1756 [1/1] (0.86ns)   --->   "%icmp_ln12_16 = icmp_eq  i7 %add_ln10_16, i7 100" [matmul.cpp:12]   --->   Operation 1756 'icmp' 'icmp_ln12_16' <Predicate = (!icmp_ln10_16)> <Delay = 0.86> <CoreInst = "Cmp">   --->   Core 9 'Cmp' <Latency = 0> <II = 1> <Delay = 0.86> <FuncUnit> <Opcode : 'icmp'> <InPorts = 2> <OutPorts = 1>
ST_508 : Operation 1757 [3/3] (5.48ns)   --->   "%sum_33 = facc i32 @_ssdm_op_FACC, i32 %mul_15, i1 %icmp_ln12_16" [matmul.cpp:12]   --->   Operation 1757 'facc' 'sum_33' <Predicate = (!icmp_ln10_16)> <Delay = 5.48> <CoreInst = "FAcc_nodsp">   --->   Core 11 'FAcc_nodsp' <Latency = 2> <II = 1> <Delay = 5.48> <FuncUnit> <Opcode : 'facc'> <InPorts = 2> <OutPorts = 1>

State 509 <SV = 156> <Delay = 5.48>
ST_509 : Operation 1758 [2/3] (5.48ns)   --->   "%sum_33 = facc i32 @_ssdm_op_FACC, i32 %mul_15, i1 %icmp_ln12_16" [matmul.cpp:12]   --->   Operation 1758 'facc' 'sum_33' <Predicate = (!icmp_ln10_16)> <Delay = 5.48> <CoreInst = "FAcc_nodsp">   --->   Core 11 'FAcc_nodsp' <Latency = 2> <II = 1> <Delay = 5.48> <FuncUnit> <Opcode : 'facc'> <InPorts = 2> <OutPorts = 1>

State 510 <SV = 157> <Delay = 5.48>
ST_510 : Operation 1759 [1/1] (0.00ns)   --->   "%specloopname_ln8 = specloopname void @_ssdm_op_SpecLoopName, void @empty_9" [matmul.cpp:8]   --->   Operation 1759 'specloopname' 'specloopname_ln8' <Predicate = (!icmp_ln10_16)> <Delay = 0.00>
ST_510 : Operation 1760 [1/3] (5.48ns)   --->   "%sum_33 = facc i32 @_ssdm_op_FACC, i32 %mul_15, i1 %icmp_ln12_16" [matmul.cpp:12]   --->   Operation 1760 'facc' 'sum_33' <Predicate = (!icmp_ln10_16)> <Delay = 5.48> <CoreInst = "FAcc_nodsp">   --->   Core 11 'FAcc_nodsp' <Latency = 2> <II = 1> <Delay = 5.48> <FuncUnit> <Opcode : 'facc'> <InPorts = 2> <OutPorts = 1>
ST_510 : Operation 1761 [1/1] (0.00ns)   --->   "%br_ln0 = br void"   --->   Operation 1761 'br' 'br_ln0' <Predicate = (!icmp_ln10_16)> <Delay = 0.00>

State 511 <SV = 136> <Delay = 7.30>
ST_511 : Operation 1762 [1/1] (0.00ns)   --->   "%output_0_addr_16 = getelementptr i32 %output_0, i64 0, i64 16" [matmul.cpp:14]   --->   Operation 1762 'getelementptr' 'output_0_addr_16' <Predicate = true> <Delay = 0.00>
ST_511 : Operation 1763 [1/1] (1.35ns)   --->   "%store_ln14 = store i32 %sum_32, i5 %output_0_addr_16" [matmul.cpp:14]   --->   Operation 1763 'store' 'store_ln14' <Predicate = true> <Delay = 1.35> <CoreInst = "RAM">   --->   Core 83 'RAM' <Latency = 1> <II = 1> <Delay = 1.35> <Storage> <Opcode : 'load' 'store'> <Ports = 2> <Width = 32> <Depth = 32> <RAM>
ST_511 : Operation 1764 [7/7] (7.30ns)   --->   "%AXI_DATA_addr_32_rd_req560 = readreq i1 @_ssdm_op_ReadReq.m_axi.i8P1A, i8 %AXI_DATA_addr, i32 100" [matmul.cpp:12]   --->   Operation 1764 'readreq' 'AXI_DATA_addr_32_rd_req560' <Predicate = true> <Delay = 7.30> <CoreInst = "m_axi">   --->   Core 121 'm_axi' <Latency = 6> <II = 1> <Delay = 1.00> <Adapter> <Opcode : 'read' 'write' 'readreq' 'writereq' 'writeresp'>

State 512 <SV = 137> <Delay = 7.30>
ST_512 : Operation 1765 [6/7] (7.30ns)   --->   "%AXI_DATA_addr_32_rd_req560 = readreq i1 @_ssdm_op_ReadReq.m_axi.i8P1A, i8 %AXI_DATA_addr, i32 100" [matmul.cpp:12]   --->   Operation 1765 'readreq' 'AXI_DATA_addr_32_rd_req560' <Predicate = true> <Delay = 7.30> <CoreInst = "m_axi">   --->   Core 121 'm_axi' <Latency = 6> <II = 1> <Delay = 1.00> <Adapter> <Opcode : 'read' 'write' 'readreq' 'writereq' 'writeresp'>

State 513 <SV = 138> <Delay = 7.30>
ST_513 : Operation 1766 [5/7] (7.30ns)   --->   "%AXI_DATA_addr_32_rd_req560 = readreq i1 @_ssdm_op_ReadReq.m_axi.i8P1A, i8 %AXI_DATA_addr, i32 100" [matmul.cpp:12]   --->   Operation 1766 'readreq' 'AXI_DATA_addr_32_rd_req560' <Predicate = true> <Delay = 7.30> <CoreInst = "m_axi">   --->   Core 121 'm_axi' <Latency = 6> <II = 1> <Delay = 1.00> <Adapter> <Opcode : 'read' 'write' 'readreq' 'writereq' 'writeresp'>

State 514 <SV = 139> <Delay = 7.30>
ST_514 : Operation 1767 [4/7] (7.30ns)   --->   "%AXI_DATA_addr_32_rd_req560 = readreq i1 @_ssdm_op_ReadReq.m_axi.i8P1A, i8 %AXI_DATA_addr, i32 100" [matmul.cpp:12]   --->   Operation 1767 'readreq' 'AXI_DATA_addr_32_rd_req560' <Predicate = true> <Delay = 7.30> <CoreInst = "m_axi">   --->   Core 121 'm_axi' <Latency = 6> <II = 1> <Delay = 1.00> <Adapter> <Opcode : 'read' 'write' 'readreq' 'writereq' 'writeresp'>

State 515 <SV = 140> <Delay = 7.30>
ST_515 : Operation 1768 [3/7] (7.30ns)   --->   "%AXI_DATA_addr_32_rd_req560 = readreq i1 @_ssdm_op_ReadReq.m_axi.i8P1A, i8 %AXI_DATA_addr, i32 100" [matmul.cpp:12]   --->   Operation 1768 'readreq' 'AXI_DATA_addr_32_rd_req560' <Predicate = true> <Delay = 7.30> <CoreInst = "m_axi">   --->   Core 121 'm_axi' <Latency = 6> <II = 1> <Delay = 1.00> <Adapter> <Opcode : 'read' 'write' 'readreq' 'writereq' 'writeresp'>

State 516 <SV = 141> <Delay = 7.30>
ST_516 : Operation 1769 [2/7] (7.30ns)   --->   "%AXI_DATA_addr_32_rd_req560 = readreq i1 @_ssdm_op_ReadReq.m_axi.i8P1A, i8 %AXI_DATA_addr, i32 100" [matmul.cpp:12]   --->   Operation 1769 'readreq' 'AXI_DATA_addr_32_rd_req560' <Predicate = true> <Delay = 7.30> <CoreInst = "m_axi">   --->   Core 121 'm_axi' <Latency = 6> <II = 1> <Delay = 1.00> <Adapter> <Opcode : 'read' 'write' 'readreq' 'writereq' 'writeresp'>

State 517 <SV = 142> <Delay = 7.30>
ST_517 : Operation 1770 [1/7] (7.30ns)   --->   "%AXI_DATA_addr_32_rd_req560 = readreq i1 @_ssdm_op_ReadReq.m_axi.i8P1A, i8 %AXI_DATA_addr, i32 100" [matmul.cpp:12]   --->   Operation 1770 'readreq' 'AXI_DATA_addr_32_rd_req560' <Predicate = true> <Delay = 7.30> <CoreInst = "m_axi">   --->   Core 121 'm_axi' <Latency = 6> <II = 1> <Delay = 1.00> <Adapter> <Opcode : 'read' 'write' 'readreq' 'writereq' 'writeresp'>
ST_517 : Operation 1771 [1/1] (0.48ns)   --->   "%br_ln10 = br void" [matmul.cpp:10]   --->   Operation 1771 'br' 'br_ln10' <Predicate = true> <Delay = 0.48>

State 518 <SV = 143> <Delay = 0.89>
ST_518 : Operation 1772 [1/1] (0.00ns)   --->   "%k_17 = phi i7 %add_ln10_17, void %.split29, i7 0, void" [matmul.cpp:10]   --->   Operation 1772 'phi' 'k_17' <Predicate = true> <Delay = 0.00>
ST_518 : Operation 1773 [1/1] (0.00ns)   --->   "%sum_34 = phi i32 %sum_35, void %.split29, i32 0, void"   --->   Operation 1773 'phi' 'sum_34' <Predicate = true> <Delay = 0.00>
ST_518 : Operation 1774 [1/1] (0.89ns)   --->   "%add_ln10_17 = add i7 %k_17, i7 1" [matmul.cpp:10]   --->   Operation 1774 'add' 'add_ln10_17' <Predicate = true> <Delay = 0.89> <CoreInst = "Adder">   --->   Core 1 'Adder' <Latency = 0> <II = 1> <Delay = 0.89> <FuncUnit> <Opcode : 'add' 'sub'> <InPorts = 2> <OutPorts = 1>
ST_518 : Operation 1775 [1/1] (0.00ns)   --->   "%specpipeline_ln0 = specpipeline void @_ssdm_op_SpecPipeline, i32 4294967295, i32 0, i32 1, i32 0, void @p_str"   --->   Operation 1775 'specpipeline' 'specpipeline_ln0' <Predicate = true> <Delay = 0.00>
ST_518 : Operation 1776 [1/1] (0.86ns)   --->   "%icmp_ln10_17 = icmp_eq  i7 %k_17, i7 100" [matmul.cpp:10]   --->   Operation 1776 'icmp' 'icmp_ln10_17' <Predicate = true> <Delay = 0.86> <CoreInst = "Cmp">   --->   Core 9 'Cmp' <Latency = 0> <II = 1> <Delay = 0.86> <FuncUnit> <Opcode : 'icmp'> <InPorts = 2> <OutPorts = 1>
ST_518 : Operation 1777 [1/1] (0.00ns)   --->   "%empty_51 = speclooptripcount i32 @_ssdm_op_SpecLoopTripCount, i64 100, i64 100, i64 100"   --->   Operation 1777 'speclooptripcount' 'empty_51' <Predicate = true> <Delay = 0.00>
ST_518 : Operation 1778 [1/1] (0.00ns)   --->   "%br_ln10 = br i1 %icmp_ln10_17, void %.split29, void" [matmul.cpp:10]   --->   Operation 1778 'br' 'br_ln10' <Predicate = true> <Delay = 0.00>

State 519 <SV = 144> <Delay = 7.30>
ST_519 : Operation 1779 [1/1] (7.30ns)   --->   "%AXI_DATA_addr_read_17 = read i8 @_ssdm_op_Read.m_axi.i8P1A, i8 %AXI_DATA_addr" [matmul.cpp:12]   --->   Operation 1779 'read' 'AXI_DATA_addr_read_17' <Predicate = (!icmp_ln10_17)> <Delay = 7.30> <CoreInst = "m_axi">   --->   Core 121 'm_axi' <Latency = 6> <II = 1> <Delay = 1.00> <Adapter> <Opcode : 'read' 'write' 'readreq' 'writereq' 'writeresp'>

State 520 <SV = 145> <Delay = 6.67>
ST_520 : Operation 1780 [1/1] (0.00ns)   --->   "%zext_ln12_17 = zext i8 %AXI_DATA_addr_read_17" [matmul.cpp:12]   --->   Operation 1780 'zext' 'zext_ln12_17' <Predicate = (!icmp_ln10_17)> <Delay = 0.00>
ST_520 : Operation 1781 [4/4] (6.67ns)   --->   "%conv_16 = uitofp i32 %zext_ln12_17" [matmul.cpp:12]   --->   Operation 1781 'uitofp' 'conv_16' <Predicate = (!icmp_ln10_17)> <Delay = 6.67> <CoreInst = "Int2Float">   --->   Core 62 'Int2Float' <Latency = 3> <II = 1> <Delay = 6.67> <FuncUnit> <Opcode : 'sitofp' 'uitofp'> <InPorts = 1> <OutPorts = 1>

State 521 <SV = 146> <Delay = 6.67>
ST_521 : Operation 1782 [3/4] (6.67ns)   --->   "%conv_16 = uitofp i32 %zext_ln12_17" [matmul.cpp:12]   --->   Operation 1782 'uitofp' 'conv_16' <Predicate = (!icmp_ln10_17)> <Delay = 6.67> <CoreInst = "Int2Float">   --->   Core 62 'Int2Float' <Latency = 3> <II = 1> <Delay = 6.67> <FuncUnit> <Opcode : 'sitofp' 'uitofp'> <InPorts = 1> <OutPorts = 1>

State 522 <SV = 147> <Delay = 6.67>
ST_522 : Operation 1783 [2/4] (6.67ns)   --->   "%conv_16 = uitofp i32 %zext_ln12_17" [matmul.cpp:12]   --->   Operation 1783 'uitofp' 'conv_16' <Predicate = (!icmp_ln10_17)> <Delay = 6.67> <CoreInst = "Int2Float">   --->   Core 62 'Int2Float' <Latency = 3> <II = 1> <Delay = 6.67> <FuncUnit> <Opcode : 'sitofp' 'uitofp'> <InPorts = 1> <OutPorts = 1>

State 523 <SV = 148> <Delay = 6.67>
ST_523 : Operation 1784 [1/4] (6.67ns)   --->   "%conv_16 = uitofp i32 %zext_ln12_17" [matmul.cpp:12]   --->   Operation 1784 'uitofp' 'conv_16' <Predicate = (!icmp_ln10_17)> <Delay = 6.67> <CoreInst = "Int2Float">   --->   Core 62 'Int2Float' <Latency = 3> <II = 1> <Delay = 6.67> <FuncUnit> <Opcode : 'sitofp' 'uitofp'> <InPorts = 1> <OutPorts = 1>

State 524 <SV = 149> <Delay = 6.70>
ST_524 : Operation 1785 [10/10] (6.70ns)   --->   "%div_16 = fdiv i32 %conv_16, i32 255" [matmul.cpp:12]   --->   Operation 1785 'fdiv' 'div_16' <Predicate = (!icmp_ln10_17)> <Delay = 6.70> <CoreInst = "FDiv">   --->   Core 20 'FDiv' <Latency = 9> <II = 1> <Delay = 6.70> <FuncUnit> <Opcode : 'fdiv' 'frem'> <InPorts = 2> <OutPorts = 1>

State 525 <SV = 150> <Delay = 6.70>
ST_525 : Operation 1786 [9/10] (6.70ns)   --->   "%div_16 = fdiv i32 %conv_16, i32 255" [matmul.cpp:12]   --->   Operation 1786 'fdiv' 'div_16' <Predicate = (!icmp_ln10_17)> <Delay = 6.70> <CoreInst = "FDiv">   --->   Core 20 'FDiv' <Latency = 9> <II = 1> <Delay = 6.70> <FuncUnit> <Opcode : 'fdiv' 'frem'> <InPorts = 2> <OutPorts = 1>

State 526 <SV = 151> <Delay = 6.70>
ST_526 : Operation 1787 [8/10] (6.70ns)   --->   "%div_16 = fdiv i32 %conv_16, i32 255" [matmul.cpp:12]   --->   Operation 1787 'fdiv' 'div_16' <Predicate = (!icmp_ln10_17)> <Delay = 6.70> <CoreInst = "FDiv">   --->   Core 20 'FDiv' <Latency = 9> <II = 1> <Delay = 6.70> <FuncUnit> <Opcode : 'fdiv' 'frem'> <InPorts = 2> <OutPorts = 1>

State 527 <SV = 152> <Delay = 6.70>
ST_527 : Operation 1788 [7/10] (6.70ns)   --->   "%div_16 = fdiv i32 %conv_16, i32 255" [matmul.cpp:12]   --->   Operation 1788 'fdiv' 'div_16' <Predicate = (!icmp_ln10_17)> <Delay = 6.70> <CoreInst = "FDiv">   --->   Core 20 'FDiv' <Latency = 9> <II = 1> <Delay = 6.70> <FuncUnit> <Opcode : 'fdiv' 'frem'> <InPorts = 2> <OutPorts = 1>

State 528 <SV = 153> <Delay = 6.70>
ST_528 : Operation 1789 [6/10] (6.70ns)   --->   "%div_16 = fdiv i32 %conv_16, i32 255" [matmul.cpp:12]   --->   Operation 1789 'fdiv' 'div_16' <Predicate = (!icmp_ln10_17)> <Delay = 6.70> <CoreInst = "FDiv">   --->   Core 20 'FDiv' <Latency = 9> <II = 1> <Delay = 6.70> <FuncUnit> <Opcode : 'fdiv' 'frem'> <InPorts = 2> <OutPorts = 1>

State 529 <SV = 154> <Delay = 6.70>
ST_529 : Operation 1790 [5/10] (6.70ns)   --->   "%div_16 = fdiv i32 %conv_16, i32 255" [matmul.cpp:12]   --->   Operation 1790 'fdiv' 'div_16' <Predicate = (!icmp_ln10_17)> <Delay = 6.70> <CoreInst = "FDiv">   --->   Core 20 'FDiv' <Latency = 9> <II = 1> <Delay = 6.70> <FuncUnit> <Opcode : 'fdiv' 'frem'> <InPorts = 2> <OutPorts = 1>

State 530 <SV = 155> <Delay = 6.70>
ST_530 : Operation 1791 [4/10] (6.70ns)   --->   "%div_16 = fdiv i32 %conv_16, i32 255" [matmul.cpp:12]   --->   Operation 1791 'fdiv' 'div_16' <Predicate = (!icmp_ln10_17)> <Delay = 6.70> <CoreInst = "FDiv">   --->   Core 20 'FDiv' <Latency = 9> <II = 1> <Delay = 6.70> <FuncUnit> <Opcode : 'fdiv' 'frem'> <InPorts = 2> <OutPorts = 1>

State 531 <SV = 156> <Delay = 6.70>
ST_531 : Operation 1792 [3/10] (6.70ns)   --->   "%div_16 = fdiv i32 %conv_16, i32 255" [matmul.cpp:12]   --->   Operation 1792 'fdiv' 'div_16' <Predicate = (!icmp_ln10_17)> <Delay = 6.70> <CoreInst = "FDiv">   --->   Core 20 'FDiv' <Latency = 9> <II = 1> <Delay = 6.70> <FuncUnit> <Opcode : 'fdiv' 'frem'> <InPorts = 2> <OutPorts = 1>

State 532 <SV = 157> <Delay = 6.70>
ST_532 : Operation 1793 [2/10] (6.70ns)   --->   "%div_16 = fdiv i32 %conv_16, i32 255" [matmul.cpp:12]   --->   Operation 1793 'fdiv' 'div_16' <Predicate = (!icmp_ln10_17)> <Delay = 6.70> <CoreInst = "FDiv">   --->   Core 20 'FDiv' <Latency = 9> <II = 1> <Delay = 6.70> <FuncUnit> <Opcode : 'fdiv' 'frem'> <InPorts = 2> <OutPorts = 1>

State 533 <SV = 158> <Delay = 6.70>
ST_533 : Operation 1794 [1/1] (0.00ns)   --->   "%k_17_cast = zext i7 %k_17" [matmul.cpp:10]   --->   Operation 1794 'zext' 'k_17_cast' <Predicate = (!icmp_ln10_17)> <Delay = 0.00>
ST_533 : Operation 1795 [1/10] (6.70ns)   --->   "%div_16 = fdiv i32 %conv_16, i32 255" [matmul.cpp:12]   --->   Operation 1795 'fdiv' 'div_16' <Predicate = (!icmp_ln10_17)> <Delay = 6.70> <CoreInst = "FDiv">   --->   Core 20 'FDiv' <Latency = 9> <II = 1> <Delay = 6.70> <FuncUnit> <Opcode : 'fdiv' 'frem'> <InPorts = 2> <OutPorts = 1>
ST_533 : Operation 1796 [1/1] (0.00ns)   --->   "%layer1_weights_17_addr = getelementptr i32 %layer1_weights_17, i64 0, i64 %k_17_cast" [matmul.cpp:12]   --->   Operation 1796 'getelementptr' 'layer1_weights_17_addr' <Predicate = (!icmp_ln10_17)> <Delay = 0.00>
ST_533 : Operation 1797 [2/2] (1.35ns)   --->   "%layer1_weights_17_load = load i7 %layer1_weights_17_addr" [matmul.cpp:12]   --->   Operation 1797 'load' 'layer1_weights_17_load' <Predicate = (!icmp_ln10_17)> <Delay = 1.35> <CoreInst = "ROM">   --->   Core 101 'ROM' <Latency = 1> <II = 1> <Delay = 1.35> <Storage> <Opcode : 'load'> <Ports = 0> <Width = 32> <Depth = 100> <ROM>

State 534 <SV = 159> <Delay = 6.02>
ST_534 : Operation 1798 [1/2] (1.35ns)   --->   "%layer1_weights_17_load = load i7 %layer1_weights_17_addr" [matmul.cpp:12]   --->   Operation 1798 'load' 'layer1_weights_17_load' <Predicate = (!icmp_ln10_17)> <Delay = 1.35> <CoreInst = "ROM">   --->   Core 101 'ROM' <Latency = 1> <II = 1> <Delay = 1.35> <Storage> <Opcode : 'load'> <Ports = 0> <Width = 32> <Depth = 100> <ROM>
ST_534 : Operation 1799 [4/4] (4.67ns)   --->   "%mul_16 = fmul i32 %div_16, i32 %layer1_weights_17_load" [matmul.cpp:12]   --->   Operation 1799 'fmul' 'mul_16' <Predicate = (!icmp_ln10_17)> <Delay = 4.67> <CoreInst = "FMul_maxdsp">   --->   Core 30 'FMul_maxdsp' <Latency = 3> <II = 1> <Delay = 4.67> <FuncUnit> <Opcode : 'fmul'> <InPorts = 2> <OutPorts = 1>

State 535 <SV = 160> <Delay = 4.67>
ST_535 : Operation 1800 [3/4] (4.67ns)   --->   "%mul_16 = fmul i32 %div_16, i32 %layer1_weights_17_load" [matmul.cpp:12]   --->   Operation 1800 'fmul' 'mul_16' <Predicate = (!icmp_ln10_17)> <Delay = 4.67> <CoreInst = "FMul_maxdsp">   --->   Core 30 'FMul_maxdsp' <Latency = 3> <II = 1> <Delay = 4.67> <FuncUnit> <Opcode : 'fmul'> <InPorts = 2> <OutPorts = 1>

State 536 <SV = 161> <Delay = 4.67>
ST_536 : Operation 1801 [2/4] (4.67ns)   --->   "%mul_16 = fmul i32 %div_16, i32 %layer1_weights_17_load" [matmul.cpp:12]   --->   Operation 1801 'fmul' 'mul_16' <Predicate = (!icmp_ln10_17)> <Delay = 4.67> <CoreInst = "FMul_maxdsp">   --->   Core 30 'FMul_maxdsp' <Latency = 3> <II = 1> <Delay = 4.67> <FuncUnit> <Opcode : 'fmul'> <InPorts = 2> <OutPorts = 1>

State 537 <SV = 162> <Delay = 4.67>
ST_537 : Operation 1802 [1/4] (4.67ns)   --->   "%mul_16 = fmul i32 %div_16, i32 %layer1_weights_17_load" [matmul.cpp:12]   --->   Operation 1802 'fmul' 'mul_16' <Predicate = (!icmp_ln10_17)> <Delay = 4.67> <CoreInst = "FMul_maxdsp">   --->   Core 30 'FMul_maxdsp' <Latency = 3> <II = 1> <Delay = 4.67> <FuncUnit> <Opcode : 'fmul'> <InPorts = 2> <OutPorts = 1>

State 538 <SV = 163> <Delay = 6.34>
ST_538 : Operation 1803 [1/1] (0.86ns)   --->   "%icmp_ln12_17 = icmp_eq  i7 %add_ln10_17, i7 100" [matmul.cpp:12]   --->   Operation 1803 'icmp' 'icmp_ln12_17' <Predicate = (!icmp_ln10_17)> <Delay = 0.86> <CoreInst = "Cmp">   --->   Core 9 'Cmp' <Latency = 0> <II = 1> <Delay = 0.86> <FuncUnit> <Opcode : 'icmp'> <InPorts = 2> <OutPorts = 1>
ST_538 : Operation 1804 [3/3] (5.48ns)   --->   "%sum_35 = facc i32 @_ssdm_op_FACC, i32 %mul_16, i1 %icmp_ln12_17" [matmul.cpp:12]   --->   Operation 1804 'facc' 'sum_35' <Predicate = (!icmp_ln10_17)> <Delay = 5.48> <CoreInst = "FAcc_nodsp">   --->   Core 11 'FAcc_nodsp' <Latency = 2> <II = 1> <Delay = 5.48> <FuncUnit> <Opcode : 'facc'> <InPorts = 2> <OutPorts = 1>

State 539 <SV = 164> <Delay = 5.48>
ST_539 : Operation 1805 [2/3] (5.48ns)   --->   "%sum_35 = facc i32 @_ssdm_op_FACC, i32 %mul_16, i1 %icmp_ln12_17" [matmul.cpp:12]   --->   Operation 1805 'facc' 'sum_35' <Predicate = (!icmp_ln10_17)> <Delay = 5.48> <CoreInst = "FAcc_nodsp">   --->   Core 11 'FAcc_nodsp' <Latency = 2> <II = 1> <Delay = 5.48> <FuncUnit> <Opcode : 'facc'> <InPorts = 2> <OutPorts = 1>

State 540 <SV = 165> <Delay = 5.48>
ST_540 : Operation 1806 [1/1] (0.00ns)   --->   "%specloopname_ln8 = specloopname void @_ssdm_op_SpecLoopName, void @empty_9" [matmul.cpp:8]   --->   Operation 1806 'specloopname' 'specloopname_ln8' <Predicate = (!icmp_ln10_17)> <Delay = 0.00>
ST_540 : Operation 1807 [1/3] (5.48ns)   --->   "%sum_35 = facc i32 @_ssdm_op_FACC, i32 %mul_16, i1 %icmp_ln12_17" [matmul.cpp:12]   --->   Operation 1807 'facc' 'sum_35' <Predicate = (!icmp_ln10_17)> <Delay = 5.48> <CoreInst = "FAcc_nodsp">   --->   Core 11 'FAcc_nodsp' <Latency = 2> <II = 1> <Delay = 5.48> <FuncUnit> <Opcode : 'facc'> <InPorts = 2> <OutPorts = 1>
ST_540 : Operation 1808 [1/1] (0.00ns)   --->   "%br_ln0 = br void"   --->   Operation 1808 'br' 'br_ln0' <Predicate = (!icmp_ln10_17)> <Delay = 0.00>

State 541 <SV = 144> <Delay = 7.30>
ST_541 : Operation 1809 [1/1] (0.00ns)   --->   "%output_0_addr_17 = getelementptr i32 %output_0, i64 0, i64 17" [matmul.cpp:14]   --->   Operation 1809 'getelementptr' 'output_0_addr_17' <Predicate = true> <Delay = 0.00>
ST_541 : Operation 1810 [1/1] (1.35ns)   --->   "%store_ln14 = store i32 %sum_34, i5 %output_0_addr_17" [matmul.cpp:14]   --->   Operation 1810 'store' 'store_ln14' <Predicate = true> <Delay = 1.35> <CoreInst = "RAM">   --->   Core 83 'RAM' <Latency = 1> <II = 1> <Delay = 1.35> <Storage> <Opcode : 'load' 'store'> <Ports = 2> <Width = 32> <Depth = 32> <RAM>
ST_541 : Operation 1811 [7/7] (7.30ns)   --->   "%AXI_DATA_addr_32_rd_req561 = readreq i1 @_ssdm_op_ReadReq.m_axi.i8P1A, i8 %AXI_DATA_addr, i32 100" [matmul.cpp:12]   --->   Operation 1811 'readreq' 'AXI_DATA_addr_32_rd_req561' <Predicate = true> <Delay = 7.30> <CoreInst = "m_axi">   --->   Core 121 'm_axi' <Latency = 6> <II = 1> <Delay = 1.00> <Adapter> <Opcode : 'read' 'write' 'readreq' 'writereq' 'writeresp'>

State 542 <SV = 145> <Delay = 7.30>
ST_542 : Operation 1812 [6/7] (7.30ns)   --->   "%AXI_DATA_addr_32_rd_req561 = readreq i1 @_ssdm_op_ReadReq.m_axi.i8P1A, i8 %AXI_DATA_addr, i32 100" [matmul.cpp:12]   --->   Operation 1812 'readreq' 'AXI_DATA_addr_32_rd_req561' <Predicate = true> <Delay = 7.30> <CoreInst = "m_axi">   --->   Core 121 'm_axi' <Latency = 6> <II = 1> <Delay = 1.00> <Adapter> <Opcode : 'read' 'write' 'readreq' 'writereq' 'writeresp'>

State 543 <SV = 146> <Delay = 7.30>
ST_543 : Operation 1813 [5/7] (7.30ns)   --->   "%AXI_DATA_addr_32_rd_req561 = readreq i1 @_ssdm_op_ReadReq.m_axi.i8P1A, i8 %AXI_DATA_addr, i32 100" [matmul.cpp:12]   --->   Operation 1813 'readreq' 'AXI_DATA_addr_32_rd_req561' <Predicate = true> <Delay = 7.30> <CoreInst = "m_axi">   --->   Core 121 'm_axi' <Latency = 6> <II = 1> <Delay = 1.00> <Adapter> <Opcode : 'read' 'write' 'readreq' 'writereq' 'writeresp'>

State 544 <SV = 147> <Delay = 7.30>
ST_544 : Operation 1814 [4/7] (7.30ns)   --->   "%AXI_DATA_addr_32_rd_req561 = readreq i1 @_ssdm_op_ReadReq.m_axi.i8P1A, i8 %AXI_DATA_addr, i32 100" [matmul.cpp:12]   --->   Operation 1814 'readreq' 'AXI_DATA_addr_32_rd_req561' <Predicate = true> <Delay = 7.30> <CoreInst = "m_axi">   --->   Core 121 'm_axi' <Latency = 6> <II = 1> <Delay = 1.00> <Adapter> <Opcode : 'read' 'write' 'readreq' 'writereq' 'writeresp'>

State 545 <SV = 148> <Delay = 7.30>
ST_545 : Operation 1815 [3/7] (7.30ns)   --->   "%AXI_DATA_addr_32_rd_req561 = readreq i1 @_ssdm_op_ReadReq.m_axi.i8P1A, i8 %AXI_DATA_addr, i32 100" [matmul.cpp:12]   --->   Operation 1815 'readreq' 'AXI_DATA_addr_32_rd_req561' <Predicate = true> <Delay = 7.30> <CoreInst = "m_axi">   --->   Core 121 'm_axi' <Latency = 6> <II = 1> <Delay = 1.00> <Adapter> <Opcode : 'read' 'write' 'readreq' 'writereq' 'writeresp'>

State 546 <SV = 149> <Delay = 7.30>
ST_546 : Operation 1816 [2/7] (7.30ns)   --->   "%AXI_DATA_addr_32_rd_req561 = readreq i1 @_ssdm_op_ReadReq.m_axi.i8P1A, i8 %AXI_DATA_addr, i32 100" [matmul.cpp:12]   --->   Operation 1816 'readreq' 'AXI_DATA_addr_32_rd_req561' <Predicate = true> <Delay = 7.30> <CoreInst = "m_axi">   --->   Core 121 'm_axi' <Latency = 6> <II = 1> <Delay = 1.00> <Adapter> <Opcode : 'read' 'write' 'readreq' 'writereq' 'writeresp'>

State 547 <SV = 150> <Delay = 7.30>
ST_547 : Operation 1817 [1/7] (7.30ns)   --->   "%AXI_DATA_addr_32_rd_req561 = readreq i1 @_ssdm_op_ReadReq.m_axi.i8P1A, i8 %AXI_DATA_addr, i32 100" [matmul.cpp:12]   --->   Operation 1817 'readreq' 'AXI_DATA_addr_32_rd_req561' <Predicate = true> <Delay = 7.30> <CoreInst = "m_axi">   --->   Core 121 'm_axi' <Latency = 6> <II = 1> <Delay = 1.00> <Adapter> <Opcode : 'read' 'write' 'readreq' 'writereq' 'writeresp'>
ST_547 : Operation 1818 [1/1] (0.48ns)   --->   "%br_ln10 = br void" [matmul.cpp:10]   --->   Operation 1818 'br' 'br_ln10' <Predicate = true> <Delay = 0.48>

State 548 <SV = 151> <Delay = 0.89>
ST_548 : Operation 1819 [1/1] (0.00ns)   --->   "%k_18 = phi i7 %add_ln10_18, void %.split27, i7 0, void" [matmul.cpp:10]   --->   Operation 1819 'phi' 'k_18' <Predicate = true> <Delay = 0.00>
ST_548 : Operation 1820 [1/1] (0.00ns)   --->   "%sum_36 = phi i32 %sum_37, void %.split27, i32 0, void"   --->   Operation 1820 'phi' 'sum_36' <Predicate = true> <Delay = 0.00>
ST_548 : Operation 1821 [1/1] (0.89ns)   --->   "%add_ln10_18 = add i7 %k_18, i7 1" [matmul.cpp:10]   --->   Operation 1821 'add' 'add_ln10_18' <Predicate = true> <Delay = 0.89> <CoreInst = "Adder">   --->   Core 1 'Adder' <Latency = 0> <II = 1> <Delay = 0.89> <FuncUnit> <Opcode : 'add' 'sub'> <InPorts = 2> <OutPorts = 1>
ST_548 : Operation 1822 [1/1] (0.00ns)   --->   "%specpipeline_ln0 = specpipeline void @_ssdm_op_SpecPipeline, i32 4294967295, i32 0, i32 1, i32 0, void @p_str"   --->   Operation 1822 'specpipeline' 'specpipeline_ln0' <Predicate = true> <Delay = 0.00>
ST_548 : Operation 1823 [1/1] (0.86ns)   --->   "%icmp_ln10_18 = icmp_eq  i7 %k_18, i7 100" [matmul.cpp:10]   --->   Operation 1823 'icmp' 'icmp_ln10_18' <Predicate = true> <Delay = 0.86> <CoreInst = "Cmp">   --->   Core 9 'Cmp' <Latency = 0> <II = 1> <Delay = 0.86> <FuncUnit> <Opcode : 'icmp'> <InPorts = 2> <OutPorts = 1>
ST_548 : Operation 1824 [1/1] (0.00ns)   --->   "%empty_52 = speclooptripcount i32 @_ssdm_op_SpecLoopTripCount, i64 100, i64 100, i64 100"   --->   Operation 1824 'speclooptripcount' 'empty_52' <Predicate = true> <Delay = 0.00>
ST_548 : Operation 1825 [1/1] (0.00ns)   --->   "%br_ln10 = br i1 %icmp_ln10_18, void %.split27, void" [matmul.cpp:10]   --->   Operation 1825 'br' 'br_ln10' <Predicate = true> <Delay = 0.00>

State 549 <SV = 152> <Delay = 7.30>
ST_549 : Operation 1826 [1/1] (7.30ns)   --->   "%AXI_DATA_addr_read_18 = read i8 @_ssdm_op_Read.m_axi.i8P1A, i8 %AXI_DATA_addr" [matmul.cpp:12]   --->   Operation 1826 'read' 'AXI_DATA_addr_read_18' <Predicate = (!icmp_ln10_18)> <Delay = 7.30> <CoreInst = "m_axi">   --->   Core 121 'm_axi' <Latency = 6> <II = 1> <Delay = 1.00> <Adapter> <Opcode : 'read' 'write' 'readreq' 'writereq' 'writeresp'>

State 550 <SV = 153> <Delay = 6.67>
ST_550 : Operation 1827 [1/1] (0.00ns)   --->   "%zext_ln12_18 = zext i8 %AXI_DATA_addr_read_18" [matmul.cpp:12]   --->   Operation 1827 'zext' 'zext_ln12_18' <Predicate = (!icmp_ln10_18)> <Delay = 0.00>
ST_550 : Operation 1828 [4/4] (6.67ns)   --->   "%conv_17 = uitofp i32 %zext_ln12_18" [matmul.cpp:12]   --->   Operation 1828 'uitofp' 'conv_17' <Predicate = (!icmp_ln10_18)> <Delay = 6.67> <CoreInst = "Int2Float">   --->   Core 62 'Int2Float' <Latency = 3> <II = 1> <Delay = 6.67> <FuncUnit> <Opcode : 'sitofp' 'uitofp'> <InPorts = 1> <OutPorts = 1>

State 551 <SV = 154> <Delay = 6.67>
ST_551 : Operation 1829 [3/4] (6.67ns)   --->   "%conv_17 = uitofp i32 %zext_ln12_18" [matmul.cpp:12]   --->   Operation 1829 'uitofp' 'conv_17' <Predicate = (!icmp_ln10_18)> <Delay = 6.67> <CoreInst = "Int2Float">   --->   Core 62 'Int2Float' <Latency = 3> <II = 1> <Delay = 6.67> <FuncUnit> <Opcode : 'sitofp' 'uitofp'> <InPorts = 1> <OutPorts = 1>

State 552 <SV = 155> <Delay = 6.67>
ST_552 : Operation 1830 [2/4] (6.67ns)   --->   "%conv_17 = uitofp i32 %zext_ln12_18" [matmul.cpp:12]   --->   Operation 1830 'uitofp' 'conv_17' <Predicate = (!icmp_ln10_18)> <Delay = 6.67> <CoreInst = "Int2Float">   --->   Core 62 'Int2Float' <Latency = 3> <II = 1> <Delay = 6.67> <FuncUnit> <Opcode : 'sitofp' 'uitofp'> <InPorts = 1> <OutPorts = 1>

State 553 <SV = 156> <Delay = 6.67>
ST_553 : Operation 1831 [1/4] (6.67ns)   --->   "%conv_17 = uitofp i32 %zext_ln12_18" [matmul.cpp:12]   --->   Operation 1831 'uitofp' 'conv_17' <Predicate = (!icmp_ln10_18)> <Delay = 6.67> <CoreInst = "Int2Float">   --->   Core 62 'Int2Float' <Latency = 3> <II = 1> <Delay = 6.67> <FuncUnit> <Opcode : 'sitofp' 'uitofp'> <InPorts = 1> <OutPorts = 1>

State 554 <SV = 157> <Delay = 6.70>
ST_554 : Operation 1832 [10/10] (6.70ns)   --->   "%div_17 = fdiv i32 %conv_17, i32 255" [matmul.cpp:12]   --->   Operation 1832 'fdiv' 'div_17' <Predicate = (!icmp_ln10_18)> <Delay = 6.70> <CoreInst = "FDiv">   --->   Core 20 'FDiv' <Latency = 9> <II = 1> <Delay = 6.70> <FuncUnit> <Opcode : 'fdiv' 'frem'> <InPorts = 2> <OutPorts = 1>

State 555 <SV = 158> <Delay = 6.70>
ST_555 : Operation 1833 [9/10] (6.70ns)   --->   "%div_17 = fdiv i32 %conv_17, i32 255" [matmul.cpp:12]   --->   Operation 1833 'fdiv' 'div_17' <Predicate = (!icmp_ln10_18)> <Delay = 6.70> <CoreInst = "FDiv">   --->   Core 20 'FDiv' <Latency = 9> <II = 1> <Delay = 6.70> <FuncUnit> <Opcode : 'fdiv' 'frem'> <InPorts = 2> <OutPorts = 1>

State 556 <SV = 159> <Delay = 6.70>
ST_556 : Operation 1834 [8/10] (6.70ns)   --->   "%div_17 = fdiv i32 %conv_17, i32 255" [matmul.cpp:12]   --->   Operation 1834 'fdiv' 'div_17' <Predicate = (!icmp_ln10_18)> <Delay = 6.70> <CoreInst = "FDiv">   --->   Core 20 'FDiv' <Latency = 9> <II = 1> <Delay = 6.70> <FuncUnit> <Opcode : 'fdiv' 'frem'> <InPorts = 2> <OutPorts = 1>

State 557 <SV = 160> <Delay = 6.70>
ST_557 : Operation 1835 [7/10] (6.70ns)   --->   "%div_17 = fdiv i32 %conv_17, i32 255" [matmul.cpp:12]   --->   Operation 1835 'fdiv' 'div_17' <Predicate = (!icmp_ln10_18)> <Delay = 6.70> <CoreInst = "FDiv">   --->   Core 20 'FDiv' <Latency = 9> <II = 1> <Delay = 6.70> <FuncUnit> <Opcode : 'fdiv' 'frem'> <InPorts = 2> <OutPorts = 1>

State 558 <SV = 161> <Delay = 6.70>
ST_558 : Operation 1836 [6/10] (6.70ns)   --->   "%div_17 = fdiv i32 %conv_17, i32 255" [matmul.cpp:12]   --->   Operation 1836 'fdiv' 'div_17' <Predicate = (!icmp_ln10_18)> <Delay = 6.70> <CoreInst = "FDiv">   --->   Core 20 'FDiv' <Latency = 9> <II = 1> <Delay = 6.70> <FuncUnit> <Opcode : 'fdiv' 'frem'> <InPorts = 2> <OutPorts = 1>

State 559 <SV = 162> <Delay = 6.70>
ST_559 : Operation 1837 [5/10] (6.70ns)   --->   "%div_17 = fdiv i32 %conv_17, i32 255" [matmul.cpp:12]   --->   Operation 1837 'fdiv' 'div_17' <Predicate = (!icmp_ln10_18)> <Delay = 6.70> <CoreInst = "FDiv">   --->   Core 20 'FDiv' <Latency = 9> <II = 1> <Delay = 6.70> <FuncUnit> <Opcode : 'fdiv' 'frem'> <InPorts = 2> <OutPorts = 1>

State 560 <SV = 163> <Delay = 6.70>
ST_560 : Operation 1838 [4/10] (6.70ns)   --->   "%div_17 = fdiv i32 %conv_17, i32 255" [matmul.cpp:12]   --->   Operation 1838 'fdiv' 'div_17' <Predicate = (!icmp_ln10_18)> <Delay = 6.70> <CoreInst = "FDiv">   --->   Core 20 'FDiv' <Latency = 9> <II = 1> <Delay = 6.70> <FuncUnit> <Opcode : 'fdiv' 'frem'> <InPorts = 2> <OutPorts = 1>

State 561 <SV = 164> <Delay = 6.70>
ST_561 : Operation 1839 [3/10] (6.70ns)   --->   "%div_17 = fdiv i32 %conv_17, i32 255" [matmul.cpp:12]   --->   Operation 1839 'fdiv' 'div_17' <Predicate = (!icmp_ln10_18)> <Delay = 6.70> <CoreInst = "FDiv">   --->   Core 20 'FDiv' <Latency = 9> <II = 1> <Delay = 6.70> <FuncUnit> <Opcode : 'fdiv' 'frem'> <InPorts = 2> <OutPorts = 1>

State 562 <SV = 165> <Delay = 6.70>
ST_562 : Operation 1840 [2/10] (6.70ns)   --->   "%div_17 = fdiv i32 %conv_17, i32 255" [matmul.cpp:12]   --->   Operation 1840 'fdiv' 'div_17' <Predicate = (!icmp_ln10_18)> <Delay = 6.70> <CoreInst = "FDiv">   --->   Core 20 'FDiv' <Latency = 9> <II = 1> <Delay = 6.70> <FuncUnit> <Opcode : 'fdiv' 'frem'> <InPorts = 2> <OutPorts = 1>

State 563 <SV = 166> <Delay = 6.70>
ST_563 : Operation 1841 [1/1] (0.00ns)   --->   "%k_18_cast = zext i7 %k_18" [matmul.cpp:10]   --->   Operation 1841 'zext' 'k_18_cast' <Predicate = (!icmp_ln10_18)> <Delay = 0.00>
ST_563 : Operation 1842 [1/10] (6.70ns)   --->   "%div_17 = fdiv i32 %conv_17, i32 255" [matmul.cpp:12]   --->   Operation 1842 'fdiv' 'div_17' <Predicate = (!icmp_ln10_18)> <Delay = 6.70> <CoreInst = "FDiv">   --->   Core 20 'FDiv' <Latency = 9> <II = 1> <Delay = 6.70> <FuncUnit> <Opcode : 'fdiv' 'frem'> <InPorts = 2> <OutPorts = 1>
ST_563 : Operation 1843 [1/1] (0.00ns)   --->   "%layer1_weights_18_addr = getelementptr i32 %layer1_weights_18, i64 0, i64 %k_18_cast" [matmul.cpp:12]   --->   Operation 1843 'getelementptr' 'layer1_weights_18_addr' <Predicate = (!icmp_ln10_18)> <Delay = 0.00>
ST_563 : Operation 1844 [2/2] (1.35ns)   --->   "%layer1_weights_18_load = load i7 %layer1_weights_18_addr" [matmul.cpp:12]   --->   Operation 1844 'load' 'layer1_weights_18_load' <Predicate = (!icmp_ln10_18)> <Delay = 1.35> <CoreInst = "ROM">   --->   Core 101 'ROM' <Latency = 1> <II = 1> <Delay = 1.35> <Storage> <Opcode : 'load'> <Ports = 0> <Width = 32> <Depth = 100> <ROM>

State 564 <SV = 167> <Delay = 6.02>
ST_564 : Operation 1845 [1/2] (1.35ns)   --->   "%layer1_weights_18_load = load i7 %layer1_weights_18_addr" [matmul.cpp:12]   --->   Operation 1845 'load' 'layer1_weights_18_load' <Predicate = (!icmp_ln10_18)> <Delay = 1.35> <CoreInst = "ROM">   --->   Core 101 'ROM' <Latency = 1> <II = 1> <Delay = 1.35> <Storage> <Opcode : 'load'> <Ports = 0> <Width = 32> <Depth = 100> <ROM>
ST_564 : Operation 1846 [4/4] (4.67ns)   --->   "%mul_17 = fmul i32 %div_17, i32 %layer1_weights_18_load" [matmul.cpp:12]   --->   Operation 1846 'fmul' 'mul_17' <Predicate = (!icmp_ln10_18)> <Delay = 4.67> <CoreInst = "FMul_maxdsp">   --->   Core 30 'FMul_maxdsp' <Latency = 3> <II = 1> <Delay = 4.67> <FuncUnit> <Opcode : 'fmul'> <InPorts = 2> <OutPorts = 1>

State 565 <SV = 168> <Delay = 4.67>
ST_565 : Operation 1847 [3/4] (4.67ns)   --->   "%mul_17 = fmul i32 %div_17, i32 %layer1_weights_18_load" [matmul.cpp:12]   --->   Operation 1847 'fmul' 'mul_17' <Predicate = (!icmp_ln10_18)> <Delay = 4.67> <CoreInst = "FMul_maxdsp">   --->   Core 30 'FMul_maxdsp' <Latency = 3> <II = 1> <Delay = 4.67> <FuncUnit> <Opcode : 'fmul'> <InPorts = 2> <OutPorts = 1>

State 566 <SV = 169> <Delay = 4.67>
ST_566 : Operation 1848 [2/4] (4.67ns)   --->   "%mul_17 = fmul i32 %div_17, i32 %layer1_weights_18_load" [matmul.cpp:12]   --->   Operation 1848 'fmul' 'mul_17' <Predicate = (!icmp_ln10_18)> <Delay = 4.67> <CoreInst = "FMul_maxdsp">   --->   Core 30 'FMul_maxdsp' <Latency = 3> <II = 1> <Delay = 4.67> <FuncUnit> <Opcode : 'fmul'> <InPorts = 2> <OutPorts = 1>

State 567 <SV = 170> <Delay = 4.67>
ST_567 : Operation 1849 [1/4] (4.67ns)   --->   "%mul_17 = fmul i32 %div_17, i32 %layer1_weights_18_load" [matmul.cpp:12]   --->   Operation 1849 'fmul' 'mul_17' <Predicate = (!icmp_ln10_18)> <Delay = 4.67> <CoreInst = "FMul_maxdsp">   --->   Core 30 'FMul_maxdsp' <Latency = 3> <II = 1> <Delay = 4.67> <FuncUnit> <Opcode : 'fmul'> <InPorts = 2> <OutPorts = 1>

State 568 <SV = 171> <Delay = 6.34>
ST_568 : Operation 1850 [1/1] (0.86ns)   --->   "%icmp_ln12_18 = icmp_eq  i7 %add_ln10_18, i7 100" [matmul.cpp:12]   --->   Operation 1850 'icmp' 'icmp_ln12_18' <Predicate = (!icmp_ln10_18)> <Delay = 0.86> <CoreInst = "Cmp">   --->   Core 9 'Cmp' <Latency = 0> <II = 1> <Delay = 0.86> <FuncUnit> <Opcode : 'icmp'> <InPorts = 2> <OutPorts = 1>
ST_568 : Operation 1851 [3/3] (5.48ns)   --->   "%sum_37 = facc i32 @_ssdm_op_FACC, i32 %mul_17, i1 %icmp_ln12_18" [matmul.cpp:12]   --->   Operation 1851 'facc' 'sum_37' <Predicate = (!icmp_ln10_18)> <Delay = 5.48> <CoreInst = "FAcc_nodsp">   --->   Core 11 'FAcc_nodsp' <Latency = 2> <II = 1> <Delay = 5.48> <FuncUnit> <Opcode : 'facc'> <InPorts = 2> <OutPorts = 1>

State 569 <SV = 172> <Delay = 5.48>
ST_569 : Operation 1852 [2/3] (5.48ns)   --->   "%sum_37 = facc i32 @_ssdm_op_FACC, i32 %mul_17, i1 %icmp_ln12_18" [matmul.cpp:12]   --->   Operation 1852 'facc' 'sum_37' <Predicate = (!icmp_ln10_18)> <Delay = 5.48> <CoreInst = "FAcc_nodsp">   --->   Core 11 'FAcc_nodsp' <Latency = 2> <II = 1> <Delay = 5.48> <FuncUnit> <Opcode : 'facc'> <InPorts = 2> <OutPorts = 1>

State 570 <SV = 173> <Delay = 5.48>
ST_570 : Operation 1853 [1/1] (0.00ns)   --->   "%specloopname_ln8 = specloopname void @_ssdm_op_SpecLoopName, void @empty_9" [matmul.cpp:8]   --->   Operation 1853 'specloopname' 'specloopname_ln8' <Predicate = (!icmp_ln10_18)> <Delay = 0.00>
ST_570 : Operation 1854 [1/3] (5.48ns)   --->   "%sum_37 = facc i32 @_ssdm_op_FACC, i32 %mul_17, i1 %icmp_ln12_18" [matmul.cpp:12]   --->   Operation 1854 'facc' 'sum_37' <Predicate = (!icmp_ln10_18)> <Delay = 5.48> <CoreInst = "FAcc_nodsp">   --->   Core 11 'FAcc_nodsp' <Latency = 2> <II = 1> <Delay = 5.48> <FuncUnit> <Opcode : 'facc'> <InPorts = 2> <OutPorts = 1>
ST_570 : Operation 1855 [1/1] (0.00ns)   --->   "%br_ln0 = br void"   --->   Operation 1855 'br' 'br_ln0' <Predicate = (!icmp_ln10_18)> <Delay = 0.00>

State 571 <SV = 152> <Delay = 7.30>
ST_571 : Operation 1856 [1/1] (0.00ns)   --->   "%output_0_addr_18 = getelementptr i32 %output_0, i64 0, i64 18" [matmul.cpp:14]   --->   Operation 1856 'getelementptr' 'output_0_addr_18' <Predicate = true> <Delay = 0.00>
ST_571 : Operation 1857 [1/1] (1.35ns)   --->   "%store_ln14 = store i32 %sum_36, i5 %output_0_addr_18" [matmul.cpp:14]   --->   Operation 1857 'store' 'store_ln14' <Predicate = true> <Delay = 1.35> <CoreInst = "RAM">   --->   Core 83 'RAM' <Latency = 1> <II = 1> <Delay = 1.35> <Storage> <Opcode : 'load' 'store'> <Ports = 2> <Width = 32> <Depth = 32> <RAM>
ST_571 : Operation 1858 [7/7] (7.30ns)   --->   "%AXI_DATA_addr_32_rd_req562 = readreq i1 @_ssdm_op_ReadReq.m_axi.i8P1A, i8 %AXI_DATA_addr, i32 100" [matmul.cpp:12]   --->   Operation 1858 'readreq' 'AXI_DATA_addr_32_rd_req562' <Predicate = true> <Delay = 7.30> <CoreInst = "m_axi">   --->   Core 121 'm_axi' <Latency = 6> <II = 1> <Delay = 1.00> <Adapter> <Opcode : 'read' 'write' 'readreq' 'writereq' 'writeresp'>

State 572 <SV = 153> <Delay = 7.30>
ST_572 : Operation 1859 [6/7] (7.30ns)   --->   "%AXI_DATA_addr_32_rd_req562 = readreq i1 @_ssdm_op_ReadReq.m_axi.i8P1A, i8 %AXI_DATA_addr, i32 100" [matmul.cpp:12]   --->   Operation 1859 'readreq' 'AXI_DATA_addr_32_rd_req562' <Predicate = true> <Delay = 7.30> <CoreInst = "m_axi">   --->   Core 121 'm_axi' <Latency = 6> <II = 1> <Delay = 1.00> <Adapter> <Opcode : 'read' 'write' 'readreq' 'writereq' 'writeresp'>

State 573 <SV = 154> <Delay = 7.30>
ST_573 : Operation 1860 [5/7] (7.30ns)   --->   "%AXI_DATA_addr_32_rd_req562 = readreq i1 @_ssdm_op_ReadReq.m_axi.i8P1A, i8 %AXI_DATA_addr, i32 100" [matmul.cpp:12]   --->   Operation 1860 'readreq' 'AXI_DATA_addr_32_rd_req562' <Predicate = true> <Delay = 7.30> <CoreInst = "m_axi">   --->   Core 121 'm_axi' <Latency = 6> <II = 1> <Delay = 1.00> <Adapter> <Opcode : 'read' 'write' 'readreq' 'writereq' 'writeresp'>

State 574 <SV = 155> <Delay = 7.30>
ST_574 : Operation 1861 [4/7] (7.30ns)   --->   "%AXI_DATA_addr_32_rd_req562 = readreq i1 @_ssdm_op_ReadReq.m_axi.i8P1A, i8 %AXI_DATA_addr, i32 100" [matmul.cpp:12]   --->   Operation 1861 'readreq' 'AXI_DATA_addr_32_rd_req562' <Predicate = true> <Delay = 7.30> <CoreInst = "m_axi">   --->   Core 121 'm_axi' <Latency = 6> <II = 1> <Delay = 1.00> <Adapter> <Opcode : 'read' 'write' 'readreq' 'writereq' 'writeresp'>

State 575 <SV = 156> <Delay = 7.30>
ST_575 : Operation 1862 [3/7] (7.30ns)   --->   "%AXI_DATA_addr_32_rd_req562 = readreq i1 @_ssdm_op_ReadReq.m_axi.i8P1A, i8 %AXI_DATA_addr, i32 100" [matmul.cpp:12]   --->   Operation 1862 'readreq' 'AXI_DATA_addr_32_rd_req562' <Predicate = true> <Delay = 7.30> <CoreInst = "m_axi">   --->   Core 121 'm_axi' <Latency = 6> <II = 1> <Delay = 1.00> <Adapter> <Opcode : 'read' 'write' 'readreq' 'writereq' 'writeresp'>

State 576 <SV = 157> <Delay = 7.30>
ST_576 : Operation 1863 [2/7] (7.30ns)   --->   "%AXI_DATA_addr_32_rd_req562 = readreq i1 @_ssdm_op_ReadReq.m_axi.i8P1A, i8 %AXI_DATA_addr, i32 100" [matmul.cpp:12]   --->   Operation 1863 'readreq' 'AXI_DATA_addr_32_rd_req562' <Predicate = true> <Delay = 7.30> <CoreInst = "m_axi">   --->   Core 121 'm_axi' <Latency = 6> <II = 1> <Delay = 1.00> <Adapter> <Opcode : 'read' 'write' 'readreq' 'writereq' 'writeresp'>

State 577 <SV = 158> <Delay = 7.30>
ST_577 : Operation 1864 [1/7] (7.30ns)   --->   "%AXI_DATA_addr_32_rd_req562 = readreq i1 @_ssdm_op_ReadReq.m_axi.i8P1A, i8 %AXI_DATA_addr, i32 100" [matmul.cpp:12]   --->   Operation 1864 'readreq' 'AXI_DATA_addr_32_rd_req562' <Predicate = true> <Delay = 7.30> <CoreInst = "m_axi">   --->   Core 121 'm_axi' <Latency = 6> <II = 1> <Delay = 1.00> <Adapter> <Opcode : 'read' 'write' 'readreq' 'writereq' 'writeresp'>
ST_577 : Operation 1865 [1/1] (0.48ns)   --->   "%br_ln10 = br void" [matmul.cpp:10]   --->   Operation 1865 'br' 'br_ln10' <Predicate = true> <Delay = 0.48>

State 578 <SV = 159> <Delay = 0.89>
ST_578 : Operation 1866 [1/1] (0.00ns)   --->   "%k_19 = phi i7 %add_ln10_19, void %.split25, i7 0, void" [matmul.cpp:10]   --->   Operation 1866 'phi' 'k_19' <Predicate = true> <Delay = 0.00>
ST_578 : Operation 1867 [1/1] (0.00ns)   --->   "%sum_38 = phi i32 %sum_39, void %.split25, i32 0, void"   --->   Operation 1867 'phi' 'sum_38' <Predicate = true> <Delay = 0.00>
ST_578 : Operation 1868 [1/1] (0.89ns)   --->   "%add_ln10_19 = add i7 %k_19, i7 1" [matmul.cpp:10]   --->   Operation 1868 'add' 'add_ln10_19' <Predicate = true> <Delay = 0.89> <CoreInst = "Adder">   --->   Core 1 'Adder' <Latency = 0> <II = 1> <Delay = 0.89> <FuncUnit> <Opcode : 'add' 'sub'> <InPorts = 2> <OutPorts = 1>
ST_578 : Operation 1869 [1/1] (0.00ns)   --->   "%specpipeline_ln0 = specpipeline void @_ssdm_op_SpecPipeline, i32 4294967295, i32 0, i32 1, i32 0, void @p_str"   --->   Operation 1869 'specpipeline' 'specpipeline_ln0' <Predicate = true> <Delay = 0.00>
ST_578 : Operation 1870 [1/1] (0.86ns)   --->   "%icmp_ln10_19 = icmp_eq  i7 %k_19, i7 100" [matmul.cpp:10]   --->   Operation 1870 'icmp' 'icmp_ln10_19' <Predicate = true> <Delay = 0.86> <CoreInst = "Cmp">   --->   Core 9 'Cmp' <Latency = 0> <II = 1> <Delay = 0.86> <FuncUnit> <Opcode : 'icmp'> <InPorts = 2> <OutPorts = 1>
ST_578 : Operation 1871 [1/1] (0.00ns)   --->   "%empty_53 = speclooptripcount i32 @_ssdm_op_SpecLoopTripCount, i64 100, i64 100, i64 100"   --->   Operation 1871 'speclooptripcount' 'empty_53' <Predicate = true> <Delay = 0.00>
ST_578 : Operation 1872 [1/1] (0.00ns)   --->   "%br_ln10 = br i1 %icmp_ln10_19, void %.split25, void" [matmul.cpp:10]   --->   Operation 1872 'br' 'br_ln10' <Predicate = true> <Delay = 0.00>

State 579 <SV = 160> <Delay = 7.30>
ST_579 : Operation 1873 [1/1] (7.30ns)   --->   "%AXI_DATA_addr_read_19 = read i8 @_ssdm_op_Read.m_axi.i8P1A, i8 %AXI_DATA_addr" [matmul.cpp:12]   --->   Operation 1873 'read' 'AXI_DATA_addr_read_19' <Predicate = (!icmp_ln10_19)> <Delay = 7.30> <CoreInst = "m_axi">   --->   Core 121 'm_axi' <Latency = 6> <II = 1> <Delay = 1.00> <Adapter> <Opcode : 'read' 'write' 'readreq' 'writereq' 'writeresp'>

State 580 <SV = 161> <Delay = 6.67>
ST_580 : Operation 1874 [1/1] (0.00ns)   --->   "%zext_ln12_19 = zext i8 %AXI_DATA_addr_read_19" [matmul.cpp:12]   --->   Operation 1874 'zext' 'zext_ln12_19' <Predicate = (!icmp_ln10_19)> <Delay = 0.00>
ST_580 : Operation 1875 [4/4] (6.67ns)   --->   "%conv_18 = uitofp i32 %zext_ln12_19" [matmul.cpp:12]   --->   Operation 1875 'uitofp' 'conv_18' <Predicate = (!icmp_ln10_19)> <Delay = 6.67> <CoreInst = "Int2Float">   --->   Core 62 'Int2Float' <Latency = 3> <II = 1> <Delay = 6.67> <FuncUnit> <Opcode : 'sitofp' 'uitofp'> <InPorts = 1> <OutPorts = 1>

State 581 <SV = 162> <Delay = 6.67>
ST_581 : Operation 1876 [3/4] (6.67ns)   --->   "%conv_18 = uitofp i32 %zext_ln12_19" [matmul.cpp:12]   --->   Operation 1876 'uitofp' 'conv_18' <Predicate = (!icmp_ln10_19)> <Delay = 6.67> <CoreInst = "Int2Float">   --->   Core 62 'Int2Float' <Latency = 3> <II = 1> <Delay = 6.67> <FuncUnit> <Opcode : 'sitofp' 'uitofp'> <InPorts = 1> <OutPorts = 1>

State 582 <SV = 163> <Delay = 6.67>
ST_582 : Operation 1877 [2/4] (6.67ns)   --->   "%conv_18 = uitofp i32 %zext_ln12_19" [matmul.cpp:12]   --->   Operation 1877 'uitofp' 'conv_18' <Predicate = (!icmp_ln10_19)> <Delay = 6.67> <CoreInst = "Int2Float">   --->   Core 62 'Int2Float' <Latency = 3> <II = 1> <Delay = 6.67> <FuncUnit> <Opcode : 'sitofp' 'uitofp'> <InPorts = 1> <OutPorts = 1>

State 583 <SV = 164> <Delay = 6.67>
ST_583 : Operation 1878 [1/4] (6.67ns)   --->   "%conv_18 = uitofp i32 %zext_ln12_19" [matmul.cpp:12]   --->   Operation 1878 'uitofp' 'conv_18' <Predicate = (!icmp_ln10_19)> <Delay = 6.67> <CoreInst = "Int2Float">   --->   Core 62 'Int2Float' <Latency = 3> <II = 1> <Delay = 6.67> <FuncUnit> <Opcode : 'sitofp' 'uitofp'> <InPorts = 1> <OutPorts = 1>

State 584 <SV = 165> <Delay = 6.70>
ST_584 : Operation 1879 [10/10] (6.70ns)   --->   "%div_18 = fdiv i32 %conv_18, i32 255" [matmul.cpp:12]   --->   Operation 1879 'fdiv' 'div_18' <Predicate = (!icmp_ln10_19)> <Delay = 6.70> <CoreInst = "FDiv">   --->   Core 20 'FDiv' <Latency = 9> <II = 1> <Delay = 6.70> <FuncUnit> <Opcode : 'fdiv' 'frem'> <InPorts = 2> <OutPorts = 1>

State 585 <SV = 166> <Delay = 6.70>
ST_585 : Operation 1880 [9/10] (6.70ns)   --->   "%div_18 = fdiv i32 %conv_18, i32 255" [matmul.cpp:12]   --->   Operation 1880 'fdiv' 'div_18' <Predicate = (!icmp_ln10_19)> <Delay = 6.70> <CoreInst = "FDiv">   --->   Core 20 'FDiv' <Latency = 9> <II = 1> <Delay = 6.70> <FuncUnit> <Opcode : 'fdiv' 'frem'> <InPorts = 2> <OutPorts = 1>

State 586 <SV = 167> <Delay = 6.70>
ST_586 : Operation 1881 [8/10] (6.70ns)   --->   "%div_18 = fdiv i32 %conv_18, i32 255" [matmul.cpp:12]   --->   Operation 1881 'fdiv' 'div_18' <Predicate = (!icmp_ln10_19)> <Delay = 6.70> <CoreInst = "FDiv">   --->   Core 20 'FDiv' <Latency = 9> <II = 1> <Delay = 6.70> <FuncUnit> <Opcode : 'fdiv' 'frem'> <InPorts = 2> <OutPorts = 1>

State 587 <SV = 168> <Delay = 6.70>
ST_587 : Operation 1882 [7/10] (6.70ns)   --->   "%div_18 = fdiv i32 %conv_18, i32 255" [matmul.cpp:12]   --->   Operation 1882 'fdiv' 'div_18' <Predicate = (!icmp_ln10_19)> <Delay = 6.70> <CoreInst = "FDiv">   --->   Core 20 'FDiv' <Latency = 9> <II = 1> <Delay = 6.70> <FuncUnit> <Opcode : 'fdiv' 'frem'> <InPorts = 2> <OutPorts = 1>

State 588 <SV = 169> <Delay = 6.70>
ST_588 : Operation 1883 [6/10] (6.70ns)   --->   "%div_18 = fdiv i32 %conv_18, i32 255" [matmul.cpp:12]   --->   Operation 1883 'fdiv' 'div_18' <Predicate = (!icmp_ln10_19)> <Delay = 6.70> <CoreInst = "FDiv">   --->   Core 20 'FDiv' <Latency = 9> <II = 1> <Delay = 6.70> <FuncUnit> <Opcode : 'fdiv' 'frem'> <InPorts = 2> <OutPorts = 1>

State 589 <SV = 170> <Delay = 6.70>
ST_589 : Operation 1884 [5/10] (6.70ns)   --->   "%div_18 = fdiv i32 %conv_18, i32 255" [matmul.cpp:12]   --->   Operation 1884 'fdiv' 'div_18' <Predicate = (!icmp_ln10_19)> <Delay = 6.70> <CoreInst = "FDiv">   --->   Core 20 'FDiv' <Latency = 9> <II = 1> <Delay = 6.70> <FuncUnit> <Opcode : 'fdiv' 'frem'> <InPorts = 2> <OutPorts = 1>

State 590 <SV = 171> <Delay = 6.70>
ST_590 : Operation 1885 [4/10] (6.70ns)   --->   "%div_18 = fdiv i32 %conv_18, i32 255" [matmul.cpp:12]   --->   Operation 1885 'fdiv' 'div_18' <Predicate = (!icmp_ln10_19)> <Delay = 6.70> <CoreInst = "FDiv">   --->   Core 20 'FDiv' <Latency = 9> <II = 1> <Delay = 6.70> <FuncUnit> <Opcode : 'fdiv' 'frem'> <InPorts = 2> <OutPorts = 1>

State 591 <SV = 172> <Delay = 6.70>
ST_591 : Operation 1886 [3/10] (6.70ns)   --->   "%div_18 = fdiv i32 %conv_18, i32 255" [matmul.cpp:12]   --->   Operation 1886 'fdiv' 'div_18' <Predicate = (!icmp_ln10_19)> <Delay = 6.70> <CoreInst = "FDiv">   --->   Core 20 'FDiv' <Latency = 9> <II = 1> <Delay = 6.70> <FuncUnit> <Opcode : 'fdiv' 'frem'> <InPorts = 2> <OutPorts = 1>

State 592 <SV = 173> <Delay = 6.70>
ST_592 : Operation 1887 [2/10] (6.70ns)   --->   "%div_18 = fdiv i32 %conv_18, i32 255" [matmul.cpp:12]   --->   Operation 1887 'fdiv' 'div_18' <Predicate = (!icmp_ln10_19)> <Delay = 6.70> <CoreInst = "FDiv">   --->   Core 20 'FDiv' <Latency = 9> <II = 1> <Delay = 6.70> <FuncUnit> <Opcode : 'fdiv' 'frem'> <InPorts = 2> <OutPorts = 1>

State 593 <SV = 174> <Delay = 6.70>
ST_593 : Operation 1888 [1/1] (0.00ns)   --->   "%k_19_cast = zext i7 %k_19" [matmul.cpp:10]   --->   Operation 1888 'zext' 'k_19_cast' <Predicate = (!icmp_ln10_19)> <Delay = 0.00>
ST_593 : Operation 1889 [1/10] (6.70ns)   --->   "%div_18 = fdiv i32 %conv_18, i32 255" [matmul.cpp:12]   --->   Operation 1889 'fdiv' 'div_18' <Predicate = (!icmp_ln10_19)> <Delay = 6.70> <CoreInst = "FDiv">   --->   Core 20 'FDiv' <Latency = 9> <II = 1> <Delay = 6.70> <FuncUnit> <Opcode : 'fdiv' 'frem'> <InPorts = 2> <OutPorts = 1>
ST_593 : Operation 1890 [1/1] (0.00ns)   --->   "%layer1_weights_19_addr = getelementptr i32 %layer1_weights_19, i64 0, i64 %k_19_cast" [matmul.cpp:12]   --->   Operation 1890 'getelementptr' 'layer1_weights_19_addr' <Predicate = (!icmp_ln10_19)> <Delay = 0.00>
ST_593 : Operation 1891 [2/2] (1.35ns)   --->   "%layer1_weights_19_load = load i7 %layer1_weights_19_addr" [matmul.cpp:12]   --->   Operation 1891 'load' 'layer1_weights_19_load' <Predicate = (!icmp_ln10_19)> <Delay = 1.35> <CoreInst = "ROM">   --->   Core 101 'ROM' <Latency = 1> <II = 1> <Delay = 1.35> <Storage> <Opcode : 'load'> <Ports = 0> <Width = 32> <Depth = 100> <ROM>

State 594 <SV = 175> <Delay = 6.02>
ST_594 : Operation 1892 [1/2] (1.35ns)   --->   "%layer1_weights_19_load = load i7 %layer1_weights_19_addr" [matmul.cpp:12]   --->   Operation 1892 'load' 'layer1_weights_19_load' <Predicate = (!icmp_ln10_19)> <Delay = 1.35> <CoreInst = "ROM">   --->   Core 101 'ROM' <Latency = 1> <II = 1> <Delay = 1.35> <Storage> <Opcode : 'load'> <Ports = 0> <Width = 32> <Depth = 100> <ROM>
ST_594 : Operation 1893 [4/4] (4.67ns)   --->   "%mul_18 = fmul i32 %div_18, i32 %layer1_weights_19_load" [matmul.cpp:12]   --->   Operation 1893 'fmul' 'mul_18' <Predicate = (!icmp_ln10_19)> <Delay = 4.67> <CoreInst = "FMul_maxdsp">   --->   Core 30 'FMul_maxdsp' <Latency = 3> <II = 1> <Delay = 4.67> <FuncUnit> <Opcode : 'fmul'> <InPorts = 2> <OutPorts = 1>

State 595 <SV = 176> <Delay = 4.67>
ST_595 : Operation 1894 [3/4] (4.67ns)   --->   "%mul_18 = fmul i32 %div_18, i32 %layer1_weights_19_load" [matmul.cpp:12]   --->   Operation 1894 'fmul' 'mul_18' <Predicate = (!icmp_ln10_19)> <Delay = 4.67> <CoreInst = "FMul_maxdsp">   --->   Core 30 'FMul_maxdsp' <Latency = 3> <II = 1> <Delay = 4.67> <FuncUnit> <Opcode : 'fmul'> <InPorts = 2> <OutPorts = 1>

State 596 <SV = 177> <Delay = 4.67>
ST_596 : Operation 1895 [2/4] (4.67ns)   --->   "%mul_18 = fmul i32 %div_18, i32 %layer1_weights_19_load" [matmul.cpp:12]   --->   Operation 1895 'fmul' 'mul_18' <Predicate = (!icmp_ln10_19)> <Delay = 4.67> <CoreInst = "FMul_maxdsp">   --->   Core 30 'FMul_maxdsp' <Latency = 3> <II = 1> <Delay = 4.67> <FuncUnit> <Opcode : 'fmul'> <InPorts = 2> <OutPorts = 1>

State 597 <SV = 178> <Delay = 4.67>
ST_597 : Operation 1896 [1/4] (4.67ns)   --->   "%mul_18 = fmul i32 %div_18, i32 %layer1_weights_19_load" [matmul.cpp:12]   --->   Operation 1896 'fmul' 'mul_18' <Predicate = (!icmp_ln10_19)> <Delay = 4.67> <CoreInst = "FMul_maxdsp">   --->   Core 30 'FMul_maxdsp' <Latency = 3> <II = 1> <Delay = 4.67> <FuncUnit> <Opcode : 'fmul'> <InPorts = 2> <OutPorts = 1>

State 598 <SV = 179> <Delay = 6.34>
ST_598 : Operation 1897 [1/1] (0.86ns)   --->   "%icmp_ln12_19 = icmp_eq  i7 %add_ln10_19, i7 100" [matmul.cpp:12]   --->   Operation 1897 'icmp' 'icmp_ln12_19' <Predicate = (!icmp_ln10_19)> <Delay = 0.86> <CoreInst = "Cmp">   --->   Core 9 'Cmp' <Latency = 0> <II = 1> <Delay = 0.86> <FuncUnit> <Opcode : 'icmp'> <InPorts = 2> <OutPorts = 1>
ST_598 : Operation 1898 [3/3] (5.48ns)   --->   "%sum_39 = facc i32 @_ssdm_op_FACC, i32 %mul_18, i1 %icmp_ln12_19" [matmul.cpp:12]   --->   Operation 1898 'facc' 'sum_39' <Predicate = (!icmp_ln10_19)> <Delay = 5.48> <CoreInst = "FAcc_nodsp">   --->   Core 11 'FAcc_nodsp' <Latency = 2> <II = 1> <Delay = 5.48> <FuncUnit> <Opcode : 'facc'> <InPorts = 2> <OutPorts = 1>

State 599 <SV = 180> <Delay = 5.48>
ST_599 : Operation 1899 [2/3] (5.48ns)   --->   "%sum_39 = facc i32 @_ssdm_op_FACC, i32 %mul_18, i1 %icmp_ln12_19" [matmul.cpp:12]   --->   Operation 1899 'facc' 'sum_39' <Predicate = (!icmp_ln10_19)> <Delay = 5.48> <CoreInst = "FAcc_nodsp">   --->   Core 11 'FAcc_nodsp' <Latency = 2> <II = 1> <Delay = 5.48> <FuncUnit> <Opcode : 'facc'> <InPorts = 2> <OutPorts = 1>

State 600 <SV = 181> <Delay = 5.48>
ST_600 : Operation 1900 [1/1] (0.00ns)   --->   "%specloopname_ln8 = specloopname void @_ssdm_op_SpecLoopName, void @empty_9" [matmul.cpp:8]   --->   Operation 1900 'specloopname' 'specloopname_ln8' <Predicate = (!icmp_ln10_19)> <Delay = 0.00>
ST_600 : Operation 1901 [1/3] (5.48ns)   --->   "%sum_39 = facc i32 @_ssdm_op_FACC, i32 %mul_18, i1 %icmp_ln12_19" [matmul.cpp:12]   --->   Operation 1901 'facc' 'sum_39' <Predicate = (!icmp_ln10_19)> <Delay = 5.48> <CoreInst = "FAcc_nodsp">   --->   Core 11 'FAcc_nodsp' <Latency = 2> <II = 1> <Delay = 5.48> <FuncUnit> <Opcode : 'facc'> <InPorts = 2> <OutPorts = 1>
ST_600 : Operation 1902 [1/1] (0.00ns)   --->   "%br_ln0 = br void"   --->   Operation 1902 'br' 'br_ln0' <Predicate = (!icmp_ln10_19)> <Delay = 0.00>

State 601 <SV = 160> <Delay = 7.30>
ST_601 : Operation 1903 [1/1] (0.00ns)   --->   "%output_0_addr_19 = getelementptr i32 %output_0, i64 0, i64 19" [matmul.cpp:14]   --->   Operation 1903 'getelementptr' 'output_0_addr_19' <Predicate = true> <Delay = 0.00>
ST_601 : Operation 1904 [1/1] (1.35ns)   --->   "%store_ln14 = store i32 %sum_38, i5 %output_0_addr_19" [matmul.cpp:14]   --->   Operation 1904 'store' 'store_ln14' <Predicate = true> <Delay = 1.35> <CoreInst = "RAM">   --->   Core 83 'RAM' <Latency = 1> <II = 1> <Delay = 1.35> <Storage> <Opcode : 'load' 'store'> <Ports = 2> <Width = 32> <Depth = 32> <RAM>
ST_601 : Operation 1905 [7/7] (7.30ns)   --->   "%AXI_DATA_addr_32_rd_req563 = readreq i1 @_ssdm_op_ReadReq.m_axi.i8P1A, i8 %AXI_DATA_addr, i32 100" [matmul.cpp:12]   --->   Operation 1905 'readreq' 'AXI_DATA_addr_32_rd_req563' <Predicate = true> <Delay = 7.30> <CoreInst = "m_axi">   --->   Core 121 'm_axi' <Latency = 6> <II = 1> <Delay = 1.00> <Adapter> <Opcode : 'read' 'write' 'readreq' 'writereq' 'writeresp'>

State 602 <SV = 161> <Delay = 7.30>
ST_602 : Operation 1906 [6/7] (7.30ns)   --->   "%AXI_DATA_addr_32_rd_req563 = readreq i1 @_ssdm_op_ReadReq.m_axi.i8P1A, i8 %AXI_DATA_addr, i32 100" [matmul.cpp:12]   --->   Operation 1906 'readreq' 'AXI_DATA_addr_32_rd_req563' <Predicate = true> <Delay = 7.30> <CoreInst = "m_axi">   --->   Core 121 'm_axi' <Latency = 6> <II = 1> <Delay = 1.00> <Adapter> <Opcode : 'read' 'write' 'readreq' 'writereq' 'writeresp'>

State 603 <SV = 162> <Delay = 7.30>
ST_603 : Operation 1907 [5/7] (7.30ns)   --->   "%AXI_DATA_addr_32_rd_req563 = readreq i1 @_ssdm_op_ReadReq.m_axi.i8P1A, i8 %AXI_DATA_addr, i32 100" [matmul.cpp:12]   --->   Operation 1907 'readreq' 'AXI_DATA_addr_32_rd_req563' <Predicate = true> <Delay = 7.30> <CoreInst = "m_axi">   --->   Core 121 'm_axi' <Latency = 6> <II = 1> <Delay = 1.00> <Adapter> <Opcode : 'read' 'write' 'readreq' 'writereq' 'writeresp'>

State 604 <SV = 163> <Delay = 7.30>
ST_604 : Operation 1908 [4/7] (7.30ns)   --->   "%AXI_DATA_addr_32_rd_req563 = readreq i1 @_ssdm_op_ReadReq.m_axi.i8P1A, i8 %AXI_DATA_addr, i32 100" [matmul.cpp:12]   --->   Operation 1908 'readreq' 'AXI_DATA_addr_32_rd_req563' <Predicate = true> <Delay = 7.30> <CoreInst = "m_axi">   --->   Core 121 'm_axi' <Latency = 6> <II = 1> <Delay = 1.00> <Adapter> <Opcode : 'read' 'write' 'readreq' 'writereq' 'writeresp'>

State 605 <SV = 164> <Delay = 7.30>
ST_605 : Operation 1909 [3/7] (7.30ns)   --->   "%AXI_DATA_addr_32_rd_req563 = readreq i1 @_ssdm_op_ReadReq.m_axi.i8P1A, i8 %AXI_DATA_addr, i32 100" [matmul.cpp:12]   --->   Operation 1909 'readreq' 'AXI_DATA_addr_32_rd_req563' <Predicate = true> <Delay = 7.30> <CoreInst = "m_axi">   --->   Core 121 'm_axi' <Latency = 6> <II = 1> <Delay = 1.00> <Adapter> <Opcode : 'read' 'write' 'readreq' 'writereq' 'writeresp'>

State 606 <SV = 165> <Delay = 7.30>
ST_606 : Operation 1910 [2/7] (7.30ns)   --->   "%AXI_DATA_addr_32_rd_req563 = readreq i1 @_ssdm_op_ReadReq.m_axi.i8P1A, i8 %AXI_DATA_addr, i32 100" [matmul.cpp:12]   --->   Operation 1910 'readreq' 'AXI_DATA_addr_32_rd_req563' <Predicate = true> <Delay = 7.30> <CoreInst = "m_axi">   --->   Core 121 'm_axi' <Latency = 6> <II = 1> <Delay = 1.00> <Adapter> <Opcode : 'read' 'write' 'readreq' 'writereq' 'writeresp'>

State 607 <SV = 166> <Delay = 7.30>
ST_607 : Operation 1911 [1/7] (7.30ns)   --->   "%AXI_DATA_addr_32_rd_req563 = readreq i1 @_ssdm_op_ReadReq.m_axi.i8P1A, i8 %AXI_DATA_addr, i32 100" [matmul.cpp:12]   --->   Operation 1911 'readreq' 'AXI_DATA_addr_32_rd_req563' <Predicate = true> <Delay = 7.30> <CoreInst = "m_axi">   --->   Core 121 'm_axi' <Latency = 6> <II = 1> <Delay = 1.00> <Adapter> <Opcode : 'read' 'write' 'readreq' 'writereq' 'writeresp'>
ST_607 : Operation 1912 [1/1] (0.48ns)   --->   "%br_ln10 = br void" [matmul.cpp:10]   --->   Operation 1912 'br' 'br_ln10' <Predicate = true> <Delay = 0.48>

State 608 <SV = 167> <Delay = 0.89>
ST_608 : Operation 1913 [1/1] (0.00ns)   --->   "%k_20 = phi i7 %add_ln10_20, void %.split23, i7 0, void" [matmul.cpp:10]   --->   Operation 1913 'phi' 'k_20' <Predicate = true> <Delay = 0.00>
ST_608 : Operation 1914 [1/1] (0.00ns)   --->   "%sum_40 = phi i32 %sum_41, void %.split23, i32 0, void"   --->   Operation 1914 'phi' 'sum_40' <Predicate = true> <Delay = 0.00>
ST_608 : Operation 1915 [1/1] (0.89ns)   --->   "%add_ln10_20 = add i7 %k_20, i7 1" [matmul.cpp:10]   --->   Operation 1915 'add' 'add_ln10_20' <Predicate = true> <Delay = 0.89> <CoreInst = "Adder">   --->   Core 1 'Adder' <Latency = 0> <II = 1> <Delay = 0.89> <FuncUnit> <Opcode : 'add' 'sub'> <InPorts = 2> <OutPorts = 1>
ST_608 : Operation 1916 [1/1] (0.00ns)   --->   "%specpipeline_ln0 = specpipeline void @_ssdm_op_SpecPipeline, i32 4294967295, i32 0, i32 1, i32 0, void @p_str"   --->   Operation 1916 'specpipeline' 'specpipeline_ln0' <Predicate = true> <Delay = 0.00>
ST_608 : Operation 1917 [1/1] (0.86ns)   --->   "%icmp_ln10_20 = icmp_eq  i7 %k_20, i7 100" [matmul.cpp:10]   --->   Operation 1917 'icmp' 'icmp_ln10_20' <Predicate = true> <Delay = 0.86> <CoreInst = "Cmp">   --->   Core 9 'Cmp' <Latency = 0> <II = 1> <Delay = 0.86> <FuncUnit> <Opcode : 'icmp'> <InPorts = 2> <OutPorts = 1>
ST_608 : Operation 1918 [1/1] (0.00ns)   --->   "%empty_54 = speclooptripcount i32 @_ssdm_op_SpecLoopTripCount, i64 100, i64 100, i64 100"   --->   Operation 1918 'speclooptripcount' 'empty_54' <Predicate = true> <Delay = 0.00>
ST_608 : Operation 1919 [1/1] (0.00ns)   --->   "%br_ln10 = br i1 %icmp_ln10_20, void %.split23, void" [matmul.cpp:10]   --->   Operation 1919 'br' 'br_ln10' <Predicate = true> <Delay = 0.00>

State 609 <SV = 168> <Delay = 7.30>
ST_609 : Operation 1920 [1/1] (7.30ns)   --->   "%AXI_DATA_addr_read_20 = read i8 @_ssdm_op_Read.m_axi.i8P1A, i8 %AXI_DATA_addr" [matmul.cpp:12]   --->   Operation 1920 'read' 'AXI_DATA_addr_read_20' <Predicate = (!icmp_ln10_20)> <Delay = 7.30> <CoreInst = "m_axi">   --->   Core 121 'm_axi' <Latency = 6> <II = 1> <Delay = 1.00> <Adapter> <Opcode : 'read' 'write' 'readreq' 'writereq' 'writeresp'>

State 610 <SV = 169> <Delay = 6.67>
ST_610 : Operation 1921 [1/1] (0.00ns)   --->   "%zext_ln12_20 = zext i8 %AXI_DATA_addr_read_20" [matmul.cpp:12]   --->   Operation 1921 'zext' 'zext_ln12_20' <Predicate = (!icmp_ln10_20)> <Delay = 0.00>
ST_610 : Operation 1922 [4/4] (6.67ns)   --->   "%conv_19 = uitofp i32 %zext_ln12_20" [matmul.cpp:12]   --->   Operation 1922 'uitofp' 'conv_19' <Predicate = (!icmp_ln10_20)> <Delay = 6.67> <CoreInst = "Int2Float">   --->   Core 62 'Int2Float' <Latency = 3> <II = 1> <Delay = 6.67> <FuncUnit> <Opcode : 'sitofp' 'uitofp'> <InPorts = 1> <OutPorts = 1>

State 611 <SV = 170> <Delay = 6.67>
ST_611 : Operation 1923 [3/4] (6.67ns)   --->   "%conv_19 = uitofp i32 %zext_ln12_20" [matmul.cpp:12]   --->   Operation 1923 'uitofp' 'conv_19' <Predicate = (!icmp_ln10_20)> <Delay = 6.67> <CoreInst = "Int2Float">   --->   Core 62 'Int2Float' <Latency = 3> <II = 1> <Delay = 6.67> <FuncUnit> <Opcode : 'sitofp' 'uitofp'> <InPorts = 1> <OutPorts = 1>

State 612 <SV = 171> <Delay = 6.67>
ST_612 : Operation 1924 [2/4] (6.67ns)   --->   "%conv_19 = uitofp i32 %zext_ln12_20" [matmul.cpp:12]   --->   Operation 1924 'uitofp' 'conv_19' <Predicate = (!icmp_ln10_20)> <Delay = 6.67> <CoreInst = "Int2Float">   --->   Core 62 'Int2Float' <Latency = 3> <II = 1> <Delay = 6.67> <FuncUnit> <Opcode : 'sitofp' 'uitofp'> <InPorts = 1> <OutPorts = 1>

State 613 <SV = 172> <Delay = 6.67>
ST_613 : Operation 1925 [1/4] (6.67ns)   --->   "%conv_19 = uitofp i32 %zext_ln12_20" [matmul.cpp:12]   --->   Operation 1925 'uitofp' 'conv_19' <Predicate = (!icmp_ln10_20)> <Delay = 6.67> <CoreInst = "Int2Float">   --->   Core 62 'Int2Float' <Latency = 3> <II = 1> <Delay = 6.67> <FuncUnit> <Opcode : 'sitofp' 'uitofp'> <InPorts = 1> <OutPorts = 1>

State 614 <SV = 173> <Delay = 6.70>
ST_614 : Operation 1926 [10/10] (6.70ns)   --->   "%div_19 = fdiv i32 %conv_19, i32 255" [matmul.cpp:12]   --->   Operation 1926 'fdiv' 'div_19' <Predicate = (!icmp_ln10_20)> <Delay = 6.70> <CoreInst = "FDiv">   --->   Core 20 'FDiv' <Latency = 9> <II = 1> <Delay = 6.70> <FuncUnit> <Opcode : 'fdiv' 'frem'> <InPorts = 2> <OutPorts = 1>

State 615 <SV = 174> <Delay = 6.70>
ST_615 : Operation 1927 [9/10] (6.70ns)   --->   "%div_19 = fdiv i32 %conv_19, i32 255" [matmul.cpp:12]   --->   Operation 1927 'fdiv' 'div_19' <Predicate = (!icmp_ln10_20)> <Delay = 6.70> <CoreInst = "FDiv">   --->   Core 20 'FDiv' <Latency = 9> <II = 1> <Delay = 6.70> <FuncUnit> <Opcode : 'fdiv' 'frem'> <InPorts = 2> <OutPorts = 1>

State 616 <SV = 175> <Delay = 6.70>
ST_616 : Operation 1928 [8/10] (6.70ns)   --->   "%div_19 = fdiv i32 %conv_19, i32 255" [matmul.cpp:12]   --->   Operation 1928 'fdiv' 'div_19' <Predicate = (!icmp_ln10_20)> <Delay = 6.70> <CoreInst = "FDiv">   --->   Core 20 'FDiv' <Latency = 9> <II = 1> <Delay = 6.70> <FuncUnit> <Opcode : 'fdiv' 'frem'> <InPorts = 2> <OutPorts = 1>

State 617 <SV = 176> <Delay = 6.70>
ST_617 : Operation 1929 [7/10] (6.70ns)   --->   "%div_19 = fdiv i32 %conv_19, i32 255" [matmul.cpp:12]   --->   Operation 1929 'fdiv' 'div_19' <Predicate = (!icmp_ln10_20)> <Delay = 6.70> <CoreInst = "FDiv">   --->   Core 20 'FDiv' <Latency = 9> <II = 1> <Delay = 6.70> <FuncUnit> <Opcode : 'fdiv' 'frem'> <InPorts = 2> <OutPorts = 1>

State 618 <SV = 177> <Delay = 6.70>
ST_618 : Operation 1930 [6/10] (6.70ns)   --->   "%div_19 = fdiv i32 %conv_19, i32 255" [matmul.cpp:12]   --->   Operation 1930 'fdiv' 'div_19' <Predicate = (!icmp_ln10_20)> <Delay = 6.70> <CoreInst = "FDiv">   --->   Core 20 'FDiv' <Latency = 9> <II = 1> <Delay = 6.70> <FuncUnit> <Opcode : 'fdiv' 'frem'> <InPorts = 2> <OutPorts = 1>

State 619 <SV = 178> <Delay = 6.70>
ST_619 : Operation 1931 [5/10] (6.70ns)   --->   "%div_19 = fdiv i32 %conv_19, i32 255" [matmul.cpp:12]   --->   Operation 1931 'fdiv' 'div_19' <Predicate = (!icmp_ln10_20)> <Delay = 6.70> <CoreInst = "FDiv">   --->   Core 20 'FDiv' <Latency = 9> <II = 1> <Delay = 6.70> <FuncUnit> <Opcode : 'fdiv' 'frem'> <InPorts = 2> <OutPorts = 1>

State 620 <SV = 179> <Delay = 6.70>
ST_620 : Operation 1932 [4/10] (6.70ns)   --->   "%div_19 = fdiv i32 %conv_19, i32 255" [matmul.cpp:12]   --->   Operation 1932 'fdiv' 'div_19' <Predicate = (!icmp_ln10_20)> <Delay = 6.70> <CoreInst = "FDiv">   --->   Core 20 'FDiv' <Latency = 9> <II = 1> <Delay = 6.70> <FuncUnit> <Opcode : 'fdiv' 'frem'> <InPorts = 2> <OutPorts = 1>

State 621 <SV = 180> <Delay = 6.70>
ST_621 : Operation 1933 [3/10] (6.70ns)   --->   "%div_19 = fdiv i32 %conv_19, i32 255" [matmul.cpp:12]   --->   Operation 1933 'fdiv' 'div_19' <Predicate = (!icmp_ln10_20)> <Delay = 6.70> <CoreInst = "FDiv">   --->   Core 20 'FDiv' <Latency = 9> <II = 1> <Delay = 6.70> <FuncUnit> <Opcode : 'fdiv' 'frem'> <InPorts = 2> <OutPorts = 1>

State 622 <SV = 181> <Delay = 6.70>
ST_622 : Operation 1934 [2/10] (6.70ns)   --->   "%div_19 = fdiv i32 %conv_19, i32 255" [matmul.cpp:12]   --->   Operation 1934 'fdiv' 'div_19' <Predicate = (!icmp_ln10_20)> <Delay = 6.70> <CoreInst = "FDiv">   --->   Core 20 'FDiv' <Latency = 9> <II = 1> <Delay = 6.70> <FuncUnit> <Opcode : 'fdiv' 'frem'> <InPorts = 2> <OutPorts = 1>

State 623 <SV = 182> <Delay = 6.70>
ST_623 : Operation 1935 [1/1] (0.00ns)   --->   "%k_20_cast = zext i7 %k_20" [matmul.cpp:10]   --->   Operation 1935 'zext' 'k_20_cast' <Predicate = (!icmp_ln10_20)> <Delay = 0.00>
ST_623 : Operation 1936 [1/10] (6.70ns)   --->   "%div_19 = fdiv i32 %conv_19, i32 255" [matmul.cpp:12]   --->   Operation 1936 'fdiv' 'div_19' <Predicate = (!icmp_ln10_20)> <Delay = 6.70> <CoreInst = "FDiv">   --->   Core 20 'FDiv' <Latency = 9> <II = 1> <Delay = 6.70> <FuncUnit> <Opcode : 'fdiv' 'frem'> <InPorts = 2> <OutPorts = 1>
ST_623 : Operation 1937 [1/1] (0.00ns)   --->   "%layer1_weights_20_addr = getelementptr i32 %layer1_weights_20, i64 0, i64 %k_20_cast" [matmul.cpp:12]   --->   Operation 1937 'getelementptr' 'layer1_weights_20_addr' <Predicate = (!icmp_ln10_20)> <Delay = 0.00>
ST_623 : Operation 1938 [2/2] (1.35ns)   --->   "%layer1_weights_20_load = load i7 %layer1_weights_20_addr" [matmul.cpp:12]   --->   Operation 1938 'load' 'layer1_weights_20_load' <Predicate = (!icmp_ln10_20)> <Delay = 1.35> <CoreInst = "ROM">   --->   Core 101 'ROM' <Latency = 1> <II = 1> <Delay = 1.35> <Storage> <Opcode : 'load'> <Ports = 0> <Width = 32> <Depth = 100> <ROM>

State 624 <SV = 183> <Delay = 6.02>
ST_624 : Operation 1939 [1/2] (1.35ns)   --->   "%layer1_weights_20_load = load i7 %layer1_weights_20_addr" [matmul.cpp:12]   --->   Operation 1939 'load' 'layer1_weights_20_load' <Predicate = (!icmp_ln10_20)> <Delay = 1.35> <CoreInst = "ROM">   --->   Core 101 'ROM' <Latency = 1> <II = 1> <Delay = 1.35> <Storage> <Opcode : 'load'> <Ports = 0> <Width = 32> <Depth = 100> <ROM>
ST_624 : Operation 1940 [4/4] (4.67ns)   --->   "%mul_19 = fmul i32 %div_19, i32 %layer1_weights_20_load" [matmul.cpp:12]   --->   Operation 1940 'fmul' 'mul_19' <Predicate = (!icmp_ln10_20)> <Delay = 4.67> <CoreInst = "FMul_maxdsp">   --->   Core 30 'FMul_maxdsp' <Latency = 3> <II = 1> <Delay = 4.67> <FuncUnit> <Opcode : 'fmul'> <InPorts = 2> <OutPorts = 1>

State 625 <SV = 184> <Delay = 4.67>
ST_625 : Operation 1941 [3/4] (4.67ns)   --->   "%mul_19 = fmul i32 %div_19, i32 %layer1_weights_20_load" [matmul.cpp:12]   --->   Operation 1941 'fmul' 'mul_19' <Predicate = (!icmp_ln10_20)> <Delay = 4.67> <CoreInst = "FMul_maxdsp">   --->   Core 30 'FMul_maxdsp' <Latency = 3> <II = 1> <Delay = 4.67> <FuncUnit> <Opcode : 'fmul'> <InPorts = 2> <OutPorts = 1>

State 626 <SV = 185> <Delay = 4.67>
ST_626 : Operation 1942 [2/4] (4.67ns)   --->   "%mul_19 = fmul i32 %div_19, i32 %layer1_weights_20_load" [matmul.cpp:12]   --->   Operation 1942 'fmul' 'mul_19' <Predicate = (!icmp_ln10_20)> <Delay = 4.67> <CoreInst = "FMul_maxdsp">   --->   Core 30 'FMul_maxdsp' <Latency = 3> <II = 1> <Delay = 4.67> <FuncUnit> <Opcode : 'fmul'> <InPorts = 2> <OutPorts = 1>

State 627 <SV = 186> <Delay = 4.67>
ST_627 : Operation 1943 [1/4] (4.67ns)   --->   "%mul_19 = fmul i32 %div_19, i32 %layer1_weights_20_load" [matmul.cpp:12]   --->   Operation 1943 'fmul' 'mul_19' <Predicate = (!icmp_ln10_20)> <Delay = 4.67> <CoreInst = "FMul_maxdsp">   --->   Core 30 'FMul_maxdsp' <Latency = 3> <II = 1> <Delay = 4.67> <FuncUnit> <Opcode : 'fmul'> <InPorts = 2> <OutPorts = 1>

State 628 <SV = 187> <Delay = 6.34>
ST_628 : Operation 1944 [1/1] (0.86ns)   --->   "%icmp_ln12_20 = icmp_eq  i7 %add_ln10_20, i7 100" [matmul.cpp:12]   --->   Operation 1944 'icmp' 'icmp_ln12_20' <Predicate = (!icmp_ln10_20)> <Delay = 0.86> <CoreInst = "Cmp">   --->   Core 9 'Cmp' <Latency = 0> <II = 1> <Delay = 0.86> <FuncUnit> <Opcode : 'icmp'> <InPorts = 2> <OutPorts = 1>
ST_628 : Operation 1945 [3/3] (5.48ns)   --->   "%sum_41 = facc i32 @_ssdm_op_FACC, i32 %mul_19, i1 %icmp_ln12_20" [matmul.cpp:12]   --->   Operation 1945 'facc' 'sum_41' <Predicate = (!icmp_ln10_20)> <Delay = 5.48> <CoreInst = "FAcc_nodsp">   --->   Core 11 'FAcc_nodsp' <Latency = 2> <II = 1> <Delay = 5.48> <FuncUnit> <Opcode : 'facc'> <InPorts = 2> <OutPorts = 1>

State 629 <SV = 188> <Delay = 5.48>
ST_629 : Operation 1946 [2/3] (5.48ns)   --->   "%sum_41 = facc i32 @_ssdm_op_FACC, i32 %mul_19, i1 %icmp_ln12_20" [matmul.cpp:12]   --->   Operation 1946 'facc' 'sum_41' <Predicate = (!icmp_ln10_20)> <Delay = 5.48> <CoreInst = "FAcc_nodsp">   --->   Core 11 'FAcc_nodsp' <Latency = 2> <II = 1> <Delay = 5.48> <FuncUnit> <Opcode : 'facc'> <InPorts = 2> <OutPorts = 1>

State 630 <SV = 189> <Delay = 5.48>
ST_630 : Operation 1947 [1/1] (0.00ns)   --->   "%specloopname_ln8 = specloopname void @_ssdm_op_SpecLoopName, void @empty_9" [matmul.cpp:8]   --->   Operation 1947 'specloopname' 'specloopname_ln8' <Predicate = (!icmp_ln10_20)> <Delay = 0.00>
ST_630 : Operation 1948 [1/3] (5.48ns)   --->   "%sum_41 = facc i32 @_ssdm_op_FACC, i32 %mul_19, i1 %icmp_ln12_20" [matmul.cpp:12]   --->   Operation 1948 'facc' 'sum_41' <Predicate = (!icmp_ln10_20)> <Delay = 5.48> <CoreInst = "FAcc_nodsp">   --->   Core 11 'FAcc_nodsp' <Latency = 2> <II = 1> <Delay = 5.48> <FuncUnit> <Opcode : 'facc'> <InPorts = 2> <OutPorts = 1>
ST_630 : Operation 1949 [1/1] (0.00ns)   --->   "%br_ln0 = br void"   --->   Operation 1949 'br' 'br_ln0' <Predicate = (!icmp_ln10_20)> <Delay = 0.00>

State 631 <SV = 168> <Delay = 7.30>
ST_631 : Operation 1950 [1/1] (0.00ns)   --->   "%output_0_addr_20 = getelementptr i32 %output_0, i64 0, i64 20" [matmul.cpp:14]   --->   Operation 1950 'getelementptr' 'output_0_addr_20' <Predicate = true> <Delay = 0.00>
ST_631 : Operation 1951 [1/1] (1.35ns)   --->   "%store_ln14 = store i32 %sum_40, i5 %output_0_addr_20" [matmul.cpp:14]   --->   Operation 1951 'store' 'store_ln14' <Predicate = true> <Delay = 1.35> <CoreInst = "RAM">   --->   Core 83 'RAM' <Latency = 1> <II = 1> <Delay = 1.35> <Storage> <Opcode : 'load' 'store'> <Ports = 2> <Width = 32> <Depth = 32> <RAM>
ST_631 : Operation 1952 [7/7] (7.30ns)   --->   "%AXI_DATA_addr_32_rd_req564 = readreq i1 @_ssdm_op_ReadReq.m_axi.i8P1A, i8 %AXI_DATA_addr, i32 100" [matmul.cpp:12]   --->   Operation 1952 'readreq' 'AXI_DATA_addr_32_rd_req564' <Predicate = true> <Delay = 7.30> <CoreInst = "m_axi">   --->   Core 121 'm_axi' <Latency = 6> <II = 1> <Delay = 1.00> <Adapter> <Opcode : 'read' 'write' 'readreq' 'writereq' 'writeresp'>

State 632 <SV = 169> <Delay = 7.30>
ST_632 : Operation 1953 [6/7] (7.30ns)   --->   "%AXI_DATA_addr_32_rd_req564 = readreq i1 @_ssdm_op_ReadReq.m_axi.i8P1A, i8 %AXI_DATA_addr, i32 100" [matmul.cpp:12]   --->   Operation 1953 'readreq' 'AXI_DATA_addr_32_rd_req564' <Predicate = true> <Delay = 7.30> <CoreInst = "m_axi">   --->   Core 121 'm_axi' <Latency = 6> <II = 1> <Delay = 1.00> <Adapter> <Opcode : 'read' 'write' 'readreq' 'writereq' 'writeresp'>

State 633 <SV = 170> <Delay = 7.30>
ST_633 : Operation 1954 [5/7] (7.30ns)   --->   "%AXI_DATA_addr_32_rd_req564 = readreq i1 @_ssdm_op_ReadReq.m_axi.i8P1A, i8 %AXI_DATA_addr, i32 100" [matmul.cpp:12]   --->   Operation 1954 'readreq' 'AXI_DATA_addr_32_rd_req564' <Predicate = true> <Delay = 7.30> <CoreInst = "m_axi">   --->   Core 121 'm_axi' <Latency = 6> <II = 1> <Delay = 1.00> <Adapter> <Opcode : 'read' 'write' 'readreq' 'writereq' 'writeresp'>

State 634 <SV = 171> <Delay = 7.30>
ST_634 : Operation 1955 [4/7] (7.30ns)   --->   "%AXI_DATA_addr_32_rd_req564 = readreq i1 @_ssdm_op_ReadReq.m_axi.i8P1A, i8 %AXI_DATA_addr, i32 100" [matmul.cpp:12]   --->   Operation 1955 'readreq' 'AXI_DATA_addr_32_rd_req564' <Predicate = true> <Delay = 7.30> <CoreInst = "m_axi">   --->   Core 121 'm_axi' <Latency = 6> <II = 1> <Delay = 1.00> <Adapter> <Opcode : 'read' 'write' 'readreq' 'writereq' 'writeresp'>

State 635 <SV = 172> <Delay = 7.30>
ST_635 : Operation 1956 [3/7] (7.30ns)   --->   "%AXI_DATA_addr_32_rd_req564 = readreq i1 @_ssdm_op_ReadReq.m_axi.i8P1A, i8 %AXI_DATA_addr, i32 100" [matmul.cpp:12]   --->   Operation 1956 'readreq' 'AXI_DATA_addr_32_rd_req564' <Predicate = true> <Delay = 7.30> <CoreInst = "m_axi">   --->   Core 121 'm_axi' <Latency = 6> <II = 1> <Delay = 1.00> <Adapter> <Opcode : 'read' 'write' 'readreq' 'writereq' 'writeresp'>

State 636 <SV = 173> <Delay = 7.30>
ST_636 : Operation 1957 [2/7] (7.30ns)   --->   "%AXI_DATA_addr_32_rd_req564 = readreq i1 @_ssdm_op_ReadReq.m_axi.i8P1A, i8 %AXI_DATA_addr, i32 100" [matmul.cpp:12]   --->   Operation 1957 'readreq' 'AXI_DATA_addr_32_rd_req564' <Predicate = true> <Delay = 7.30> <CoreInst = "m_axi">   --->   Core 121 'm_axi' <Latency = 6> <II = 1> <Delay = 1.00> <Adapter> <Opcode : 'read' 'write' 'readreq' 'writereq' 'writeresp'>

State 637 <SV = 174> <Delay = 7.30>
ST_637 : Operation 1958 [1/7] (7.30ns)   --->   "%AXI_DATA_addr_32_rd_req564 = readreq i1 @_ssdm_op_ReadReq.m_axi.i8P1A, i8 %AXI_DATA_addr, i32 100" [matmul.cpp:12]   --->   Operation 1958 'readreq' 'AXI_DATA_addr_32_rd_req564' <Predicate = true> <Delay = 7.30> <CoreInst = "m_axi">   --->   Core 121 'm_axi' <Latency = 6> <II = 1> <Delay = 1.00> <Adapter> <Opcode : 'read' 'write' 'readreq' 'writereq' 'writeresp'>
ST_637 : Operation 1959 [1/1] (0.48ns)   --->   "%br_ln10 = br void" [matmul.cpp:10]   --->   Operation 1959 'br' 'br_ln10' <Predicate = true> <Delay = 0.48>

State 638 <SV = 175> <Delay = 0.89>
ST_638 : Operation 1960 [1/1] (0.00ns)   --->   "%k_21 = phi i7 %add_ln10_21, void %.split21, i7 0, void" [matmul.cpp:10]   --->   Operation 1960 'phi' 'k_21' <Predicate = true> <Delay = 0.00>
ST_638 : Operation 1961 [1/1] (0.00ns)   --->   "%sum_42 = phi i32 %sum_43, void %.split21, i32 0, void"   --->   Operation 1961 'phi' 'sum_42' <Predicate = true> <Delay = 0.00>
ST_638 : Operation 1962 [1/1] (0.89ns)   --->   "%add_ln10_21 = add i7 %k_21, i7 1" [matmul.cpp:10]   --->   Operation 1962 'add' 'add_ln10_21' <Predicate = true> <Delay = 0.89> <CoreInst = "Adder">   --->   Core 1 'Adder' <Latency = 0> <II = 1> <Delay = 0.89> <FuncUnit> <Opcode : 'add' 'sub'> <InPorts = 2> <OutPorts = 1>
ST_638 : Operation 1963 [1/1] (0.00ns)   --->   "%specpipeline_ln0 = specpipeline void @_ssdm_op_SpecPipeline, i32 4294967295, i32 0, i32 1, i32 0, void @p_str"   --->   Operation 1963 'specpipeline' 'specpipeline_ln0' <Predicate = true> <Delay = 0.00>
ST_638 : Operation 1964 [1/1] (0.86ns)   --->   "%icmp_ln10_21 = icmp_eq  i7 %k_21, i7 100" [matmul.cpp:10]   --->   Operation 1964 'icmp' 'icmp_ln10_21' <Predicate = true> <Delay = 0.86> <CoreInst = "Cmp">   --->   Core 9 'Cmp' <Latency = 0> <II = 1> <Delay = 0.86> <FuncUnit> <Opcode : 'icmp'> <InPorts = 2> <OutPorts = 1>
ST_638 : Operation 1965 [1/1] (0.00ns)   --->   "%empty_55 = speclooptripcount i32 @_ssdm_op_SpecLoopTripCount, i64 100, i64 100, i64 100"   --->   Operation 1965 'speclooptripcount' 'empty_55' <Predicate = true> <Delay = 0.00>
ST_638 : Operation 1966 [1/1] (0.00ns)   --->   "%br_ln10 = br i1 %icmp_ln10_21, void %.split21, void" [matmul.cpp:10]   --->   Operation 1966 'br' 'br_ln10' <Predicate = true> <Delay = 0.00>

State 639 <SV = 176> <Delay = 7.30>
ST_639 : Operation 1967 [1/1] (7.30ns)   --->   "%AXI_DATA_addr_read_21 = read i8 @_ssdm_op_Read.m_axi.i8P1A, i8 %AXI_DATA_addr" [matmul.cpp:12]   --->   Operation 1967 'read' 'AXI_DATA_addr_read_21' <Predicate = (!icmp_ln10_21)> <Delay = 7.30> <CoreInst = "m_axi">   --->   Core 121 'm_axi' <Latency = 6> <II = 1> <Delay = 1.00> <Adapter> <Opcode : 'read' 'write' 'readreq' 'writereq' 'writeresp'>

State 640 <SV = 177> <Delay = 6.67>
ST_640 : Operation 1968 [1/1] (0.00ns)   --->   "%zext_ln12_21 = zext i8 %AXI_DATA_addr_read_21" [matmul.cpp:12]   --->   Operation 1968 'zext' 'zext_ln12_21' <Predicate = (!icmp_ln10_21)> <Delay = 0.00>
ST_640 : Operation 1969 [4/4] (6.67ns)   --->   "%conv_20 = uitofp i32 %zext_ln12_21" [matmul.cpp:12]   --->   Operation 1969 'uitofp' 'conv_20' <Predicate = (!icmp_ln10_21)> <Delay = 6.67> <CoreInst = "Int2Float">   --->   Core 62 'Int2Float' <Latency = 3> <II = 1> <Delay = 6.67> <FuncUnit> <Opcode : 'sitofp' 'uitofp'> <InPorts = 1> <OutPorts = 1>

State 641 <SV = 178> <Delay = 6.67>
ST_641 : Operation 1970 [3/4] (6.67ns)   --->   "%conv_20 = uitofp i32 %zext_ln12_21" [matmul.cpp:12]   --->   Operation 1970 'uitofp' 'conv_20' <Predicate = (!icmp_ln10_21)> <Delay = 6.67> <CoreInst = "Int2Float">   --->   Core 62 'Int2Float' <Latency = 3> <II = 1> <Delay = 6.67> <FuncUnit> <Opcode : 'sitofp' 'uitofp'> <InPorts = 1> <OutPorts = 1>

State 642 <SV = 179> <Delay = 6.67>
ST_642 : Operation 1971 [2/4] (6.67ns)   --->   "%conv_20 = uitofp i32 %zext_ln12_21" [matmul.cpp:12]   --->   Operation 1971 'uitofp' 'conv_20' <Predicate = (!icmp_ln10_21)> <Delay = 6.67> <CoreInst = "Int2Float">   --->   Core 62 'Int2Float' <Latency = 3> <II = 1> <Delay = 6.67> <FuncUnit> <Opcode : 'sitofp' 'uitofp'> <InPorts = 1> <OutPorts = 1>

State 643 <SV = 180> <Delay = 6.67>
ST_643 : Operation 1972 [1/4] (6.67ns)   --->   "%conv_20 = uitofp i32 %zext_ln12_21" [matmul.cpp:12]   --->   Operation 1972 'uitofp' 'conv_20' <Predicate = (!icmp_ln10_21)> <Delay = 6.67> <CoreInst = "Int2Float">   --->   Core 62 'Int2Float' <Latency = 3> <II = 1> <Delay = 6.67> <FuncUnit> <Opcode : 'sitofp' 'uitofp'> <InPorts = 1> <OutPorts = 1>

State 644 <SV = 181> <Delay = 6.70>
ST_644 : Operation 1973 [10/10] (6.70ns)   --->   "%div_20 = fdiv i32 %conv_20, i32 255" [matmul.cpp:12]   --->   Operation 1973 'fdiv' 'div_20' <Predicate = (!icmp_ln10_21)> <Delay = 6.70> <CoreInst = "FDiv">   --->   Core 20 'FDiv' <Latency = 9> <II = 1> <Delay = 6.70> <FuncUnit> <Opcode : 'fdiv' 'frem'> <InPorts = 2> <OutPorts = 1>

State 645 <SV = 182> <Delay = 6.70>
ST_645 : Operation 1974 [9/10] (6.70ns)   --->   "%div_20 = fdiv i32 %conv_20, i32 255" [matmul.cpp:12]   --->   Operation 1974 'fdiv' 'div_20' <Predicate = (!icmp_ln10_21)> <Delay = 6.70> <CoreInst = "FDiv">   --->   Core 20 'FDiv' <Latency = 9> <II = 1> <Delay = 6.70> <FuncUnit> <Opcode : 'fdiv' 'frem'> <InPorts = 2> <OutPorts = 1>

State 646 <SV = 183> <Delay = 6.70>
ST_646 : Operation 1975 [8/10] (6.70ns)   --->   "%div_20 = fdiv i32 %conv_20, i32 255" [matmul.cpp:12]   --->   Operation 1975 'fdiv' 'div_20' <Predicate = (!icmp_ln10_21)> <Delay = 6.70> <CoreInst = "FDiv">   --->   Core 20 'FDiv' <Latency = 9> <II = 1> <Delay = 6.70> <FuncUnit> <Opcode : 'fdiv' 'frem'> <InPorts = 2> <OutPorts = 1>

State 647 <SV = 184> <Delay = 6.70>
ST_647 : Operation 1976 [7/10] (6.70ns)   --->   "%div_20 = fdiv i32 %conv_20, i32 255" [matmul.cpp:12]   --->   Operation 1976 'fdiv' 'div_20' <Predicate = (!icmp_ln10_21)> <Delay = 6.70> <CoreInst = "FDiv">   --->   Core 20 'FDiv' <Latency = 9> <II = 1> <Delay = 6.70> <FuncUnit> <Opcode : 'fdiv' 'frem'> <InPorts = 2> <OutPorts = 1>

State 648 <SV = 185> <Delay = 6.70>
ST_648 : Operation 1977 [6/10] (6.70ns)   --->   "%div_20 = fdiv i32 %conv_20, i32 255" [matmul.cpp:12]   --->   Operation 1977 'fdiv' 'div_20' <Predicate = (!icmp_ln10_21)> <Delay = 6.70> <CoreInst = "FDiv">   --->   Core 20 'FDiv' <Latency = 9> <II = 1> <Delay = 6.70> <FuncUnit> <Opcode : 'fdiv' 'frem'> <InPorts = 2> <OutPorts = 1>

State 649 <SV = 186> <Delay = 6.70>
ST_649 : Operation 1978 [5/10] (6.70ns)   --->   "%div_20 = fdiv i32 %conv_20, i32 255" [matmul.cpp:12]   --->   Operation 1978 'fdiv' 'div_20' <Predicate = (!icmp_ln10_21)> <Delay = 6.70> <CoreInst = "FDiv">   --->   Core 20 'FDiv' <Latency = 9> <II = 1> <Delay = 6.70> <FuncUnit> <Opcode : 'fdiv' 'frem'> <InPorts = 2> <OutPorts = 1>

State 650 <SV = 187> <Delay = 6.70>
ST_650 : Operation 1979 [4/10] (6.70ns)   --->   "%div_20 = fdiv i32 %conv_20, i32 255" [matmul.cpp:12]   --->   Operation 1979 'fdiv' 'div_20' <Predicate = (!icmp_ln10_21)> <Delay = 6.70> <CoreInst = "FDiv">   --->   Core 20 'FDiv' <Latency = 9> <II = 1> <Delay = 6.70> <FuncUnit> <Opcode : 'fdiv' 'frem'> <InPorts = 2> <OutPorts = 1>

State 651 <SV = 188> <Delay = 6.70>
ST_651 : Operation 1980 [3/10] (6.70ns)   --->   "%div_20 = fdiv i32 %conv_20, i32 255" [matmul.cpp:12]   --->   Operation 1980 'fdiv' 'div_20' <Predicate = (!icmp_ln10_21)> <Delay = 6.70> <CoreInst = "FDiv">   --->   Core 20 'FDiv' <Latency = 9> <II = 1> <Delay = 6.70> <FuncUnit> <Opcode : 'fdiv' 'frem'> <InPorts = 2> <OutPorts = 1>

State 652 <SV = 189> <Delay = 6.70>
ST_652 : Operation 1981 [2/10] (6.70ns)   --->   "%div_20 = fdiv i32 %conv_20, i32 255" [matmul.cpp:12]   --->   Operation 1981 'fdiv' 'div_20' <Predicate = (!icmp_ln10_21)> <Delay = 6.70> <CoreInst = "FDiv">   --->   Core 20 'FDiv' <Latency = 9> <II = 1> <Delay = 6.70> <FuncUnit> <Opcode : 'fdiv' 'frem'> <InPorts = 2> <OutPorts = 1>

State 653 <SV = 190> <Delay = 6.70>
ST_653 : Operation 1982 [1/1] (0.00ns)   --->   "%k_21_cast = zext i7 %k_21" [matmul.cpp:10]   --->   Operation 1982 'zext' 'k_21_cast' <Predicate = (!icmp_ln10_21)> <Delay = 0.00>
ST_653 : Operation 1983 [1/10] (6.70ns)   --->   "%div_20 = fdiv i32 %conv_20, i32 255" [matmul.cpp:12]   --->   Operation 1983 'fdiv' 'div_20' <Predicate = (!icmp_ln10_21)> <Delay = 6.70> <CoreInst = "FDiv">   --->   Core 20 'FDiv' <Latency = 9> <II = 1> <Delay = 6.70> <FuncUnit> <Opcode : 'fdiv' 'frem'> <InPorts = 2> <OutPorts = 1>
ST_653 : Operation 1984 [1/1] (0.00ns)   --->   "%layer1_weights_21_addr = getelementptr i32 %layer1_weights_21, i64 0, i64 %k_21_cast" [matmul.cpp:12]   --->   Operation 1984 'getelementptr' 'layer1_weights_21_addr' <Predicate = (!icmp_ln10_21)> <Delay = 0.00>
ST_653 : Operation 1985 [2/2] (1.35ns)   --->   "%layer1_weights_21_load = load i7 %layer1_weights_21_addr" [matmul.cpp:12]   --->   Operation 1985 'load' 'layer1_weights_21_load' <Predicate = (!icmp_ln10_21)> <Delay = 1.35> <CoreInst = "ROM">   --->   Core 101 'ROM' <Latency = 1> <II = 1> <Delay = 1.35> <Storage> <Opcode : 'load'> <Ports = 0> <Width = 32> <Depth = 100> <ROM>

State 654 <SV = 191> <Delay = 6.02>
ST_654 : Operation 1986 [1/2] (1.35ns)   --->   "%layer1_weights_21_load = load i7 %layer1_weights_21_addr" [matmul.cpp:12]   --->   Operation 1986 'load' 'layer1_weights_21_load' <Predicate = (!icmp_ln10_21)> <Delay = 1.35> <CoreInst = "ROM">   --->   Core 101 'ROM' <Latency = 1> <II = 1> <Delay = 1.35> <Storage> <Opcode : 'load'> <Ports = 0> <Width = 32> <Depth = 100> <ROM>
ST_654 : Operation 1987 [4/4] (4.67ns)   --->   "%mul_20 = fmul i32 %div_20, i32 %layer1_weights_21_load" [matmul.cpp:12]   --->   Operation 1987 'fmul' 'mul_20' <Predicate = (!icmp_ln10_21)> <Delay = 4.67> <CoreInst = "FMul_maxdsp">   --->   Core 30 'FMul_maxdsp' <Latency = 3> <II = 1> <Delay = 4.67> <FuncUnit> <Opcode : 'fmul'> <InPorts = 2> <OutPorts = 1>

State 655 <SV = 192> <Delay = 4.67>
ST_655 : Operation 1988 [3/4] (4.67ns)   --->   "%mul_20 = fmul i32 %div_20, i32 %layer1_weights_21_load" [matmul.cpp:12]   --->   Operation 1988 'fmul' 'mul_20' <Predicate = (!icmp_ln10_21)> <Delay = 4.67> <CoreInst = "FMul_maxdsp">   --->   Core 30 'FMul_maxdsp' <Latency = 3> <II = 1> <Delay = 4.67> <FuncUnit> <Opcode : 'fmul'> <InPorts = 2> <OutPorts = 1>

State 656 <SV = 193> <Delay = 4.67>
ST_656 : Operation 1989 [2/4] (4.67ns)   --->   "%mul_20 = fmul i32 %div_20, i32 %layer1_weights_21_load" [matmul.cpp:12]   --->   Operation 1989 'fmul' 'mul_20' <Predicate = (!icmp_ln10_21)> <Delay = 4.67> <CoreInst = "FMul_maxdsp">   --->   Core 30 'FMul_maxdsp' <Latency = 3> <II = 1> <Delay = 4.67> <FuncUnit> <Opcode : 'fmul'> <InPorts = 2> <OutPorts = 1>

State 657 <SV = 194> <Delay = 4.67>
ST_657 : Operation 1990 [1/4] (4.67ns)   --->   "%mul_20 = fmul i32 %div_20, i32 %layer1_weights_21_load" [matmul.cpp:12]   --->   Operation 1990 'fmul' 'mul_20' <Predicate = (!icmp_ln10_21)> <Delay = 4.67> <CoreInst = "FMul_maxdsp">   --->   Core 30 'FMul_maxdsp' <Latency = 3> <II = 1> <Delay = 4.67> <FuncUnit> <Opcode : 'fmul'> <InPorts = 2> <OutPorts = 1>

State 658 <SV = 195> <Delay = 6.34>
ST_658 : Operation 1991 [1/1] (0.86ns)   --->   "%icmp_ln12_21 = icmp_eq  i7 %add_ln10_21, i7 100" [matmul.cpp:12]   --->   Operation 1991 'icmp' 'icmp_ln12_21' <Predicate = (!icmp_ln10_21)> <Delay = 0.86> <CoreInst = "Cmp">   --->   Core 9 'Cmp' <Latency = 0> <II = 1> <Delay = 0.86> <FuncUnit> <Opcode : 'icmp'> <InPorts = 2> <OutPorts = 1>
ST_658 : Operation 1992 [3/3] (5.48ns)   --->   "%sum_43 = facc i32 @_ssdm_op_FACC, i32 %mul_20, i1 %icmp_ln12_21" [matmul.cpp:12]   --->   Operation 1992 'facc' 'sum_43' <Predicate = (!icmp_ln10_21)> <Delay = 5.48> <CoreInst = "FAcc_nodsp">   --->   Core 11 'FAcc_nodsp' <Latency = 2> <II = 1> <Delay = 5.48> <FuncUnit> <Opcode : 'facc'> <InPorts = 2> <OutPorts = 1>

State 659 <SV = 196> <Delay = 5.48>
ST_659 : Operation 1993 [2/3] (5.48ns)   --->   "%sum_43 = facc i32 @_ssdm_op_FACC, i32 %mul_20, i1 %icmp_ln12_21" [matmul.cpp:12]   --->   Operation 1993 'facc' 'sum_43' <Predicate = (!icmp_ln10_21)> <Delay = 5.48> <CoreInst = "FAcc_nodsp">   --->   Core 11 'FAcc_nodsp' <Latency = 2> <II = 1> <Delay = 5.48> <FuncUnit> <Opcode : 'facc'> <InPorts = 2> <OutPorts = 1>

State 660 <SV = 197> <Delay = 5.48>
ST_660 : Operation 1994 [1/1] (0.00ns)   --->   "%specloopname_ln8 = specloopname void @_ssdm_op_SpecLoopName, void @empty_9" [matmul.cpp:8]   --->   Operation 1994 'specloopname' 'specloopname_ln8' <Predicate = (!icmp_ln10_21)> <Delay = 0.00>
ST_660 : Operation 1995 [1/3] (5.48ns)   --->   "%sum_43 = facc i32 @_ssdm_op_FACC, i32 %mul_20, i1 %icmp_ln12_21" [matmul.cpp:12]   --->   Operation 1995 'facc' 'sum_43' <Predicate = (!icmp_ln10_21)> <Delay = 5.48> <CoreInst = "FAcc_nodsp">   --->   Core 11 'FAcc_nodsp' <Latency = 2> <II = 1> <Delay = 5.48> <FuncUnit> <Opcode : 'facc'> <InPorts = 2> <OutPorts = 1>
ST_660 : Operation 1996 [1/1] (0.00ns)   --->   "%br_ln0 = br void"   --->   Operation 1996 'br' 'br_ln0' <Predicate = (!icmp_ln10_21)> <Delay = 0.00>

State 661 <SV = 176> <Delay = 7.30>
ST_661 : Operation 1997 [1/1] (0.00ns)   --->   "%output_0_addr_21 = getelementptr i32 %output_0, i64 0, i64 21" [matmul.cpp:14]   --->   Operation 1997 'getelementptr' 'output_0_addr_21' <Predicate = true> <Delay = 0.00>
ST_661 : Operation 1998 [1/1] (1.35ns)   --->   "%store_ln14 = store i32 %sum_42, i5 %output_0_addr_21" [matmul.cpp:14]   --->   Operation 1998 'store' 'store_ln14' <Predicate = true> <Delay = 1.35> <CoreInst = "RAM">   --->   Core 83 'RAM' <Latency = 1> <II = 1> <Delay = 1.35> <Storage> <Opcode : 'load' 'store'> <Ports = 2> <Width = 32> <Depth = 32> <RAM>
ST_661 : Operation 1999 [7/7] (7.30ns)   --->   "%AXI_DATA_addr_32_rd_req565 = readreq i1 @_ssdm_op_ReadReq.m_axi.i8P1A, i8 %AXI_DATA_addr, i32 100" [matmul.cpp:12]   --->   Operation 1999 'readreq' 'AXI_DATA_addr_32_rd_req565' <Predicate = true> <Delay = 7.30> <CoreInst = "m_axi">   --->   Core 121 'm_axi' <Latency = 6> <II = 1> <Delay = 1.00> <Adapter> <Opcode : 'read' 'write' 'readreq' 'writereq' 'writeresp'>

State 662 <SV = 177> <Delay = 7.30>
ST_662 : Operation 2000 [6/7] (7.30ns)   --->   "%AXI_DATA_addr_32_rd_req565 = readreq i1 @_ssdm_op_ReadReq.m_axi.i8P1A, i8 %AXI_DATA_addr, i32 100" [matmul.cpp:12]   --->   Operation 2000 'readreq' 'AXI_DATA_addr_32_rd_req565' <Predicate = true> <Delay = 7.30> <CoreInst = "m_axi">   --->   Core 121 'm_axi' <Latency = 6> <II = 1> <Delay = 1.00> <Adapter> <Opcode : 'read' 'write' 'readreq' 'writereq' 'writeresp'>

State 663 <SV = 178> <Delay = 7.30>
ST_663 : Operation 2001 [5/7] (7.30ns)   --->   "%AXI_DATA_addr_32_rd_req565 = readreq i1 @_ssdm_op_ReadReq.m_axi.i8P1A, i8 %AXI_DATA_addr, i32 100" [matmul.cpp:12]   --->   Operation 2001 'readreq' 'AXI_DATA_addr_32_rd_req565' <Predicate = true> <Delay = 7.30> <CoreInst = "m_axi">   --->   Core 121 'm_axi' <Latency = 6> <II = 1> <Delay = 1.00> <Adapter> <Opcode : 'read' 'write' 'readreq' 'writereq' 'writeresp'>

State 664 <SV = 179> <Delay = 7.30>
ST_664 : Operation 2002 [4/7] (7.30ns)   --->   "%AXI_DATA_addr_32_rd_req565 = readreq i1 @_ssdm_op_ReadReq.m_axi.i8P1A, i8 %AXI_DATA_addr, i32 100" [matmul.cpp:12]   --->   Operation 2002 'readreq' 'AXI_DATA_addr_32_rd_req565' <Predicate = true> <Delay = 7.30> <CoreInst = "m_axi">   --->   Core 121 'm_axi' <Latency = 6> <II = 1> <Delay = 1.00> <Adapter> <Opcode : 'read' 'write' 'readreq' 'writereq' 'writeresp'>

State 665 <SV = 180> <Delay = 7.30>
ST_665 : Operation 2003 [3/7] (7.30ns)   --->   "%AXI_DATA_addr_32_rd_req565 = readreq i1 @_ssdm_op_ReadReq.m_axi.i8P1A, i8 %AXI_DATA_addr, i32 100" [matmul.cpp:12]   --->   Operation 2003 'readreq' 'AXI_DATA_addr_32_rd_req565' <Predicate = true> <Delay = 7.30> <CoreInst = "m_axi">   --->   Core 121 'm_axi' <Latency = 6> <II = 1> <Delay = 1.00> <Adapter> <Opcode : 'read' 'write' 'readreq' 'writereq' 'writeresp'>

State 666 <SV = 181> <Delay = 7.30>
ST_666 : Operation 2004 [2/7] (7.30ns)   --->   "%AXI_DATA_addr_32_rd_req565 = readreq i1 @_ssdm_op_ReadReq.m_axi.i8P1A, i8 %AXI_DATA_addr, i32 100" [matmul.cpp:12]   --->   Operation 2004 'readreq' 'AXI_DATA_addr_32_rd_req565' <Predicate = true> <Delay = 7.30> <CoreInst = "m_axi">   --->   Core 121 'm_axi' <Latency = 6> <II = 1> <Delay = 1.00> <Adapter> <Opcode : 'read' 'write' 'readreq' 'writereq' 'writeresp'>

State 667 <SV = 182> <Delay = 7.30>
ST_667 : Operation 2005 [1/7] (7.30ns)   --->   "%AXI_DATA_addr_32_rd_req565 = readreq i1 @_ssdm_op_ReadReq.m_axi.i8P1A, i8 %AXI_DATA_addr, i32 100" [matmul.cpp:12]   --->   Operation 2005 'readreq' 'AXI_DATA_addr_32_rd_req565' <Predicate = true> <Delay = 7.30> <CoreInst = "m_axi">   --->   Core 121 'm_axi' <Latency = 6> <II = 1> <Delay = 1.00> <Adapter> <Opcode : 'read' 'write' 'readreq' 'writereq' 'writeresp'>
ST_667 : Operation 2006 [1/1] (0.48ns)   --->   "%br_ln10 = br void" [matmul.cpp:10]   --->   Operation 2006 'br' 'br_ln10' <Predicate = true> <Delay = 0.48>

State 668 <SV = 183> <Delay = 0.89>
ST_668 : Operation 2007 [1/1] (0.00ns)   --->   "%k_22 = phi i7 %add_ln10_22, void %.split19, i7 0, void" [matmul.cpp:10]   --->   Operation 2007 'phi' 'k_22' <Predicate = true> <Delay = 0.00>
ST_668 : Operation 2008 [1/1] (0.00ns)   --->   "%sum_44 = phi i32 %sum_45, void %.split19, i32 0, void"   --->   Operation 2008 'phi' 'sum_44' <Predicate = true> <Delay = 0.00>
ST_668 : Operation 2009 [1/1] (0.89ns)   --->   "%add_ln10_22 = add i7 %k_22, i7 1" [matmul.cpp:10]   --->   Operation 2009 'add' 'add_ln10_22' <Predicate = true> <Delay = 0.89> <CoreInst = "Adder">   --->   Core 1 'Adder' <Latency = 0> <II = 1> <Delay = 0.89> <FuncUnit> <Opcode : 'add' 'sub'> <InPorts = 2> <OutPorts = 1>
ST_668 : Operation 2010 [1/1] (0.00ns)   --->   "%specpipeline_ln0 = specpipeline void @_ssdm_op_SpecPipeline, i32 4294967295, i32 0, i32 1, i32 0, void @p_str"   --->   Operation 2010 'specpipeline' 'specpipeline_ln0' <Predicate = true> <Delay = 0.00>
ST_668 : Operation 2011 [1/1] (0.86ns)   --->   "%icmp_ln10_22 = icmp_eq  i7 %k_22, i7 100" [matmul.cpp:10]   --->   Operation 2011 'icmp' 'icmp_ln10_22' <Predicate = true> <Delay = 0.86> <CoreInst = "Cmp">   --->   Core 9 'Cmp' <Latency = 0> <II = 1> <Delay = 0.86> <FuncUnit> <Opcode : 'icmp'> <InPorts = 2> <OutPorts = 1>
ST_668 : Operation 2012 [1/1] (0.00ns)   --->   "%empty_56 = speclooptripcount i32 @_ssdm_op_SpecLoopTripCount, i64 100, i64 100, i64 100"   --->   Operation 2012 'speclooptripcount' 'empty_56' <Predicate = true> <Delay = 0.00>
ST_668 : Operation 2013 [1/1] (0.00ns)   --->   "%br_ln10 = br i1 %icmp_ln10_22, void %.split19, void" [matmul.cpp:10]   --->   Operation 2013 'br' 'br_ln10' <Predicate = true> <Delay = 0.00>

State 669 <SV = 184> <Delay = 7.30>
ST_669 : Operation 2014 [1/1] (7.30ns)   --->   "%AXI_DATA_addr_read_22 = read i8 @_ssdm_op_Read.m_axi.i8P1A, i8 %AXI_DATA_addr" [matmul.cpp:12]   --->   Operation 2014 'read' 'AXI_DATA_addr_read_22' <Predicate = (!icmp_ln10_22)> <Delay = 7.30> <CoreInst = "m_axi">   --->   Core 121 'm_axi' <Latency = 6> <II = 1> <Delay = 1.00> <Adapter> <Opcode : 'read' 'write' 'readreq' 'writereq' 'writeresp'>

State 670 <SV = 185> <Delay = 6.67>
ST_670 : Operation 2015 [1/1] (0.00ns)   --->   "%zext_ln12_22 = zext i8 %AXI_DATA_addr_read_22" [matmul.cpp:12]   --->   Operation 2015 'zext' 'zext_ln12_22' <Predicate = (!icmp_ln10_22)> <Delay = 0.00>
ST_670 : Operation 2016 [4/4] (6.67ns)   --->   "%conv_21 = uitofp i32 %zext_ln12_22" [matmul.cpp:12]   --->   Operation 2016 'uitofp' 'conv_21' <Predicate = (!icmp_ln10_22)> <Delay = 6.67> <CoreInst = "Int2Float">   --->   Core 62 'Int2Float' <Latency = 3> <II = 1> <Delay = 6.67> <FuncUnit> <Opcode : 'sitofp' 'uitofp'> <InPorts = 1> <OutPorts = 1>

State 671 <SV = 186> <Delay = 6.67>
ST_671 : Operation 2017 [3/4] (6.67ns)   --->   "%conv_21 = uitofp i32 %zext_ln12_22" [matmul.cpp:12]   --->   Operation 2017 'uitofp' 'conv_21' <Predicate = (!icmp_ln10_22)> <Delay = 6.67> <CoreInst = "Int2Float">   --->   Core 62 'Int2Float' <Latency = 3> <II = 1> <Delay = 6.67> <FuncUnit> <Opcode : 'sitofp' 'uitofp'> <InPorts = 1> <OutPorts = 1>

State 672 <SV = 187> <Delay = 6.67>
ST_672 : Operation 2018 [2/4] (6.67ns)   --->   "%conv_21 = uitofp i32 %zext_ln12_22" [matmul.cpp:12]   --->   Operation 2018 'uitofp' 'conv_21' <Predicate = (!icmp_ln10_22)> <Delay = 6.67> <CoreInst = "Int2Float">   --->   Core 62 'Int2Float' <Latency = 3> <II = 1> <Delay = 6.67> <FuncUnit> <Opcode : 'sitofp' 'uitofp'> <InPorts = 1> <OutPorts = 1>

State 673 <SV = 188> <Delay = 6.67>
ST_673 : Operation 2019 [1/4] (6.67ns)   --->   "%conv_21 = uitofp i32 %zext_ln12_22" [matmul.cpp:12]   --->   Operation 2019 'uitofp' 'conv_21' <Predicate = (!icmp_ln10_22)> <Delay = 6.67> <CoreInst = "Int2Float">   --->   Core 62 'Int2Float' <Latency = 3> <II = 1> <Delay = 6.67> <FuncUnit> <Opcode : 'sitofp' 'uitofp'> <InPorts = 1> <OutPorts = 1>

State 674 <SV = 189> <Delay = 6.70>
ST_674 : Operation 2020 [10/10] (6.70ns)   --->   "%div_21 = fdiv i32 %conv_21, i32 255" [matmul.cpp:12]   --->   Operation 2020 'fdiv' 'div_21' <Predicate = (!icmp_ln10_22)> <Delay = 6.70> <CoreInst = "FDiv">   --->   Core 20 'FDiv' <Latency = 9> <II = 1> <Delay = 6.70> <FuncUnit> <Opcode : 'fdiv' 'frem'> <InPorts = 2> <OutPorts = 1>

State 675 <SV = 190> <Delay = 6.70>
ST_675 : Operation 2021 [9/10] (6.70ns)   --->   "%div_21 = fdiv i32 %conv_21, i32 255" [matmul.cpp:12]   --->   Operation 2021 'fdiv' 'div_21' <Predicate = (!icmp_ln10_22)> <Delay = 6.70> <CoreInst = "FDiv">   --->   Core 20 'FDiv' <Latency = 9> <II = 1> <Delay = 6.70> <FuncUnit> <Opcode : 'fdiv' 'frem'> <InPorts = 2> <OutPorts = 1>

State 676 <SV = 191> <Delay = 6.70>
ST_676 : Operation 2022 [8/10] (6.70ns)   --->   "%div_21 = fdiv i32 %conv_21, i32 255" [matmul.cpp:12]   --->   Operation 2022 'fdiv' 'div_21' <Predicate = (!icmp_ln10_22)> <Delay = 6.70> <CoreInst = "FDiv">   --->   Core 20 'FDiv' <Latency = 9> <II = 1> <Delay = 6.70> <FuncUnit> <Opcode : 'fdiv' 'frem'> <InPorts = 2> <OutPorts = 1>

State 677 <SV = 192> <Delay = 6.70>
ST_677 : Operation 2023 [7/10] (6.70ns)   --->   "%div_21 = fdiv i32 %conv_21, i32 255" [matmul.cpp:12]   --->   Operation 2023 'fdiv' 'div_21' <Predicate = (!icmp_ln10_22)> <Delay = 6.70> <CoreInst = "FDiv">   --->   Core 20 'FDiv' <Latency = 9> <II = 1> <Delay = 6.70> <FuncUnit> <Opcode : 'fdiv' 'frem'> <InPorts = 2> <OutPorts = 1>

State 678 <SV = 193> <Delay = 6.70>
ST_678 : Operation 2024 [6/10] (6.70ns)   --->   "%div_21 = fdiv i32 %conv_21, i32 255" [matmul.cpp:12]   --->   Operation 2024 'fdiv' 'div_21' <Predicate = (!icmp_ln10_22)> <Delay = 6.70> <CoreInst = "FDiv">   --->   Core 20 'FDiv' <Latency = 9> <II = 1> <Delay = 6.70> <FuncUnit> <Opcode : 'fdiv' 'frem'> <InPorts = 2> <OutPorts = 1>

State 679 <SV = 194> <Delay = 6.70>
ST_679 : Operation 2025 [5/10] (6.70ns)   --->   "%div_21 = fdiv i32 %conv_21, i32 255" [matmul.cpp:12]   --->   Operation 2025 'fdiv' 'div_21' <Predicate = (!icmp_ln10_22)> <Delay = 6.70> <CoreInst = "FDiv">   --->   Core 20 'FDiv' <Latency = 9> <II = 1> <Delay = 6.70> <FuncUnit> <Opcode : 'fdiv' 'frem'> <InPorts = 2> <OutPorts = 1>

State 680 <SV = 195> <Delay = 6.70>
ST_680 : Operation 2026 [4/10] (6.70ns)   --->   "%div_21 = fdiv i32 %conv_21, i32 255" [matmul.cpp:12]   --->   Operation 2026 'fdiv' 'div_21' <Predicate = (!icmp_ln10_22)> <Delay = 6.70> <CoreInst = "FDiv">   --->   Core 20 'FDiv' <Latency = 9> <II = 1> <Delay = 6.70> <FuncUnit> <Opcode : 'fdiv' 'frem'> <InPorts = 2> <OutPorts = 1>

State 681 <SV = 196> <Delay = 6.70>
ST_681 : Operation 2027 [3/10] (6.70ns)   --->   "%div_21 = fdiv i32 %conv_21, i32 255" [matmul.cpp:12]   --->   Operation 2027 'fdiv' 'div_21' <Predicate = (!icmp_ln10_22)> <Delay = 6.70> <CoreInst = "FDiv">   --->   Core 20 'FDiv' <Latency = 9> <II = 1> <Delay = 6.70> <FuncUnit> <Opcode : 'fdiv' 'frem'> <InPorts = 2> <OutPorts = 1>

State 682 <SV = 197> <Delay = 6.70>
ST_682 : Operation 2028 [2/10] (6.70ns)   --->   "%div_21 = fdiv i32 %conv_21, i32 255" [matmul.cpp:12]   --->   Operation 2028 'fdiv' 'div_21' <Predicate = (!icmp_ln10_22)> <Delay = 6.70> <CoreInst = "FDiv">   --->   Core 20 'FDiv' <Latency = 9> <II = 1> <Delay = 6.70> <FuncUnit> <Opcode : 'fdiv' 'frem'> <InPorts = 2> <OutPorts = 1>

State 683 <SV = 198> <Delay = 6.70>
ST_683 : Operation 2029 [1/1] (0.00ns)   --->   "%k_22_cast = zext i7 %k_22" [matmul.cpp:10]   --->   Operation 2029 'zext' 'k_22_cast' <Predicate = (!icmp_ln10_22)> <Delay = 0.00>
ST_683 : Operation 2030 [1/10] (6.70ns)   --->   "%div_21 = fdiv i32 %conv_21, i32 255" [matmul.cpp:12]   --->   Operation 2030 'fdiv' 'div_21' <Predicate = (!icmp_ln10_22)> <Delay = 6.70> <CoreInst = "FDiv">   --->   Core 20 'FDiv' <Latency = 9> <II = 1> <Delay = 6.70> <FuncUnit> <Opcode : 'fdiv' 'frem'> <InPorts = 2> <OutPorts = 1>
ST_683 : Operation 2031 [1/1] (0.00ns)   --->   "%layer1_weights_22_addr = getelementptr i32 %layer1_weights_22, i64 0, i64 %k_22_cast" [matmul.cpp:12]   --->   Operation 2031 'getelementptr' 'layer1_weights_22_addr' <Predicate = (!icmp_ln10_22)> <Delay = 0.00>
ST_683 : Operation 2032 [2/2] (1.35ns)   --->   "%layer1_weights_22_load = load i7 %layer1_weights_22_addr" [matmul.cpp:12]   --->   Operation 2032 'load' 'layer1_weights_22_load' <Predicate = (!icmp_ln10_22)> <Delay = 1.35> <CoreInst = "ROM">   --->   Core 101 'ROM' <Latency = 1> <II = 1> <Delay = 1.35> <Storage> <Opcode : 'load'> <Ports = 0> <Width = 32> <Depth = 100> <ROM>

State 684 <SV = 199> <Delay = 6.02>
ST_684 : Operation 2033 [1/2] (1.35ns)   --->   "%layer1_weights_22_load = load i7 %layer1_weights_22_addr" [matmul.cpp:12]   --->   Operation 2033 'load' 'layer1_weights_22_load' <Predicate = (!icmp_ln10_22)> <Delay = 1.35> <CoreInst = "ROM">   --->   Core 101 'ROM' <Latency = 1> <II = 1> <Delay = 1.35> <Storage> <Opcode : 'load'> <Ports = 0> <Width = 32> <Depth = 100> <ROM>
ST_684 : Operation 2034 [4/4] (4.67ns)   --->   "%mul_21 = fmul i32 %div_21, i32 %layer1_weights_22_load" [matmul.cpp:12]   --->   Operation 2034 'fmul' 'mul_21' <Predicate = (!icmp_ln10_22)> <Delay = 4.67> <CoreInst = "FMul_maxdsp">   --->   Core 30 'FMul_maxdsp' <Latency = 3> <II = 1> <Delay = 4.67> <FuncUnit> <Opcode : 'fmul'> <InPorts = 2> <OutPorts = 1>

State 685 <SV = 200> <Delay = 4.67>
ST_685 : Operation 2035 [3/4] (4.67ns)   --->   "%mul_21 = fmul i32 %div_21, i32 %layer1_weights_22_load" [matmul.cpp:12]   --->   Operation 2035 'fmul' 'mul_21' <Predicate = (!icmp_ln10_22)> <Delay = 4.67> <CoreInst = "FMul_maxdsp">   --->   Core 30 'FMul_maxdsp' <Latency = 3> <II = 1> <Delay = 4.67> <FuncUnit> <Opcode : 'fmul'> <InPorts = 2> <OutPorts = 1>

State 686 <SV = 201> <Delay = 4.67>
ST_686 : Operation 2036 [2/4] (4.67ns)   --->   "%mul_21 = fmul i32 %div_21, i32 %layer1_weights_22_load" [matmul.cpp:12]   --->   Operation 2036 'fmul' 'mul_21' <Predicate = (!icmp_ln10_22)> <Delay = 4.67> <CoreInst = "FMul_maxdsp">   --->   Core 30 'FMul_maxdsp' <Latency = 3> <II = 1> <Delay = 4.67> <FuncUnit> <Opcode : 'fmul'> <InPorts = 2> <OutPorts = 1>

State 687 <SV = 202> <Delay = 4.67>
ST_687 : Operation 2037 [1/4] (4.67ns)   --->   "%mul_21 = fmul i32 %div_21, i32 %layer1_weights_22_load" [matmul.cpp:12]   --->   Operation 2037 'fmul' 'mul_21' <Predicate = (!icmp_ln10_22)> <Delay = 4.67> <CoreInst = "FMul_maxdsp">   --->   Core 30 'FMul_maxdsp' <Latency = 3> <II = 1> <Delay = 4.67> <FuncUnit> <Opcode : 'fmul'> <InPorts = 2> <OutPorts = 1>

State 688 <SV = 203> <Delay = 6.34>
ST_688 : Operation 2038 [1/1] (0.86ns)   --->   "%icmp_ln12_22 = icmp_eq  i7 %add_ln10_22, i7 100" [matmul.cpp:12]   --->   Operation 2038 'icmp' 'icmp_ln12_22' <Predicate = (!icmp_ln10_22)> <Delay = 0.86> <CoreInst = "Cmp">   --->   Core 9 'Cmp' <Latency = 0> <II = 1> <Delay = 0.86> <FuncUnit> <Opcode : 'icmp'> <InPorts = 2> <OutPorts = 1>
ST_688 : Operation 2039 [3/3] (5.48ns)   --->   "%sum_45 = facc i32 @_ssdm_op_FACC, i32 %mul_21, i1 %icmp_ln12_22" [matmul.cpp:12]   --->   Operation 2039 'facc' 'sum_45' <Predicate = (!icmp_ln10_22)> <Delay = 5.48> <CoreInst = "FAcc_nodsp">   --->   Core 11 'FAcc_nodsp' <Latency = 2> <II = 1> <Delay = 5.48> <FuncUnit> <Opcode : 'facc'> <InPorts = 2> <OutPorts = 1>

State 689 <SV = 204> <Delay = 5.48>
ST_689 : Operation 2040 [2/3] (5.48ns)   --->   "%sum_45 = facc i32 @_ssdm_op_FACC, i32 %mul_21, i1 %icmp_ln12_22" [matmul.cpp:12]   --->   Operation 2040 'facc' 'sum_45' <Predicate = (!icmp_ln10_22)> <Delay = 5.48> <CoreInst = "FAcc_nodsp">   --->   Core 11 'FAcc_nodsp' <Latency = 2> <II = 1> <Delay = 5.48> <FuncUnit> <Opcode : 'facc'> <InPorts = 2> <OutPorts = 1>

State 690 <SV = 205> <Delay = 5.48>
ST_690 : Operation 2041 [1/1] (0.00ns)   --->   "%specloopname_ln8 = specloopname void @_ssdm_op_SpecLoopName, void @empty_9" [matmul.cpp:8]   --->   Operation 2041 'specloopname' 'specloopname_ln8' <Predicate = (!icmp_ln10_22)> <Delay = 0.00>
ST_690 : Operation 2042 [1/3] (5.48ns)   --->   "%sum_45 = facc i32 @_ssdm_op_FACC, i32 %mul_21, i1 %icmp_ln12_22" [matmul.cpp:12]   --->   Operation 2042 'facc' 'sum_45' <Predicate = (!icmp_ln10_22)> <Delay = 5.48> <CoreInst = "FAcc_nodsp">   --->   Core 11 'FAcc_nodsp' <Latency = 2> <II = 1> <Delay = 5.48> <FuncUnit> <Opcode : 'facc'> <InPorts = 2> <OutPorts = 1>
ST_690 : Operation 2043 [1/1] (0.00ns)   --->   "%br_ln0 = br void"   --->   Operation 2043 'br' 'br_ln0' <Predicate = (!icmp_ln10_22)> <Delay = 0.00>

State 691 <SV = 184> <Delay = 7.30>
ST_691 : Operation 2044 [1/1] (0.00ns)   --->   "%output_0_addr_22 = getelementptr i32 %output_0, i64 0, i64 22" [matmul.cpp:14]   --->   Operation 2044 'getelementptr' 'output_0_addr_22' <Predicate = true> <Delay = 0.00>
ST_691 : Operation 2045 [1/1] (1.35ns)   --->   "%store_ln14 = store i32 %sum_44, i5 %output_0_addr_22" [matmul.cpp:14]   --->   Operation 2045 'store' 'store_ln14' <Predicate = true> <Delay = 1.35> <CoreInst = "RAM">   --->   Core 83 'RAM' <Latency = 1> <II = 1> <Delay = 1.35> <Storage> <Opcode : 'load' 'store'> <Ports = 2> <Width = 32> <Depth = 32> <RAM>
ST_691 : Operation 2046 [7/7] (7.30ns)   --->   "%AXI_DATA_addr_32_rd_req566 = readreq i1 @_ssdm_op_ReadReq.m_axi.i8P1A, i8 %AXI_DATA_addr, i32 100" [matmul.cpp:12]   --->   Operation 2046 'readreq' 'AXI_DATA_addr_32_rd_req566' <Predicate = true> <Delay = 7.30> <CoreInst = "m_axi">   --->   Core 121 'm_axi' <Latency = 6> <II = 1> <Delay = 1.00> <Adapter> <Opcode : 'read' 'write' 'readreq' 'writereq' 'writeresp'>

State 692 <SV = 185> <Delay = 7.30>
ST_692 : Operation 2047 [6/7] (7.30ns)   --->   "%AXI_DATA_addr_32_rd_req566 = readreq i1 @_ssdm_op_ReadReq.m_axi.i8P1A, i8 %AXI_DATA_addr, i32 100" [matmul.cpp:12]   --->   Operation 2047 'readreq' 'AXI_DATA_addr_32_rd_req566' <Predicate = true> <Delay = 7.30> <CoreInst = "m_axi">   --->   Core 121 'm_axi' <Latency = 6> <II = 1> <Delay = 1.00> <Adapter> <Opcode : 'read' 'write' 'readreq' 'writereq' 'writeresp'>

State 693 <SV = 186> <Delay = 7.30>
ST_693 : Operation 2048 [5/7] (7.30ns)   --->   "%AXI_DATA_addr_32_rd_req566 = readreq i1 @_ssdm_op_ReadReq.m_axi.i8P1A, i8 %AXI_DATA_addr, i32 100" [matmul.cpp:12]   --->   Operation 2048 'readreq' 'AXI_DATA_addr_32_rd_req566' <Predicate = true> <Delay = 7.30> <CoreInst = "m_axi">   --->   Core 121 'm_axi' <Latency = 6> <II = 1> <Delay = 1.00> <Adapter> <Opcode : 'read' 'write' 'readreq' 'writereq' 'writeresp'>

State 694 <SV = 187> <Delay = 7.30>
ST_694 : Operation 2049 [4/7] (7.30ns)   --->   "%AXI_DATA_addr_32_rd_req566 = readreq i1 @_ssdm_op_ReadReq.m_axi.i8P1A, i8 %AXI_DATA_addr, i32 100" [matmul.cpp:12]   --->   Operation 2049 'readreq' 'AXI_DATA_addr_32_rd_req566' <Predicate = true> <Delay = 7.30> <CoreInst = "m_axi">   --->   Core 121 'm_axi' <Latency = 6> <II = 1> <Delay = 1.00> <Adapter> <Opcode : 'read' 'write' 'readreq' 'writereq' 'writeresp'>

State 695 <SV = 188> <Delay = 7.30>
ST_695 : Operation 2050 [3/7] (7.30ns)   --->   "%AXI_DATA_addr_32_rd_req566 = readreq i1 @_ssdm_op_ReadReq.m_axi.i8P1A, i8 %AXI_DATA_addr, i32 100" [matmul.cpp:12]   --->   Operation 2050 'readreq' 'AXI_DATA_addr_32_rd_req566' <Predicate = true> <Delay = 7.30> <CoreInst = "m_axi">   --->   Core 121 'm_axi' <Latency = 6> <II = 1> <Delay = 1.00> <Adapter> <Opcode : 'read' 'write' 'readreq' 'writereq' 'writeresp'>

State 696 <SV = 189> <Delay = 7.30>
ST_696 : Operation 2051 [2/7] (7.30ns)   --->   "%AXI_DATA_addr_32_rd_req566 = readreq i1 @_ssdm_op_ReadReq.m_axi.i8P1A, i8 %AXI_DATA_addr, i32 100" [matmul.cpp:12]   --->   Operation 2051 'readreq' 'AXI_DATA_addr_32_rd_req566' <Predicate = true> <Delay = 7.30> <CoreInst = "m_axi">   --->   Core 121 'm_axi' <Latency = 6> <II = 1> <Delay = 1.00> <Adapter> <Opcode : 'read' 'write' 'readreq' 'writereq' 'writeresp'>

State 697 <SV = 190> <Delay = 7.30>
ST_697 : Operation 2052 [1/7] (7.30ns)   --->   "%AXI_DATA_addr_32_rd_req566 = readreq i1 @_ssdm_op_ReadReq.m_axi.i8P1A, i8 %AXI_DATA_addr, i32 100" [matmul.cpp:12]   --->   Operation 2052 'readreq' 'AXI_DATA_addr_32_rd_req566' <Predicate = true> <Delay = 7.30> <CoreInst = "m_axi">   --->   Core 121 'm_axi' <Latency = 6> <II = 1> <Delay = 1.00> <Adapter> <Opcode : 'read' 'write' 'readreq' 'writereq' 'writeresp'>
ST_697 : Operation 2053 [1/1] (0.48ns)   --->   "%br_ln10 = br void" [matmul.cpp:10]   --->   Operation 2053 'br' 'br_ln10' <Predicate = true> <Delay = 0.48>

State 698 <SV = 191> <Delay = 0.89>
ST_698 : Operation 2054 [1/1] (0.00ns)   --->   "%k_23 = phi i7 %add_ln10_23, void %.split17, i7 0, void" [matmul.cpp:10]   --->   Operation 2054 'phi' 'k_23' <Predicate = true> <Delay = 0.00>
ST_698 : Operation 2055 [1/1] (0.00ns)   --->   "%sum_46 = phi i32 %sum_47, void %.split17, i32 0, void"   --->   Operation 2055 'phi' 'sum_46' <Predicate = true> <Delay = 0.00>
ST_698 : Operation 2056 [1/1] (0.89ns)   --->   "%add_ln10_23 = add i7 %k_23, i7 1" [matmul.cpp:10]   --->   Operation 2056 'add' 'add_ln10_23' <Predicate = true> <Delay = 0.89> <CoreInst = "Adder">   --->   Core 1 'Adder' <Latency = 0> <II = 1> <Delay = 0.89> <FuncUnit> <Opcode : 'add' 'sub'> <InPorts = 2> <OutPorts = 1>
ST_698 : Operation 2057 [1/1] (0.00ns)   --->   "%specpipeline_ln0 = specpipeline void @_ssdm_op_SpecPipeline, i32 4294967295, i32 0, i32 1, i32 0, void @p_str"   --->   Operation 2057 'specpipeline' 'specpipeline_ln0' <Predicate = true> <Delay = 0.00>
ST_698 : Operation 2058 [1/1] (0.86ns)   --->   "%icmp_ln10_23 = icmp_eq  i7 %k_23, i7 100" [matmul.cpp:10]   --->   Operation 2058 'icmp' 'icmp_ln10_23' <Predicate = true> <Delay = 0.86> <CoreInst = "Cmp">   --->   Core 9 'Cmp' <Latency = 0> <II = 1> <Delay = 0.86> <FuncUnit> <Opcode : 'icmp'> <InPorts = 2> <OutPorts = 1>
ST_698 : Operation 2059 [1/1] (0.00ns)   --->   "%empty_57 = speclooptripcount i32 @_ssdm_op_SpecLoopTripCount, i64 100, i64 100, i64 100"   --->   Operation 2059 'speclooptripcount' 'empty_57' <Predicate = true> <Delay = 0.00>
ST_698 : Operation 2060 [1/1] (0.00ns)   --->   "%br_ln10 = br i1 %icmp_ln10_23, void %.split17, void" [matmul.cpp:10]   --->   Operation 2060 'br' 'br_ln10' <Predicate = true> <Delay = 0.00>

State 699 <SV = 192> <Delay = 7.30>
ST_699 : Operation 2061 [1/1] (7.30ns)   --->   "%AXI_DATA_addr_read_23 = read i8 @_ssdm_op_Read.m_axi.i8P1A, i8 %AXI_DATA_addr" [matmul.cpp:12]   --->   Operation 2061 'read' 'AXI_DATA_addr_read_23' <Predicate = (!icmp_ln10_23)> <Delay = 7.30> <CoreInst = "m_axi">   --->   Core 121 'm_axi' <Latency = 6> <II = 1> <Delay = 1.00> <Adapter> <Opcode : 'read' 'write' 'readreq' 'writereq' 'writeresp'>

State 700 <SV = 193> <Delay = 6.67>
ST_700 : Operation 2062 [1/1] (0.00ns)   --->   "%zext_ln12_23 = zext i8 %AXI_DATA_addr_read_23" [matmul.cpp:12]   --->   Operation 2062 'zext' 'zext_ln12_23' <Predicate = (!icmp_ln10_23)> <Delay = 0.00>
ST_700 : Operation 2063 [4/4] (6.67ns)   --->   "%conv_22 = uitofp i32 %zext_ln12_23" [matmul.cpp:12]   --->   Operation 2063 'uitofp' 'conv_22' <Predicate = (!icmp_ln10_23)> <Delay = 6.67> <CoreInst = "Int2Float">   --->   Core 62 'Int2Float' <Latency = 3> <II = 1> <Delay = 6.67> <FuncUnit> <Opcode : 'sitofp' 'uitofp'> <InPorts = 1> <OutPorts = 1>

State 701 <SV = 194> <Delay = 6.67>
ST_701 : Operation 2064 [3/4] (6.67ns)   --->   "%conv_22 = uitofp i32 %zext_ln12_23" [matmul.cpp:12]   --->   Operation 2064 'uitofp' 'conv_22' <Predicate = (!icmp_ln10_23)> <Delay = 6.67> <CoreInst = "Int2Float">   --->   Core 62 'Int2Float' <Latency = 3> <II = 1> <Delay = 6.67> <FuncUnit> <Opcode : 'sitofp' 'uitofp'> <InPorts = 1> <OutPorts = 1>

State 702 <SV = 195> <Delay = 6.67>
ST_702 : Operation 2065 [2/4] (6.67ns)   --->   "%conv_22 = uitofp i32 %zext_ln12_23" [matmul.cpp:12]   --->   Operation 2065 'uitofp' 'conv_22' <Predicate = (!icmp_ln10_23)> <Delay = 6.67> <CoreInst = "Int2Float">   --->   Core 62 'Int2Float' <Latency = 3> <II = 1> <Delay = 6.67> <FuncUnit> <Opcode : 'sitofp' 'uitofp'> <InPorts = 1> <OutPorts = 1>

State 703 <SV = 196> <Delay = 6.67>
ST_703 : Operation 2066 [1/4] (6.67ns)   --->   "%conv_22 = uitofp i32 %zext_ln12_23" [matmul.cpp:12]   --->   Operation 2066 'uitofp' 'conv_22' <Predicate = (!icmp_ln10_23)> <Delay = 6.67> <CoreInst = "Int2Float">   --->   Core 62 'Int2Float' <Latency = 3> <II = 1> <Delay = 6.67> <FuncUnit> <Opcode : 'sitofp' 'uitofp'> <InPorts = 1> <OutPorts = 1>

State 704 <SV = 197> <Delay = 6.70>
ST_704 : Operation 2067 [10/10] (6.70ns)   --->   "%div_22 = fdiv i32 %conv_22, i32 255" [matmul.cpp:12]   --->   Operation 2067 'fdiv' 'div_22' <Predicate = (!icmp_ln10_23)> <Delay = 6.70> <CoreInst = "FDiv">   --->   Core 20 'FDiv' <Latency = 9> <II = 1> <Delay = 6.70> <FuncUnit> <Opcode : 'fdiv' 'frem'> <InPorts = 2> <OutPorts = 1>

State 705 <SV = 198> <Delay = 6.70>
ST_705 : Operation 2068 [9/10] (6.70ns)   --->   "%div_22 = fdiv i32 %conv_22, i32 255" [matmul.cpp:12]   --->   Operation 2068 'fdiv' 'div_22' <Predicate = (!icmp_ln10_23)> <Delay = 6.70> <CoreInst = "FDiv">   --->   Core 20 'FDiv' <Latency = 9> <II = 1> <Delay = 6.70> <FuncUnit> <Opcode : 'fdiv' 'frem'> <InPorts = 2> <OutPorts = 1>

State 706 <SV = 199> <Delay = 6.70>
ST_706 : Operation 2069 [8/10] (6.70ns)   --->   "%div_22 = fdiv i32 %conv_22, i32 255" [matmul.cpp:12]   --->   Operation 2069 'fdiv' 'div_22' <Predicate = (!icmp_ln10_23)> <Delay = 6.70> <CoreInst = "FDiv">   --->   Core 20 'FDiv' <Latency = 9> <II = 1> <Delay = 6.70> <FuncUnit> <Opcode : 'fdiv' 'frem'> <InPorts = 2> <OutPorts = 1>

State 707 <SV = 200> <Delay = 6.70>
ST_707 : Operation 2070 [7/10] (6.70ns)   --->   "%div_22 = fdiv i32 %conv_22, i32 255" [matmul.cpp:12]   --->   Operation 2070 'fdiv' 'div_22' <Predicate = (!icmp_ln10_23)> <Delay = 6.70> <CoreInst = "FDiv">   --->   Core 20 'FDiv' <Latency = 9> <II = 1> <Delay = 6.70> <FuncUnit> <Opcode : 'fdiv' 'frem'> <InPorts = 2> <OutPorts = 1>

State 708 <SV = 201> <Delay = 6.70>
ST_708 : Operation 2071 [6/10] (6.70ns)   --->   "%div_22 = fdiv i32 %conv_22, i32 255" [matmul.cpp:12]   --->   Operation 2071 'fdiv' 'div_22' <Predicate = (!icmp_ln10_23)> <Delay = 6.70> <CoreInst = "FDiv">   --->   Core 20 'FDiv' <Latency = 9> <II = 1> <Delay = 6.70> <FuncUnit> <Opcode : 'fdiv' 'frem'> <InPorts = 2> <OutPorts = 1>

State 709 <SV = 202> <Delay = 6.70>
ST_709 : Operation 2072 [5/10] (6.70ns)   --->   "%div_22 = fdiv i32 %conv_22, i32 255" [matmul.cpp:12]   --->   Operation 2072 'fdiv' 'div_22' <Predicate = (!icmp_ln10_23)> <Delay = 6.70> <CoreInst = "FDiv">   --->   Core 20 'FDiv' <Latency = 9> <II = 1> <Delay = 6.70> <FuncUnit> <Opcode : 'fdiv' 'frem'> <InPorts = 2> <OutPorts = 1>

State 710 <SV = 203> <Delay = 6.70>
ST_710 : Operation 2073 [4/10] (6.70ns)   --->   "%div_22 = fdiv i32 %conv_22, i32 255" [matmul.cpp:12]   --->   Operation 2073 'fdiv' 'div_22' <Predicate = (!icmp_ln10_23)> <Delay = 6.70> <CoreInst = "FDiv">   --->   Core 20 'FDiv' <Latency = 9> <II = 1> <Delay = 6.70> <FuncUnit> <Opcode : 'fdiv' 'frem'> <InPorts = 2> <OutPorts = 1>

State 711 <SV = 204> <Delay = 6.70>
ST_711 : Operation 2074 [3/10] (6.70ns)   --->   "%div_22 = fdiv i32 %conv_22, i32 255" [matmul.cpp:12]   --->   Operation 2074 'fdiv' 'div_22' <Predicate = (!icmp_ln10_23)> <Delay = 6.70> <CoreInst = "FDiv">   --->   Core 20 'FDiv' <Latency = 9> <II = 1> <Delay = 6.70> <FuncUnit> <Opcode : 'fdiv' 'frem'> <InPorts = 2> <OutPorts = 1>

State 712 <SV = 205> <Delay = 6.70>
ST_712 : Operation 2075 [2/10] (6.70ns)   --->   "%div_22 = fdiv i32 %conv_22, i32 255" [matmul.cpp:12]   --->   Operation 2075 'fdiv' 'div_22' <Predicate = (!icmp_ln10_23)> <Delay = 6.70> <CoreInst = "FDiv">   --->   Core 20 'FDiv' <Latency = 9> <II = 1> <Delay = 6.70> <FuncUnit> <Opcode : 'fdiv' 'frem'> <InPorts = 2> <OutPorts = 1>

State 713 <SV = 206> <Delay = 6.70>
ST_713 : Operation 2076 [1/1] (0.00ns)   --->   "%k_23_cast = zext i7 %k_23" [matmul.cpp:10]   --->   Operation 2076 'zext' 'k_23_cast' <Predicate = (!icmp_ln10_23)> <Delay = 0.00>
ST_713 : Operation 2077 [1/10] (6.70ns)   --->   "%div_22 = fdiv i32 %conv_22, i32 255" [matmul.cpp:12]   --->   Operation 2077 'fdiv' 'div_22' <Predicate = (!icmp_ln10_23)> <Delay = 6.70> <CoreInst = "FDiv">   --->   Core 20 'FDiv' <Latency = 9> <II = 1> <Delay = 6.70> <FuncUnit> <Opcode : 'fdiv' 'frem'> <InPorts = 2> <OutPorts = 1>
ST_713 : Operation 2078 [1/1] (0.00ns)   --->   "%layer1_weights_23_addr = getelementptr i32 %layer1_weights_23, i64 0, i64 %k_23_cast" [matmul.cpp:12]   --->   Operation 2078 'getelementptr' 'layer1_weights_23_addr' <Predicate = (!icmp_ln10_23)> <Delay = 0.00>
ST_713 : Operation 2079 [2/2] (1.35ns)   --->   "%layer1_weights_23_load = load i7 %layer1_weights_23_addr" [matmul.cpp:12]   --->   Operation 2079 'load' 'layer1_weights_23_load' <Predicate = (!icmp_ln10_23)> <Delay = 1.35> <CoreInst = "ROM">   --->   Core 101 'ROM' <Latency = 1> <II = 1> <Delay = 1.35> <Storage> <Opcode : 'load'> <Ports = 0> <Width = 32> <Depth = 100> <ROM>

State 714 <SV = 207> <Delay = 6.02>
ST_714 : Operation 2080 [1/2] (1.35ns)   --->   "%layer1_weights_23_load = load i7 %layer1_weights_23_addr" [matmul.cpp:12]   --->   Operation 2080 'load' 'layer1_weights_23_load' <Predicate = (!icmp_ln10_23)> <Delay = 1.35> <CoreInst = "ROM">   --->   Core 101 'ROM' <Latency = 1> <II = 1> <Delay = 1.35> <Storage> <Opcode : 'load'> <Ports = 0> <Width = 32> <Depth = 100> <ROM>
ST_714 : Operation 2081 [4/4] (4.67ns)   --->   "%mul_22 = fmul i32 %div_22, i32 %layer1_weights_23_load" [matmul.cpp:12]   --->   Operation 2081 'fmul' 'mul_22' <Predicate = (!icmp_ln10_23)> <Delay = 4.67> <CoreInst = "FMul_maxdsp">   --->   Core 30 'FMul_maxdsp' <Latency = 3> <II = 1> <Delay = 4.67> <FuncUnit> <Opcode : 'fmul'> <InPorts = 2> <OutPorts = 1>

State 715 <SV = 208> <Delay = 4.67>
ST_715 : Operation 2082 [3/4] (4.67ns)   --->   "%mul_22 = fmul i32 %div_22, i32 %layer1_weights_23_load" [matmul.cpp:12]   --->   Operation 2082 'fmul' 'mul_22' <Predicate = (!icmp_ln10_23)> <Delay = 4.67> <CoreInst = "FMul_maxdsp">   --->   Core 30 'FMul_maxdsp' <Latency = 3> <II = 1> <Delay = 4.67> <FuncUnit> <Opcode : 'fmul'> <InPorts = 2> <OutPorts = 1>

State 716 <SV = 209> <Delay = 4.67>
ST_716 : Operation 2083 [2/4] (4.67ns)   --->   "%mul_22 = fmul i32 %div_22, i32 %layer1_weights_23_load" [matmul.cpp:12]   --->   Operation 2083 'fmul' 'mul_22' <Predicate = (!icmp_ln10_23)> <Delay = 4.67> <CoreInst = "FMul_maxdsp">   --->   Core 30 'FMul_maxdsp' <Latency = 3> <II = 1> <Delay = 4.67> <FuncUnit> <Opcode : 'fmul'> <InPorts = 2> <OutPorts = 1>

State 717 <SV = 210> <Delay = 4.67>
ST_717 : Operation 2084 [1/4] (4.67ns)   --->   "%mul_22 = fmul i32 %div_22, i32 %layer1_weights_23_load" [matmul.cpp:12]   --->   Operation 2084 'fmul' 'mul_22' <Predicate = (!icmp_ln10_23)> <Delay = 4.67> <CoreInst = "FMul_maxdsp">   --->   Core 30 'FMul_maxdsp' <Latency = 3> <II = 1> <Delay = 4.67> <FuncUnit> <Opcode : 'fmul'> <InPorts = 2> <OutPorts = 1>

State 718 <SV = 211> <Delay = 6.34>
ST_718 : Operation 2085 [1/1] (0.86ns)   --->   "%icmp_ln12_23 = icmp_eq  i7 %add_ln10_23, i7 100" [matmul.cpp:12]   --->   Operation 2085 'icmp' 'icmp_ln12_23' <Predicate = (!icmp_ln10_23)> <Delay = 0.86> <CoreInst = "Cmp">   --->   Core 9 'Cmp' <Latency = 0> <II = 1> <Delay = 0.86> <FuncUnit> <Opcode : 'icmp'> <InPorts = 2> <OutPorts = 1>
ST_718 : Operation 2086 [3/3] (5.48ns)   --->   "%sum_47 = facc i32 @_ssdm_op_FACC, i32 %mul_22, i1 %icmp_ln12_23" [matmul.cpp:12]   --->   Operation 2086 'facc' 'sum_47' <Predicate = (!icmp_ln10_23)> <Delay = 5.48> <CoreInst = "FAcc_nodsp">   --->   Core 11 'FAcc_nodsp' <Latency = 2> <II = 1> <Delay = 5.48> <FuncUnit> <Opcode : 'facc'> <InPorts = 2> <OutPorts = 1>

State 719 <SV = 212> <Delay = 5.48>
ST_719 : Operation 2087 [2/3] (5.48ns)   --->   "%sum_47 = facc i32 @_ssdm_op_FACC, i32 %mul_22, i1 %icmp_ln12_23" [matmul.cpp:12]   --->   Operation 2087 'facc' 'sum_47' <Predicate = (!icmp_ln10_23)> <Delay = 5.48> <CoreInst = "FAcc_nodsp">   --->   Core 11 'FAcc_nodsp' <Latency = 2> <II = 1> <Delay = 5.48> <FuncUnit> <Opcode : 'facc'> <InPorts = 2> <OutPorts = 1>

State 720 <SV = 213> <Delay = 5.48>
ST_720 : Operation 2088 [1/1] (0.00ns)   --->   "%specloopname_ln8 = specloopname void @_ssdm_op_SpecLoopName, void @empty_9" [matmul.cpp:8]   --->   Operation 2088 'specloopname' 'specloopname_ln8' <Predicate = (!icmp_ln10_23)> <Delay = 0.00>
ST_720 : Operation 2089 [1/3] (5.48ns)   --->   "%sum_47 = facc i32 @_ssdm_op_FACC, i32 %mul_22, i1 %icmp_ln12_23" [matmul.cpp:12]   --->   Operation 2089 'facc' 'sum_47' <Predicate = (!icmp_ln10_23)> <Delay = 5.48> <CoreInst = "FAcc_nodsp">   --->   Core 11 'FAcc_nodsp' <Latency = 2> <II = 1> <Delay = 5.48> <FuncUnit> <Opcode : 'facc'> <InPorts = 2> <OutPorts = 1>
ST_720 : Operation 2090 [1/1] (0.00ns)   --->   "%br_ln0 = br void"   --->   Operation 2090 'br' 'br_ln0' <Predicate = (!icmp_ln10_23)> <Delay = 0.00>

State 721 <SV = 192> <Delay = 7.30>
ST_721 : Operation 2091 [1/1] (0.00ns)   --->   "%output_0_addr_23 = getelementptr i32 %output_0, i64 0, i64 23" [matmul.cpp:14]   --->   Operation 2091 'getelementptr' 'output_0_addr_23' <Predicate = true> <Delay = 0.00>
ST_721 : Operation 2092 [1/1] (1.35ns)   --->   "%store_ln14 = store i32 %sum_46, i5 %output_0_addr_23" [matmul.cpp:14]   --->   Operation 2092 'store' 'store_ln14' <Predicate = true> <Delay = 1.35> <CoreInst = "RAM">   --->   Core 83 'RAM' <Latency = 1> <II = 1> <Delay = 1.35> <Storage> <Opcode : 'load' 'store'> <Ports = 2> <Width = 32> <Depth = 32> <RAM>
ST_721 : Operation 2093 [7/7] (7.30ns)   --->   "%AXI_DATA_addr_32_rd_req567 = readreq i1 @_ssdm_op_ReadReq.m_axi.i8P1A, i8 %AXI_DATA_addr, i32 100" [matmul.cpp:12]   --->   Operation 2093 'readreq' 'AXI_DATA_addr_32_rd_req567' <Predicate = true> <Delay = 7.30> <CoreInst = "m_axi">   --->   Core 121 'm_axi' <Latency = 6> <II = 1> <Delay = 1.00> <Adapter> <Opcode : 'read' 'write' 'readreq' 'writereq' 'writeresp'>

State 722 <SV = 193> <Delay = 7.30>
ST_722 : Operation 2094 [6/7] (7.30ns)   --->   "%AXI_DATA_addr_32_rd_req567 = readreq i1 @_ssdm_op_ReadReq.m_axi.i8P1A, i8 %AXI_DATA_addr, i32 100" [matmul.cpp:12]   --->   Operation 2094 'readreq' 'AXI_DATA_addr_32_rd_req567' <Predicate = true> <Delay = 7.30> <CoreInst = "m_axi">   --->   Core 121 'm_axi' <Latency = 6> <II = 1> <Delay = 1.00> <Adapter> <Opcode : 'read' 'write' 'readreq' 'writereq' 'writeresp'>

State 723 <SV = 194> <Delay = 7.30>
ST_723 : Operation 2095 [5/7] (7.30ns)   --->   "%AXI_DATA_addr_32_rd_req567 = readreq i1 @_ssdm_op_ReadReq.m_axi.i8P1A, i8 %AXI_DATA_addr, i32 100" [matmul.cpp:12]   --->   Operation 2095 'readreq' 'AXI_DATA_addr_32_rd_req567' <Predicate = true> <Delay = 7.30> <CoreInst = "m_axi">   --->   Core 121 'm_axi' <Latency = 6> <II = 1> <Delay = 1.00> <Adapter> <Opcode : 'read' 'write' 'readreq' 'writereq' 'writeresp'>

State 724 <SV = 195> <Delay = 7.30>
ST_724 : Operation 2096 [4/7] (7.30ns)   --->   "%AXI_DATA_addr_32_rd_req567 = readreq i1 @_ssdm_op_ReadReq.m_axi.i8P1A, i8 %AXI_DATA_addr, i32 100" [matmul.cpp:12]   --->   Operation 2096 'readreq' 'AXI_DATA_addr_32_rd_req567' <Predicate = true> <Delay = 7.30> <CoreInst = "m_axi">   --->   Core 121 'm_axi' <Latency = 6> <II = 1> <Delay = 1.00> <Adapter> <Opcode : 'read' 'write' 'readreq' 'writereq' 'writeresp'>

State 725 <SV = 196> <Delay = 7.30>
ST_725 : Operation 2097 [3/7] (7.30ns)   --->   "%AXI_DATA_addr_32_rd_req567 = readreq i1 @_ssdm_op_ReadReq.m_axi.i8P1A, i8 %AXI_DATA_addr, i32 100" [matmul.cpp:12]   --->   Operation 2097 'readreq' 'AXI_DATA_addr_32_rd_req567' <Predicate = true> <Delay = 7.30> <CoreInst = "m_axi">   --->   Core 121 'm_axi' <Latency = 6> <II = 1> <Delay = 1.00> <Adapter> <Opcode : 'read' 'write' 'readreq' 'writereq' 'writeresp'>

State 726 <SV = 197> <Delay = 7.30>
ST_726 : Operation 2098 [2/7] (7.30ns)   --->   "%AXI_DATA_addr_32_rd_req567 = readreq i1 @_ssdm_op_ReadReq.m_axi.i8P1A, i8 %AXI_DATA_addr, i32 100" [matmul.cpp:12]   --->   Operation 2098 'readreq' 'AXI_DATA_addr_32_rd_req567' <Predicate = true> <Delay = 7.30> <CoreInst = "m_axi">   --->   Core 121 'm_axi' <Latency = 6> <II = 1> <Delay = 1.00> <Adapter> <Opcode : 'read' 'write' 'readreq' 'writereq' 'writeresp'>

State 727 <SV = 198> <Delay = 7.30>
ST_727 : Operation 2099 [1/7] (7.30ns)   --->   "%AXI_DATA_addr_32_rd_req567 = readreq i1 @_ssdm_op_ReadReq.m_axi.i8P1A, i8 %AXI_DATA_addr, i32 100" [matmul.cpp:12]   --->   Operation 2099 'readreq' 'AXI_DATA_addr_32_rd_req567' <Predicate = true> <Delay = 7.30> <CoreInst = "m_axi">   --->   Core 121 'm_axi' <Latency = 6> <II = 1> <Delay = 1.00> <Adapter> <Opcode : 'read' 'write' 'readreq' 'writereq' 'writeresp'>
ST_727 : Operation 2100 [1/1] (0.48ns)   --->   "%br_ln10 = br void" [matmul.cpp:10]   --->   Operation 2100 'br' 'br_ln10' <Predicate = true> <Delay = 0.48>

State 728 <SV = 199> <Delay = 0.89>
ST_728 : Operation 2101 [1/1] (0.00ns)   --->   "%k_24 = phi i7 %add_ln10_24, void %.split15, i7 0, void" [matmul.cpp:10]   --->   Operation 2101 'phi' 'k_24' <Predicate = true> <Delay = 0.00>
ST_728 : Operation 2102 [1/1] (0.00ns)   --->   "%sum_48 = phi i32 %sum_49, void %.split15, i32 0, void"   --->   Operation 2102 'phi' 'sum_48' <Predicate = true> <Delay = 0.00>
ST_728 : Operation 2103 [1/1] (0.89ns)   --->   "%add_ln10_24 = add i7 %k_24, i7 1" [matmul.cpp:10]   --->   Operation 2103 'add' 'add_ln10_24' <Predicate = true> <Delay = 0.89> <CoreInst = "Adder">   --->   Core 1 'Adder' <Latency = 0> <II = 1> <Delay = 0.89> <FuncUnit> <Opcode : 'add' 'sub'> <InPorts = 2> <OutPorts = 1>
ST_728 : Operation 2104 [1/1] (0.00ns)   --->   "%specpipeline_ln0 = specpipeline void @_ssdm_op_SpecPipeline, i32 4294967295, i32 0, i32 1, i32 0, void @p_str"   --->   Operation 2104 'specpipeline' 'specpipeline_ln0' <Predicate = true> <Delay = 0.00>
ST_728 : Operation 2105 [1/1] (0.86ns)   --->   "%icmp_ln10_24 = icmp_eq  i7 %k_24, i7 100" [matmul.cpp:10]   --->   Operation 2105 'icmp' 'icmp_ln10_24' <Predicate = true> <Delay = 0.86> <CoreInst = "Cmp">   --->   Core 9 'Cmp' <Latency = 0> <II = 1> <Delay = 0.86> <FuncUnit> <Opcode : 'icmp'> <InPorts = 2> <OutPorts = 1>
ST_728 : Operation 2106 [1/1] (0.00ns)   --->   "%empty_58 = speclooptripcount i32 @_ssdm_op_SpecLoopTripCount, i64 100, i64 100, i64 100"   --->   Operation 2106 'speclooptripcount' 'empty_58' <Predicate = true> <Delay = 0.00>
ST_728 : Operation 2107 [1/1] (0.00ns)   --->   "%br_ln10 = br i1 %icmp_ln10_24, void %.split15, void" [matmul.cpp:10]   --->   Operation 2107 'br' 'br_ln10' <Predicate = true> <Delay = 0.00>

State 729 <SV = 200> <Delay = 7.30>
ST_729 : Operation 2108 [1/1] (7.30ns)   --->   "%AXI_DATA_addr_read_24 = read i8 @_ssdm_op_Read.m_axi.i8P1A, i8 %AXI_DATA_addr" [matmul.cpp:12]   --->   Operation 2108 'read' 'AXI_DATA_addr_read_24' <Predicate = (!icmp_ln10_24)> <Delay = 7.30> <CoreInst = "m_axi">   --->   Core 121 'm_axi' <Latency = 6> <II = 1> <Delay = 1.00> <Adapter> <Opcode : 'read' 'write' 'readreq' 'writereq' 'writeresp'>

State 730 <SV = 201> <Delay = 6.67>
ST_730 : Operation 2109 [1/1] (0.00ns)   --->   "%zext_ln12_24 = zext i8 %AXI_DATA_addr_read_24" [matmul.cpp:12]   --->   Operation 2109 'zext' 'zext_ln12_24' <Predicate = (!icmp_ln10_24)> <Delay = 0.00>
ST_730 : Operation 2110 [4/4] (6.67ns)   --->   "%conv_23 = uitofp i32 %zext_ln12_24" [matmul.cpp:12]   --->   Operation 2110 'uitofp' 'conv_23' <Predicate = (!icmp_ln10_24)> <Delay = 6.67> <CoreInst = "Int2Float">   --->   Core 62 'Int2Float' <Latency = 3> <II = 1> <Delay = 6.67> <FuncUnit> <Opcode : 'sitofp' 'uitofp'> <InPorts = 1> <OutPorts = 1>

State 731 <SV = 202> <Delay = 6.67>
ST_731 : Operation 2111 [3/4] (6.67ns)   --->   "%conv_23 = uitofp i32 %zext_ln12_24" [matmul.cpp:12]   --->   Operation 2111 'uitofp' 'conv_23' <Predicate = (!icmp_ln10_24)> <Delay = 6.67> <CoreInst = "Int2Float">   --->   Core 62 'Int2Float' <Latency = 3> <II = 1> <Delay = 6.67> <FuncUnit> <Opcode : 'sitofp' 'uitofp'> <InPorts = 1> <OutPorts = 1>

State 732 <SV = 203> <Delay = 6.67>
ST_732 : Operation 2112 [2/4] (6.67ns)   --->   "%conv_23 = uitofp i32 %zext_ln12_24" [matmul.cpp:12]   --->   Operation 2112 'uitofp' 'conv_23' <Predicate = (!icmp_ln10_24)> <Delay = 6.67> <CoreInst = "Int2Float">   --->   Core 62 'Int2Float' <Latency = 3> <II = 1> <Delay = 6.67> <FuncUnit> <Opcode : 'sitofp' 'uitofp'> <InPorts = 1> <OutPorts = 1>

State 733 <SV = 204> <Delay = 6.67>
ST_733 : Operation 2113 [1/4] (6.67ns)   --->   "%conv_23 = uitofp i32 %zext_ln12_24" [matmul.cpp:12]   --->   Operation 2113 'uitofp' 'conv_23' <Predicate = (!icmp_ln10_24)> <Delay = 6.67> <CoreInst = "Int2Float">   --->   Core 62 'Int2Float' <Latency = 3> <II = 1> <Delay = 6.67> <FuncUnit> <Opcode : 'sitofp' 'uitofp'> <InPorts = 1> <OutPorts = 1>

State 734 <SV = 205> <Delay = 6.70>
ST_734 : Operation 2114 [10/10] (6.70ns)   --->   "%div_23 = fdiv i32 %conv_23, i32 255" [matmul.cpp:12]   --->   Operation 2114 'fdiv' 'div_23' <Predicate = (!icmp_ln10_24)> <Delay = 6.70> <CoreInst = "FDiv">   --->   Core 20 'FDiv' <Latency = 9> <II = 1> <Delay = 6.70> <FuncUnit> <Opcode : 'fdiv' 'frem'> <InPorts = 2> <OutPorts = 1>

State 735 <SV = 206> <Delay = 6.70>
ST_735 : Operation 2115 [9/10] (6.70ns)   --->   "%div_23 = fdiv i32 %conv_23, i32 255" [matmul.cpp:12]   --->   Operation 2115 'fdiv' 'div_23' <Predicate = (!icmp_ln10_24)> <Delay = 6.70> <CoreInst = "FDiv">   --->   Core 20 'FDiv' <Latency = 9> <II = 1> <Delay = 6.70> <FuncUnit> <Opcode : 'fdiv' 'frem'> <InPorts = 2> <OutPorts = 1>

State 736 <SV = 207> <Delay = 6.70>
ST_736 : Operation 2116 [8/10] (6.70ns)   --->   "%div_23 = fdiv i32 %conv_23, i32 255" [matmul.cpp:12]   --->   Operation 2116 'fdiv' 'div_23' <Predicate = (!icmp_ln10_24)> <Delay = 6.70> <CoreInst = "FDiv">   --->   Core 20 'FDiv' <Latency = 9> <II = 1> <Delay = 6.70> <FuncUnit> <Opcode : 'fdiv' 'frem'> <InPorts = 2> <OutPorts = 1>

State 737 <SV = 208> <Delay = 6.70>
ST_737 : Operation 2117 [7/10] (6.70ns)   --->   "%div_23 = fdiv i32 %conv_23, i32 255" [matmul.cpp:12]   --->   Operation 2117 'fdiv' 'div_23' <Predicate = (!icmp_ln10_24)> <Delay = 6.70> <CoreInst = "FDiv">   --->   Core 20 'FDiv' <Latency = 9> <II = 1> <Delay = 6.70> <FuncUnit> <Opcode : 'fdiv' 'frem'> <InPorts = 2> <OutPorts = 1>

State 738 <SV = 209> <Delay = 6.70>
ST_738 : Operation 2118 [6/10] (6.70ns)   --->   "%div_23 = fdiv i32 %conv_23, i32 255" [matmul.cpp:12]   --->   Operation 2118 'fdiv' 'div_23' <Predicate = (!icmp_ln10_24)> <Delay = 6.70> <CoreInst = "FDiv">   --->   Core 20 'FDiv' <Latency = 9> <II = 1> <Delay = 6.70> <FuncUnit> <Opcode : 'fdiv' 'frem'> <InPorts = 2> <OutPorts = 1>

State 739 <SV = 210> <Delay = 6.70>
ST_739 : Operation 2119 [5/10] (6.70ns)   --->   "%div_23 = fdiv i32 %conv_23, i32 255" [matmul.cpp:12]   --->   Operation 2119 'fdiv' 'div_23' <Predicate = (!icmp_ln10_24)> <Delay = 6.70> <CoreInst = "FDiv">   --->   Core 20 'FDiv' <Latency = 9> <II = 1> <Delay = 6.70> <FuncUnit> <Opcode : 'fdiv' 'frem'> <InPorts = 2> <OutPorts = 1>

State 740 <SV = 211> <Delay = 6.70>
ST_740 : Operation 2120 [4/10] (6.70ns)   --->   "%div_23 = fdiv i32 %conv_23, i32 255" [matmul.cpp:12]   --->   Operation 2120 'fdiv' 'div_23' <Predicate = (!icmp_ln10_24)> <Delay = 6.70> <CoreInst = "FDiv">   --->   Core 20 'FDiv' <Latency = 9> <II = 1> <Delay = 6.70> <FuncUnit> <Opcode : 'fdiv' 'frem'> <InPorts = 2> <OutPorts = 1>

State 741 <SV = 212> <Delay = 6.70>
ST_741 : Operation 2121 [3/10] (6.70ns)   --->   "%div_23 = fdiv i32 %conv_23, i32 255" [matmul.cpp:12]   --->   Operation 2121 'fdiv' 'div_23' <Predicate = (!icmp_ln10_24)> <Delay = 6.70> <CoreInst = "FDiv">   --->   Core 20 'FDiv' <Latency = 9> <II = 1> <Delay = 6.70> <FuncUnit> <Opcode : 'fdiv' 'frem'> <InPorts = 2> <OutPorts = 1>

State 742 <SV = 213> <Delay = 6.70>
ST_742 : Operation 2122 [2/10] (6.70ns)   --->   "%div_23 = fdiv i32 %conv_23, i32 255" [matmul.cpp:12]   --->   Operation 2122 'fdiv' 'div_23' <Predicate = (!icmp_ln10_24)> <Delay = 6.70> <CoreInst = "FDiv">   --->   Core 20 'FDiv' <Latency = 9> <II = 1> <Delay = 6.70> <FuncUnit> <Opcode : 'fdiv' 'frem'> <InPorts = 2> <OutPorts = 1>

State 743 <SV = 214> <Delay = 6.70>
ST_743 : Operation 2123 [1/1] (0.00ns)   --->   "%k_24_cast = zext i7 %k_24" [matmul.cpp:10]   --->   Operation 2123 'zext' 'k_24_cast' <Predicate = (!icmp_ln10_24)> <Delay = 0.00>
ST_743 : Operation 2124 [1/10] (6.70ns)   --->   "%div_23 = fdiv i32 %conv_23, i32 255" [matmul.cpp:12]   --->   Operation 2124 'fdiv' 'div_23' <Predicate = (!icmp_ln10_24)> <Delay = 6.70> <CoreInst = "FDiv">   --->   Core 20 'FDiv' <Latency = 9> <II = 1> <Delay = 6.70> <FuncUnit> <Opcode : 'fdiv' 'frem'> <InPorts = 2> <OutPorts = 1>
ST_743 : Operation 2125 [1/1] (0.00ns)   --->   "%layer1_weights_24_addr = getelementptr i32 %layer1_weights_24, i64 0, i64 %k_24_cast" [matmul.cpp:12]   --->   Operation 2125 'getelementptr' 'layer1_weights_24_addr' <Predicate = (!icmp_ln10_24)> <Delay = 0.00>
ST_743 : Operation 2126 [2/2] (1.35ns)   --->   "%layer1_weights_24_load = load i7 %layer1_weights_24_addr" [matmul.cpp:12]   --->   Operation 2126 'load' 'layer1_weights_24_load' <Predicate = (!icmp_ln10_24)> <Delay = 1.35> <CoreInst = "ROM">   --->   Core 101 'ROM' <Latency = 1> <II = 1> <Delay = 1.35> <Storage> <Opcode : 'load'> <Ports = 0> <Width = 32> <Depth = 100> <ROM>

State 744 <SV = 215> <Delay = 6.02>
ST_744 : Operation 2127 [1/2] (1.35ns)   --->   "%layer1_weights_24_load = load i7 %layer1_weights_24_addr" [matmul.cpp:12]   --->   Operation 2127 'load' 'layer1_weights_24_load' <Predicate = (!icmp_ln10_24)> <Delay = 1.35> <CoreInst = "ROM">   --->   Core 101 'ROM' <Latency = 1> <II = 1> <Delay = 1.35> <Storage> <Opcode : 'load'> <Ports = 0> <Width = 32> <Depth = 100> <ROM>
ST_744 : Operation 2128 [4/4] (4.67ns)   --->   "%mul_23 = fmul i32 %div_23, i32 %layer1_weights_24_load" [matmul.cpp:12]   --->   Operation 2128 'fmul' 'mul_23' <Predicate = (!icmp_ln10_24)> <Delay = 4.67> <CoreInst = "FMul_maxdsp">   --->   Core 30 'FMul_maxdsp' <Latency = 3> <II = 1> <Delay = 4.67> <FuncUnit> <Opcode : 'fmul'> <InPorts = 2> <OutPorts = 1>

State 745 <SV = 216> <Delay = 4.67>
ST_745 : Operation 2129 [3/4] (4.67ns)   --->   "%mul_23 = fmul i32 %div_23, i32 %layer1_weights_24_load" [matmul.cpp:12]   --->   Operation 2129 'fmul' 'mul_23' <Predicate = (!icmp_ln10_24)> <Delay = 4.67> <CoreInst = "FMul_maxdsp">   --->   Core 30 'FMul_maxdsp' <Latency = 3> <II = 1> <Delay = 4.67> <FuncUnit> <Opcode : 'fmul'> <InPorts = 2> <OutPorts = 1>

State 746 <SV = 217> <Delay = 4.67>
ST_746 : Operation 2130 [2/4] (4.67ns)   --->   "%mul_23 = fmul i32 %div_23, i32 %layer1_weights_24_load" [matmul.cpp:12]   --->   Operation 2130 'fmul' 'mul_23' <Predicate = (!icmp_ln10_24)> <Delay = 4.67> <CoreInst = "FMul_maxdsp">   --->   Core 30 'FMul_maxdsp' <Latency = 3> <II = 1> <Delay = 4.67> <FuncUnit> <Opcode : 'fmul'> <InPorts = 2> <OutPorts = 1>

State 747 <SV = 218> <Delay = 4.67>
ST_747 : Operation 2131 [1/4] (4.67ns)   --->   "%mul_23 = fmul i32 %div_23, i32 %layer1_weights_24_load" [matmul.cpp:12]   --->   Operation 2131 'fmul' 'mul_23' <Predicate = (!icmp_ln10_24)> <Delay = 4.67> <CoreInst = "FMul_maxdsp">   --->   Core 30 'FMul_maxdsp' <Latency = 3> <II = 1> <Delay = 4.67> <FuncUnit> <Opcode : 'fmul'> <InPorts = 2> <OutPorts = 1>

State 748 <SV = 219> <Delay = 6.34>
ST_748 : Operation 2132 [1/1] (0.86ns)   --->   "%icmp_ln12_24 = icmp_eq  i7 %add_ln10_24, i7 100" [matmul.cpp:12]   --->   Operation 2132 'icmp' 'icmp_ln12_24' <Predicate = (!icmp_ln10_24)> <Delay = 0.86> <CoreInst = "Cmp">   --->   Core 9 'Cmp' <Latency = 0> <II = 1> <Delay = 0.86> <FuncUnit> <Opcode : 'icmp'> <InPorts = 2> <OutPorts = 1>
ST_748 : Operation 2133 [3/3] (5.48ns)   --->   "%sum_49 = facc i32 @_ssdm_op_FACC, i32 %mul_23, i1 %icmp_ln12_24" [matmul.cpp:12]   --->   Operation 2133 'facc' 'sum_49' <Predicate = (!icmp_ln10_24)> <Delay = 5.48> <CoreInst = "FAcc_nodsp">   --->   Core 11 'FAcc_nodsp' <Latency = 2> <II = 1> <Delay = 5.48> <FuncUnit> <Opcode : 'facc'> <InPorts = 2> <OutPorts = 1>

State 749 <SV = 220> <Delay = 5.48>
ST_749 : Operation 2134 [2/3] (5.48ns)   --->   "%sum_49 = facc i32 @_ssdm_op_FACC, i32 %mul_23, i1 %icmp_ln12_24" [matmul.cpp:12]   --->   Operation 2134 'facc' 'sum_49' <Predicate = (!icmp_ln10_24)> <Delay = 5.48> <CoreInst = "FAcc_nodsp">   --->   Core 11 'FAcc_nodsp' <Latency = 2> <II = 1> <Delay = 5.48> <FuncUnit> <Opcode : 'facc'> <InPorts = 2> <OutPorts = 1>

State 750 <SV = 221> <Delay = 5.48>
ST_750 : Operation 2135 [1/1] (0.00ns)   --->   "%specloopname_ln8 = specloopname void @_ssdm_op_SpecLoopName, void @empty_9" [matmul.cpp:8]   --->   Operation 2135 'specloopname' 'specloopname_ln8' <Predicate = (!icmp_ln10_24)> <Delay = 0.00>
ST_750 : Operation 2136 [1/3] (5.48ns)   --->   "%sum_49 = facc i32 @_ssdm_op_FACC, i32 %mul_23, i1 %icmp_ln12_24" [matmul.cpp:12]   --->   Operation 2136 'facc' 'sum_49' <Predicate = (!icmp_ln10_24)> <Delay = 5.48> <CoreInst = "FAcc_nodsp">   --->   Core 11 'FAcc_nodsp' <Latency = 2> <II = 1> <Delay = 5.48> <FuncUnit> <Opcode : 'facc'> <InPorts = 2> <OutPorts = 1>
ST_750 : Operation 2137 [1/1] (0.00ns)   --->   "%br_ln0 = br void"   --->   Operation 2137 'br' 'br_ln0' <Predicate = (!icmp_ln10_24)> <Delay = 0.00>

State 751 <SV = 200> <Delay = 7.30>
ST_751 : Operation 2138 [1/1] (0.00ns)   --->   "%output_0_addr_24 = getelementptr i32 %output_0, i64 0, i64 24" [matmul.cpp:14]   --->   Operation 2138 'getelementptr' 'output_0_addr_24' <Predicate = true> <Delay = 0.00>
ST_751 : Operation 2139 [1/1] (1.35ns)   --->   "%store_ln14 = store i32 %sum_48, i5 %output_0_addr_24" [matmul.cpp:14]   --->   Operation 2139 'store' 'store_ln14' <Predicate = true> <Delay = 1.35> <CoreInst = "RAM">   --->   Core 83 'RAM' <Latency = 1> <II = 1> <Delay = 1.35> <Storage> <Opcode : 'load' 'store'> <Ports = 2> <Width = 32> <Depth = 32> <RAM>
ST_751 : Operation 2140 [7/7] (7.30ns)   --->   "%AXI_DATA_addr_32_rd_req568 = readreq i1 @_ssdm_op_ReadReq.m_axi.i8P1A, i8 %AXI_DATA_addr, i32 100" [matmul.cpp:12]   --->   Operation 2140 'readreq' 'AXI_DATA_addr_32_rd_req568' <Predicate = true> <Delay = 7.30> <CoreInst = "m_axi">   --->   Core 121 'm_axi' <Latency = 6> <II = 1> <Delay = 1.00> <Adapter> <Opcode : 'read' 'write' 'readreq' 'writereq' 'writeresp'>

State 752 <SV = 201> <Delay = 7.30>
ST_752 : Operation 2141 [6/7] (7.30ns)   --->   "%AXI_DATA_addr_32_rd_req568 = readreq i1 @_ssdm_op_ReadReq.m_axi.i8P1A, i8 %AXI_DATA_addr, i32 100" [matmul.cpp:12]   --->   Operation 2141 'readreq' 'AXI_DATA_addr_32_rd_req568' <Predicate = true> <Delay = 7.30> <CoreInst = "m_axi">   --->   Core 121 'm_axi' <Latency = 6> <II = 1> <Delay = 1.00> <Adapter> <Opcode : 'read' 'write' 'readreq' 'writereq' 'writeresp'>

State 753 <SV = 202> <Delay = 7.30>
ST_753 : Operation 2142 [5/7] (7.30ns)   --->   "%AXI_DATA_addr_32_rd_req568 = readreq i1 @_ssdm_op_ReadReq.m_axi.i8P1A, i8 %AXI_DATA_addr, i32 100" [matmul.cpp:12]   --->   Operation 2142 'readreq' 'AXI_DATA_addr_32_rd_req568' <Predicate = true> <Delay = 7.30> <CoreInst = "m_axi">   --->   Core 121 'm_axi' <Latency = 6> <II = 1> <Delay = 1.00> <Adapter> <Opcode : 'read' 'write' 'readreq' 'writereq' 'writeresp'>

State 754 <SV = 203> <Delay = 7.30>
ST_754 : Operation 2143 [4/7] (7.30ns)   --->   "%AXI_DATA_addr_32_rd_req568 = readreq i1 @_ssdm_op_ReadReq.m_axi.i8P1A, i8 %AXI_DATA_addr, i32 100" [matmul.cpp:12]   --->   Operation 2143 'readreq' 'AXI_DATA_addr_32_rd_req568' <Predicate = true> <Delay = 7.30> <CoreInst = "m_axi">   --->   Core 121 'm_axi' <Latency = 6> <II = 1> <Delay = 1.00> <Adapter> <Opcode : 'read' 'write' 'readreq' 'writereq' 'writeresp'>

State 755 <SV = 204> <Delay = 7.30>
ST_755 : Operation 2144 [3/7] (7.30ns)   --->   "%AXI_DATA_addr_32_rd_req568 = readreq i1 @_ssdm_op_ReadReq.m_axi.i8P1A, i8 %AXI_DATA_addr, i32 100" [matmul.cpp:12]   --->   Operation 2144 'readreq' 'AXI_DATA_addr_32_rd_req568' <Predicate = true> <Delay = 7.30> <CoreInst = "m_axi">   --->   Core 121 'm_axi' <Latency = 6> <II = 1> <Delay = 1.00> <Adapter> <Opcode : 'read' 'write' 'readreq' 'writereq' 'writeresp'>

State 756 <SV = 205> <Delay = 7.30>
ST_756 : Operation 2145 [2/7] (7.30ns)   --->   "%AXI_DATA_addr_32_rd_req568 = readreq i1 @_ssdm_op_ReadReq.m_axi.i8P1A, i8 %AXI_DATA_addr, i32 100" [matmul.cpp:12]   --->   Operation 2145 'readreq' 'AXI_DATA_addr_32_rd_req568' <Predicate = true> <Delay = 7.30> <CoreInst = "m_axi">   --->   Core 121 'm_axi' <Latency = 6> <II = 1> <Delay = 1.00> <Adapter> <Opcode : 'read' 'write' 'readreq' 'writereq' 'writeresp'>

State 757 <SV = 206> <Delay = 7.30>
ST_757 : Operation 2146 [1/7] (7.30ns)   --->   "%AXI_DATA_addr_32_rd_req568 = readreq i1 @_ssdm_op_ReadReq.m_axi.i8P1A, i8 %AXI_DATA_addr, i32 100" [matmul.cpp:12]   --->   Operation 2146 'readreq' 'AXI_DATA_addr_32_rd_req568' <Predicate = true> <Delay = 7.30> <CoreInst = "m_axi">   --->   Core 121 'm_axi' <Latency = 6> <II = 1> <Delay = 1.00> <Adapter> <Opcode : 'read' 'write' 'readreq' 'writereq' 'writeresp'>
ST_757 : Operation 2147 [1/1] (0.48ns)   --->   "%br_ln10 = br void" [matmul.cpp:10]   --->   Operation 2147 'br' 'br_ln10' <Predicate = true> <Delay = 0.48>

State 758 <SV = 207> <Delay = 0.89>
ST_758 : Operation 2148 [1/1] (0.00ns)   --->   "%k_25 = phi i7 %add_ln10_25, void %.split13, i7 0, void" [matmul.cpp:10]   --->   Operation 2148 'phi' 'k_25' <Predicate = true> <Delay = 0.00>
ST_758 : Operation 2149 [1/1] (0.00ns)   --->   "%sum_50 = phi i32 %sum_51, void %.split13, i32 0, void"   --->   Operation 2149 'phi' 'sum_50' <Predicate = true> <Delay = 0.00>
ST_758 : Operation 2150 [1/1] (0.89ns)   --->   "%add_ln10_25 = add i7 %k_25, i7 1" [matmul.cpp:10]   --->   Operation 2150 'add' 'add_ln10_25' <Predicate = true> <Delay = 0.89> <CoreInst = "Adder">   --->   Core 1 'Adder' <Latency = 0> <II = 1> <Delay = 0.89> <FuncUnit> <Opcode : 'add' 'sub'> <InPorts = 2> <OutPorts = 1>
ST_758 : Operation 2151 [1/1] (0.00ns)   --->   "%specpipeline_ln0 = specpipeline void @_ssdm_op_SpecPipeline, i32 4294967295, i32 0, i32 1, i32 0, void @p_str"   --->   Operation 2151 'specpipeline' 'specpipeline_ln0' <Predicate = true> <Delay = 0.00>
ST_758 : Operation 2152 [1/1] (0.86ns)   --->   "%icmp_ln10_25 = icmp_eq  i7 %k_25, i7 100" [matmul.cpp:10]   --->   Operation 2152 'icmp' 'icmp_ln10_25' <Predicate = true> <Delay = 0.86> <CoreInst = "Cmp">   --->   Core 9 'Cmp' <Latency = 0> <II = 1> <Delay = 0.86> <FuncUnit> <Opcode : 'icmp'> <InPorts = 2> <OutPorts = 1>
ST_758 : Operation 2153 [1/1] (0.00ns)   --->   "%empty_59 = speclooptripcount i32 @_ssdm_op_SpecLoopTripCount, i64 100, i64 100, i64 100"   --->   Operation 2153 'speclooptripcount' 'empty_59' <Predicate = true> <Delay = 0.00>
ST_758 : Operation 2154 [1/1] (0.00ns)   --->   "%br_ln10 = br i1 %icmp_ln10_25, void %.split13, void" [matmul.cpp:10]   --->   Operation 2154 'br' 'br_ln10' <Predicate = true> <Delay = 0.00>

State 759 <SV = 208> <Delay = 7.30>
ST_759 : Operation 2155 [1/1] (7.30ns)   --->   "%AXI_DATA_addr_read_25 = read i8 @_ssdm_op_Read.m_axi.i8P1A, i8 %AXI_DATA_addr" [matmul.cpp:12]   --->   Operation 2155 'read' 'AXI_DATA_addr_read_25' <Predicate = (!icmp_ln10_25)> <Delay = 7.30> <CoreInst = "m_axi">   --->   Core 121 'm_axi' <Latency = 6> <II = 1> <Delay = 1.00> <Adapter> <Opcode : 'read' 'write' 'readreq' 'writereq' 'writeresp'>

State 760 <SV = 209> <Delay = 6.67>
ST_760 : Operation 2156 [1/1] (0.00ns)   --->   "%zext_ln12_25 = zext i8 %AXI_DATA_addr_read_25" [matmul.cpp:12]   --->   Operation 2156 'zext' 'zext_ln12_25' <Predicate = (!icmp_ln10_25)> <Delay = 0.00>
ST_760 : Operation 2157 [4/4] (6.67ns)   --->   "%conv_24 = uitofp i32 %zext_ln12_25" [matmul.cpp:12]   --->   Operation 2157 'uitofp' 'conv_24' <Predicate = (!icmp_ln10_25)> <Delay = 6.67> <CoreInst = "Int2Float">   --->   Core 62 'Int2Float' <Latency = 3> <II = 1> <Delay = 6.67> <FuncUnit> <Opcode : 'sitofp' 'uitofp'> <InPorts = 1> <OutPorts = 1>

State 761 <SV = 210> <Delay = 6.67>
ST_761 : Operation 2158 [3/4] (6.67ns)   --->   "%conv_24 = uitofp i32 %zext_ln12_25" [matmul.cpp:12]   --->   Operation 2158 'uitofp' 'conv_24' <Predicate = (!icmp_ln10_25)> <Delay = 6.67> <CoreInst = "Int2Float">   --->   Core 62 'Int2Float' <Latency = 3> <II = 1> <Delay = 6.67> <FuncUnit> <Opcode : 'sitofp' 'uitofp'> <InPorts = 1> <OutPorts = 1>

State 762 <SV = 211> <Delay = 6.67>
ST_762 : Operation 2159 [2/4] (6.67ns)   --->   "%conv_24 = uitofp i32 %zext_ln12_25" [matmul.cpp:12]   --->   Operation 2159 'uitofp' 'conv_24' <Predicate = (!icmp_ln10_25)> <Delay = 6.67> <CoreInst = "Int2Float">   --->   Core 62 'Int2Float' <Latency = 3> <II = 1> <Delay = 6.67> <FuncUnit> <Opcode : 'sitofp' 'uitofp'> <InPorts = 1> <OutPorts = 1>

State 763 <SV = 212> <Delay = 6.67>
ST_763 : Operation 2160 [1/4] (6.67ns)   --->   "%conv_24 = uitofp i32 %zext_ln12_25" [matmul.cpp:12]   --->   Operation 2160 'uitofp' 'conv_24' <Predicate = (!icmp_ln10_25)> <Delay = 6.67> <CoreInst = "Int2Float">   --->   Core 62 'Int2Float' <Latency = 3> <II = 1> <Delay = 6.67> <FuncUnit> <Opcode : 'sitofp' 'uitofp'> <InPorts = 1> <OutPorts = 1>

State 764 <SV = 213> <Delay = 6.70>
ST_764 : Operation 2161 [10/10] (6.70ns)   --->   "%div_24 = fdiv i32 %conv_24, i32 255" [matmul.cpp:12]   --->   Operation 2161 'fdiv' 'div_24' <Predicate = (!icmp_ln10_25)> <Delay = 6.70> <CoreInst = "FDiv">   --->   Core 20 'FDiv' <Latency = 9> <II = 1> <Delay = 6.70> <FuncUnit> <Opcode : 'fdiv' 'frem'> <InPorts = 2> <OutPorts = 1>

State 765 <SV = 214> <Delay = 6.70>
ST_765 : Operation 2162 [9/10] (6.70ns)   --->   "%div_24 = fdiv i32 %conv_24, i32 255" [matmul.cpp:12]   --->   Operation 2162 'fdiv' 'div_24' <Predicate = (!icmp_ln10_25)> <Delay = 6.70> <CoreInst = "FDiv">   --->   Core 20 'FDiv' <Latency = 9> <II = 1> <Delay = 6.70> <FuncUnit> <Opcode : 'fdiv' 'frem'> <InPorts = 2> <OutPorts = 1>

State 766 <SV = 215> <Delay = 6.70>
ST_766 : Operation 2163 [8/10] (6.70ns)   --->   "%div_24 = fdiv i32 %conv_24, i32 255" [matmul.cpp:12]   --->   Operation 2163 'fdiv' 'div_24' <Predicate = (!icmp_ln10_25)> <Delay = 6.70> <CoreInst = "FDiv">   --->   Core 20 'FDiv' <Latency = 9> <II = 1> <Delay = 6.70> <FuncUnit> <Opcode : 'fdiv' 'frem'> <InPorts = 2> <OutPorts = 1>

State 767 <SV = 216> <Delay = 6.70>
ST_767 : Operation 2164 [7/10] (6.70ns)   --->   "%div_24 = fdiv i32 %conv_24, i32 255" [matmul.cpp:12]   --->   Operation 2164 'fdiv' 'div_24' <Predicate = (!icmp_ln10_25)> <Delay = 6.70> <CoreInst = "FDiv">   --->   Core 20 'FDiv' <Latency = 9> <II = 1> <Delay = 6.70> <FuncUnit> <Opcode : 'fdiv' 'frem'> <InPorts = 2> <OutPorts = 1>

State 768 <SV = 217> <Delay = 6.70>
ST_768 : Operation 2165 [6/10] (6.70ns)   --->   "%div_24 = fdiv i32 %conv_24, i32 255" [matmul.cpp:12]   --->   Operation 2165 'fdiv' 'div_24' <Predicate = (!icmp_ln10_25)> <Delay = 6.70> <CoreInst = "FDiv">   --->   Core 20 'FDiv' <Latency = 9> <II = 1> <Delay = 6.70> <FuncUnit> <Opcode : 'fdiv' 'frem'> <InPorts = 2> <OutPorts = 1>

State 769 <SV = 218> <Delay = 6.70>
ST_769 : Operation 2166 [5/10] (6.70ns)   --->   "%div_24 = fdiv i32 %conv_24, i32 255" [matmul.cpp:12]   --->   Operation 2166 'fdiv' 'div_24' <Predicate = (!icmp_ln10_25)> <Delay = 6.70> <CoreInst = "FDiv">   --->   Core 20 'FDiv' <Latency = 9> <II = 1> <Delay = 6.70> <FuncUnit> <Opcode : 'fdiv' 'frem'> <InPorts = 2> <OutPorts = 1>

State 770 <SV = 219> <Delay = 6.70>
ST_770 : Operation 2167 [4/10] (6.70ns)   --->   "%div_24 = fdiv i32 %conv_24, i32 255" [matmul.cpp:12]   --->   Operation 2167 'fdiv' 'div_24' <Predicate = (!icmp_ln10_25)> <Delay = 6.70> <CoreInst = "FDiv">   --->   Core 20 'FDiv' <Latency = 9> <II = 1> <Delay = 6.70> <FuncUnit> <Opcode : 'fdiv' 'frem'> <InPorts = 2> <OutPorts = 1>

State 771 <SV = 220> <Delay = 6.70>
ST_771 : Operation 2168 [3/10] (6.70ns)   --->   "%div_24 = fdiv i32 %conv_24, i32 255" [matmul.cpp:12]   --->   Operation 2168 'fdiv' 'div_24' <Predicate = (!icmp_ln10_25)> <Delay = 6.70> <CoreInst = "FDiv">   --->   Core 20 'FDiv' <Latency = 9> <II = 1> <Delay = 6.70> <FuncUnit> <Opcode : 'fdiv' 'frem'> <InPorts = 2> <OutPorts = 1>

State 772 <SV = 221> <Delay = 6.70>
ST_772 : Operation 2169 [2/10] (6.70ns)   --->   "%div_24 = fdiv i32 %conv_24, i32 255" [matmul.cpp:12]   --->   Operation 2169 'fdiv' 'div_24' <Predicate = (!icmp_ln10_25)> <Delay = 6.70> <CoreInst = "FDiv">   --->   Core 20 'FDiv' <Latency = 9> <II = 1> <Delay = 6.70> <FuncUnit> <Opcode : 'fdiv' 'frem'> <InPorts = 2> <OutPorts = 1>

State 773 <SV = 222> <Delay = 6.70>
ST_773 : Operation 2170 [1/1] (0.00ns)   --->   "%k_25_cast = zext i7 %k_25" [matmul.cpp:10]   --->   Operation 2170 'zext' 'k_25_cast' <Predicate = (!icmp_ln10_25)> <Delay = 0.00>
ST_773 : Operation 2171 [1/10] (6.70ns)   --->   "%div_24 = fdiv i32 %conv_24, i32 255" [matmul.cpp:12]   --->   Operation 2171 'fdiv' 'div_24' <Predicate = (!icmp_ln10_25)> <Delay = 6.70> <CoreInst = "FDiv">   --->   Core 20 'FDiv' <Latency = 9> <II = 1> <Delay = 6.70> <FuncUnit> <Opcode : 'fdiv' 'frem'> <InPorts = 2> <OutPorts = 1>
ST_773 : Operation 2172 [1/1] (0.00ns)   --->   "%layer1_weights_25_addr = getelementptr i32 %layer1_weights_25, i64 0, i64 %k_25_cast" [matmul.cpp:12]   --->   Operation 2172 'getelementptr' 'layer1_weights_25_addr' <Predicate = (!icmp_ln10_25)> <Delay = 0.00>
ST_773 : Operation 2173 [2/2] (1.35ns)   --->   "%layer1_weights_25_load = load i7 %layer1_weights_25_addr" [matmul.cpp:12]   --->   Operation 2173 'load' 'layer1_weights_25_load' <Predicate = (!icmp_ln10_25)> <Delay = 1.35> <CoreInst = "ROM">   --->   Core 101 'ROM' <Latency = 1> <II = 1> <Delay = 1.35> <Storage> <Opcode : 'load'> <Ports = 0> <Width = 32> <Depth = 100> <ROM>

State 774 <SV = 223> <Delay = 6.02>
ST_774 : Operation 2174 [1/2] (1.35ns)   --->   "%layer1_weights_25_load = load i7 %layer1_weights_25_addr" [matmul.cpp:12]   --->   Operation 2174 'load' 'layer1_weights_25_load' <Predicate = (!icmp_ln10_25)> <Delay = 1.35> <CoreInst = "ROM">   --->   Core 101 'ROM' <Latency = 1> <II = 1> <Delay = 1.35> <Storage> <Opcode : 'load'> <Ports = 0> <Width = 32> <Depth = 100> <ROM>
ST_774 : Operation 2175 [4/4] (4.67ns)   --->   "%mul_24 = fmul i32 %div_24, i32 %layer1_weights_25_load" [matmul.cpp:12]   --->   Operation 2175 'fmul' 'mul_24' <Predicate = (!icmp_ln10_25)> <Delay = 4.67> <CoreInst = "FMul_maxdsp">   --->   Core 30 'FMul_maxdsp' <Latency = 3> <II = 1> <Delay = 4.67> <FuncUnit> <Opcode : 'fmul'> <InPorts = 2> <OutPorts = 1>

State 775 <SV = 224> <Delay = 4.67>
ST_775 : Operation 2176 [3/4] (4.67ns)   --->   "%mul_24 = fmul i32 %div_24, i32 %layer1_weights_25_load" [matmul.cpp:12]   --->   Operation 2176 'fmul' 'mul_24' <Predicate = (!icmp_ln10_25)> <Delay = 4.67> <CoreInst = "FMul_maxdsp">   --->   Core 30 'FMul_maxdsp' <Latency = 3> <II = 1> <Delay = 4.67> <FuncUnit> <Opcode : 'fmul'> <InPorts = 2> <OutPorts = 1>

State 776 <SV = 225> <Delay = 4.67>
ST_776 : Operation 2177 [2/4] (4.67ns)   --->   "%mul_24 = fmul i32 %div_24, i32 %layer1_weights_25_load" [matmul.cpp:12]   --->   Operation 2177 'fmul' 'mul_24' <Predicate = (!icmp_ln10_25)> <Delay = 4.67> <CoreInst = "FMul_maxdsp">   --->   Core 30 'FMul_maxdsp' <Latency = 3> <II = 1> <Delay = 4.67> <FuncUnit> <Opcode : 'fmul'> <InPorts = 2> <OutPorts = 1>

State 777 <SV = 226> <Delay = 4.67>
ST_777 : Operation 2178 [1/4] (4.67ns)   --->   "%mul_24 = fmul i32 %div_24, i32 %layer1_weights_25_load" [matmul.cpp:12]   --->   Operation 2178 'fmul' 'mul_24' <Predicate = (!icmp_ln10_25)> <Delay = 4.67> <CoreInst = "FMul_maxdsp">   --->   Core 30 'FMul_maxdsp' <Latency = 3> <II = 1> <Delay = 4.67> <FuncUnit> <Opcode : 'fmul'> <InPorts = 2> <OutPorts = 1>

State 778 <SV = 227> <Delay = 6.34>
ST_778 : Operation 2179 [1/1] (0.86ns)   --->   "%icmp_ln12_25 = icmp_eq  i7 %add_ln10_25, i7 100" [matmul.cpp:12]   --->   Operation 2179 'icmp' 'icmp_ln12_25' <Predicate = (!icmp_ln10_25)> <Delay = 0.86> <CoreInst = "Cmp">   --->   Core 9 'Cmp' <Latency = 0> <II = 1> <Delay = 0.86> <FuncUnit> <Opcode : 'icmp'> <InPorts = 2> <OutPorts = 1>
ST_778 : Operation 2180 [3/3] (5.48ns)   --->   "%sum_51 = facc i32 @_ssdm_op_FACC, i32 %mul_24, i1 %icmp_ln12_25" [matmul.cpp:12]   --->   Operation 2180 'facc' 'sum_51' <Predicate = (!icmp_ln10_25)> <Delay = 5.48> <CoreInst = "FAcc_nodsp">   --->   Core 11 'FAcc_nodsp' <Latency = 2> <II = 1> <Delay = 5.48> <FuncUnit> <Opcode : 'facc'> <InPorts = 2> <OutPorts = 1>

State 779 <SV = 228> <Delay = 5.48>
ST_779 : Operation 2181 [2/3] (5.48ns)   --->   "%sum_51 = facc i32 @_ssdm_op_FACC, i32 %mul_24, i1 %icmp_ln12_25" [matmul.cpp:12]   --->   Operation 2181 'facc' 'sum_51' <Predicate = (!icmp_ln10_25)> <Delay = 5.48> <CoreInst = "FAcc_nodsp">   --->   Core 11 'FAcc_nodsp' <Latency = 2> <II = 1> <Delay = 5.48> <FuncUnit> <Opcode : 'facc'> <InPorts = 2> <OutPorts = 1>

State 780 <SV = 229> <Delay = 5.48>
ST_780 : Operation 2182 [1/1] (0.00ns)   --->   "%specloopname_ln8 = specloopname void @_ssdm_op_SpecLoopName, void @empty_9" [matmul.cpp:8]   --->   Operation 2182 'specloopname' 'specloopname_ln8' <Predicate = (!icmp_ln10_25)> <Delay = 0.00>
ST_780 : Operation 2183 [1/3] (5.48ns)   --->   "%sum_51 = facc i32 @_ssdm_op_FACC, i32 %mul_24, i1 %icmp_ln12_25" [matmul.cpp:12]   --->   Operation 2183 'facc' 'sum_51' <Predicate = (!icmp_ln10_25)> <Delay = 5.48> <CoreInst = "FAcc_nodsp">   --->   Core 11 'FAcc_nodsp' <Latency = 2> <II = 1> <Delay = 5.48> <FuncUnit> <Opcode : 'facc'> <InPorts = 2> <OutPorts = 1>
ST_780 : Operation 2184 [1/1] (0.00ns)   --->   "%br_ln0 = br void"   --->   Operation 2184 'br' 'br_ln0' <Predicate = (!icmp_ln10_25)> <Delay = 0.00>

State 781 <SV = 208> <Delay = 7.30>
ST_781 : Operation 2185 [1/1] (0.00ns)   --->   "%output_0_addr_25 = getelementptr i32 %output_0, i64 0, i64 25" [matmul.cpp:14]   --->   Operation 2185 'getelementptr' 'output_0_addr_25' <Predicate = true> <Delay = 0.00>
ST_781 : Operation 2186 [1/1] (1.35ns)   --->   "%store_ln14 = store i32 %sum_50, i5 %output_0_addr_25" [matmul.cpp:14]   --->   Operation 2186 'store' 'store_ln14' <Predicate = true> <Delay = 1.35> <CoreInst = "RAM">   --->   Core 83 'RAM' <Latency = 1> <II = 1> <Delay = 1.35> <Storage> <Opcode : 'load' 'store'> <Ports = 2> <Width = 32> <Depth = 32> <RAM>
ST_781 : Operation 2187 [7/7] (7.30ns)   --->   "%AXI_DATA_addr_32_rd_req569 = readreq i1 @_ssdm_op_ReadReq.m_axi.i8P1A, i8 %AXI_DATA_addr, i32 100" [matmul.cpp:12]   --->   Operation 2187 'readreq' 'AXI_DATA_addr_32_rd_req569' <Predicate = true> <Delay = 7.30> <CoreInst = "m_axi">   --->   Core 121 'm_axi' <Latency = 6> <II = 1> <Delay = 1.00> <Adapter> <Opcode : 'read' 'write' 'readreq' 'writereq' 'writeresp'>

State 782 <SV = 209> <Delay = 7.30>
ST_782 : Operation 2188 [6/7] (7.30ns)   --->   "%AXI_DATA_addr_32_rd_req569 = readreq i1 @_ssdm_op_ReadReq.m_axi.i8P1A, i8 %AXI_DATA_addr, i32 100" [matmul.cpp:12]   --->   Operation 2188 'readreq' 'AXI_DATA_addr_32_rd_req569' <Predicate = true> <Delay = 7.30> <CoreInst = "m_axi">   --->   Core 121 'm_axi' <Latency = 6> <II = 1> <Delay = 1.00> <Adapter> <Opcode : 'read' 'write' 'readreq' 'writereq' 'writeresp'>

State 783 <SV = 210> <Delay = 7.30>
ST_783 : Operation 2189 [5/7] (7.30ns)   --->   "%AXI_DATA_addr_32_rd_req569 = readreq i1 @_ssdm_op_ReadReq.m_axi.i8P1A, i8 %AXI_DATA_addr, i32 100" [matmul.cpp:12]   --->   Operation 2189 'readreq' 'AXI_DATA_addr_32_rd_req569' <Predicate = true> <Delay = 7.30> <CoreInst = "m_axi">   --->   Core 121 'm_axi' <Latency = 6> <II = 1> <Delay = 1.00> <Adapter> <Opcode : 'read' 'write' 'readreq' 'writereq' 'writeresp'>

State 784 <SV = 211> <Delay = 7.30>
ST_784 : Operation 2190 [4/7] (7.30ns)   --->   "%AXI_DATA_addr_32_rd_req569 = readreq i1 @_ssdm_op_ReadReq.m_axi.i8P1A, i8 %AXI_DATA_addr, i32 100" [matmul.cpp:12]   --->   Operation 2190 'readreq' 'AXI_DATA_addr_32_rd_req569' <Predicate = true> <Delay = 7.30> <CoreInst = "m_axi">   --->   Core 121 'm_axi' <Latency = 6> <II = 1> <Delay = 1.00> <Adapter> <Opcode : 'read' 'write' 'readreq' 'writereq' 'writeresp'>

State 785 <SV = 212> <Delay = 7.30>
ST_785 : Operation 2191 [3/7] (7.30ns)   --->   "%AXI_DATA_addr_32_rd_req569 = readreq i1 @_ssdm_op_ReadReq.m_axi.i8P1A, i8 %AXI_DATA_addr, i32 100" [matmul.cpp:12]   --->   Operation 2191 'readreq' 'AXI_DATA_addr_32_rd_req569' <Predicate = true> <Delay = 7.30> <CoreInst = "m_axi">   --->   Core 121 'm_axi' <Latency = 6> <II = 1> <Delay = 1.00> <Adapter> <Opcode : 'read' 'write' 'readreq' 'writereq' 'writeresp'>

State 786 <SV = 213> <Delay = 7.30>
ST_786 : Operation 2192 [2/7] (7.30ns)   --->   "%AXI_DATA_addr_32_rd_req569 = readreq i1 @_ssdm_op_ReadReq.m_axi.i8P1A, i8 %AXI_DATA_addr, i32 100" [matmul.cpp:12]   --->   Operation 2192 'readreq' 'AXI_DATA_addr_32_rd_req569' <Predicate = true> <Delay = 7.30> <CoreInst = "m_axi">   --->   Core 121 'm_axi' <Latency = 6> <II = 1> <Delay = 1.00> <Adapter> <Opcode : 'read' 'write' 'readreq' 'writereq' 'writeresp'>

State 787 <SV = 214> <Delay = 7.30>
ST_787 : Operation 2193 [1/7] (7.30ns)   --->   "%AXI_DATA_addr_32_rd_req569 = readreq i1 @_ssdm_op_ReadReq.m_axi.i8P1A, i8 %AXI_DATA_addr, i32 100" [matmul.cpp:12]   --->   Operation 2193 'readreq' 'AXI_DATA_addr_32_rd_req569' <Predicate = true> <Delay = 7.30> <CoreInst = "m_axi">   --->   Core 121 'm_axi' <Latency = 6> <II = 1> <Delay = 1.00> <Adapter> <Opcode : 'read' 'write' 'readreq' 'writereq' 'writeresp'>
ST_787 : Operation 2194 [1/1] (0.48ns)   --->   "%br_ln10 = br void" [matmul.cpp:10]   --->   Operation 2194 'br' 'br_ln10' <Predicate = true> <Delay = 0.48>

State 788 <SV = 215> <Delay = 0.89>
ST_788 : Operation 2195 [1/1] (0.00ns)   --->   "%k_26 = phi i7 %add_ln10_26, void %.split11, i7 0, void" [matmul.cpp:10]   --->   Operation 2195 'phi' 'k_26' <Predicate = true> <Delay = 0.00>
ST_788 : Operation 2196 [1/1] (0.00ns)   --->   "%sum_52 = phi i32 %sum_53, void %.split11, i32 0, void"   --->   Operation 2196 'phi' 'sum_52' <Predicate = true> <Delay = 0.00>
ST_788 : Operation 2197 [1/1] (0.89ns)   --->   "%add_ln10_26 = add i7 %k_26, i7 1" [matmul.cpp:10]   --->   Operation 2197 'add' 'add_ln10_26' <Predicate = true> <Delay = 0.89> <CoreInst = "Adder">   --->   Core 1 'Adder' <Latency = 0> <II = 1> <Delay = 0.89> <FuncUnit> <Opcode : 'add' 'sub'> <InPorts = 2> <OutPorts = 1>
ST_788 : Operation 2198 [1/1] (0.00ns)   --->   "%specpipeline_ln0 = specpipeline void @_ssdm_op_SpecPipeline, i32 4294967295, i32 0, i32 1, i32 0, void @p_str"   --->   Operation 2198 'specpipeline' 'specpipeline_ln0' <Predicate = true> <Delay = 0.00>
ST_788 : Operation 2199 [1/1] (0.86ns)   --->   "%icmp_ln10_26 = icmp_eq  i7 %k_26, i7 100" [matmul.cpp:10]   --->   Operation 2199 'icmp' 'icmp_ln10_26' <Predicate = true> <Delay = 0.86> <CoreInst = "Cmp">   --->   Core 9 'Cmp' <Latency = 0> <II = 1> <Delay = 0.86> <FuncUnit> <Opcode : 'icmp'> <InPorts = 2> <OutPorts = 1>
ST_788 : Operation 2200 [1/1] (0.00ns)   --->   "%empty_60 = speclooptripcount i32 @_ssdm_op_SpecLoopTripCount, i64 100, i64 100, i64 100"   --->   Operation 2200 'speclooptripcount' 'empty_60' <Predicate = true> <Delay = 0.00>
ST_788 : Operation 2201 [1/1] (0.00ns)   --->   "%br_ln10 = br i1 %icmp_ln10_26, void %.split11, void" [matmul.cpp:10]   --->   Operation 2201 'br' 'br_ln10' <Predicate = true> <Delay = 0.00>

State 789 <SV = 216> <Delay = 7.30>
ST_789 : Operation 2202 [1/1] (7.30ns)   --->   "%AXI_DATA_addr_read_26 = read i8 @_ssdm_op_Read.m_axi.i8P1A, i8 %AXI_DATA_addr" [matmul.cpp:12]   --->   Operation 2202 'read' 'AXI_DATA_addr_read_26' <Predicate = (!icmp_ln10_26)> <Delay = 7.30> <CoreInst = "m_axi">   --->   Core 121 'm_axi' <Latency = 6> <II = 1> <Delay = 1.00> <Adapter> <Opcode : 'read' 'write' 'readreq' 'writereq' 'writeresp'>

State 790 <SV = 217> <Delay = 6.67>
ST_790 : Operation 2203 [1/1] (0.00ns)   --->   "%zext_ln12_26 = zext i8 %AXI_DATA_addr_read_26" [matmul.cpp:12]   --->   Operation 2203 'zext' 'zext_ln12_26' <Predicate = (!icmp_ln10_26)> <Delay = 0.00>
ST_790 : Operation 2204 [4/4] (6.67ns)   --->   "%conv_25 = uitofp i32 %zext_ln12_26" [matmul.cpp:12]   --->   Operation 2204 'uitofp' 'conv_25' <Predicate = (!icmp_ln10_26)> <Delay = 6.67> <CoreInst = "Int2Float">   --->   Core 62 'Int2Float' <Latency = 3> <II = 1> <Delay = 6.67> <FuncUnit> <Opcode : 'sitofp' 'uitofp'> <InPorts = 1> <OutPorts = 1>

State 791 <SV = 218> <Delay = 6.67>
ST_791 : Operation 2205 [3/4] (6.67ns)   --->   "%conv_25 = uitofp i32 %zext_ln12_26" [matmul.cpp:12]   --->   Operation 2205 'uitofp' 'conv_25' <Predicate = (!icmp_ln10_26)> <Delay = 6.67> <CoreInst = "Int2Float">   --->   Core 62 'Int2Float' <Latency = 3> <II = 1> <Delay = 6.67> <FuncUnit> <Opcode : 'sitofp' 'uitofp'> <InPorts = 1> <OutPorts = 1>

State 792 <SV = 219> <Delay = 6.67>
ST_792 : Operation 2206 [2/4] (6.67ns)   --->   "%conv_25 = uitofp i32 %zext_ln12_26" [matmul.cpp:12]   --->   Operation 2206 'uitofp' 'conv_25' <Predicate = (!icmp_ln10_26)> <Delay = 6.67> <CoreInst = "Int2Float">   --->   Core 62 'Int2Float' <Latency = 3> <II = 1> <Delay = 6.67> <FuncUnit> <Opcode : 'sitofp' 'uitofp'> <InPorts = 1> <OutPorts = 1>

State 793 <SV = 220> <Delay = 6.67>
ST_793 : Operation 2207 [1/4] (6.67ns)   --->   "%conv_25 = uitofp i32 %zext_ln12_26" [matmul.cpp:12]   --->   Operation 2207 'uitofp' 'conv_25' <Predicate = (!icmp_ln10_26)> <Delay = 6.67> <CoreInst = "Int2Float">   --->   Core 62 'Int2Float' <Latency = 3> <II = 1> <Delay = 6.67> <FuncUnit> <Opcode : 'sitofp' 'uitofp'> <InPorts = 1> <OutPorts = 1>

State 794 <SV = 221> <Delay = 6.70>
ST_794 : Operation 2208 [10/10] (6.70ns)   --->   "%div_25 = fdiv i32 %conv_25, i32 255" [matmul.cpp:12]   --->   Operation 2208 'fdiv' 'div_25' <Predicate = (!icmp_ln10_26)> <Delay = 6.70> <CoreInst = "FDiv">   --->   Core 20 'FDiv' <Latency = 9> <II = 1> <Delay = 6.70> <FuncUnit> <Opcode : 'fdiv' 'frem'> <InPorts = 2> <OutPorts = 1>

State 795 <SV = 222> <Delay = 6.70>
ST_795 : Operation 2209 [9/10] (6.70ns)   --->   "%div_25 = fdiv i32 %conv_25, i32 255" [matmul.cpp:12]   --->   Operation 2209 'fdiv' 'div_25' <Predicate = (!icmp_ln10_26)> <Delay = 6.70> <CoreInst = "FDiv">   --->   Core 20 'FDiv' <Latency = 9> <II = 1> <Delay = 6.70> <FuncUnit> <Opcode : 'fdiv' 'frem'> <InPorts = 2> <OutPorts = 1>

State 796 <SV = 223> <Delay = 6.70>
ST_796 : Operation 2210 [8/10] (6.70ns)   --->   "%div_25 = fdiv i32 %conv_25, i32 255" [matmul.cpp:12]   --->   Operation 2210 'fdiv' 'div_25' <Predicate = (!icmp_ln10_26)> <Delay = 6.70> <CoreInst = "FDiv">   --->   Core 20 'FDiv' <Latency = 9> <II = 1> <Delay = 6.70> <FuncUnit> <Opcode : 'fdiv' 'frem'> <InPorts = 2> <OutPorts = 1>

State 797 <SV = 224> <Delay = 6.70>
ST_797 : Operation 2211 [7/10] (6.70ns)   --->   "%div_25 = fdiv i32 %conv_25, i32 255" [matmul.cpp:12]   --->   Operation 2211 'fdiv' 'div_25' <Predicate = (!icmp_ln10_26)> <Delay = 6.70> <CoreInst = "FDiv">   --->   Core 20 'FDiv' <Latency = 9> <II = 1> <Delay = 6.70> <FuncUnit> <Opcode : 'fdiv' 'frem'> <InPorts = 2> <OutPorts = 1>

State 798 <SV = 225> <Delay = 6.70>
ST_798 : Operation 2212 [6/10] (6.70ns)   --->   "%div_25 = fdiv i32 %conv_25, i32 255" [matmul.cpp:12]   --->   Operation 2212 'fdiv' 'div_25' <Predicate = (!icmp_ln10_26)> <Delay = 6.70> <CoreInst = "FDiv">   --->   Core 20 'FDiv' <Latency = 9> <II = 1> <Delay = 6.70> <FuncUnit> <Opcode : 'fdiv' 'frem'> <InPorts = 2> <OutPorts = 1>

State 799 <SV = 226> <Delay = 6.70>
ST_799 : Operation 2213 [5/10] (6.70ns)   --->   "%div_25 = fdiv i32 %conv_25, i32 255" [matmul.cpp:12]   --->   Operation 2213 'fdiv' 'div_25' <Predicate = (!icmp_ln10_26)> <Delay = 6.70> <CoreInst = "FDiv">   --->   Core 20 'FDiv' <Latency = 9> <II = 1> <Delay = 6.70> <FuncUnit> <Opcode : 'fdiv' 'frem'> <InPorts = 2> <OutPorts = 1>

State 800 <SV = 227> <Delay = 6.70>
ST_800 : Operation 2214 [4/10] (6.70ns)   --->   "%div_25 = fdiv i32 %conv_25, i32 255" [matmul.cpp:12]   --->   Operation 2214 'fdiv' 'div_25' <Predicate = (!icmp_ln10_26)> <Delay = 6.70> <CoreInst = "FDiv">   --->   Core 20 'FDiv' <Latency = 9> <II = 1> <Delay = 6.70> <FuncUnit> <Opcode : 'fdiv' 'frem'> <InPorts = 2> <OutPorts = 1>

State 801 <SV = 228> <Delay = 6.70>
ST_801 : Operation 2215 [3/10] (6.70ns)   --->   "%div_25 = fdiv i32 %conv_25, i32 255" [matmul.cpp:12]   --->   Operation 2215 'fdiv' 'div_25' <Predicate = (!icmp_ln10_26)> <Delay = 6.70> <CoreInst = "FDiv">   --->   Core 20 'FDiv' <Latency = 9> <II = 1> <Delay = 6.70> <FuncUnit> <Opcode : 'fdiv' 'frem'> <InPorts = 2> <OutPorts = 1>

State 802 <SV = 229> <Delay = 6.70>
ST_802 : Operation 2216 [2/10] (6.70ns)   --->   "%div_25 = fdiv i32 %conv_25, i32 255" [matmul.cpp:12]   --->   Operation 2216 'fdiv' 'div_25' <Predicate = (!icmp_ln10_26)> <Delay = 6.70> <CoreInst = "FDiv">   --->   Core 20 'FDiv' <Latency = 9> <II = 1> <Delay = 6.70> <FuncUnit> <Opcode : 'fdiv' 'frem'> <InPorts = 2> <OutPorts = 1>

State 803 <SV = 230> <Delay = 6.70>
ST_803 : Operation 2217 [1/1] (0.00ns)   --->   "%k_26_cast = zext i7 %k_26" [matmul.cpp:10]   --->   Operation 2217 'zext' 'k_26_cast' <Predicate = (!icmp_ln10_26)> <Delay = 0.00>
ST_803 : Operation 2218 [1/10] (6.70ns)   --->   "%div_25 = fdiv i32 %conv_25, i32 255" [matmul.cpp:12]   --->   Operation 2218 'fdiv' 'div_25' <Predicate = (!icmp_ln10_26)> <Delay = 6.70> <CoreInst = "FDiv">   --->   Core 20 'FDiv' <Latency = 9> <II = 1> <Delay = 6.70> <FuncUnit> <Opcode : 'fdiv' 'frem'> <InPorts = 2> <OutPorts = 1>
ST_803 : Operation 2219 [1/1] (0.00ns)   --->   "%layer1_weights_26_addr = getelementptr i32 %layer1_weights_26, i64 0, i64 %k_26_cast" [matmul.cpp:12]   --->   Operation 2219 'getelementptr' 'layer1_weights_26_addr' <Predicate = (!icmp_ln10_26)> <Delay = 0.00>
ST_803 : Operation 2220 [2/2] (1.35ns)   --->   "%layer1_weights_26_load = load i7 %layer1_weights_26_addr" [matmul.cpp:12]   --->   Operation 2220 'load' 'layer1_weights_26_load' <Predicate = (!icmp_ln10_26)> <Delay = 1.35> <CoreInst = "ROM">   --->   Core 101 'ROM' <Latency = 1> <II = 1> <Delay = 1.35> <Storage> <Opcode : 'load'> <Ports = 0> <Width = 32> <Depth = 100> <ROM>

State 804 <SV = 231> <Delay = 6.02>
ST_804 : Operation 2221 [1/2] (1.35ns)   --->   "%layer1_weights_26_load = load i7 %layer1_weights_26_addr" [matmul.cpp:12]   --->   Operation 2221 'load' 'layer1_weights_26_load' <Predicate = (!icmp_ln10_26)> <Delay = 1.35> <CoreInst = "ROM">   --->   Core 101 'ROM' <Latency = 1> <II = 1> <Delay = 1.35> <Storage> <Opcode : 'load'> <Ports = 0> <Width = 32> <Depth = 100> <ROM>
ST_804 : Operation 2222 [4/4] (4.67ns)   --->   "%mul_25 = fmul i32 %div_25, i32 %layer1_weights_26_load" [matmul.cpp:12]   --->   Operation 2222 'fmul' 'mul_25' <Predicate = (!icmp_ln10_26)> <Delay = 4.67> <CoreInst = "FMul_maxdsp">   --->   Core 30 'FMul_maxdsp' <Latency = 3> <II = 1> <Delay = 4.67> <FuncUnit> <Opcode : 'fmul'> <InPorts = 2> <OutPorts = 1>

State 805 <SV = 232> <Delay = 4.67>
ST_805 : Operation 2223 [3/4] (4.67ns)   --->   "%mul_25 = fmul i32 %div_25, i32 %layer1_weights_26_load" [matmul.cpp:12]   --->   Operation 2223 'fmul' 'mul_25' <Predicate = (!icmp_ln10_26)> <Delay = 4.67> <CoreInst = "FMul_maxdsp">   --->   Core 30 'FMul_maxdsp' <Latency = 3> <II = 1> <Delay = 4.67> <FuncUnit> <Opcode : 'fmul'> <InPorts = 2> <OutPorts = 1>

State 806 <SV = 233> <Delay = 4.67>
ST_806 : Operation 2224 [2/4] (4.67ns)   --->   "%mul_25 = fmul i32 %div_25, i32 %layer1_weights_26_load" [matmul.cpp:12]   --->   Operation 2224 'fmul' 'mul_25' <Predicate = (!icmp_ln10_26)> <Delay = 4.67> <CoreInst = "FMul_maxdsp">   --->   Core 30 'FMul_maxdsp' <Latency = 3> <II = 1> <Delay = 4.67> <FuncUnit> <Opcode : 'fmul'> <InPorts = 2> <OutPorts = 1>

State 807 <SV = 234> <Delay = 4.67>
ST_807 : Operation 2225 [1/4] (4.67ns)   --->   "%mul_25 = fmul i32 %div_25, i32 %layer1_weights_26_load" [matmul.cpp:12]   --->   Operation 2225 'fmul' 'mul_25' <Predicate = (!icmp_ln10_26)> <Delay = 4.67> <CoreInst = "FMul_maxdsp">   --->   Core 30 'FMul_maxdsp' <Latency = 3> <II = 1> <Delay = 4.67> <FuncUnit> <Opcode : 'fmul'> <InPorts = 2> <OutPorts = 1>

State 808 <SV = 235> <Delay = 6.34>
ST_808 : Operation 2226 [1/1] (0.86ns)   --->   "%icmp_ln12_26 = icmp_eq  i7 %add_ln10_26, i7 100" [matmul.cpp:12]   --->   Operation 2226 'icmp' 'icmp_ln12_26' <Predicate = (!icmp_ln10_26)> <Delay = 0.86> <CoreInst = "Cmp">   --->   Core 9 'Cmp' <Latency = 0> <II = 1> <Delay = 0.86> <FuncUnit> <Opcode : 'icmp'> <InPorts = 2> <OutPorts = 1>
ST_808 : Operation 2227 [3/3] (5.48ns)   --->   "%sum_53 = facc i32 @_ssdm_op_FACC, i32 %mul_25, i1 %icmp_ln12_26" [matmul.cpp:12]   --->   Operation 2227 'facc' 'sum_53' <Predicate = (!icmp_ln10_26)> <Delay = 5.48> <CoreInst = "FAcc_nodsp">   --->   Core 11 'FAcc_nodsp' <Latency = 2> <II = 1> <Delay = 5.48> <FuncUnit> <Opcode : 'facc'> <InPorts = 2> <OutPorts = 1>

State 809 <SV = 236> <Delay = 5.48>
ST_809 : Operation 2228 [2/3] (5.48ns)   --->   "%sum_53 = facc i32 @_ssdm_op_FACC, i32 %mul_25, i1 %icmp_ln12_26" [matmul.cpp:12]   --->   Operation 2228 'facc' 'sum_53' <Predicate = (!icmp_ln10_26)> <Delay = 5.48> <CoreInst = "FAcc_nodsp">   --->   Core 11 'FAcc_nodsp' <Latency = 2> <II = 1> <Delay = 5.48> <FuncUnit> <Opcode : 'facc'> <InPorts = 2> <OutPorts = 1>

State 810 <SV = 237> <Delay = 5.48>
ST_810 : Operation 2229 [1/1] (0.00ns)   --->   "%specloopname_ln8 = specloopname void @_ssdm_op_SpecLoopName, void @empty_9" [matmul.cpp:8]   --->   Operation 2229 'specloopname' 'specloopname_ln8' <Predicate = (!icmp_ln10_26)> <Delay = 0.00>
ST_810 : Operation 2230 [1/3] (5.48ns)   --->   "%sum_53 = facc i32 @_ssdm_op_FACC, i32 %mul_25, i1 %icmp_ln12_26" [matmul.cpp:12]   --->   Operation 2230 'facc' 'sum_53' <Predicate = (!icmp_ln10_26)> <Delay = 5.48> <CoreInst = "FAcc_nodsp">   --->   Core 11 'FAcc_nodsp' <Latency = 2> <II = 1> <Delay = 5.48> <FuncUnit> <Opcode : 'facc'> <InPorts = 2> <OutPorts = 1>
ST_810 : Operation 2231 [1/1] (0.00ns)   --->   "%br_ln0 = br void"   --->   Operation 2231 'br' 'br_ln0' <Predicate = (!icmp_ln10_26)> <Delay = 0.00>

State 811 <SV = 216> <Delay = 7.30>
ST_811 : Operation 2232 [1/1] (0.00ns)   --->   "%output_0_addr_26 = getelementptr i32 %output_0, i64 0, i64 26" [matmul.cpp:14]   --->   Operation 2232 'getelementptr' 'output_0_addr_26' <Predicate = true> <Delay = 0.00>
ST_811 : Operation 2233 [1/1] (1.35ns)   --->   "%store_ln14 = store i32 %sum_52, i5 %output_0_addr_26" [matmul.cpp:14]   --->   Operation 2233 'store' 'store_ln14' <Predicate = true> <Delay = 1.35> <CoreInst = "RAM">   --->   Core 83 'RAM' <Latency = 1> <II = 1> <Delay = 1.35> <Storage> <Opcode : 'load' 'store'> <Ports = 2> <Width = 32> <Depth = 32> <RAM>
ST_811 : Operation 2234 [7/7] (7.30ns)   --->   "%AXI_DATA_addr_32_rd_req570 = readreq i1 @_ssdm_op_ReadReq.m_axi.i8P1A, i8 %AXI_DATA_addr, i32 100" [matmul.cpp:12]   --->   Operation 2234 'readreq' 'AXI_DATA_addr_32_rd_req570' <Predicate = true> <Delay = 7.30> <CoreInst = "m_axi">   --->   Core 121 'm_axi' <Latency = 6> <II = 1> <Delay = 1.00> <Adapter> <Opcode : 'read' 'write' 'readreq' 'writereq' 'writeresp'>

State 812 <SV = 217> <Delay = 7.30>
ST_812 : Operation 2235 [6/7] (7.30ns)   --->   "%AXI_DATA_addr_32_rd_req570 = readreq i1 @_ssdm_op_ReadReq.m_axi.i8P1A, i8 %AXI_DATA_addr, i32 100" [matmul.cpp:12]   --->   Operation 2235 'readreq' 'AXI_DATA_addr_32_rd_req570' <Predicate = true> <Delay = 7.30> <CoreInst = "m_axi">   --->   Core 121 'm_axi' <Latency = 6> <II = 1> <Delay = 1.00> <Adapter> <Opcode : 'read' 'write' 'readreq' 'writereq' 'writeresp'>

State 813 <SV = 218> <Delay = 7.30>
ST_813 : Operation 2236 [5/7] (7.30ns)   --->   "%AXI_DATA_addr_32_rd_req570 = readreq i1 @_ssdm_op_ReadReq.m_axi.i8P1A, i8 %AXI_DATA_addr, i32 100" [matmul.cpp:12]   --->   Operation 2236 'readreq' 'AXI_DATA_addr_32_rd_req570' <Predicate = true> <Delay = 7.30> <CoreInst = "m_axi">   --->   Core 121 'm_axi' <Latency = 6> <II = 1> <Delay = 1.00> <Adapter> <Opcode : 'read' 'write' 'readreq' 'writereq' 'writeresp'>

State 814 <SV = 219> <Delay = 7.30>
ST_814 : Operation 2237 [4/7] (7.30ns)   --->   "%AXI_DATA_addr_32_rd_req570 = readreq i1 @_ssdm_op_ReadReq.m_axi.i8P1A, i8 %AXI_DATA_addr, i32 100" [matmul.cpp:12]   --->   Operation 2237 'readreq' 'AXI_DATA_addr_32_rd_req570' <Predicate = true> <Delay = 7.30> <CoreInst = "m_axi">   --->   Core 121 'm_axi' <Latency = 6> <II = 1> <Delay = 1.00> <Adapter> <Opcode : 'read' 'write' 'readreq' 'writereq' 'writeresp'>

State 815 <SV = 220> <Delay = 7.30>
ST_815 : Operation 2238 [3/7] (7.30ns)   --->   "%AXI_DATA_addr_32_rd_req570 = readreq i1 @_ssdm_op_ReadReq.m_axi.i8P1A, i8 %AXI_DATA_addr, i32 100" [matmul.cpp:12]   --->   Operation 2238 'readreq' 'AXI_DATA_addr_32_rd_req570' <Predicate = true> <Delay = 7.30> <CoreInst = "m_axi">   --->   Core 121 'm_axi' <Latency = 6> <II = 1> <Delay = 1.00> <Adapter> <Opcode : 'read' 'write' 'readreq' 'writereq' 'writeresp'>

State 816 <SV = 221> <Delay = 7.30>
ST_816 : Operation 2239 [2/7] (7.30ns)   --->   "%AXI_DATA_addr_32_rd_req570 = readreq i1 @_ssdm_op_ReadReq.m_axi.i8P1A, i8 %AXI_DATA_addr, i32 100" [matmul.cpp:12]   --->   Operation 2239 'readreq' 'AXI_DATA_addr_32_rd_req570' <Predicate = true> <Delay = 7.30> <CoreInst = "m_axi">   --->   Core 121 'm_axi' <Latency = 6> <II = 1> <Delay = 1.00> <Adapter> <Opcode : 'read' 'write' 'readreq' 'writereq' 'writeresp'>

State 817 <SV = 222> <Delay = 7.30>
ST_817 : Operation 2240 [1/7] (7.30ns)   --->   "%AXI_DATA_addr_32_rd_req570 = readreq i1 @_ssdm_op_ReadReq.m_axi.i8P1A, i8 %AXI_DATA_addr, i32 100" [matmul.cpp:12]   --->   Operation 2240 'readreq' 'AXI_DATA_addr_32_rd_req570' <Predicate = true> <Delay = 7.30> <CoreInst = "m_axi">   --->   Core 121 'm_axi' <Latency = 6> <II = 1> <Delay = 1.00> <Adapter> <Opcode : 'read' 'write' 'readreq' 'writereq' 'writeresp'>
ST_817 : Operation 2241 [1/1] (0.48ns)   --->   "%br_ln10 = br void" [matmul.cpp:10]   --->   Operation 2241 'br' 'br_ln10' <Predicate = true> <Delay = 0.48>

State 818 <SV = 223> <Delay = 0.89>
ST_818 : Operation 2242 [1/1] (0.00ns)   --->   "%k_27 = phi i7 %add_ln10_27, void %.split9, i7 0, void" [matmul.cpp:10]   --->   Operation 2242 'phi' 'k_27' <Predicate = true> <Delay = 0.00>
ST_818 : Operation 2243 [1/1] (0.00ns)   --->   "%sum_54 = phi i32 %sum_55, void %.split9, i32 0, void"   --->   Operation 2243 'phi' 'sum_54' <Predicate = true> <Delay = 0.00>
ST_818 : Operation 2244 [1/1] (0.89ns)   --->   "%add_ln10_27 = add i7 %k_27, i7 1" [matmul.cpp:10]   --->   Operation 2244 'add' 'add_ln10_27' <Predicate = true> <Delay = 0.89> <CoreInst = "Adder">   --->   Core 1 'Adder' <Latency = 0> <II = 1> <Delay = 0.89> <FuncUnit> <Opcode : 'add' 'sub'> <InPorts = 2> <OutPorts = 1>
ST_818 : Operation 2245 [1/1] (0.00ns)   --->   "%specpipeline_ln0 = specpipeline void @_ssdm_op_SpecPipeline, i32 4294967295, i32 0, i32 1, i32 0, void @p_str"   --->   Operation 2245 'specpipeline' 'specpipeline_ln0' <Predicate = true> <Delay = 0.00>
ST_818 : Operation 2246 [1/1] (0.86ns)   --->   "%icmp_ln10_27 = icmp_eq  i7 %k_27, i7 100" [matmul.cpp:10]   --->   Operation 2246 'icmp' 'icmp_ln10_27' <Predicate = true> <Delay = 0.86> <CoreInst = "Cmp">   --->   Core 9 'Cmp' <Latency = 0> <II = 1> <Delay = 0.86> <FuncUnit> <Opcode : 'icmp'> <InPorts = 2> <OutPorts = 1>
ST_818 : Operation 2247 [1/1] (0.00ns)   --->   "%empty_61 = speclooptripcount i32 @_ssdm_op_SpecLoopTripCount, i64 100, i64 100, i64 100"   --->   Operation 2247 'speclooptripcount' 'empty_61' <Predicate = true> <Delay = 0.00>
ST_818 : Operation 2248 [1/1] (0.00ns)   --->   "%br_ln10 = br i1 %icmp_ln10_27, void %.split9, void" [matmul.cpp:10]   --->   Operation 2248 'br' 'br_ln10' <Predicate = true> <Delay = 0.00>

State 819 <SV = 224> <Delay = 7.30>
ST_819 : Operation 2249 [1/1] (7.30ns)   --->   "%AXI_DATA_addr_read_27 = read i8 @_ssdm_op_Read.m_axi.i8P1A, i8 %AXI_DATA_addr" [matmul.cpp:12]   --->   Operation 2249 'read' 'AXI_DATA_addr_read_27' <Predicate = (!icmp_ln10_27)> <Delay = 7.30> <CoreInst = "m_axi">   --->   Core 121 'm_axi' <Latency = 6> <II = 1> <Delay = 1.00> <Adapter> <Opcode : 'read' 'write' 'readreq' 'writereq' 'writeresp'>

State 820 <SV = 225> <Delay = 6.67>
ST_820 : Operation 2250 [1/1] (0.00ns)   --->   "%zext_ln12_27 = zext i8 %AXI_DATA_addr_read_27" [matmul.cpp:12]   --->   Operation 2250 'zext' 'zext_ln12_27' <Predicate = (!icmp_ln10_27)> <Delay = 0.00>
ST_820 : Operation 2251 [4/4] (6.67ns)   --->   "%conv_26 = uitofp i32 %zext_ln12_27" [matmul.cpp:12]   --->   Operation 2251 'uitofp' 'conv_26' <Predicate = (!icmp_ln10_27)> <Delay = 6.67> <CoreInst = "Int2Float">   --->   Core 62 'Int2Float' <Latency = 3> <II = 1> <Delay = 6.67> <FuncUnit> <Opcode : 'sitofp' 'uitofp'> <InPorts = 1> <OutPorts = 1>

State 821 <SV = 226> <Delay = 6.67>
ST_821 : Operation 2252 [3/4] (6.67ns)   --->   "%conv_26 = uitofp i32 %zext_ln12_27" [matmul.cpp:12]   --->   Operation 2252 'uitofp' 'conv_26' <Predicate = (!icmp_ln10_27)> <Delay = 6.67> <CoreInst = "Int2Float">   --->   Core 62 'Int2Float' <Latency = 3> <II = 1> <Delay = 6.67> <FuncUnit> <Opcode : 'sitofp' 'uitofp'> <InPorts = 1> <OutPorts = 1>

State 822 <SV = 227> <Delay = 6.67>
ST_822 : Operation 2253 [2/4] (6.67ns)   --->   "%conv_26 = uitofp i32 %zext_ln12_27" [matmul.cpp:12]   --->   Operation 2253 'uitofp' 'conv_26' <Predicate = (!icmp_ln10_27)> <Delay = 6.67> <CoreInst = "Int2Float">   --->   Core 62 'Int2Float' <Latency = 3> <II = 1> <Delay = 6.67> <FuncUnit> <Opcode : 'sitofp' 'uitofp'> <InPorts = 1> <OutPorts = 1>

State 823 <SV = 228> <Delay = 6.67>
ST_823 : Operation 2254 [1/4] (6.67ns)   --->   "%conv_26 = uitofp i32 %zext_ln12_27" [matmul.cpp:12]   --->   Operation 2254 'uitofp' 'conv_26' <Predicate = (!icmp_ln10_27)> <Delay = 6.67> <CoreInst = "Int2Float">   --->   Core 62 'Int2Float' <Latency = 3> <II = 1> <Delay = 6.67> <FuncUnit> <Opcode : 'sitofp' 'uitofp'> <InPorts = 1> <OutPorts = 1>

State 824 <SV = 229> <Delay = 6.70>
ST_824 : Operation 2255 [10/10] (6.70ns)   --->   "%div_26 = fdiv i32 %conv_26, i32 255" [matmul.cpp:12]   --->   Operation 2255 'fdiv' 'div_26' <Predicate = (!icmp_ln10_27)> <Delay = 6.70> <CoreInst = "FDiv">   --->   Core 20 'FDiv' <Latency = 9> <II = 1> <Delay = 6.70> <FuncUnit> <Opcode : 'fdiv' 'frem'> <InPorts = 2> <OutPorts = 1>

State 825 <SV = 230> <Delay = 6.70>
ST_825 : Operation 2256 [9/10] (6.70ns)   --->   "%div_26 = fdiv i32 %conv_26, i32 255" [matmul.cpp:12]   --->   Operation 2256 'fdiv' 'div_26' <Predicate = (!icmp_ln10_27)> <Delay = 6.70> <CoreInst = "FDiv">   --->   Core 20 'FDiv' <Latency = 9> <II = 1> <Delay = 6.70> <FuncUnit> <Opcode : 'fdiv' 'frem'> <InPorts = 2> <OutPorts = 1>

State 826 <SV = 231> <Delay = 6.70>
ST_826 : Operation 2257 [8/10] (6.70ns)   --->   "%div_26 = fdiv i32 %conv_26, i32 255" [matmul.cpp:12]   --->   Operation 2257 'fdiv' 'div_26' <Predicate = (!icmp_ln10_27)> <Delay = 6.70> <CoreInst = "FDiv">   --->   Core 20 'FDiv' <Latency = 9> <II = 1> <Delay = 6.70> <FuncUnit> <Opcode : 'fdiv' 'frem'> <InPorts = 2> <OutPorts = 1>

State 827 <SV = 232> <Delay = 6.70>
ST_827 : Operation 2258 [7/10] (6.70ns)   --->   "%div_26 = fdiv i32 %conv_26, i32 255" [matmul.cpp:12]   --->   Operation 2258 'fdiv' 'div_26' <Predicate = (!icmp_ln10_27)> <Delay = 6.70> <CoreInst = "FDiv">   --->   Core 20 'FDiv' <Latency = 9> <II = 1> <Delay = 6.70> <FuncUnit> <Opcode : 'fdiv' 'frem'> <InPorts = 2> <OutPorts = 1>

State 828 <SV = 233> <Delay = 6.70>
ST_828 : Operation 2259 [6/10] (6.70ns)   --->   "%div_26 = fdiv i32 %conv_26, i32 255" [matmul.cpp:12]   --->   Operation 2259 'fdiv' 'div_26' <Predicate = (!icmp_ln10_27)> <Delay = 6.70> <CoreInst = "FDiv">   --->   Core 20 'FDiv' <Latency = 9> <II = 1> <Delay = 6.70> <FuncUnit> <Opcode : 'fdiv' 'frem'> <InPorts = 2> <OutPorts = 1>

State 829 <SV = 234> <Delay = 6.70>
ST_829 : Operation 2260 [5/10] (6.70ns)   --->   "%div_26 = fdiv i32 %conv_26, i32 255" [matmul.cpp:12]   --->   Operation 2260 'fdiv' 'div_26' <Predicate = (!icmp_ln10_27)> <Delay = 6.70> <CoreInst = "FDiv">   --->   Core 20 'FDiv' <Latency = 9> <II = 1> <Delay = 6.70> <FuncUnit> <Opcode : 'fdiv' 'frem'> <InPorts = 2> <OutPorts = 1>

State 830 <SV = 235> <Delay = 6.70>
ST_830 : Operation 2261 [4/10] (6.70ns)   --->   "%div_26 = fdiv i32 %conv_26, i32 255" [matmul.cpp:12]   --->   Operation 2261 'fdiv' 'div_26' <Predicate = (!icmp_ln10_27)> <Delay = 6.70> <CoreInst = "FDiv">   --->   Core 20 'FDiv' <Latency = 9> <II = 1> <Delay = 6.70> <FuncUnit> <Opcode : 'fdiv' 'frem'> <InPorts = 2> <OutPorts = 1>

State 831 <SV = 236> <Delay = 6.70>
ST_831 : Operation 2262 [3/10] (6.70ns)   --->   "%div_26 = fdiv i32 %conv_26, i32 255" [matmul.cpp:12]   --->   Operation 2262 'fdiv' 'div_26' <Predicate = (!icmp_ln10_27)> <Delay = 6.70> <CoreInst = "FDiv">   --->   Core 20 'FDiv' <Latency = 9> <II = 1> <Delay = 6.70> <FuncUnit> <Opcode : 'fdiv' 'frem'> <InPorts = 2> <OutPorts = 1>

State 832 <SV = 237> <Delay = 6.70>
ST_832 : Operation 2263 [2/10] (6.70ns)   --->   "%div_26 = fdiv i32 %conv_26, i32 255" [matmul.cpp:12]   --->   Operation 2263 'fdiv' 'div_26' <Predicate = (!icmp_ln10_27)> <Delay = 6.70> <CoreInst = "FDiv">   --->   Core 20 'FDiv' <Latency = 9> <II = 1> <Delay = 6.70> <FuncUnit> <Opcode : 'fdiv' 'frem'> <InPorts = 2> <OutPorts = 1>

State 833 <SV = 238> <Delay = 6.70>
ST_833 : Operation 2264 [1/1] (0.00ns)   --->   "%k_27_cast = zext i7 %k_27" [matmul.cpp:10]   --->   Operation 2264 'zext' 'k_27_cast' <Predicate = (!icmp_ln10_27)> <Delay = 0.00>
ST_833 : Operation 2265 [1/10] (6.70ns)   --->   "%div_26 = fdiv i32 %conv_26, i32 255" [matmul.cpp:12]   --->   Operation 2265 'fdiv' 'div_26' <Predicate = (!icmp_ln10_27)> <Delay = 6.70> <CoreInst = "FDiv">   --->   Core 20 'FDiv' <Latency = 9> <II = 1> <Delay = 6.70> <FuncUnit> <Opcode : 'fdiv' 'frem'> <InPorts = 2> <OutPorts = 1>
ST_833 : Operation 2266 [1/1] (0.00ns)   --->   "%layer1_weights_27_addr = getelementptr i32 %layer1_weights_27, i64 0, i64 %k_27_cast" [matmul.cpp:12]   --->   Operation 2266 'getelementptr' 'layer1_weights_27_addr' <Predicate = (!icmp_ln10_27)> <Delay = 0.00>
ST_833 : Operation 2267 [2/2] (1.35ns)   --->   "%layer1_weights_27_load = load i7 %layer1_weights_27_addr" [matmul.cpp:12]   --->   Operation 2267 'load' 'layer1_weights_27_load' <Predicate = (!icmp_ln10_27)> <Delay = 1.35> <CoreInst = "ROM">   --->   Core 101 'ROM' <Latency = 1> <II = 1> <Delay = 1.35> <Storage> <Opcode : 'load'> <Ports = 0> <Width = 32> <Depth = 100> <ROM>

State 834 <SV = 239> <Delay = 6.02>
ST_834 : Operation 2268 [1/2] (1.35ns)   --->   "%layer1_weights_27_load = load i7 %layer1_weights_27_addr" [matmul.cpp:12]   --->   Operation 2268 'load' 'layer1_weights_27_load' <Predicate = (!icmp_ln10_27)> <Delay = 1.35> <CoreInst = "ROM">   --->   Core 101 'ROM' <Latency = 1> <II = 1> <Delay = 1.35> <Storage> <Opcode : 'load'> <Ports = 0> <Width = 32> <Depth = 100> <ROM>
ST_834 : Operation 2269 [4/4] (4.67ns)   --->   "%mul_26 = fmul i32 %div_26, i32 %layer1_weights_27_load" [matmul.cpp:12]   --->   Operation 2269 'fmul' 'mul_26' <Predicate = (!icmp_ln10_27)> <Delay = 4.67> <CoreInst = "FMul_maxdsp">   --->   Core 30 'FMul_maxdsp' <Latency = 3> <II = 1> <Delay = 4.67> <FuncUnit> <Opcode : 'fmul'> <InPorts = 2> <OutPorts = 1>

State 835 <SV = 240> <Delay = 4.67>
ST_835 : Operation 2270 [3/4] (4.67ns)   --->   "%mul_26 = fmul i32 %div_26, i32 %layer1_weights_27_load" [matmul.cpp:12]   --->   Operation 2270 'fmul' 'mul_26' <Predicate = (!icmp_ln10_27)> <Delay = 4.67> <CoreInst = "FMul_maxdsp">   --->   Core 30 'FMul_maxdsp' <Latency = 3> <II = 1> <Delay = 4.67> <FuncUnit> <Opcode : 'fmul'> <InPorts = 2> <OutPorts = 1>

State 836 <SV = 241> <Delay = 4.67>
ST_836 : Operation 2271 [2/4] (4.67ns)   --->   "%mul_26 = fmul i32 %div_26, i32 %layer1_weights_27_load" [matmul.cpp:12]   --->   Operation 2271 'fmul' 'mul_26' <Predicate = (!icmp_ln10_27)> <Delay = 4.67> <CoreInst = "FMul_maxdsp">   --->   Core 30 'FMul_maxdsp' <Latency = 3> <II = 1> <Delay = 4.67> <FuncUnit> <Opcode : 'fmul'> <InPorts = 2> <OutPorts = 1>

State 837 <SV = 242> <Delay = 4.67>
ST_837 : Operation 2272 [1/4] (4.67ns)   --->   "%mul_26 = fmul i32 %div_26, i32 %layer1_weights_27_load" [matmul.cpp:12]   --->   Operation 2272 'fmul' 'mul_26' <Predicate = (!icmp_ln10_27)> <Delay = 4.67> <CoreInst = "FMul_maxdsp">   --->   Core 30 'FMul_maxdsp' <Latency = 3> <II = 1> <Delay = 4.67> <FuncUnit> <Opcode : 'fmul'> <InPorts = 2> <OutPorts = 1>

State 838 <SV = 243> <Delay = 6.34>
ST_838 : Operation 2273 [1/1] (0.86ns)   --->   "%icmp_ln12_27 = icmp_eq  i7 %add_ln10_27, i7 100" [matmul.cpp:12]   --->   Operation 2273 'icmp' 'icmp_ln12_27' <Predicate = (!icmp_ln10_27)> <Delay = 0.86> <CoreInst = "Cmp">   --->   Core 9 'Cmp' <Latency = 0> <II = 1> <Delay = 0.86> <FuncUnit> <Opcode : 'icmp'> <InPorts = 2> <OutPorts = 1>
ST_838 : Operation 2274 [3/3] (5.48ns)   --->   "%sum_55 = facc i32 @_ssdm_op_FACC, i32 %mul_26, i1 %icmp_ln12_27" [matmul.cpp:12]   --->   Operation 2274 'facc' 'sum_55' <Predicate = (!icmp_ln10_27)> <Delay = 5.48> <CoreInst = "FAcc_nodsp">   --->   Core 11 'FAcc_nodsp' <Latency = 2> <II = 1> <Delay = 5.48> <FuncUnit> <Opcode : 'facc'> <InPorts = 2> <OutPorts = 1>

State 839 <SV = 244> <Delay = 5.48>
ST_839 : Operation 2275 [2/3] (5.48ns)   --->   "%sum_55 = facc i32 @_ssdm_op_FACC, i32 %mul_26, i1 %icmp_ln12_27" [matmul.cpp:12]   --->   Operation 2275 'facc' 'sum_55' <Predicate = (!icmp_ln10_27)> <Delay = 5.48> <CoreInst = "FAcc_nodsp">   --->   Core 11 'FAcc_nodsp' <Latency = 2> <II = 1> <Delay = 5.48> <FuncUnit> <Opcode : 'facc'> <InPorts = 2> <OutPorts = 1>

State 840 <SV = 245> <Delay = 5.48>
ST_840 : Operation 2276 [1/1] (0.00ns)   --->   "%specloopname_ln8 = specloopname void @_ssdm_op_SpecLoopName, void @empty_9" [matmul.cpp:8]   --->   Operation 2276 'specloopname' 'specloopname_ln8' <Predicate = (!icmp_ln10_27)> <Delay = 0.00>
ST_840 : Operation 2277 [1/3] (5.48ns)   --->   "%sum_55 = facc i32 @_ssdm_op_FACC, i32 %mul_26, i1 %icmp_ln12_27" [matmul.cpp:12]   --->   Operation 2277 'facc' 'sum_55' <Predicate = (!icmp_ln10_27)> <Delay = 5.48> <CoreInst = "FAcc_nodsp">   --->   Core 11 'FAcc_nodsp' <Latency = 2> <II = 1> <Delay = 5.48> <FuncUnit> <Opcode : 'facc'> <InPorts = 2> <OutPorts = 1>
ST_840 : Operation 2278 [1/1] (0.00ns)   --->   "%br_ln0 = br void"   --->   Operation 2278 'br' 'br_ln0' <Predicate = (!icmp_ln10_27)> <Delay = 0.00>

State 841 <SV = 224> <Delay = 7.30>
ST_841 : Operation 2279 [1/1] (0.00ns)   --->   "%output_0_addr_27 = getelementptr i32 %output_0, i64 0, i64 27" [matmul.cpp:14]   --->   Operation 2279 'getelementptr' 'output_0_addr_27' <Predicate = true> <Delay = 0.00>
ST_841 : Operation 2280 [1/1] (1.35ns)   --->   "%store_ln14 = store i32 %sum_54, i5 %output_0_addr_27" [matmul.cpp:14]   --->   Operation 2280 'store' 'store_ln14' <Predicate = true> <Delay = 1.35> <CoreInst = "RAM">   --->   Core 83 'RAM' <Latency = 1> <II = 1> <Delay = 1.35> <Storage> <Opcode : 'load' 'store'> <Ports = 2> <Width = 32> <Depth = 32> <RAM>
ST_841 : Operation 2281 [7/7] (7.30ns)   --->   "%AXI_DATA_addr_32_rd_req571 = readreq i1 @_ssdm_op_ReadReq.m_axi.i8P1A, i8 %AXI_DATA_addr, i32 100" [matmul.cpp:12]   --->   Operation 2281 'readreq' 'AXI_DATA_addr_32_rd_req571' <Predicate = true> <Delay = 7.30> <CoreInst = "m_axi">   --->   Core 121 'm_axi' <Latency = 6> <II = 1> <Delay = 1.00> <Adapter> <Opcode : 'read' 'write' 'readreq' 'writereq' 'writeresp'>

State 842 <SV = 225> <Delay = 7.30>
ST_842 : Operation 2282 [6/7] (7.30ns)   --->   "%AXI_DATA_addr_32_rd_req571 = readreq i1 @_ssdm_op_ReadReq.m_axi.i8P1A, i8 %AXI_DATA_addr, i32 100" [matmul.cpp:12]   --->   Operation 2282 'readreq' 'AXI_DATA_addr_32_rd_req571' <Predicate = true> <Delay = 7.30> <CoreInst = "m_axi">   --->   Core 121 'm_axi' <Latency = 6> <II = 1> <Delay = 1.00> <Adapter> <Opcode : 'read' 'write' 'readreq' 'writereq' 'writeresp'>

State 843 <SV = 226> <Delay = 7.30>
ST_843 : Operation 2283 [5/7] (7.30ns)   --->   "%AXI_DATA_addr_32_rd_req571 = readreq i1 @_ssdm_op_ReadReq.m_axi.i8P1A, i8 %AXI_DATA_addr, i32 100" [matmul.cpp:12]   --->   Operation 2283 'readreq' 'AXI_DATA_addr_32_rd_req571' <Predicate = true> <Delay = 7.30> <CoreInst = "m_axi">   --->   Core 121 'm_axi' <Latency = 6> <II = 1> <Delay = 1.00> <Adapter> <Opcode : 'read' 'write' 'readreq' 'writereq' 'writeresp'>

State 844 <SV = 227> <Delay = 7.30>
ST_844 : Operation 2284 [4/7] (7.30ns)   --->   "%AXI_DATA_addr_32_rd_req571 = readreq i1 @_ssdm_op_ReadReq.m_axi.i8P1A, i8 %AXI_DATA_addr, i32 100" [matmul.cpp:12]   --->   Operation 2284 'readreq' 'AXI_DATA_addr_32_rd_req571' <Predicate = true> <Delay = 7.30> <CoreInst = "m_axi">   --->   Core 121 'm_axi' <Latency = 6> <II = 1> <Delay = 1.00> <Adapter> <Opcode : 'read' 'write' 'readreq' 'writereq' 'writeresp'>

State 845 <SV = 228> <Delay = 7.30>
ST_845 : Operation 2285 [3/7] (7.30ns)   --->   "%AXI_DATA_addr_32_rd_req571 = readreq i1 @_ssdm_op_ReadReq.m_axi.i8P1A, i8 %AXI_DATA_addr, i32 100" [matmul.cpp:12]   --->   Operation 2285 'readreq' 'AXI_DATA_addr_32_rd_req571' <Predicate = true> <Delay = 7.30> <CoreInst = "m_axi">   --->   Core 121 'm_axi' <Latency = 6> <II = 1> <Delay = 1.00> <Adapter> <Opcode : 'read' 'write' 'readreq' 'writereq' 'writeresp'>

State 846 <SV = 229> <Delay = 7.30>
ST_846 : Operation 2286 [2/7] (7.30ns)   --->   "%AXI_DATA_addr_32_rd_req571 = readreq i1 @_ssdm_op_ReadReq.m_axi.i8P1A, i8 %AXI_DATA_addr, i32 100" [matmul.cpp:12]   --->   Operation 2286 'readreq' 'AXI_DATA_addr_32_rd_req571' <Predicate = true> <Delay = 7.30> <CoreInst = "m_axi">   --->   Core 121 'm_axi' <Latency = 6> <II = 1> <Delay = 1.00> <Adapter> <Opcode : 'read' 'write' 'readreq' 'writereq' 'writeresp'>

State 847 <SV = 230> <Delay = 7.30>
ST_847 : Operation 2287 [1/7] (7.30ns)   --->   "%AXI_DATA_addr_32_rd_req571 = readreq i1 @_ssdm_op_ReadReq.m_axi.i8P1A, i8 %AXI_DATA_addr, i32 100" [matmul.cpp:12]   --->   Operation 2287 'readreq' 'AXI_DATA_addr_32_rd_req571' <Predicate = true> <Delay = 7.30> <CoreInst = "m_axi">   --->   Core 121 'm_axi' <Latency = 6> <II = 1> <Delay = 1.00> <Adapter> <Opcode : 'read' 'write' 'readreq' 'writereq' 'writeresp'>
ST_847 : Operation 2288 [1/1] (0.48ns)   --->   "%br_ln10 = br void" [matmul.cpp:10]   --->   Operation 2288 'br' 'br_ln10' <Predicate = true> <Delay = 0.48>

State 848 <SV = 231> <Delay = 0.89>
ST_848 : Operation 2289 [1/1] (0.00ns)   --->   "%k_28 = phi i7 %add_ln10_28, void %.split7, i7 0, void" [matmul.cpp:10]   --->   Operation 2289 'phi' 'k_28' <Predicate = true> <Delay = 0.00>
ST_848 : Operation 2290 [1/1] (0.00ns)   --->   "%sum_56 = phi i32 %sum_57, void %.split7, i32 0, void"   --->   Operation 2290 'phi' 'sum_56' <Predicate = true> <Delay = 0.00>
ST_848 : Operation 2291 [1/1] (0.89ns)   --->   "%add_ln10_28 = add i7 %k_28, i7 1" [matmul.cpp:10]   --->   Operation 2291 'add' 'add_ln10_28' <Predicate = true> <Delay = 0.89> <CoreInst = "Adder">   --->   Core 1 'Adder' <Latency = 0> <II = 1> <Delay = 0.89> <FuncUnit> <Opcode : 'add' 'sub'> <InPorts = 2> <OutPorts = 1>
ST_848 : Operation 2292 [1/1] (0.00ns)   --->   "%specpipeline_ln0 = specpipeline void @_ssdm_op_SpecPipeline, i32 4294967295, i32 0, i32 1, i32 0, void @p_str"   --->   Operation 2292 'specpipeline' 'specpipeline_ln0' <Predicate = true> <Delay = 0.00>
ST_848 : Operation 2293 [1/1] (0.86ns)   --->   "%icmp_ln10_28 = icmp_eq  i7 %k_28, i7 100" [matmul.cpp:10]   --->   Operation 2293 'icmp' 'icmp_ln10_28' <Predicate = true> <Delay = 0.86> <CoreInst = "Cmp">   --->   Core 9 'Cmp' <Latency = 0> <II = 1> <Delay = 0.86> <FuncUnit> <Opcode : 'icmp'> <InPorts = 2> <OutPorts = 1>
ST_848 : Operation 2294 [1/1] (0.00ns)   --->   "%empty_62 = speclooptripcount i32 @_ssdm_op_SpecLoopTripCount, i64 100, i64 100, i64 100"   --->   Operation 2294 'speclooptripcount' 'empty_62' <Predicate = true> <Delay = 0.00>
ST_848 : Operation 2295 [1/1] (0.00ns)   --->   "%br_ln10 = br i1 %icmp_ln10_28, void %.split7, void" [matmul.cpp:10]   --->   Operation 2295 'br' 'br_ln10' <Predicate = true> <Delay = 0.00>

State 849 <SV = 232> <Delay = 7.30>
ST_849 : Operation 2296 [1/1] (7.30ns)   --->   "%AXI_DATA_addr_read_28 = read i8 @_ssdm_op_Read.m_axi.i8P1A, i8 %AXI_DATA_addr" [matmul.cpp:12]   --->   Operation 2296 'read' 'AXI_DATA_addr_read_28' <Predicate = (!icmp_ln10_28)> <Delay = 7.30> <CoreInst = "m_axi">   --->   Core 121 'm_axi' <Latency = 6> <II = 1> <Delay = 1.00> <Adapter> <Opcode : 'read' 'write' 'readreq' 'writereq' 'writeresp'>

State 850 <SV = 233> <Delay = 6.67>
ST_850 : Operation 2297 [1/1] (0.00ns)   --->   "%zext_ln12_28 = zext i8 %AXI_DATA_addr_read_28" [matmul.cpp:12]   --->   Operation 2297 'zext' 'zext_ln12_28' <Predicate = (!icmp_ln10_28)> <Delay = 0.00>
ST_850 : Operation 2298 [4/4] (6.67ns)   --->   "%conv_27 = uitofp i32 %zext_ln12_28" [matmul.cpp:12]   --->   Operation 2298 'uitofp' 'conv_27' <Predicate = (!icmp_ln10_28)> <Delay = 6.67> <CoreInst = "Int2Float">   --->   Core 62 'Int2Float' <Latency = 3> <II = 1> <Delay = 6.67> <FuncUnit> <Opcode : 'sitofp' 'uitofp'> <InPorts = 1> <OutPorts = 1>

State 851 <SV = 234> <Delay = 6.67>
ST_851 : Operation 2299 [3/4] (6.67ns)   --->   "%conv_27 = uitofp i32 %zext_ln12_28" [matmul.cpp:12]   --->   Operation 2299 'uitofp' 'conv_27' <Predicate = (!icmp_ln10_28)> <Delay = 6.67> <CoreInst = "Int2Float">   --->   Core 62 'Int2Float' <Latency = 3> <II = 1> <Delay = 6.67> <FuncUnit> <Opcode : 'sitofp' 'uitofp'> <InPorts = 1> <OutPorts = 1>

State 852 <SV = 235> <Delay = 6.67>
ST_852 : Operation 2300 [2/4] (6.67ns)   --->   "%conv_27 = uitofp i32 %zext_ln12_28" [matmul.cpp:12]   --->   Operation 2300 'uitofp' 'conv_27' <Predicate = (!icmp_ln10_28)> <Delay = 6.67> <CoreInst = "Int2Float">   --->   Core 62 'Int2Float' <Latency = 3> <II = 1> <Delay = 6.67> <FuncUnit> <Opcode : 'sitofp' 'uitofp'> <InPorts = 1> <OutPorts = 1>

State 853 <SV = 236> <Delay = 6.67>
ST_853 : Operation 2301 [1/4] (6.67ns)   --->   "%conv_27 = uitofp i32 %zext_ln12_28" [matmul.cpp:12]   --->   Operation 2301 'uitofp' 'conv_27' <Predicate = (!icmp_ln10_28)> <Delay = 6.67> <CoreInst = "Int2Float">   --->   Core 62 'Int2Float' <Latency = 3> <II = 1> <Delay = 6.67> <FuncUnit> <Opcode : 'sitofp' 'uitofp'> <InPorts = 1> <OutPorts = 1>

State 854 <SV = 237> <Delay = 6.70>
ST_854 : Operation 2302 [10/10] (6.70ns)   --->   "%div_27 = fdiv i32 %conv_27, i32 255" [matmul.cpp:12]   --->   Operation 2302 'fdiv' 'div_27' <Predicate = (!icmp_ln10_28)> <Delay = 6.70> <CoreInst = "FDiv">   --->   Core 20 'FDiv' <Latency = 9> <II = 1> <Delay = 6.70> <FuncUnit> <Opcode : 'fdiv' 'frem'> <InPorts = 2> <OutPorts = 1>

State 855 <SV = 238> <Delay = 6.70>
ST_855 : Operation 2303 [9/10] (6.70ns)   --->   "%div_27 = fdiv i32 %conv_27, i32 255" [matmul.cpp:12]   --->   Operation 2303 'fdiv' 'div_27' <Predicate = (!icmp_ln10_28)> <Delay = 6.70> <CoreInst = "FDiv">   --->   Core 20 'FDiv' <Latency = 9> <II = 1> <Delay = 6.70> <FuncUnit> <Opcode : 'fdiv' 'frem'> <InPorts = 2> <OutPorts = 1>

State 856 <SV = 239> <Delay = 6.70>
ST_856 : Operation 2304 [8/10] (6.70ns)   --->   "%div_27 = fdiv i32 %conv_27, i32 255" [matmul.cpp:12]   --->   Operation 2304 'fdiv' 'div_27' <Predicate = (!icmp_ln10_28)> <Delay = 6.70> <CoreInst = "FDiv">   --->   Core 20 'FDiv' <Latency = 9> <II = 1> <Delay = 6.70> <FuncUnit> <Opcode : 'fdiv' 'frem'> <InPorts = 2> <OutPorts = 1>

State 857 <SV = 240> <Delay = 6.70>
ST_857 : Operation 2305 [7/10] (6.70ns)   --->   "%div_27 = fdiv i32 %conv_27, i32 255" [matmul.cpp:12]   --->   Operation 2305 'fdiv' 'div_27' <Predicate = (!icmp_ln10_28)> <Delay = 6.70> <CoreInst = "FDiv">   --->   Core 20 'FDiv' <Latency = 9> <II = 1> <Delay = 6.70> <FuncUnit> <Opcode : 'fdiv' 'frem'> <InPorts = 2> <OutPorts = 1>

State 858 <SV = 241> <Delay = 6.70>
ST_858 : Operation 2306 [6/10] (6.70ns)   --->   "%div_27 = fdiv i32 %conv_27, i32 255" [matmul.cpp:12]   --->   Operation 2306 'fdiv' 'div_27' <Predicate = (!icmp_ln10_28)> <Delay = 6.70> <CoreInst = "FDiv">   --->   Core 20 'FDiv' <Latency = 9> <II = 1> <Delay = 6.70> <FuncUnit> <Opcode : 'fdiv' 'frem'> <InPorts = 2> <OutPorts = 1>

State 859 <SV = 242> <Delay = 6.70>
ST_859 : Operation 2307 [5/10] (6.70ns)   --->   "%div_27 = fdiv i32 %conv_27, i32 255" [matmul.cpp:12]   --->   Operation 2307 'fdiv' 'div_27' <Predicate = (!icmp_ln10_28)> <Delay = 6.70> <CoreInst = "FDiv">   --->   Core 20 'FDiv' <Latency = 9> <II = 1> <Delay = 6.70> <FuncUnit> <Opcode : 'fdiv' 'frem'> <InPorts = 2> <OutPorts = 1>

State 860 <SV = 243> <Delay = 6.70>
ST_860 : Operation 2308 [4/10] (6.70ns)   --->   "%div_27 = fdiv i32 %conv_27, i32 255" [matmul.cpp:12]   --->   Operation 2308 'fdiv' 'div_27' <Predicate = (!icmp_ln10_28)> <Delay = 6.70> <CoreInst = "FDiv">   --->   Core 20 'FDiv' <Latency = 9> <II = 1> <Delay = 6.70> <FuncUnit> <Opcode : 'fdiv' 'frem'> <InPorts = 2> <OutPorts = 1>

State 861 <SV = 244> <Delay = 6.70>
ST_861 : Operation 2309 [3/10] (6.70ns)   --->   "%div_27 = fdiv i32 %conv_27, i32 255" [matmul.cpp:12]   --->   Operation 2309 'fdiv' 'div_27' <Predicate = (!icmp_ln10_28)> <Delay = 6.70> <CoreInst = "FDiv">   --->   Core 20 'FDiv' <Latency = 9> <II = 1> <Delay = 6.70> <FuncUnit> <Opcode : 'fdiv' 'frem'> <InPorts = 2> <OutPorts = 1>

State 862 <SV = 245> <Delay = 6.70>
ST_862 : Operation 2310 [2/10] (6.70ns)   --->   "%div_27 = fdiv i32 %conv_27, i32 255" [matmul.cpp:12]   --->   Operation 2310 'fdiv' 'div_27' <Predicate = (!icmp_ln10_28)> <Delay = 6.70> <CoreInst = "FDiv">   --->   Core 20 'FDiv' <Latency = 9> <II = 1> <Delay = 6.70> <FuncUnit> <Opcode : 'fdiv' 'frem'> <InPorts = 2> <OutPorts = 1>

State 863 <SV = 246> <Delay = 6.70>
ST_863 : Operation 2311 [1/1] (0.00ns)   --->   "%k_28_cast = zext i7 %k_28" [matmul.cpp:10]   --->   Operation 2311 'zext' 'k_28_cast' <Predicate = (!icmp_ln10_28)> <Delay = 0.00>
ST_863 : Operation 2312 [1/10] (6.70ns)   --->   "%div_27 = fdiv i32 %conv_27, i32 255" [matmul.cpp:12]   --->   Operation 2312 'fdiv' 'div_27' <Predicate = (!icmp_ln10_28)> <Delay = 6.70> <CoreInst = "FDiv">   --->   Core 20 'FDiv' <Latency = 9> <II = 1> <Delay = 6.70> <FuncUnit> <Opcode : 'fdiv' 'frem'> <InPorts = 2> <OutPorts = 1>
ST_863 : Operation 2313 [1/1] (0.00ns)   --->   "%layer1_weights_28_addr = getelementptr i32 %layer1_weights_28, i64 0, i64 %k_28_cast" [matmul.cpp:12]   --->   Operation 2313 'getelementptr' 'layer1_weights_28_addr' <Predicate = (!icmp_ln10_28)> <Delay = 0.00>
ST_863 : Operation 2314 [2/2] (1.35ns)   --->   "%layer1_weights_28_load = load i7 %layer1_weights_28_addr" [matmul.cpp:12]   --->   Operation 2314 'load' 'layer1_weights_28_load' <Predicate = (!icmp_ln10_28)> <Delay = 1.35> <CoreInst = "ROM">   --->   Core 101 'ROM' <Latency = 1> <II = 1> <Delay = 1.35> <Storage> <Opcode : 'load'> <Ports = 0> <Width = 32> <Depth = 100> <ROM>

State 864 <SV = 247> <Delay = 6.02>
ST_864 : Operation 2315 [1/2] (1.35ns)   --->   "%layer1_weights_28_load = load i7 %layer1_weights_28_addr" [matmul.cpp:12]   --->   Operation 2315 'load' 'layer1_weights_28_load' <Predicate = (!icmp_ln10_28)> <Delay = 1.35> <CoreInst = "ROM">   --->   Core 101 'ROM' <Latency = 1> <II = 1> <Delay = 1.35> <Storage> <Opcode : 'load'> <Ports = 0> <Width = 32> <Depth = 100> <ROM>
ST_864 : Operation 2316 [4/4] (4.67ns)   --->   "%mul_27 = fmul i32 %div_27, i32 %layer1_weights_28_load" [matmul.cpp:12]   --->   Operation 2316 'fmul' 'mul_27' <Predicate = (!icmp_ln10_28)> <Delay = 4.67> <CoreInst = "FMul_maxdsp">   --->   Core 30 'FMul_maxdsp' <Latency = 3> <II = 1> <Delay = 4.67> <FuncUnit> <Opcode : 'fmul'> <InPorts = 2> <OutPorts = 1>

State 865 <SV = 248> <Delay = 4.67>
ST_865 : Operation 2317 [3/4] (4.67ns)   --->   "%mul_27 = fmul i32 %div_27, i32 %layer1_weights_28_load" [matmul.cpp:12]   --->   Operation 2317 'fmul' 'mul_27' <Predicate = (!icmp_ln10_28)> <Delay = 4.67> <CoreInst = "FMul_maxdsp">   --->   Core 30 'FMul_maxdsp' <Latency = 3> <II = 1> <Delay = 4.67> <FuncUnit> <Opcode : 'fmul'> <InPorts = 2> <OutPorts = 1>

State 866 <SV = 249> <Delay = 4.67>
ST_866 : Operation 2318 [2/4] (4.67ns)   --->   "%mul_27 = fmul i32 %div_27, i32 %layer1_weights_28_load" [matmul.cpp:12]   --->   Operation 2318 'fmul' 'mul_27' <Predicate = (!icmp_ln10_28)> <Delay = 4.67> <CoreInst = "FMul_maxdsp">   --->   Core 30 'FMul_maxdsp' <Latency = 3> <II = 1> <Delay = 4.67> <FuncUnit> <Opcode : 'fmul'> <InPorts = 2> <OutPorts = 1>

State 867 <SV = 250> <Delay = 4.67>
ST_867 : Operation 2319 [1/4] (4.67ns)   --->   "%mul_27 = fmul i32 %div_27, i32 %layer1_weights_28_load" [matmul.cpp:12]   --->   Operation 2319 'fmul' 'mul_27' <Predicate = (!icmp_ln10_28)> <Delay = 4.67> <CoreInst = "FMul_maxdsp">   --->   Core 30 'FMul_maxdsp' <Latency = 3> <II = 1> <Delay = 4.67> <FuncUnit> <Opcode : 'fmul'> <InPorts = 2> <OutPorts = 1>

State 868 <SV = 251> <Delay = 6.34>
ST_868 : Operation 2320 [1/1] (0.86ns)   --->   "%icmp_ln12_28 = icmp_eq  i7 %add_ln10_28, i7 100" [matmul.cpp:12]   --->   Operation 2320 'icmp' 'icmp_ln12_28' <Predicate = (!icmp_ln10_28)> <Delay = 0.86> <CoreInst = "Cmp">   --->   Core 9 'Cmp' <Latency = 0> <II = 1> <Delay = 0.86> <FuncUnit> <Opcode : 'icmp'> <InPorts = 2> <OutPorts = 1>
ST_868 : Operation 2321 [3/3] (5.48ns)   --->   "%sum_57 = facc i32 @_ssdm_op_FACC, i32 %mul_27, i1 %icmp_ln12_28" [matmul.cpp:12]   --->   Operation 2321 'facc' 'sum_57' <Predicate = (!icmp_ln10_28)> <Delay = 5.48> <CoreInst = "FAcc_nodsp">   --->   Core 11 'FAcc_nodsp' <Latency = 2> <II = 1> <Delay = 5.48> <FuncUnit> <Opcode : 'facc'> <InPorts = 2> <OutPorts = 1>

State 869 <SV = 252> <Delay = 5.48>
ST_869 : Operation 2322 [2/3] (5.48ns)   --->   "%sum_57 = facc i32 @_ssdm_op_FACC, i32 %mul_27, i1 %icmp_ln12_28" [matmul.cpp:12]   --->   Operation 2322 'facc' 'sum_57' <Predicate = (!icmp_ln10_28)> <Delay = 5.48> <CoreInst = "FAcc_nodsp">   --->   Core 11 'FAcc_nodsp' <Latency = 2> <II = 1> <Delay = 5.48> <FuncUnit> <Opcode : 'facc'> <InPorts = 2> <OutPorts = 1>

State 870 <SV = 253> <Delay = 5.48>
ST_870 : Operation 2323 [1/1] (0.00ns)   --->   "%specloopname_ln8 = specloopname void @_ssdm_op_SpecLoopName, void @empty_9" [matmul.cpp:8]   --->   Operation 2323 'specloopname' 'specloopname_ln8' <Predicate = (!icmp_ln10_28)> <Delay = 0.00>
ST_870 : Operation 2324 [1/3] (5.48ns)   --->   "%sum_57 = facc i32 @_ssdm_op_FACC, i32 %mul_27, i1 %icmp_ln12_28" [matmul.cpp:12]   --->   Operation 2324 'facc' 'sum_57' <Predicate = (!icmp_ln10_28)> <Delay = 5.48> <CoreInst = "FAcc_nodsp">   --->   Core 11 'FAcc_nodsp' <Latency = 2> <II = 1> <Delay = 5.48> <FuncUnit> <Opcode : 'facc'> <InPorts = 2> <OutPorts = 1>
ST_870 : Operation 2325 [1/1] (0.00ns)   --->   "%br_ln0 = br void"   --->   Operation 2325 'br' 'br_ln0' <Predicate = (!icmp_ln10_28)> <Delay = 0.00>

State 871 <SV = 232> <Delay = 7.30>
ST_871 : Operation 2326 [1/1] (0.00ns)   --->   "%output_0_addr_28 = getelementptr i32 %output_0, i64 0, i64 28" [matmul.cpp:14]   --->   Operation 2326 'getelementptr' 'output_0_addr_28' <Predicate = true> <Delay = 0.00>
ST_871 : Operation 2327 [1/1] (1.35ns)   --->   "%store_ln14 = store i32 %sum_56, i5 %output_0_addr_28" [matmul.cpp:14]   --->   Operation 2327 'store' 'store_ln14' <Predicate = true> <Delay = 1.35> <CoreInst = "RAM">   --->   Core 83 'RAM' <Latency = 1> <II = 1> <Delay = 1.35> <Storage> <Opcode : 'load' 'store'> <Ports = 2> <Width = 32> <Depth = 32> <RAM>
ST_871 : Operation 2328 [7/7] (7.30ns)   --->   "%AXI_DATA_addr_32_rd_req572 = readreq i1 @_ssdm_op_ReadReq.m_axi.i8P1A, i8 %AXI_DATA_addr, i32 100" [matmul.cpp:12]   --->   Operation 2328 'readreq' 'AXI_DATA_addr_32_rd_req572' <Predicate = true> <Delay = 7.30> <CoreInst = "m_axi">   --->   Core 121 'm_axi' <Latency = 6> <II = 1> <Delay = 1.00> <Adapter> <Opcode : 'read' 'write' 'readreq' 'writereq' 'writeresp'>

State 872 <SV = 233> <Delay = 7.30>
ST_872 : Operation 2329 [6/7] (7.30ns)   --->   "%AXI_DATA_addr_32_rd_req572 = readreq i1 @_ssdm_op_ReadReq.m_axi.i8P1A, i8 %AXI_DATA_addr, i32 100" [matmul.cpp:12]   --->   Operation 2329 'readreq' 'AXI_DATA_addr_32_rd_req572' <Predicate = true> <Delay = 7.30> <CoreInst = "m_axi">   --->   Core 121 'm_axi' <Latency = 6> <II = 1> <Delay = 1.00> <Adapter> <Opcode : 'read' 'write' 'readreq' 'writereq' 'writeresp'>

State 873 <SV = 234> <Delay = 7.30>
ST_873 : Operation 2330 [5/7] (7.30ns)   --->   "%AXI_DATA_addr_32_rd_req572 = readreq i1 @_ssdm_op_ReadReq.m_axi.i8P1A, i8 %AXI_DATA_addr, i32 100" [matmul.cpp:12]   --->   Operation 2330 'readreq' 'AXI_DATA_addr_32_rd_req572' <Predicate = true> <Delay = 7.30> <CoreInst = "m_axi">   --->   Core 121 'm_axi' <Latency = 6> <II = 1> <Delay = 1.00> <Adapter> <Opcode : 'read' 'write' 'readreq' 'writereq' 'writeresp'>

State 874 <SV = 235> <Delay = 7.30>
ST_874 : Operation 2331 [4/7] (7.30ns)   --->   "%AXI_DATA_addr_32_rd_req572 = readreq i1 @_ssdm_op_ReadReq.m_axi.i8P1A, i8 %AXI_DATA_addr, i32 100" [matmul.cpp:12]   --->   Operation 2331 'readreq' 'AXI_DATA_addr_32_rd_req572' <Predicate = true> <Delay = 7.30> <CoreInst = "m_axi">   --->   Core 121 'm_axi' <Latency = 6> <II = 1> <Delay = 1.00> <Adapter> <Opcode : 'read' 'write' 'readreq' 'writereq' 'writeresp'>

State 875 <SV = 236> <Delay = 7.30>
ST_875 : Operation 2332 [3/7] (7.30ns)   --->   "%AXI_DATA_addr_32_rd_req572 = readreq i1 @_ssdm_op_ReadReq.m_axi.i8P1A, i8 %AXI_DATA_addr, i32 100" [matmul.cpp:12]   --->   Operation 2332 'readreq' 'AXI_DATA_addr_32_rd_req572' <Predicate = true> <Delay = 7.30> <CoreInst = "m_axi">   --->   Core 121 'm_axi' <Latency = 6> <II = 1> <Delay = 1.00> <Adapter> <Opcode : 'read' 'write' 'readreq' 'writereq' 'writeresp'>

State 876 <SV = 237> <Delay = 7.30>
ST_876 : Operation 2333 [2/7] (7.30ns)   --->   "%AXI_DATA_addr_32_rd_req572 = readreq i1 @_ssdm_op_ReadReq.m_axi.i8P1A, i8 %AXI_DATA_addr, i32 100" [matmul.cpp:12]   --->   Operation 2333 'readreq' 'AXI_DATA_addr_32_rd_req572' <Predicate = true> <Delay = 7.30> <CoreInst = "m_axi">   --->   Core 121 'm_axi' <Latency = 6> <II = 1> <Delay = 1.00> <Adapter> <Opcode : 'read' 'write' 'readreq' 'writereq' 'writeresp'>

State 877 <SV = 238> <Delay = 7.30>
ST_877 : Operation 2334 [1/7] (7.30ns)   --->   "%AXI_DATA_addr_32_rd_req572 = readreq i1 @_ssdm_op_ReadReq.m_axi.i8P1A, i8 %AXI_DATA_addr, i32 100" [matmul.cpp:12]   --->   Operation 2334 'readreq' 'AXI_DATA_addr_32_rd_req572' <Predicate = true> <Delay = 7.30> <CoreInst = "m_axi">   --->   Core 121 'm_axi' <Latency = 6> <II = 1> <Delay = 1.00> <Adapter> <Opcode : 'read' 'write' 'readreq' 'writereq' 'writeresp'>
ST_877 : Operation 2335 [1/1] (0.48ns)   --->   "%br_ln10 = br void" [matmul.cpp:10]   --->   Operation 2335 'br' 'br_ln10' <Predicate = true> <Delay = 0.48>

State 878 <SV = 239> <Delay = 0.89>
ST_878 : Operation 2336 [1/1] (0.00ns)   --->   "%k_29 = phi i7 %add_ln10_29, void %.split5, i7 0, void" [matmul.cpp:10]   --->   Operation 2336 'phi' 'k_29' <Predicate = true> <Delay = 0.00>
ST_878 : Operation 2337 [1/1] (0.00ns)   --->   "%sum_58 = phi i32 %sum_59, void %.split5, i32 0, void"   --->   Operation 2337 'phi' 'sum_58' <Predicate = true> <Delay = 0.00>
ST_878 : Operation 2338 [1/1] (0.89ns)   --->   "%add_ln10_29 = add i7 %k_29, i7 1" [matmul.cpp:10]   --->   Operation 2338 'add' 'add_ln10_29' <Predicate = true> <Delay = 0.89> <CoreInst = "Adder">   --->   Core 1 'Adder' <Latency = 0> <II = 1> <Delay = 0.89> <FuncUnit> <Opcode : 'add' 'sub'> <InPorts = 2> <OutPorts = 1>
ST_878 : Operation 2339 [1/1] (0.00ns)   --->   "%specpipeline_ln0 = specpipeline void @_ssdm_op_SpecPipeline, i32 4294967295, i32 0, i32 1, i32 0, void @p_str"   --->   Operation 2339 'specpipeline' 'specpipeline_ln0' <Predicate = true> <Delay = 0.00>
ST_878 : Operation 2340 [1/1] (0.86ns)   --->   "%icmp_ln10_29 = icmp_eq  i7 %k_29, i7 100" [matmul.cpp:10]   --->   Operation 2340 'icmp' 'icmp_ln10_29' <Predicate = true> <Delay = 0.86> <CoreInst = "Cmp">   --->   Core 9 'Cmp' <Latency = 0> <II = 1> <Delay = 0.86> <FuncUnit> <Opcode : 'icmp'> <InPorts = 2> <OutPorts = 1>
ST_878 : Operation 2341 [1/1] (0.00ns)   --->   "%empty_63 = speclooptripcount i32 @_ssdm_op_SpecLoopTripCount, i64 100, i64 100, i64 100"   --->   Operation 2341 'speclooptripcount' 'empty_63' <Predicate = true> <Delay = 0.00>
ST_878 : Operation 2342 [1/1] (0.00ns)   --->   "%br_ln10 = br i1 %icmp_ln10_29, void %.split5, void" [matmul.cpp:10]   --->   Operation 2342 'br' 'br_ln10' <Predicate = true> <Delay = 0.00>

State 879 <SV = 240> <Delay = 7.30>
ST_879 : Operation 2343 [1/1] (7.30ns)   --->   "%AXI_DATA_addr_read_29 = read i8 @_ssdm_op_Read.m_axi.i8P1A, i8 %AXI_DATA_addr" [matmul.cpp:12]   --->   Operation 2343 'read' 'AXI_DATA_addr_read_29' <Predicate = (!icmp_ln10_29)> <Delay = 7.30> <CoreInst = "m_axi">   --->   Core 121 'm_axi' <Latency = 6> <II = 1> <Delay = 1.00> <Adapter> <Opcode : 'read' 'write' 'readreq' 'writereq' 'writeresp'>

State 880 <SV = 241> <Delay = 6.67>
ST_880 : Operation 2344 [1/1] (0.00ns)   --->   "%zext_ln12_29 = zext i8 %AXI_DATA_addr_read_29" [matmul.cpp:12]   --->   Operation 2344 'zext' 'zext_ln12_29' <Predicate = (!icmp_ln10_29)> <Delay = 0.00>
ST_880 : Operation 2345 [4/4] (6.67ns)   --->   "%conv_28 = uitofp i32 %zext_ln12_29" [matmul.cpp:12]   --->   Operation 2345 'uitofp' 'conv_28' <Predicate = (!icmp_ln10_29)> <Delay = 6.67> <CoreInst = "Int2Float">   --->   Core 62 'Int2Float' <Latency = 3> <II = 1> <Delay = 6.67> <FuncUnit> <Opcode : 'sitofp' 'uitofp'> <InPorts = 1> <OutPorts = 1>

State 881 <SV = 242> <Delay = 6.67>
ST_881 : Operation 2346 [3/4] (6.67ns)   --->   "%conv_28 = uitofp i32 %zext_ln12_29" [matmul.cpp:12]   --->   Operation 2346 'uitofp' 'conv_28' <Predicate = (!icmp_ln10_29)> <Delay = 6.67> <CoreInst = "Int2Float">   --->   Core 62 'Int2Float' <Latency = 3> <II = 1> <Delay = 6.67> <FuncUnit> <Opcode : 'sitofp' 'uitofp'> <InPorts = 1> <OutPorts = 1>

State 882 <SV = 243> <Delay = 6.67>
ST_882 : Operation 2347 [2/4] (6.67ns)   --->   "%conv_28 = uitofp i32 %zext_ln12_29" [matmul.cpp:12]   --->   Operation 2347 'uitofp' 'conv_28' <Predicate = (!icmp_ln10_29)> <Delay = 6.67> <CoreInst = "Int2Float">   --->   Core 62 'Int2Float' <Latency = 3> <II = 1> <Delay = 6.67> <FuncUnit> <Opcode : 'sitofp' 'uitofp'> <InPorts = 1> <OutPorts = 1>

State 883 <SV = 244> <Delay = 6.67>
ST_883 : Operation 2348 [1/4] (6.67ns)   --->   "%conv_28 = uitofp i32 %zext_ln12_29" [matmul.cpp:12]   --->   Operation 2348 'uitofp' 'conv_28' <Predicate = (!icmp_ln10_29)> <Delay = 6.67> <CoreInst = "Int2Float">   --->   Core 62 'Int2Float' <Latency = 3> <II = 1> <Delay = 6.67> <FuncUnit> <Opcode : 'sitofp' 'uitofp'> <InPorts = 1> <OutPorts = 1>

State 884 <SV = 245> <Delay = 6.70>
ST_884 : Operation 2349 [10/10] (6.70ns)   --->   "%div_28 = fdiv i32 %conv_28, i32 255" [matmul.cpp:12]   --->   Operation 2349 'fdiv' 'div_28' <Predicate = (!icmp_ln10_29)> <Delay = 6.70> <CoreInst = "FDiv">   --->   Core 20 'FDiv' <Latency = 9> <II = 1> <Delay = 6.70> <FuncUnit> <Opcode : 'fdiv' 'frem'> <InPorts = 2> <OutPorts = 1>

State 885 <SV = 246> <Delay = 6.70>
ST_885 : Operation 2350 [9/10] (6.70ns)   --->   "%div_28 = fdiv i32 %conv_28, i32 255" [matmul.cpp:12]   --->   Operation 2350 'fdiv' 'div_28' <Predicate = (!icmp_ln10_29)> <Delay = 6.70> <CoreInst = "FDiv">   --->   Core 20 'FDiv' <Latency = 9> <II = 1> <Delay = 6.70> <FuncUnit> <Opcode : 'fdiv' 'frem'> <InPorts = 2> <OutPorts = 1>

State 886 <SV = 247> <Delay = 6.70>
ST_886 : Operation 2351 [8/10] (6.70ns)   --->   "%div_28 = fdiv i32 %conv_28, i32 255" [matmul.cpp:12]   --->   Operation 2351 'fdiv' 'div_28' <Predicate = (!icmp_ln10_29)> <Delay = 6.70> <CoreInst = "FDiv">   --->   Core 20 'FDiv' <Latency = 9> <II = 1> <Delay = 6.70> <FuncUnit> <Opcode : 'fdiv' 'frem'> <InPorts = 2> <OutPorts = 1>

State 887 <SV = 248> <Delay = 6.70>
ST_887 : Operation 2352 [7/10] (6.70ns)   --->   "%div_28 = fdiv i32 %conv_28, i32 255" [matmul.cpp:12]   --->   Operation 2352 'fdiv' 'div_28' <Predicate = (!icmp_ln10_29)> <Delay = 6.70> <CoreInst = "FDiv">   --->   Core 20 'FDiv' <Latency = 9> <II = 1> <Delay = 6.70> <FuncUnit> <Opcode : 'fdiv' 'frem'> <InPorts = 2> <OutPorts = 1>

State 888 <SV = 249> <Delay = 6.70>
ST_888 : Operation 2353 [6/10] (6.70ns)   --->   "%div_28 = fdiv i32 %conv_28, i32 255" [matmul.cpp:12]   --->   Operation 2353 'fdiv' 'div_28' <Predicate = (!icmp_ln10_29)> <Delay = 6.70> <CoreInst = "FDiv">   --->   Core 20 'FDiv' <Latency = 9> <II = 1> <Delay = 6.70> <FuncUnit> <Opcode : 'fdiv' 'frem'> <InPorts = 2> <OutPorts = 1>

State 889 <SV = 250> <Delay = 6.70>
ST_889 : Operation 2354 [5/10] (6.70ns)   --->   "%div_28 = fdiv i32 %conv_28, i32 255" [matmul.cpp:12]   --->   Operation 2354 'fdiv' 'div_28' <Predicate = (!icmp_ln10_29)> <Delay = 6.70> <CoreInst = "FDiv">   --->   Core 20 'FDiv' <Latency = 9> <II = 1> <Delay = 6.70> <FuncUnit> <Opcode : 'fdiv' 'frem'> <InPorts = 2> <OutPorts = 1>

State 890 <SV = 251> <Delay = 6.70>
ST_890 : Operation 2355 [4/10] (6.70ns)   --->   "%div_28 = fdiv i32 %conv_28, i32 255" [matmul.cpp:12]   --->   Operation 2355 'fdiv' 'div_28' <Predicate = (!icmp_ln10_29)> <Delay = 6.70> <CoreInst = "FDiv">   --->   Core 20 'FDiv' <Latency = 9> <II = 1> <Delay = 6.70> <FuncUnit> <Opcode : 'fdiv' 'frem'> <InPorts = 2> <OutPorts = 1>

State 891 <SV = 252> <Delay = 6.70>
ST_891 : Operation 2356 [3/10] (6.70ns)   --->   "%div_28 = fdiv i32 %conv_28, i32 255" [matmul.cpp:12]   --->   Operation 2356 'fdiv' 'div_28' <Predicate = (!icmp_ln10_29)> <Delay = 6.70> <CoreInst = "FDiv">   --->   Core 20 'FDiv' <Latency = 9> <II = 1> <Delay = 6.70> <FuncUnit> <Opcode : 'fdiv' 'frem'> <InPorts = 2> <OutPorts = 1>

State 892 <SV = 253> <Delay = 6.70>
ST_892 : Operation 2357 [2/10] (6.70ns)   --->   "%div_28 = fdiv i32 %conv_28, i32 255" [matmul.cpp:12]   --->   Operation 2357 'fdiv' 'div_28' <Predicate = (!icmp_ln10_29)> <Delay = 6.70> <CoreInst = "FDiv">   --->   Core 20 'FDiv' <Latency = 9> <II = 1> <Delay = 6.70> <FuncUnit> <Opcode : 'fdiv' 'frem'> <InPorts = 2> <OutPorts = 1>

State 893 <SV = 254> <Delay = 6.70>
ST_893 : Operation 2358 [1/1] (0.00ns)   --->   "%k_29_cast = zext i7 %k_29" [matmul.cpp:10]   --->   Operation 2358 'zext' 'k_29_cast' <Predicate = (!icmp_ln10_29)> <Delay = 0.00>
ST_893 : Operation 2359 [1/10] (6.70ns)   --->   "%div_28 = fdiv i32 %conv_28, i32 255" [matmul.cpp:12]   --->   Operation 2359 'fdiv' 'div_28' <Predicate = (!icmp_ln10_29)> <Delay = 6.70> <CoreInst = "FDiv">   --->   Core 20 'FDiv' <Latency = 9> <II = 1> <Delay = 6.70> <FuncUnit> <Opcode : 'fdiv' 'frem'> <InPorts = 2> <OutPorts = 1>
ST_893 : Operation 2360 [1/1] (0.00ns)   --->   "%layer1_weights_29_addr = getelementptr i32 %layer1_weights_29, i64 0, i64 %k_29_cast" [matmul.cpp:12]   --->   Operation 2360 'getelementptr' 'layer1_weights_29_addr' <Predicate = (!icmp_ln10_29)> <Delay = 0.00>
ST_893 : Operation 2361 [2/2] (1.35ns)   --->   "%layer1_weights_29_load = load i7 %layer1_weights_29_addr" [matmul.cpp:12]   --->   Operation 2361 'load' 'layer1_weights_29_load' <Predicate = (!icmp_ln10_29)> <Delay = 1.35> <CoreInst = "ROM">   --->   Core 101 'ROM' <Latency = 1> <II = 1> <Delay = 1.35> <Storage> <Opcode : 'load'> <Ports = 0> <Width = 32> <Depth = 100> <ROM>

State 894 <SV = 255> <Delay = 6.02>
ST_894 : Operation 2362 [1/2] (1.35ns)   --->   "%layer1_weights_29_load = load i7 %layer1_weights_29_addr" [matmul.cpp:12]   --->   Operation 2362 'load' 'layer1_weights_29_load' <Predicate = (!icmp_ln10_29)> <Delay = 1.35> <CoreInst = "ROM">   --->   Core 101 'ROM' <Latency = 1> <II = 1> <Delay = 1.35> <Storage> <Opcode : 'load'> <Ports = 0> <Width = 32> <Depth = 100> <ROM>
ST_894 : Operation 2363 [4/4] (4.67ns)   --->   "%mul_28 = fmul i32 %div_28, i32 %layer1_weights_29_load" [matmul.cpp:12]   --->   Operation 2363 'fmul' 'mul_28' <Predicate = (!icmp_ln10_29)> <Delay = 4.67> <CoreInst = "FMul_maxdsp">   --->   Core 30 'FMul_maxdsp' <Latency = 3> <II = 1> <Delay = 4.67> <FuncUnit> <Opcode : 'fmul'> <InPorts = 2> <OutPorts = 1>

State 895 <SV = 256> <Delay = 4.67>
ST_895 : Operation 2364 [3/4] (4.67ns)   --->   "%mul_28 = fmul i32 %div_28, i32 %layer1_weights_29_load" [matmul.cpp:12]   --->   Operation 2364 'fmul' 'mul_28' <Predicate = (!icmp_ln10_29)> <Delay = 4.67> <CoreInst = "FMul_maxdsp">   --->   Core 30 'FMul_maxdsp' <Latency = 3> <II = 1> <Delay = 4.67> <FuncUnit> <Opcode : 'fmul'> <InPorts = 2> <OutPorts = 1>

State 896 <SV = 257> <Delay = 4.67>
ST_896 : Operation 2365 [2/4] (4.67ns)   --->   "%mul_28 = fmul i32 %div_28, i32 %layer1_weights_29_load" [matmul.cpp:12]   --->   Operation 2365 'fmul' 'mul_28' <Predicate = (!icmp_ln10_29)> <Delay = 4.67> <CoreInst = "FMul_maxdsp">   --->   Core 30 'FMul_maxdsp' <Latency = 3> <II = 1> <Delay = 4.67> <FuncUnit> <Opcode : 'fmul'> <InPorts = 2> <OutPorts = 1>

State 897 <SV = 258> <Delay = 4.67>
ST_897 : Operation 2366 [1/4] (4.67ns)   --->   "%mul_28 = fmul i32 %div_28, i32 %layer1_weights_29_load" [matmul.cpp:12]   --->   Operation 2366 'fmul' 'mul_28' <Predicate = (!icmp_ln10_29)> <Delay = 4.67> <CoreInst = "FMul_maxdsp">   --->   Core 30 'FMul_maxdsp' <Latency = 3> <II = 1> <Delay = 4.67> <FuncUnit> <Opcode : 'fmul'> <InPorts = 2> <OutPorts = 1>

State 898 <SV = 259> <Delay = 6.34>
ST_898 : Operation 2367 [1/1] (0.86ns)   --->   "%icmp_ln12_29 = icmp_eq  i7 %add_ln10_29, i7 100" [matmul.cpp:12]   --->   Operation 2367 'icmp' 'icmp_ln12_29' <Predicate = (!icmp_ln10_29)> <Delay = 0.86> <CoreInst = "Cmp">   --->   Core 9 'Cmp' <Latency = 0> <II = 1> <Delay = 0.86> <FuncUnit> <Opcode : 'icmp'> <InPorts = 2> <OutPorts = 1>
ST_898 : Operation 2368 [3/3] (5.48ns)   --->   "%sum_59 = facc i32 @_ssdm_op_FACC, i32 %mul_28, i1 %icmp_ln12_29" [matmul.cpp:12]   --->   Operation 2368 'facc' 'sum_59' <Predicate = (!icmp_ln10_29)> <Delay = 5.48> <CoreInst = "FAcc_nodsp">   --->   Core 11 'FAcc_nodsp' <Latency = 2> <II = 1> <Delay = 5.48> <FuncUnit> <Opcode : 'facc'> <InPorts = 2> <OutPorts = 1>

State 899 <SV = 260> <Delay = 5.48>
ST_899 : Operation 2369 [2/3] (5.48ns)   --->   "%sum_59 = facc i32 @_ssdm_op_FACC, i32 %mul_28, i1 %icmp_ln12_29" [matmul.cpp:12]   --->   Operation 2369 'facc' 'sum_59' <Predicate = (!icmp_ln10_29)> <Delay = 5.48> <CoreInst = "FAcc_nodsp">   --->   Core 11 'FAcc_nodsp' <Latency = 2> <II = 1> <Delay = 5.48> <FuncUnit> <Opcode : 'facc'> <InPorts = 2> <OutPorts = 1>

State 900 <SV = 261> <Delay = 5.48>
ST_900 : Operation 2370 [1/1] (0.00ns)   --->   "%specloopname_ln8 = specloopname void @_ssdm_op_SpecLoopName, void @empty_9" [matmul.cpp:8]   --->   Operation 2370 'specloopname' 'specloopname_ln8' <Predicate = (!icmp_ln10_29)> <Delay = 0.00>
ST_900 : Operation 2371 [1/3] (5.48ns)   --->   "%sum_59 = facc i32 @_ssdm_op_FACC, i32 %mul_28, i1 %icmp_ln12_29" [matmul.cpp:12]   --->   Operation 2371 'facc' 'sum_59' <Predicate = (!icmp_ln10_29)> <Delay = 5.48> <CoreInst = "FAcc_nodsp">   --->   Core 11 'FAcc_nodsp' <Latency = 2> <II = 1> <Delay = 5.48> <FuncUnit> <Opcode : 'facc'> <InPorts = 2> <OutPorts = 1>
ST_900 : Operation 2372 [1/1] (0.00ns)   --->   "%br_ln0 = br void"   --->   Operation 2372 'br' 'br_ln0' <Predicate = (!icmp_ln10_29)> <Delay = 0.00>

State 901 <SV = 240> <Delay = 7.30>
ST_901 : Operation 2373 [1/1] (0.00ns)   --->   "%output_0_addr_29 = getelementptr i32 %output_0, i64 0, i64 29" [matmul.cpp:14]   --->   Operation 2373 'getelementptr' 'output_0_addr_29' <Predicate = true> <Delay = 0.00>
ST_901 : Operation 2374 [1/1] (1.35ns)   --->   "%store_ln14 = store i32 %sum_58, i5 %output_0_addr_29" [matmul.cpp:14]   --->   Operation 2374 'store' 'store_ln14' <Predicate = true> <Delay = 1.35> <CoreInst = "RAM">   --->   Core 83 'RAM' <Latency = 1> <II = 1> <Delay = 1.35> <Storage> <Opcode : 'load' 'store'> <Ports = 2> <Width = 32> <Depth = 32> <RAM>
ST_901 : Operation 2375 [7/7] (7.30ns)   --->   "%AXI_DATA_addr_32_rd_req573 = readreq i1 @_ssdm_op_ReadReq.m_axi.i8P1A, i8 %AXI_DATA_addr, i32 100" [matmul.cpp:12]   --->   Operation 2375 'readreq' 'AXI_DATA_addr_32_rd_req573' <Predicate = true> <Delay = 7.30> <CoreInst = "m_axi">   --->   Core 121 'm_axi' <Latency = 6> <II = 1> <Delay = 1.00> <Adapter> <Opcode : 'read' 'write' 'readreq' 'writereq' 'writeresp'>

State 902 <SV = 241> <Delay = 7.30>
ST_902 : Operation 2376 [6/7] (7.30ns)   --->   "%AXI_DATA_addr_32_rd_req573 = readreq i1 @_ssdm_op_ReadReq.m_axi.i8P1A, i8 %AXI_DATA_addr, i32 100" [matmul.cpp:12]   --->   Operation 2376 'readreq' 'AXI_DATA_addr_32_rd_req573' <Predicate = true> <Delay = 7.30> <CoreInst = "m_axi">   --->   Core 121 'm_axi' <Latency = 6> <II = 1> <Delay = 1.00> <Adapter> <Opcode : 'read' 'write' 'readreq' 'writereq' 'writeresp'>

State 903 <SV = 242> <Delay = 7.30>
ST_903 : Operation 2377 [5/7] (7.30ns)   --->   "%AXI_DATA_addr_32_rd_req573 = readreq i1 @_ssdm_op_ReadReq.m_axi.i8P1A, i8 %AXI_DATA_addr, i32 100" [matmul.cpp:12]   --->   Operation 2377 'readreq' 'AXI_DATA_addr_32_rd_req573' <Predicate = true> <Delay = 7.30> <CoreInst = "m_axi">   --->   Core 121 'm_axi' <Latency = 6> <II = 1> <Delay = 1.00> <Adapter> <Opcode : 'read' 'write' 'readreq' 'writereq' 'writeresp'>

State 904 <SV = 243> <Delay = 7.30>
ST_904 : Operation 2378 [4/7] (7.30ns)   --->   "%AXI_DATA_addr_32_rd_req573 = readreq i1 @_ssdm_op_ReadReq.m_axi.i8P1A, i8 %AXI_DATA_addr, i32 100" [matmul.cpp:12]   --->   Operation 2378 'readreq' 'AXI_DATA_addr_32_rd_req573' <Predicate = true> <Delay = 7.30> <CoreInst = "m_axi">   --->   Core 121 'm_axi' <Latency = 6> <II = 1> <Delay = 1.00> <Adapter> <Opcode : 'read' 'write' 'readreq' 'writereq' 'writeresp'>

State 905 <SV = 244> <Delay = 7.30>
ST_905 : Operation 2379 [3/7] (7.30ns)   --->   "%AXI_DATA_addr_32_rd_req573 = readreq i1 @_ssdm_op_ReadReq.m_axi.i8P1A, i8 %AXI_DATA_addr, i32 100" [matmul.cpp:12]   --->   Operation 2379 'readreq' 'AXI_DATA_addr_32_rd_req573' <Predicate = true> <Delay = 7.30> <CoreInst = "m_axi">   --->   Core 121 'm_axi' <Latency = 6> <II = 1> <Delay = 1.00> <Adapter> <Opcode : 'read' 'write' 'readreq' 'writereq' 'writeresp'>

State 906 <SV = 245> <Delay = 7.30>
ST_906 : Operation 2380 [2/7] (7.30ns)   --->   "%AXI_DATA_addr_32_rd_req573 = readreq i1 @_ssdm_op_ReadReq.m_axi.i8P1A, i8 %AXI_DATA_addr, i32 100" [matmul.cpp:12]   --->   Operation 2380 'readreq' 'AXI_DATA_addr_32_rd_req573' <Predicate = true> <Delay = 7.30> <CoreInst = "m_axi">   --->   Core 121 'm_axi' <Latency = 6> <II = 1> <Delay = 1.00> <Adapter> <Opcode : 'read' 'write' 'readreq' 'writereq' 'writeresp'>

State 907 <SV = 246> <Delay = 7.30>
ST_907 : Operation 2381 [1/7] (7.30ns)   --->   "%AXI_DATA_addr_32_rd_req573 = readreq i1 @_ssdm_op_ReadReq.m_axi.i8P1A, i8 %AXI_DATA_addr, i32 100" [matmul.cpp:12]   --->   Operation 2381 'readreq' 'AXI_DATA_addr_32_rd_req573' <Predicate = true> <Delay = 7.30> <CoreInst = "m_axi">   --->   Core 121 'm_axi' <Latency = 6> <II = 1> <Delay = 1.00> <Adapter> <Opcode : 'read' 'write' 'readreq' 'writereq' 'writeresp'>
ST_907 : Operation 2382 [1/1] (0.48ns)   --->   "%br_ln10 = br void" [matmul.cpp:10]   --->   Operation 2382 'br' 'br_ln10' <Predicate = true> <Delay = 0.48>

State 908 <SV = 247> <Delay = 0.89>
ST_908 : Operation 2383 [1/1] (0.00ns)   --->   "%k_30 = phi i7 %add_ln10_30, void %.split2, i7 0, void" [matmul.cpp:10]   --->   Operation 2383 'phi' 'k_30' <Predicate = true> <Delay = 0.00>
ST_908 : Operation 2384 [1/1] (0.00ns)   --->   "%sum_60 = phi i32 %sum_61, void %.split2, i32 0, void"   --->   Operation 2384 'phi' 'sum_60' <Predicate = true> <Delay = 0.00>
ST_908 : Operation 2385 [1/1] (0.89ns)   --->   "%add_ln10_30 = add i7 %k_30, i7 1" [matmul.cpp:10]   --->   Operation 2385 'add' 'add_ln10_30' <Predicate = true> <Delay = 0.89> <CoreInst = "Adder">   --->   Core 1 'Adder' <Latency = 0> <II = 1> <Delay = 0.89> <FuncUnit> <Opcode : 'add' 'sub'> <InPorts = 2> <OutPorts = 1>
ST_908 : Operation 2386 [1/1] (0.00ns)   --->   "%specpipeline_ln0 = specpipeline void @_ssdm_op_SpecPipeline, i32 4294967295, i32 0, i32 1, i32 0, void @p_str"   --->   Operation 2386 'specpipeline' 'specpipeline_ln0' <Predicate = true> <Delay = 0.00>
ST_908 : Operation 2387 [1/1] (0.86ns)   --->   "%icmp_ln10_30 = icmp_eq  i7 %k_30, i7 100" [matmul.cpp:10]   --->   Operation 2387 'icmp' 'icmp_ln10_30' <Predicate = true> <Delay = 0.86> <CoreInst = "Cmp">   --->   Core 9 'Cmp' <Latency = 0> <II = 1> <Delay = 0.86> <FuncUnit> <Opcode : 'icmp'> <InPorts = 2> <OutPorts = 1>
ST_908 : Operation 2388 [1/1] (0.00ns)   --->   "%empty_64 = speclooptripcount i32 @_ssdm_op_SpecLoopTripCount, i64 100, i64 100, i64 100"   --->   Operation 2388 'speclooptripcount' 'empty_64' <Predicate = true> <Delay = 0.00>
ST_908 : Operation 2389 [1/1] (0.00ns)   --->   "%br_ln10 = br i1 %icmp_ln10_30, void %.split2, void" [matmul.cpp:10]   --->   Operation 2389 'br' 'br_ln10' <Predicate = true> <Delay = 0.00>

State 909 <SV = 248> <Delay = 7.30>
ST_909 : Operation 2390 [1/1] (7.30ns)   --->   "%AXI_DATA_addr_read_30 = read i8 @_ssdm_op_Read.m_axi.i8P1A, i8 %AXI_DATA_addr" [matmul.cpp:12]   --->   Operation 2390 'read' 'AXI_DATA_addr_read_30' <Predicate = (!icmp_ln10_30)> <Delay = 7.30> <CoreInst = "m_axi">   --->   Core 121 'm_axi' <Latency = 6> <II = 1> <Delay = 1.00> <Adapter> <Opcode : 'read' 'write' 'readreq' 'writereq' 'writeresp'>

State 910 <SV = 249> <Delay = 6.67>
ST_910 : Operation 2391 [1/1] (0.00ns)   --->   "%zext_ln12_30 = zext i8 %AXI_DATA_addr_read_30" [matmul.cpp:12]   --->   Operation 2391 'zext' 'zext_ln12_30' <Predicate = (!icmp_ln10_30)> <Delay = 0.00>
ST_910 : Operation 2392 [4/4] (6.67ns)   --->   "%conv_29 = uitofp i32 %zext_ln12_30" [matmul.cpp:12]   --->   Operation 2392 'uitofp' 'conv_29' <Predicate = (!icmp_ln10_30)> <Delay = 6.67> <CoreInst = "Int2Float">   --->   Core 62 'Int2Float' <Latency = 3> <II = 1> <Delay = 6.67> <FuncUnit> <Opcode : 'sitofp' 'uitofp'> <InPorts = 1> <OutPorts = 1>

State 911 <SV = 250> <Delay = 6.67>
ST_911 : Operation 2393 [3/4] (6.67ns)   --->   "%conv_29 = uitofp i32 %zext_ln12_30" [matmul.cpp:12]   --->   Operation 2393 'uitofp' 'conv_29' <Predicate = (!icmp_ln10_30)> <Delay = 6.67> <CoreInst = "Int2Float">   --->   Core 62 'Int2Float' <Latency = 3> <II = 1> <Delay = 6.67> <FuncUnit> <Opcode : 'sitofp' 'uitofp'> <InPorts = 1> <OutPorts = 1>

State 912 <SV = 251> <Delay = 6.67>
ST_912 : Operation 2394 [2/4] (6.67ns)   --->   "%conv_29 = uitofp i32 %zext_ln12_30" [matmul.cpp:12]   --->   Operation 2394 'uitofp' 'conv_29' <Predicate = (!icmp_ln10_30)> <Delay = 6.67> <CoreInst = "Int2Float">   --->   Core 62 'Int2Float' <Latency = 3> <II = 1> <Delay = 6.67> <FuncUnit> <Opcode : 'sitofp' 'uitofp'> <InPorts = 1> <OutPorts = 1>

State 913 <SV = 252> <Delay = 6.67>
ST_913 : Operation 2395 [1/4] (6.67ns)   --->   "%conv_29 = uitofp i32 %zext_ln12_30" [matmul.cpp:12]   --->   Operation 2395 'uitofp' 'conv_29' <Predicate = (!icmp_ln10_30)> <Delay = 6.67> <CoreInst = "Int2Float">   --->   Core 62 'Int2Float' <Latency = 3> <II = 1> <Delay = 6.67> <FuncUnit> <Opcode : 'sitofp' 'uitofp'> <InPorts = 1> <OutPorts = 1>

State 914 <SV = 253> <Delay = 6.70>
ST_914 : Operation 2396 [10/10] (6.70ns)   --->   "%div_29 = fdiv i32 %conv_29, i32 255" [matmul.cpp:12]   --->   Operation 2396 'fdiv' 'div_29' <Predicate = (!icmp_ln10_30)> <Delay = 6.70> <CoreInst = "FDiv">   --->   Core 20 'FDiv' <Latency = 9> <II = 1> <Delay = 6.70> <FuncUnit> <Opcode : 'fdiv' 'frem'> <InPorts = 2> <OutPorts = 1>

State 915 <SV = 254> <Delay = 6.70>
ST_915 : Operation 2397 [9/10] (6.70ns)   --->   "%div_29 = fdiv i32 %conv_29, i32 255" [matmul.cpp:12]   --->   Operation 2397 'fdiv' 'div_29' <Predicate = (!icmp_ln10_30)> <Delay = 6.70> <CoreInst = "FDiv">   --->   Core 20 'FDiv' <Latency = 9> <II = 1> <Delay = 6.70> <FuncUnit> <Opcode : 'fdiv' 'frem'> <InPorts = 2> <OutPorts = 1>

State 916 <SV = 255> <Delay = 6.70>
ST_916 : Operation 2398 [8/10] (6.70ns)   --->   "%div_29 = fdiv i32 %conv_29, i32 255" [matmul.cpp:12]   --->   Operation 2398 'fdiv' 'div_29' <Predicate = (!icmp_ln10_30)> <Delay = 6.70> <CoreInst = "FDiv">   --->   Core 20 'FDiv' <Latency = 9> <II = 1> <Delay = 6.70> <FuncUnit> <Opcode : 'fdiv' 'frem'> <InPorts = 2> <OutPorts = 1>

State 917 <SV = 256> <Delay = 6.70>
ST_917 : Operation 2399 [7/10] (6.70ns)   --->   "%div_29 = fdiv i32 %conv_29, i32 255" [matmul.cpp:12]   --->   Operation 2399 'fdiv' 'div_29' <Predicate = (!icmp_ln10_30)> <Delay = 6.70> <CoreInst = "FDiv">   --->   Core 20 'FDiv' <Latency = 9> <II = 1> <Delay = 6.70> <FuncUnit> <Opcode : 'fdiv' 'frem'> <InPorts = 2> <OutPorts = 1>

State 918 <SV = 257> <Delay = 6.70>
ST_918 : Operation 2400 [6/10] (6.70ns)   --->   "%div_29 = fdiv i32 %conv_29, i32 255" [matmul.cpp:12]   --->   Operation 2400 'fdiv' 'div_29' <Predicate = (!icmp_ln10_30)> <Delay = 6.70> <CoreInst = "FDiv">   --->   Core 20 'FDiv' <Latency = 9> <II = 1> <Delay = 6.70> <FuncUnit> <Opcode : 'fdiv' 'frem'> <InPorts = 2> <OutPorts = 1>

State 919 <SV = 258> <Delay = 6.70>
ST_919 : Operation 2401 [5/10] (6.70ns)   --->   "%div_29 = fdiv i32 %conv_29, i32 255" [matmul.cpp:12]   --->   Operation 2401 'fdiv' 'div_29' <Predicate = (!icmp_ln10_30)> <Delay = 6.70> <CoreInst = "FDiv">   --->   Core 20 'FDiv' <Latency = 9> <II = 1> <Delay = 6.70> <FuncUnit> <Opcode : 'fdiv' 'frem'> <InPorts = 2> <OutPorts = 1>

State 920 <SV = 259> <Delay = 6.70>
ST_920 : Operation 2402 [4/10] (6.70ns)   --->   "%div_29 = fdiv i32 %conv_29, i32 255" [matmul.cpp:12]   --->   Operation 2402 'fdiv' 'div_29' <Predicate = (!icmp_ln10_30)> <Delay = 6.70> <CoreInst = "FDiv">   --->   Core 20 'FDiv' <Latency = 9> <II = 1> <Delay = 6.70> <FuncUnit> <Opcode : 'fdiv' 'frem'> <InPorts = 2> <OutPorts = 1>

State 921 <SV = 260> <Delay = 6.70>
ST_921 : Operation 2403 [3/10] (6.70ns)   --->   "%div_29 = fdiv i32 %conv_29, i32 255" [matmul.cpp:12]   --->   Operation 2403 'fdiv' 'div_29' <Predicate = (!icmp_ln10_30)> <Delay = 6.70> <CoreInst = "FDiv">   --->   Core 20 'FDiv' <Latency = 9> <II = 1> <Delay = 6.70> <FuncUnit> <Opcode : 'fdiv' 'frem'> <InPorts = 2> <OutPorts = 1>

State 922 <SV = 261> <Delay = 6.70>
ST_922 : Operation 2404 [2/10] (6.70ns)   --->   "%div_29 = fdiv i32 %conv_29, i32 255" [matmul.cpp:12]   --->   Operation 2404 'fdiv' 'div_29' <Predicate = (!icmp_ln10_30)> <Delay = 6.70> <CoreInst = "FDiv">   --->   Core 20 'FDiv' <Latency = 9> <II = 1> <Delay = 6.70> <FuncUnit> <Opcode : 'fdiv' 'frem'> <InPorts = 2> <OutPorts = 1>

State 923 <SV = 262> <Delay = 6.70>
ST_923 : Operation 2405 [1/1] (0.00ns)   --->   "%k_30_cast = zext i7 %k_30" [matmul.cpp:10]   --->   Operation 2405 'zext' 'k_30_cast' <Predicate = (!icmp_ln10_30)> <Delay = 0.00>
ST_923 : Operation 2406 [1/10] (6.70ns)   --->   "%div_29 = fdiv i32 %conv_29, i32 255" [matmul.cpp:12]   --->   Operation 2406 'fdiv' 'div_29' <Predicate = (!icmp_ln10_30)> <Delay = 6.70> <CoreInst = "FDiv">   --->   Core 20 'FDiv' <Latency = 9> <II = 1> <Delay = 6.70> <FuncUnit> <Opcode : 'fdiv' 'frem'> <InPorts = 2> <OutPorts = 1>
ST_923 : Operation 2407 [1/1] (0.00ns)   --->   "%layer1_weights_30_addr = getelementptr i32 %layer1_weights_30, i64 0, i64 %k_30_cast" [matmul.cpp:12]   --->   Operation 2407 'getelementptr' 'layer1_weights_30_addr' <Predicate = (!icmp_ln10_30)> <Delay = 0.00>
ST_923 : Operation 2408 [2/2] (1.35ns)   --->   "%layer1_weights_30_load = load i7 %layer1_weights_30_addr" [matmul.cpp:12]   --->   Operation 2408 'load' 'layer1_weights_30_load' <Predicate = (!icmp_ln10_30)> <Delay = 1.35> <CoreInst = "ROM">   --->   Core 101 'ROM' <Latency = 1> <II = 1> <Delay = 1.35> <Storage> <Opcode : 'load'> <Ports = 0> <Width = 32> <Depth = 100> <ROM>

State 924 <SV = 263> <Delay = 6.02>
ST_924 : Operation 2409 [1/2] (1.35ns)   --->   "%layer1_weights_30_load = load i7 %layer1_weights_30_addr" [matmul.cpp:12]   --->   Operation 2409 'load' 'layer1_weights_30_load' <Predicate = (!icmp_ln10_30)> <Delay = 1.35> <CoreInst = "ROM">   --->   Core 101 'ROM' <Latency = 1> <II = 1> <Delay = 1.35> <Storage> <Opcode : 'load'> <Ports = 0> <Width = 32> <Depth = 100> <ROM>
ST_924 : Operation 2410 [4/4] (4.67ns)   --->   "%mul_29 = fmul i32 %div_29, i32 %layer1_weights_30_load" [matmul.cpp:12]   --->   Operation 2410 'fmul' 'mul_29' <Predicate = (!icmp_ln10_30)> <Delay = 4.67> <CoreInst = "FMul_maxdsp">   --->   Core 30 'FMul_maxdsp' <Latency = 3> <II = 1> <Delay = 4.67> <FuncUnit> <Opcode : 'fmul'> <InPorts = 2> <OutPorts = 1>

State 925 <SV = 264> <Delay = 4.67>
ST_925 : Operation 2411 [3/4] (4.67ns)   --->   "%mul_29 = fmul i32 %div_29, i32 %layer1_weights_30_load" [matmul.cpp:12]   --->   Operation 2411 'fmul' 'mul_29' <Predicate = (!icmp_ln10_30)> <Delay = 4.67> <CoreInst = "FMul_maxdsp">   --->   Core 30 'FMul_maxdsp' <Latency = 3> <II = 1> <Delay = 4.67> <FuncUnit> <Opcode : 'fmul'> <InPorts = 2> <OutPorts = 1>

State 926 <SV = 265> <Delay = 4.67>
ST_926 : Operation 2412 [2/4] (4.67ns)   --->   "%mul_29 = fmul i32 %div_29, i32 %layer1_weights_30_load" [matmul.cpp:12]   --->   Operation 2412 'fmul' 'mul_29' <Predicate = (!icmp_ln10_30)> <Delay = 4.67> <CoreInst = "FMul_maxdsp">   --->   Core 30 'FMul_maxdsp' <Latency = 3> <II = 1> <Delay = 4.67> <FuncUnit> <Opcode : 'fmul'> <InPorts = 2> <OutPorts = 1>

State 927 <SV = 266> <Delay = 4.67>
ST_927 : Operation 2413 [1/4] (4.67ns)   --->   "%mul_29 = fmul i32 %div_29, i32 %layer1_weights_30_load" [matmul.cpp:12]   --->   Operation 2413 'fmul' 'mul_29' <Predicate = (!icmp_ln10_30)> <Delay = 4.67> <CoreInst = "FMul_maxdsp">   --->   Core 30 'FMul_maxdsp' <Latency = 3> <II = 1> <Delay = 4.67> <FuncUnit> <Opcode : 'fmul'> <InPorts = 2> <OutPorts = 1>

State 928 <SV = 267> <Delay = 6.34>
ST_928 : Operation 2414 [1/1] (0.86ns)   --->   "%icmp_ln12_30 = icmp_eq  i7 %add_ln10_30, i7 100" [matmul.cpp:12]   --->   Operation 2414 'icmp' 'icmp_ln12_30' <Predicate = (!icmp_ln10_30)> <Delay = 0.86> <CoreInst = "Cmp">   --->   Core 9 'Cmp' <Latency = 0> <II = 1> <Delay = 0.86> <FuncUnit> <Opcode : 'icmp'> <InPorts = 2> <OutPorts = 1>
ST_928 : Operation 2415 [3/3] (5.48ns)   --->   "%sum_61 = facc i32 @_ssdm_op_FACC, i32 %mul_29, i1 %icmp_ln12_30" [matmul.cpp:12]   --->   Operation 2415 'facc' 'sum_61' <Predicate = (!icmp_ln10_30)> <Delay = 5.48> <CoreInst = "FAcc_nodsp">   --->   Core 11 'FAcc_nodsp' <Latency = 2> <II = 1> <Delay = 5.48> <FuncUnit> <Opcode : 'facc'> <InPorts = 2> <OutPorts = 1>

State 929 <SV = 268> <Delay = 5.48>
ST_929 : Operation 2416 [2/3] (5.48ns)   --->   "%sum_61 = facc i32 @_ssdm_op_FACC, i32 %mul_29, i1 %icmp_ln12_30" [matmul.cpp:12]   --->   Operation 2416 'facc' 'sum_61' <Predicate = (!icmp_ln10_30)> <Delay = 5.48> <CoreInst = "FAcc_nodsp">   --->   Core 11 'FAcc_nodsp' <Latency = 2> <II = 1> <Delay = 5.48> <FuncUnit> <Opcode : 'facc'> <InPorts = 2> <OutPorts = 1>

State 930 <SV = 269> <Delay = 5.48>
ST_930 : Operation 2417 [1/1] (0.00ns)   --->   "%specloopname_ln8 = specloopname void @_ssdm_op_SpecLoopName, void @empty_9" [matmul.cpp:8]   --->   Operation 2417 'specloopname' 'specloopname_ln8' <Predicate = (!icmp_ln10_30)> <Delay = 0.00>
ST_930 : Operation 2418 [1/3] (5.48ns)   --->   "%sum_61 = facc i32 @_ssdm_op_FACC, i32 %mul_29, i1 %icmp_ln12_30" [matmul.cpp:12]   --->   Operation 2418 'facc' 'sum_61' <Predicate = (!icmp_ln10_30)> <Delay = 5.48> <CoreInst = "FAcc_nodsp">   --->   Core 11 'FAcc_nodsp' <Latency = 2> <II = 1> <Delay = 5.48> <FuncUnit> <Opcode : 'facc'> <InPorts = 2> <OutPorts = 1>
ST_930 : Operation 2419 [1/1] (0.00ns)   --->   "%br_ln0 = br void"   --->   Operation 2419 'br' 'br_ln0' <Predicate = (!icmp_ln10_30)> <Delay = 0.00>

State 931 <SV = 248> <Delay = 7.30>
ST_931 : Operation 2420 [1/1] (0.00ns)   --->   "%output_0_addr_30 = getelementptr i32 %output_0, i64 0, i64 30" [matmul.cpp:14]   --->   Operation 2420 'getelementptr' 'output_0_addr_30' <Predicate = true> <Delay = 0.00>
ST_931 : Operation 2421 [1/1] (1.35ns)   --->   "%store_ln14 = store i32 %sum_60, i5 %output_0_addr_30" [matmul.cpp:14]   --->   Operation 2421 'store' 'store_ln14' <Predicate = true> <Delay = 1.35> <CoreInst = "RAM">   --->   Core 83 'RAM' <Latency = 1> <II = 1> <Delay = 1.35> <Storage> <Opcode : 'load' 'store'> <Ports = 2> <Width = 32> <Depth = 32> <RAM>
ST_931 : Operation 2422 [7/7] (7.30ns)   --->   "%AXI_DATA_addr_32_rd_req574 = readreq i1 @_ssdm_op_ReadReq.m_axi.i8P1A, i8 %AXI_DATA_addr, i32 100" [matmul.cpp:12]   --->   Operation 2422 'readreq' 'AXI_DATA_addr_32_rd_req574' <Predicate = true> <Delay = 7.30> <CoreInst = "m_axi">   --->   Core 121 'm_axi' <Latency = 6> <II = 1> <Delay = 1.00> <Adapter> <Opcode : 'read' 'write' 'readreq' 'writereq' 'writeresp'>

State 932 <SV = 249> <Delay = 7.30>
ST_932 : Operation 2423 [6/7] (7.30ns)   --->   "%AXI_DATA_addr_32_rd_req574 = readreq i1 @_ssdm_op_ReadReq.m_axi.i8P1A, i8 %AXI_DATA_addr, i32 100" [matmul.cpp:12]   --->   Operation 2423 'readreq' 'AXI_DATA_addr_32_rd_req574' <Predicate = true> <Delay = 7.30> <CoreInst = "m_axi">   --->   Core 121 'm_axi' <Latency = 6> <II = 1> <Delay = 1.00> <Adapter> <Opcode : 'read' 'write' 'readreq' 'writereq' 'writeresp'>

State 933 <SV = 250> <Delay = 7.30>
ST_933 : Operation 2424 [5/7] (7.30ns)   --->   "%AXI_DATA_addr_32_rd_req574 = readreq i1 @_ssdm_op_ReadReq.m_axi.i8P1A, i8 %AXI_DATA_addr, i32 100" [matmul.cpp:12]   --->   Operation 2424 'readreq' 'AXI_DATA_addr_32_rd_req574' <Predicate = true> <Delay = 7.30> <CoreInst = "m_axi">   --->   Core 121 'm_axi' <Latency = 6> <II = 1> <Delay = 1.00> <Adapter> <Opcode : 'read' 'write' 'readreq' 'writereq' 'writeresp'>

State 934 <SV = 251> <Delay = 7.30>
ST_934 : Operation 2425 [4/7] (7.30ns)   --->   "%AXI_DATA_addr_32_rd_req574 = readreq i1 @_ssdm_op_ReadReq.m_axi.i8P1A, i8 %AXI_DATA_addr, i32 100" [matmul.cpp:12]   --->   Operation 2425 'readreq' 'AXI_DATA_addr_32_rd_req574' <Predicate = true> <Delay = 7.30> <CoreInst = "m_axi">   --->   Core 121 'm_axi' <Latency = 6> <II = 1> <Delay = 1.00> <Adapter> <Opcode : 'read' 'write' 'readreq' 'writereq' 'writeresp'>

State 935 <SV = 252> <Delay = 7.30>
ST_935 : Operation 2426 [3/7] (7.30ns)   --->   "%AXI_DATA_addr_32_rd_req574 = readreq i1 @_ssdm_op_ReadReq.m_axi.i8P1A, i8 %AXI_DATA_addr, i32 100" [matmul.cpp:12]   --->   Operation 2426 'readreq' 'AXI_DATA_addr_32_rd_req574' <Predicate = true> <Delay = 7.30> <CoreInst = "m_axi">   --->   Core 121 'm_axi' <Latency = 6> <II = 1> <Delay = 1.00> <Adapter> <Opcode : 'read' 'write' 'readreq' 'writereq' 'writeresp'>

State 936 <SV = 253> <Delay = 7.30>
ST_936 : Operation 2427 [2/7] (7.30ns)   --->   "%AXI_DATA_addr_32_rd_req574 = readreq i1 @_ssdm_op_ReadReq.m_axi.i8P1A, i8 %AXI_DATA_addr, i32 100" [matmul.cpp:12]   --->   Operation 2427 'readreq' 'AXI_DATA_addr_32_rd_req574' <Predicate = true> <Delay = 7.30> <CoreInst = "m_axi">   --->   Core 121 'm_axi' <Latency = 6> <II = 1> <Delay = 1.00> <Adapter> <Opcode : 'read' 'write' 'readreq' 'writereq' 'writeresp'>

State 937 <SV = 254> <Delay = 7.30>
ST_937 : Operation 2428 [1/7] (7.30ns)   --->   "%AXI_DATA_addr_32_rd_req574 = readreq i1 @_ssdm_op_ReadReq.m_axi.i8P1A, i8 %AXI_DATA_addr, i32 100" [matmul.cpp:12]   --->   Operation 2428 'readreq' 'AXI_DATA_addr_32_rd_req574' <Predicate = true> <Delay = 7.30> <CoreInst = "m_axi">   --->   Core 121 'm_axi' <Latency = 6> <II = 1> <Delay = 1.00> <Adapter> <Opcode : 'read' 'write' 'readreq' 'writereq' 'writeresp'>
ST_937 : Operation 2429 [1/1] (0.48ns)   --->   "%br_ln10 = br void" [matmul.cpp:10]   --->   Operation 2429 'br' 'br_ln10' <Predicate = true> <Delay = 0.48>

State 938 <SV = 255> <Delay = 0.89>
ST_938 : Operation 2430 [1/1] (0.00ns)   --->   "%k_31 = phi i7 %add_ln10_31, void %.split, i7 0, void" [matmul.cpp:10]   --->   Operation 2430 'phi' 'k_31' <Predicate = true> <Delay = 0.00>
ST_938 : Operation 2431 [1/1] (0.00ns)   --->   "%sum_62 = phi i32 %sum_63, void %.split, i32 0, void"   --->   Operation 2431 'phi' 'sum_62' <Predicate = true> <Delay = 0.00>
ST_938 : Operation 2432 [1/1] (0.89ns)   --->   "%add_ln10_31 = add i7 %k_31, i7 1" [matmul.cpp:10]   --->   Operation 2432 'add' 'add_ln10_31' <Predicate = true> <Delay = 0.89> <CoreInst = "Adder">   --->   Core 1 'Adder' <Latency = 0> <II = 1> <Delay = 0.89> <FuncUnit> <Opcode : 'add' 'sub'> <InPorts = 2> <OutPorts = 1>
ST_938 : Operation 2433 [1/1] (0.00ns)   --->   "%specpipeline_ln0 = specpipeline void @_ssdm_op_SpecPipeline, i32 4294967295, i32 0, i32 1, i32 0, void @p_str"   --->   Operation 2433 'specpipeline' 'specpipeline_ln0' <Predicate = true> <Delay = 0.00>
ST_938 : Operation 2434 [1/1] (0.86ns)   --->   "%icmp_ln10_31 = icmp_eq  i7 %k_31, i7 100" [matmul.cpp:10]   --->   Operation 2434 'icmp' 'icmp_ln10_31' <Predicate = true> <Delay = 0.86> <CoreInst = "Cmp">   --->   Core 9 'Cmp' <Latency = 0> <II = 1> <Delay = 0.86> <FuncUnit> <Opcode : 'icmp'> <InPorts = 2> <OutPorts = 1>
ST_938 : Operation 2435 [1/1] (0.00ns)   --->   "%empty_65 = speclooptripcount i32 @_ssdm_op_SpecLoopTripCount, i64 100, i64 100, i64 100"   --->   Operation 2435 'speclooptripcount' 'empty_65' <Predicate = true> <Delay = 0.00>
ST_938 : Operation 2436 [1/1] (0.00ns)   --->   "%br_ln10 = br i1 %icmp_ln10_31, void %.split, void" [matmul.cpp:10]   --->   Operation 2436 'br' 'br_ln10' <Predicate = true> <Delay = 0.00>

State 939 <SV = 256> <Delay = 7.30>
ST_939 : Operation 2437 [1/1] (7.30ns)   --->   "%AXI_DATA_addr_read_31 = read i8 @_ssdm_op_Read.m_axi.i8P1A, i8 %AXI_DATA_addr" [matmul.cpp:12]   --->   Operation 2437 'read' 'AXI_DATA_addr_read_31' <Predicate = (!icmp_ln10_31)> <Delay = 7.30> <CoreInst = "m_axi">   --->   Core 121 'm_axi' <Latency = 6> <II = 1> <Delay = 1.00> <Adapter> <Opcode : 'read' 'write' 'readreq' 'writereq' 'writeresp'>

State 940 <SV = 257> <Delay = 6.67>
ST_940 : Operation 2438 [1/1] (0.00ns)   --->   "%zext_ln12_31 = zext i8 %AXI_DATA_addr_read_31" [matmul.cpp:12]   --->   Operation 2438 'zext' 'zext_ln12_31' <Predicate = (!icmp_ln10_31)> <Delay = 0.00>
ST_940 : Operation 2439 [4/4] (6.67ns)   --->   "%conv_30 = uitofp i32 %zext_ln12_31" [matmul.cpp:12]   --->   Operation 2439 'uitofp' 'conv_30' <Predicate = (!icmp_ln10_31)> <Delay = 6.67> <CoreInst = "Int2Float">   --->   Core 62 'Int2Float' <Latency = 3> <II = 1> <Delay = 6.67> <FuncUnit> <Opcode : 'sitofp' 'uitofp'> <InPorts = 1> <OutPorts = 1>

State 941 <SV = 258> <Delay = 6.67>
ST_941 : Operation 2440 [3/4] (6.67ns)   --->   "%conv_30 = uitofp i32 %zext_ln12_31" [matmul.cpp:12]   --->   Operation 2440 'uitofp' 'conv_30' <Predicate = (!icmp_ln10_31)> <Delay = 6.67> <CoreInst = "Int2Float">   --->   Core 62 'Int2Float' <Latency = 3> <II = 1> <Delay = 6.67> <FuncUnit> <Opcode : 'sitofp' 'uitofp'> <InPorts = 1> <OutPorts = 1>

State 942 <SV = 259> <Delay = 6.67>
ST_942 : Operation 2441 [2/4] (6.67ns)   --->   "%conv_30 = uitofp i32 %zext_ln12_31" [matmul.cpp:12]   --->   Operation 2441 'uitofp' 'conv_30' <Predicate = (!icmp_ln10_31)> <Delay = 6.67> <CoreInst = "Int2Float">   --->   Core 62 'Int2Float' <Latency = 3> <II = 1> <Delay = 6.67> <FuncUnit> <Opcode : 'sitofp' 'uitofp'> <InPorts = 1> <OutPorts = 1>

State 943 <SV = 260> <Delay = 6.67>
ST_943 : Operation 2442 [1/4] (6.67ns)   --->   "%conv_30 = uitofp i32 %zext_ln12_31" [matmul.cpp:12]   --->   Operation 2442 'uitofp' 'conv_30' <Predicate = (!icmp_ln10_31)> <Delay = 6.67> <CoreInst = "Int2Float">   --->   Core 62 'Int2Float' <Latency = 3> <II = 1> <Delay = 6.67> <FuncUnit> <Opcode : 'sitofp' 'uitofp'> <InPorts = 1> <OutPorts = 1>

State 944 <SV = 261> <Delay = 6.70>
ST_944 : Operation 2443 [10/10] (6.70ns)   --->   "%div_30 = fdiv i32 %conv_30, i32 255" [matmul.cpp:12]   --->   Operation 2443 'fdiv' 'div_30' <Predicate = (!icmp_ln10_31)> <Delay = 6.70> <CoreInst = "FDiv">   --->   Core 20 'FDiv' <Latency = 9> <II = 1> <Delay = 6.70> <FuncUnit> <Opcode : 'fdiv' 'frem'> <InPorts = 2> <OutPorts = 1>

State 945 <SV = 262> <Delay = 6.70>
ST_945 : Operation 2444 [9/10] (6.70ns)   --->   "%div_30 = fdiv i32 %conv_30, i32 255" [matmul.cpp:12]   --->   Operation 2444 'fdiv' 'div_30' <Predicate = (!icmp_ln10_31)> <Delay = 6.70> <CoreInst = "FDiv">   --->   Core 20 'FDiv' <Latency = 9> <II = 1> <Delay = 6.70> <FuncUnit> <Opcode : 'fdiv' 'frem'> <InPorts = 2> <OutPorts = 1>

State 946 <SV = 263> <Delay = 6.70>
ST_946 : Operation 2445 [8/10] (6.70ns)   --->   "%div_30 = fdiv i32 %conv_30, i32 255" [matmul.cpp:12]   --->   Operation 2445 'fdiv' 'div_30' <Predicate = (!icmp_ln10_31)> <Delay = 6.70> <CoreInst = "FDiv">   --->   Core 20 'FDiv' <Latency = 9> <II = 1> <Delay = 6.70> <FuncUnit> <Opcode : 'fdiv' 'frem'> <InPorts = 2> <OutPorts = 1>

State 947 <SV = 264> <Delay = 6.70>
ST_947 : Operation 2446 [7/10] (6.70ns)   --->   "%div_30 = fdiv i32 %conv_30, i32 255" [matmul.cpp:12]   --->   Operation 2446 'fdiv' 'div_30' <Predicate = (!icmp_ln10_31)> <Delay = 6.70> <CoreInst = "FDiv">   --->   Core 20 'FDiv' <Latency = 9> <II = 1> <Delay = 6.70> <FuncUnit> <Opcode : 'fdiv' 'frem'> <InPorts = 2> <OutPorts = 1>

State 948 <SV = 265> <Delay = 6.70>
ST_948 : Operation 2447 [6/10] (6.70ns)   --->   "%div_30 = fdiv i32 %conv_30, i32 255" [matmul.cpp:12]   --->   Operation 2447 'fdiv' 'div_30' <Predicate = (!icmp_ln10_31)> <Delay = 6.70> <CoreInst = "FDiv">   --->   Core 20 'FDiv' <Latency = 9> <II = 1> <Delay = 6.70> <FuncUnit> <Opcode : 'fdiv' 'frem'> <InPorts = 2> <OutPorts = 1>

State 949 <SV = 266> <Delay = 6.70>
ST_949 : Operation 2448 [5/10] (6.70ns)   --->   "%div_30 = fdiv i32 %conv_30, i32 255" [matmul.cpp:12]   --->   Operation 2448 'fdiv' 'div_30' <Predicate = (!icmp_ln10_31)> <Delay = 6.70> <CoreInst = "FDiv">   --->   Core 20 'FDiv' <Latency = 9> <II = 1> <Delay = 6.70> <FuncUnit> <Opcode : 'fdiv' 'frem'> <InPorts = 2> <OutPorts = 1>

State 950 <SV = 267> <Delay = 6.70>
ST_950 : Operation 2449 [4/10] (6.70ns)   --->   "%div_30 = fdiv i32 %conv_30, i32 255" [matmul.cpp:12]   --->   Operation 2449 'fdiv' 'div_30' <Predicate = (!icmp_ln10_31)> <Delay = 6.70> <CoreInst = "FDiv">   --->   Core 20 'FDiv' <Latency = 9> <II = 1> <Delay = 6.70> <FuncUnit> <Opcode : 'fdiv' 'frem'> <InPorts = 2> <OutPorts = 1>

State 951 <SV = 268> <Delay = 6.70>
ST_951 : Operation 2450 [3/10] (6.70ns)   --->   "%div_30 = fdiv i32 %conv_30, i32 255" [matmul.cpp:12]   --->   Operation 2450 'fdiv' 'div_30' <Predicate = (!icmp_ln10_31)> <Delay = 6.70> <CoreInst = "FDiv">   --->   Core 20 'FDiv' <Latency = 9> <II = 1> <Delay = 6.70> <FuncUnit> <Opcode : 'fdiv' 'frem'> <InPorts = 2> <OutPorts = 1>

State 952 <SV = 269> <Delay = 6.70>
ST_952 : Operation 2451 [2/10] (6.70ns)   --->   "%div_30 = fdiv i32 %conv_30, i32 255" [matmul.cpp:12]   --->   Operation 2451 'fdiv' 'div_30' <Predicate = (!icmp_ln10_31)> <Delay = 6.70> <CoreInst = "FDiv">   --->   Core 20 'FDiv' <Latency = 9> <II = 1> <Delay = 6.70> <FuncUnit> <Opcode : 'fdiv' 'frem'> <InPorts = 2> <OutPorts = 1>

State 953 <SV = 270> <Delay = 6.70>
ST_953 : Operation 2452 [1/1] (0.00ns)   --->   "%k_31_cast = zext i7 %k_31" [matmul.cpp:10]   --->   Operation 2452 'zext' 'k_31_cast' <Predicate = (!icmp_ln10_31)> <Delay = 0.00>
ST_953 : Operation 2453 [1/10] (6.70ns)   --->   "%div_30 = fdiv i32 %conv_30, i32 255" [matmul.cpp:12]   --->   Operation 2453 'fdiv' 'div_30' <Predicate = (!icmp_ln10_31)> <Delay = 6.70> <CoreInst = "FDiv">   --->   Core 20 'FDiv' <Latency = 9> <II = 1> <Delay = 6.70> <FuncUnit> <Opcode : 'fdiv' 'frem'> <InPorts = 2> <OutPorts = 1>
ST_953 : Operation 2454 [1/1] (0.00ns)   --->   "%layer1_weights_31_addr = getelementptr i32 %layer1_weights_31, i64 0, i64 %k_31_cast" [matmul.cpp:12]   --->   Operation 2454 'getelementptr' 'layer1_weights_31_addr' <Predicate = (!icmp_ln10_31)> <Delay = 0.00>
ST_953 : Operation 2455 [2/2] (1.35ns)   --->   "%layer1_weights_31_load = load i7 %layer1_weights_31_addr" [matmul.cpp:12]   --->   Operation 2455 'load' 'layer1_weights_31_load' <Predicate = (!icmp_ln10_31)> <Delay = 1.35> <CoreInst = "ROM">   --->   Core 101 'ROM' <Latency = 1> <II = 1> <Delay = 1.35> <Storage> <Opcode : 'load'> <Ports = 0> <Width = 32> <Depth = 100> <ROM>

State 954 <SV = 271> <Delay = 6.02>
ST_954 : Operation 2456 [1/2] (1.35ns)   --->   "%layer1_weights_31_load = load i7 %layer1_weights_31_addr" [matmul.cpp:12]   --->   Operation 2456 'load' 'layer1_weights_31_load' <Predicate = (!icmp_ln10_31)> <Delay = 1.35> <CoreInst = "ROM">   --->   Core 101 'ROM' <Latency = 1> <II = 1> <Delay = 1.35> <Storage> <Opcode : 'load'> <Ports = 0> <Width = 32> <Depth = 100> <ROM>
ST_954 : Operation 2457 [4/4] (4.67ns)   --->   "%mul_30 = fmul i32 %div_30, i32 %layer1_weights_31_load" [matmul.cpp:12]   --->   Operation 2457 'fmul' 'mul_30' <Predicate = (!icmp_ln10_31)> <Delay = 4.67> <CoreInst = "FMul_maxdsp">   --->   Core 30 'FMul_maxdsp' <Latency = 3> <II = 1> <Delay = 4.67> <FuncUnit> <Opcode : 'fmul'> <InPorts = 2> <OutPorts = 1>

State 955 <SV = 272> <Delay = 4.67>
ST_955 : Operation 2458 [3/4] (4.67ns)   --->   "%mul_30 = fmul i32 %div_30, i32 %layer1_weights_31_load" [matmul.cpp:12]   --->   Operation 2458 'fmul' 'mul_30' <Predicate = (!icmp_ln10_31)> <Delay = 4.67> <CoreInst = "FMul_maxdsp">   --->   Core 30 'FMul_maxdsp' <Latency = 3> <II = 1> <Delay = 4.67> <FuncUnit> <Opcode : 'fmul'> <InPorts = 2> <OutPorts = 1>

State 956 <SV = 273> <Delay = 4.67>
ST_956 : Operation 2459 [2/4] (4.67ns)   --->   "%mul_30 = fmul i32 %div_30, i32 %layer1_weights_31_load" [matmul.cpp:12]   --->   Operation 2459 'fmul' 'mul_30' <Predicate = (!icmp_ln10_31)> <Delay = 4.67> <CoreInst = "FMul_maxdsp">   --->   Core 30 'FMul_maxdsp' <Latency = 3> <II = 1> <Delay = 4.67> <FuncUnit> <Opcode : 'fmul'> <InPorts = 2> <OutPorts = 1>

State 957 <SV = 274> <Delay = 4.67>
ST_957 : Operation 2460 [1/4] (4.67ns)   --->   "%mul_30 = fmul i32 %div_30, i32 %layer1_weights_31_load" [matmul.cpp:12]   --->   Operation 2460 'fmul' 'mul_30' <Predicate = (!icmp_ln10_31)> <Delay = 4.67> <CoreInst = "FMul_maxdsp">   --->   Core 30 'FMul_maxdsp' <Latency = 3> <II = 1> <Delay = 4.67> <FuncUnit> <Opcode : 'fmul'> <InPorts = 2> <OutPorts = 1>

State 958 <SV = 275> <Delay = 6.34>
ST_958 : Operation 2461 [1/1] (0.86ns)   --->   "%icmp_ln12_31 = icmp_eq  i7 %add_ln10_31, i7 100" [matmul.cpp:12]   --->   Operation 2461 'icmp' 'icmp_ln12_31' <Predicate = (!icmp_ln10_31)> <Delay = 0.86> <CoreInst = "Cmp">   --->   Core 9 'Cmp' <Latency = 0> <II = 1> <Delay = 0.86> <FuncUnit> <Opcode : 'icmp'> <InPorts = 2> <OutPorts = 1>
ST_958 : Operation 2462 [3/3] (5.48ns)   --->   "%sum_63 = facc i32 @_ssdm_op_FACC, i32 %mul_30, i1 %icmp_ln12_31" [matmul.cpp:12]   --->   Operation 2462 'facc' 'sum_63' <Predicate = (!icmp_ln10_31)> <Delay = 5.48> <CoreInst = "FAcc_nodsp">   --->   Core 11 'FAcc_nodsp' <Latency = 2> <II = 1> <Delay = 5.48> <FuncUnit> <Opcode : 'facc'> <InPorts = 2> <OutPorts = 1>

State 959 <SV = 276> <Delay = 5.48>
ST_959 : Operation 2463 [2/3] (5.48ns)   --->   "%sum_63 = facc i32 @_ssdm_op_FACC, i32 %mul_30, i1 %icmp_ln12_31" [matmul.cpp:12]   --->   Operation 2463 'facc' 'sum_63' <Predicate = (!icmp_ln10_31)> <Delay = 5.48> <CoreInst = "FAcc_nodsp">   --->   Core 11 'FAcc_nodsp' <Latency = 2> <II = 1> <Delay = 5.48> <FuncUnit> <Opcode : 'facc'> <InPorts = 2> <OutPorts = 1>

State 960 <SV = 277> <Delay = 5.48>
ST_960 : Operation 2464 [1/1] (0.00ns)   --->   "%specloopname_ln8 = specloopname void @_ssdm_op_SpecLoopName, void @empty_9" [matmul.cpp:8]   --->   Operation 2464 'specloopname' 'specloopname_ln8' <Predicate = (!icmp_ln10_31)> <Delay = 0.00>
ST_960 : Operation 2465 [1/3] (5.48ns)   --->   "%sum_63 = facc i32 @_ssdm_op_FACC, i32 %mul_30, i1 %icmp_ln12_31" [matmul.cpp:12]   --->   Operation 2465 'facc' 'sum_63' <Predicate = (!icmp_ln10_31)> <Delay = 5.48> <CoreInst = "FAcc_nodsp">   --->   Core 11 'FAcc_nodsp' <Latency = 2> <II = 1> <Delay = 5.48> <FuncUnit> <Opcode : 'facc'> <InPorts = 2> <OutPorts = 1>
ST_960 : Operation 2466 [1/1] (0.00ns)   --->   "%br_ln0 = br void"   --->   Operation 2466 'br' 'br_ln0' <Predicate = (!icmp_ln10_31)> <Delay = 0.00>

State 961 <SV = 256> <Delay = 1.35>
ST_961 : Operation 2467 [1/1] (0.00ns)   --->   "%output_0_addr_31 = getelementptr i32 %output_0, i64 0, i64 31" [matmul.cpp:14]   --->   Operation 2467 'getelementptr' 'output_0_addr_31' <Predicate = true> <Delay = 0.00>
ST_961 : Operation 2468 [1/1] (1.35ns)   --->   "%store_ln14 = store i32 %sum_62, i5 %output_0_addr_31" [matmul.cpp:14]   --->   Operation 2468 'store' 'store_ln14' <Predicate = true> <Delay = 1.35> <CoreInst = "RAM">   --->   Core 83 'RAM' <Latency = 1> <II = 1> <Delay = 1.35> <Storage> <Opcode : 'load' 'store'> <Ports = 2> <Width = 32> <Depth = 32> <RAM>
ST_961 : Operation 2469 [1/1] (0.00ns)   --->   "%ret_ln17 = ret" [matmul.cpp:17]   --->   Operation 2469 'ret' 'ret_ln17' <Predicate = true> <Delay = 0.00>


============================================================
+ Verbose Summary: Timing violations
============================================================
Target clock period: 10ns, clock uncertainty: 2.7ns.

 <State 1>: 7.3ns
The critical path consists of the following:
	wire read on port 'input_r' (matmul.cpp:12) [69]  (0 ns)
	'getelementptr' operation ('AXI_DATA_addr', matmul.cpp:12) [70]  (0 ns)
	bus request on port 'AXI_DATA' (matmul.cpp:12) [71]  (7.3 ns)

 <State 2>: 7.3ns
The critical path consists of the following:
	bus request on port 'AXI_DATA' (matmul.cpp:12) [71]  (7.3 ns)

 <State 3>: 7.3ns
The critical path consists of the following:
	bus request on port 'AXI_DATA' (matmul.cpp:12) [71]  (7.3 ns)

 <State 4>: 7.3ns
The critical path consists of the following:
	bus request on port 'AXI_DATA' (matmul.cpp:12) [71]  (7.3 ns)

 <State 5>: 7.3ns
The critical path consists of the following:
	bus request on port 'AXI_DATA' (matmul.cpp:12) [71]  (7.3 ns)

 <State 6>: 7.3ns
The critical path consists of the following:
	bus request on port 'AXI_DATA' (matmul.cpp:12) [71]  (7.3 ns)

 <State 7>: 7.3ns
The critical path consists of the following:
	bus request on port 'AXI_DATA' (matmul.cpp:12) [71]  (7.3 ns)

 <State 8>: 0.897ns
The critical path consists of the following:
	'phi' operation ('k', matmul.cpp:10) with incoming values : ('add_ln10', matmul.cpp:10) [74]  (0 ns)
	'add' operation ('add_ln10', matmul.cpp:10) [76]  (0.897 ns)

 <State 9>: 7.3ns
The critical path consists of the following:
	bus read on port 'AXI_DATA' (matmul.cpp:12) [84]  (7.3 ns)

 <State 10>: 6.67ns
The critical path consists of the following:
	'uitofp' operation ('conv', matmul.cpp:12) [86]  (6.67 ns)

 <State 11>: 6.67ns
The critical path consists of the following:
	'uitofp' operation ('conv', matmul.cpp:12) [86]  (6.67 ns)

 <State 12>: 6.67ns
The critical path consists of the following:
	'uitofp' operation ('conv', matmul.cpp:12) [86]  (6.67 ns)

 <State 13>: 6.67ns
The critical path consists of the following:
	'uitofp' operation ('conv', matmul.cpp:12) [86]  (6.67 ns)

 <State 14>: 6.71ns
The critical path consists of the following:
	'fdiv' operation ('div', matmul.cpp:12) [87]  (6.71 ns)

 <State 15>: 6.71ns
The critical path consists of the following:
	'fdiv' operation ('div', matmul.cpp:12) [87]  (6.71 ns)

 <State 16>: 6.71ns
The critical path consists of the following:
	'fdiv' operation ('div', matmul.cpp:12) [87]  (6.71 ns)

 <State 17>: 6.71ns
The critical path consists of the following:
	'fdiv' operation ('div', matmul.cpp:12) [87]  (6.71 ns)

 <State 18>: 6.71ns
The critical path consists of the following:
	'fdiv' operation ('div', matmul.cpp:12) [87]  (6.71 ns)

 <State 19>: 6.71ns
The critical path consists of the following:
	'fdiv' operation ('div', matmul.cpp:12) [87]  (6.71 ns)

 <State 20>: 6.71ns
The critical path consists of the following:
	'fdiv' operation ('div', matmul.cpp:12) [87]  (6.71 ns)

 <State 21>: 6.71ns
The critical path consists of the following:
	'fdiv' operation ('div', matmul.cpp:12) [87]  (6.71 ns)

 <State 22>: 6.71ns
The critical path consists of the following:
	'fdiv' operation ('div', matmul.cpp:12) [87]  (6.71 ns)

 <State 23>: 6.71ns
The critical path consists of the following:
	'fdiv' operation ('div', matmul.cpp:12) [87]  (6.71 ns)

 <State 24>: 6.02ns
The critical path consists of the following:
	'load' operation ('layer1_weights_0_load', matmul.cpp:12) on array 'layer1_weights_0' [89]  (1.35 ns)
	'fmul' operation ('mul', matmul.cpp:12) [90]  (4.67 ns)

 <State 25>: 4.67ns
The critical path consists of the following:
	'fmul' operation ('mul', matmul.cpp:12) [90]  (4.67 ns)

 <State 26>: 4.67ns
The critical path consists of the following:
	'fmul' operation ('mul', matmul.cpp:12) [90]  (4.67 ns)

 <State 27>: 4.67ns
The critical path consists of the following:
	'fmul' operation ('mul', matmul.cpp:12) [90]  (4.67 ns)

 <State 28>: 6.35ns
The critical path consists of the following:
	'icmp' operation ('icmp_ln12', matmul.cpp:12) [91]  (0.863 ns)
	'facc' operation ('sum', matmul.cpp:12) [92]  (5.48 ns)

 <State 29>: 5.48ns
The critical path consists of the following:
	'facc' operation ('sum', matmul.cpp:12) [92]  (5.48 ns)

 <State 30>: 5.48ns
The critical path consists of the following:
	'facc' operation ('sum', matmul.cpp:12) [92]  (5.48 ns)

 <State 31>: 7.3ns
The critical path consists of the following:
	bus request on port 'AXI_DATA' (matmul.cpp:12) [97]  (7.3 ns)

 <State 32>: 7.3ns
The critical path consists of the following:
	bus request on port 'AXI_DATA' (matmul.cpp:12) [97]  (7.3 ns)

 <State 33>: 7.3ns
The critical path consists of the following:
	bus request on port 'AXI_DATA' (matmul.cpp:12) [97]  (7.3 ns)

 <State 34>: 7.3ns
The critical path consists of the following:
	bus request on port 'AXI_DATA' (matmul.cpp:12) [97]  (7.3 ns)

 <State 35>: 7.3ns
The critical path consists of the following:
	bus request on port 'AXI_DATA' (matmul.cpp:12) [97]  (7.3 ns)

 <State 36>: 7.3ns
The critical path consists of the following:
	bus request on port 'AXI_DATA' (matmul.cpp:12) [97]  (7.3 ns)

 <State 37>: 7.3ns
The critical path consists of the following:
	bus request on port 'AXI_DATA' (matmul.cpp:12) [97]  (7.3 ns)

 <State 38>: 0.897ns
The critical path consists of the following:
	'phi' operation ('k', matmul.cpp:10) with incoming values : ('add_ln10_1', matmul.cpp:10) [100]  (0 ns)
	'add' operation ('add_ln10_1', matmul.cpp:10) [102]  (0.897 ns)

 <State 39>: 7.3ns
The critical path consists of the following:
	bus read on port 'AXI_DATA' (matmul.cpp:12) [110]  (7.3 ns)

 <State 40>: 6.67ns
The critical path consists of the following:
	'uitofp' operation ('conv_1', matmul.cpp:12) [112]  (6.67 ns)

 <State 41>: 6.67ns
The critical path consists of the following:
	'uitofp' operation ('conv_1', matmul.cpp:12) [112]  (6.67 ns)

 <State 42>: 6.67ns
The critical path consists of the following:
	'uitofp' operation ('conv_1', matmul.cpp:12) [112]  (6.67 ns)

 <State 43>: 6.67ns
The critical path consists of the following:
	'uitofp' operation ('conv_1', matmul.cpp:12) [112]  (6.67 ns)

 <State 44>: 6.71ns
The critical path consists of the following:
	'fdiv' operation ('div_1', matmul.cpp:12) [113]  (6.71 ns)

 <State 45>: 6.71ns
The critical path consists of the following:
	'fdiv' operation ('div_1', matmul.cpp:12) [113]  (6.71 ns)

 <State 46>: 6.71ns
The critical path consists of the following:
	'fdiv' operation ('div_1', matmul.cpp:12) [113]  (6.71 ns)

 <State 47>: 6.71ns
The critical path consists of the following:
	'fdiv' operation ('div_1', matmul.cpp:12) [113]  (6.71 ns)

 <State 48>: 6.71ns
The critical path consists of the following:
	'fdiv' operation ('div_1', matmul.cpp:12) [113]  (6.71 ns)

 <State 49>: 6.71ns
The critical path consists of the following:
	'fdiv' operation ('div_1', matmul.cpp:12) [113]  (6.71 ns)

 <State 50>: 6.71ns
The critical path consists of the following:
	'fdiv' operation ('div_1', matmul.cpp:12) [113]  (6.71 ns)

 <State 51>: 6.71ns
The critical path consists of the following:
	'fdiv' operation ('div_1', matmul.cpp:12) [113]  (6.71 ns)

 <State 52>: 6.71ns
The critical path consists of the following:
	'fdiv' operation ('div_1', matmul.cpp:12) [113]  (6.71 ns)

 <State 53>: 6.71ns
The critical path consists of the following:
	'fdiv' operation ('div_1', matmul.cpp:12) [113]  (6.71 ns)

 <State 54>: 6.02ns
The critical path consists of the following:
	'load' operation ('layer1_weights_1_load', matmul.cpp:12) on array 'layer1_weights_1' [115]  (1.35 ns)
	'fmul' operation ('mul_1', matmul.cpp:12) [116]  (4.67 ns)

 <State 55>: 4.67ns
The critical path consists of the following:
	'fmul' operation ('mul_1', matmul.cpp:12) [116]  (4.67 ns)

 <State 56>: 4.67ns
The critical path consists of the following:
	'fmul' operation ('mul_1', matmul.cpp:12) [116]  (4.67 ns)

 <State 57>: 4.67ns
The critical path consists of the following:
	'fmul' operation ('mul_1', matmul.cpp:12) [116]  (4.67 ns)

 <State 58>: 6.35ns
The critical path consists of the following:
	'icmp' operation ('icmp_ln12_1', matmul.cpp:12) [117]  (0.863 ns)
	'facc' operation ('sum', matmul.cpp:12) [118]  (5.48 ns)

 <State 59>: 5.48ns
The critical path consists of the following:
	'facc' operation ('sum', matmul.cpp:12) [118]  (5.48 ns)

 <State 60>: 5.48ns
The critical path consists of the following:
	'facc' operation ('sum', matmul.cpp:12) [118]  (5.48 ns)

 <State 61>: 7.3ns
The critical path consists of the following:
	bus request on port 'AXI_DATA' (matmul.cpp:12) [123]  (7.3 ns)

 <State 62>: 7.3ns
The critical path consists of the following:
	bus request on port 'AXI_DATA' (matmul.cpp:12) [123]  (7.3 ns)

 <State 63>: 7.3ns
The critical path consists of the following:
	bus request on port 'AXI_DATA' (matmul.cpp:12) [123]  (7.3 ns)

 <State 64>: 7.3ns
The critical path consists of the following:
	bus request on port 'AXI_DATA' (matmul.cpp:12) [123]  (7.3 ns)

 <State 65>: 7.3ns
The critical path consists of the following:
	bus request on port 'AXI_DATA' (matmul.cpp:12) [123]  (7.3 ns)

 <State 66>: 7.3ns
The critical path consists of the following:
	bus request on port 'AXI_DATA' (matmul.cpp:12) [123]  (7.3 ns)

 <State 67>: 7.3ns
The critical path consists of the following:
	bus request on port 'AXI_DATA' (matmul.cpp:12) [123]  (7.3 ns)

 <State 68>: 0.897ns
The critical path consists of the following:
	'phi' operation ('k', matmul.cpp:10) with incoming values : ('add_ln10_2', matmul.cpp:10) [126]  (0 ns)
	'add' operation ('add_ln10_2', matmul.cpp:10) [128]  (0.897 ns)

 <State 69>: 7.3ns
The critical path consists of the following:
	bus read on port 'AXI_DATA' (matmul.cpp:12) [136]  (7.3 ns)

 <State 70>: 6.67ns
The critical path consists of the following:
	'uitofp' operation ('conv_2', matmul.cpp:12) [138]  (6.67 ns)

 <State 71>: 6.67ns
The critical path consists of the following:
	'uitofp' operation ('conv_2', matmul.cpp:12) [138]  (6.67 ns)

 <State 72>: 6.67ns
The critical path consists of the following:
	'uitofp' operation ('conv_2', matmul.cpp:12) [138]  (6.67 ns)

 <State 73>: 6.67ns
The critical path consists of the following:
	'uitofp' operation ('conv_2', matmul.cpp:12) [138]  (6.67 ns)

 <State 74>: 6.71ns
The critical path consists of the following:
	'fdiv' operation ('div_2', matmul.cpp:12) [139]  (6.71 ns)

 <State 75>: 6.71ns
The critical path consists of the following:
	'fdiv' operation ('div_2', matmul.cpp:12) [139]  (6.71 ns)

 <State 76>: 6.71ns
The critical path consists of the following:
	'fdiv' operation ('div_2', matmul.cpp:12) [139]  (6.71 ns)

 <State 77>: 6.71ns
The critical path consists of the following:
	'fdiv' operation ('div_2', matmul.cpp:12) [139]  (6.71 ns)

 <State 78>: 6.71ns
The critical path consists of the following:
	'fdiv' operation ('div_2', matmul.cpp:12) [139]  (6.71 ns)

 <State 79>: 6.71ns
The critical path consists of the following:
	'fdiv' operation ('div_2', matmul.cpp:12) [139]  (6.71 ns)

 <State 80>: 6.71ns
The critical path consists of the following:
	'fdiv' operation ('div_2', matmul.cpp:12) [139]  (6.71 ns)

 <State 81>: 6.71ns
The critical path consists of the following:
	'fdiv' operation ('div_2', matmul.cpp:12) [139]  (6.71 ns)

 <State 82>: 6.71ns
The critical path consists of the following:
	'fdiv' operation ('div_2', matmul.cpp:12) [139]  (6.71 ns)

 <State 83>: 6.71ns
The critical path consists of the following:
	'fdiv' operation ('div_2', matmul.cpp:12) [139]  (6.71 ns)

 <State 84>: 6.02ns
The critical path consists of the following:
	'load' operation ('layer1_weights_2_load', matmul.cpp:12) on array 'layer1_weights_2' [141]  (1.35 ns)
	'fmul' operation ('mul_2', matmul.cpp:12) [142]  (4.67 ns)

 <State 85>: 4.67ns
The critical path consists of the following:
	'fmul' operation ('mul_2', matmul.cpp:12) [142]  (4.67 ns)

 <State 86>: 4.67ns
The critical path consists of the following:
	'fmul' operation ('mul_2', matmul.cpp:12) [142]  (4.67 ns)

 <State 87>: 4.67ns
The critical path consists of the following:
	'fmul' operation ('mul_2', matmul.cpp:12) [142]  (4.67 ns)

 <State 88>: 6.35ns
The critical path consists of the following:
	'icmp' operation ('icmp_ln12_2', matmul.cpp:12) [143]  (0.863 ns)
	'facc' operation ('sum', matmul.cpp:12) [144]  (5.48 ns)

 <State 89>: 5.48ns
The critical path consists of the following:
	'facc' operation ('sum', matmul.cpp:12) [144]  (5.48 ns)

 <State 90>: 5.48ns
The critical path consists of the following:
	'facc' operation ('sum', matmul.cpp:12) [144]  (5.48 ns)

 <State 91>: 7.3ns
The critical path consists of the following:
	bus request on port 'AXI_DATA' (matmul.cpp:12) [149]  (7.3 ns)

 <State 92>: 7.3ns
The critical path consists of the following:
	bus request on port 'AXI_DATA' (matmul.cpp:12) [149]  (7.3 ns)

 <State 93>: 7.3ns
The critical path consists of the following:
	bus request on port 'AXI_DATA' (matmul.cpp:12) [149]  (7.3 ns)

 <State 94>: 7.3ns
The critical path consists of the following:
	bus request on port 'AXI_DATA' (matmul.cpp:12) [149]  (7.3 ns)

 <State 95>: 7.3ns
The critical path consists of the following:
	bus request on port 'AXI_DATA' (matmul.cpp:12) [149]  (7.3 ns)

 <State 96>: 7.3ns
The critical path consists of the following:
	bus request on port 'AXI_DATA' (matmul.cpp:12) [149]  (7.3 ns)

 <State 97>: 7.3ns
The critical path consists of the following:
	bus request on port 'AXI_DATA' (matmul.cpp:12) [149]  (7.3 ns)

 <State 98>: 0.897ns
The critical path consists of the following:
	'phi' operation ('k', matmul.cpp:10) with incoming values : ('add_ln10_3', matmul.cpp:10) [152]  (0 ns)
	'add' operation ('add_ln10_3', matmul.cpp:10) [154]  (0.897 ns)

 <State 99>: 7.3ns
The critical path consists of the following:
	bus read on port 'AXI_DATA' (matmul.cpp:12) [162]  (7.3 ns)

 <State 100>: 6.67ns
The critical path consists of the following:
	'uitofp' operation ('conv_3', matmul.cpp:12) [164]  (6.67 ns)

 <State 101>: 6.67ns
The critical path consists of the following:
	'uitofp' operation ('conv_3', matmul.cpp:12) [164]  (6.67 ns)

 <State 102>: 6.67ns
The critical path consists of the following:
	'uitofp' operation ('conv_3', matmul.cpp:12) [164]  (6.67 ns)

 <State 103>: 6.67ns
The critical path consists of the following:
	'uitofp' operation ('conv_3', matmul.cpp:12) [164]  (6.67 ns)

 <State 104>: 6.71ns
The critical path consists of the following:
	'fdiv' operation ('div_3', matmul.cpp:12) [165]  (6.71 ns)

 <State 105>: 6.71ns
The critical path consists of the following:
	'fdiv' operation ('div_3', matmul.cpp:12) [165]  (6.71 ns)

 <State 106>: 6.71ns
The critical path consists of the following:
	'fdiv' operation ('div_3', matmul.cpp:12) [165]  (6.71 ns)

 <State 107>: 6.71ns
The critical path consists of the following:
	'fdiv' operation ('div_3', matmul.cpp:12) [165]  (6.71 ns)

 <State 108>: 6.71ns
The critical path consists of the following:
	'fdiv' operation ('div_3', matmul.cpp:12) [165]  (6.71 ns)

 <State 109>: 6.71ns
The critical path consists of the following:
	'fdiv' operation ('div_3', matmul.cpp:12) [165]  (6.71 ns)

 <State 110>: 6.71ns
The critical path consists of the following:
	'fdiv' operation ('div_3', matmul.cpp:12) [165]  (6.71 ns)

 <State 111>: 6.71ns
The critical path consists of the following:
	'fdiv' operation ('div_3', matmul.cpp:12) [165]  (6.71 ns)

 <State 112>: 6.71ns
The critical path consists of the following:
	'fdiv' operation ('div_3', matmul.cpp:12) [165]  (6.71 ns)

 <State 113>: 6.71ns
The critical path consists of the following:
	'fdiv' operation ('div_3', matmul.cpp:12) [165]  (6.71 ns)

 <State 114>: 6.02ns
The critical path consists of the following:
	'load' operation ('layer1_weights_3_load', matmul.cpp:12) on array 'layer1_weights_3' [167]  (1.35 ns)
	'fmul' operation ('mul_3', matmul.cpp:12) [168]  (4.67 ns)

 <State 115>: 4.67ns
The critical path consists of the following:
	'fmul' operation ('mul_3', matmul.cpp:12) [168]  (4.67 ns)

 <State 116>: 4.67ns
The critical path consists of the following:
	'fmul' operation ('mul_3', matmul.cpp:12) [168]  (4.67 ns)

 <State 117>: 4.67ns
The critical path consists of the following:
	'fmul' operation ('mul_3', matmul.cpp:12) [168]  (4.67 ns)

 <State 118>: 6.35ns
The critical path consists of the following:
	'icmp' operation ('icmp_ln12_3', matmul.cpp:12) [169]  (0.863 ns)
	'facc' operation ('sum', matmul.cpp:12) [170]  (5.48 ns)

 <State 119>: 5.48ns
The critical path consists of the following:
	'facc' operation ('sum', matmul.cpp:12) [170]  (5.48 ns)

 <State 120>: 5.48ns
The critical path consists of the following:
	'facc' operation ('sum', matmul.cpp:12) [170]  (5.48 ns)

 <State 121>: 7.3ns
The critical path consists of the following:
	bus request on port 'AXI_DATA' (matmul.cpp:12) [175]  (7.3 ns)

 <State 122>: 7.3ns
The critical path consists of the following:
	bus request on port 'AXI_DATA' (matmul.cpp:12) [175]  (7.3 ns)

 <State 123>: 7.3ns
The critical path consists of the following:
	bus request on port 'AXI_DATA' (matmul.cpp:12) [175]  (7.3 ns)

 <State 124>: 7.3ns
The critical path consists of the following:
	bus request on port 'AXI_DATA' (matmul.cpp:12) [175]  (7.3 ns)

 <State 125>: 7.3ns
The critical path consists of the following:
	bus request on port 'AXI_DATA' (matmul.cpp:12) [175]  (7.3 ns)

 <State 126>: 7.3ns
The critical path consists of the following:
	bus request on port 'AXI_DATA' (matmul.cpp:12) [175]  (7.3 ns)

 <State 127>: 7.3ns
The critical path consists of the following:
	bus request on port 'AXI_DATA' (matmul.cpp:12) [175]  (7.3 ns)

 <State 128>: 0.897ns
The critical path consists of the following:
	'phi' operation ('k', matmul.cpp:10) with incoming values : ('add_ln10_4', matmul.cpp:10) [178]  (0 ns)
	'add' operation ('add_ln10_4', matmul.cpp:10) [180]  (0.897 ns)

 <State 129>: 7.3ns
The critical path consists of the following:
	bus read on port 'AXI_DATA' (matmul.cpp:12) [188]  (7.3 ns)

 <State 130>: 6.67ns
The critical path consists of the following:
	'uitofp' operation ('conv_4', matmul.cpp:12) [190]  (6.67 ns)

 <State 131>: 6.67ns
The critical path consists of the following:
	'uitofp' operation ('conv_4', matmul.cpp:12) [190]  (6.67 ns)

 <State 132>: 6.67ns
The critical path consists of the following:
	'uitofp' operation ('conv_4', matmul.cpp:12) [190]  (6.67 ns)

 <State 133>: 6.67ns
The critical path consists of the following:
	'uitofp' operation ('conv_4', matmul.cpp:12) [190]  (6.67 ns)

 <State 134>: 6.71ns
The critical path consists of the following:
	'fdiv' operation ('div_4', matmul.cpp:12) [191]  (6.71 ns)

 <State 135>: 6.71ns
The critical path consists of the following:
	'fdiv' operation ('div_4', matmul.cpp:12) [191]  (6.71 ns)

 <State 136>: 6.71ns
The critical path consists of the following:
	'fdiv' operation ('div_4', matmul.cpp:12) [191]  (6.71 ns)

 <State 137>: 6.71ns
The critical path consists of the following:
	'fdiv' operation ('div_4', matmul.cpp:12) [191]  (6.71 ns)

 <State 138>: 6.71ns
The critical path consists of the following:
	'fdiv' operation ('div_4', matmul.cpp:12) [191]  (6.71 ns)

 <State 139>: 6.71ns
The critical path consists of the following:
	'fdiv' operation ('div_4', matmul.cpp:12) [191]  (6.71 ns)

 <State 140>: 6.71ns
The critical path consists of the following:
	'fdiv' operation ('div_4', matmul.cpp:12) [191]  (6.71 ns)

 <State 141>: 6.71ns
The critical path consists of the following:
	'fdiv' operation ('div_4', matmul.cpp:12) [191]  (6.71 ns)

 <State 142>: 6.71ns
The critical path consists of the following:
	'fdiv' operation ('div_4', matmul.cpp:12) [191]  (6.71 ns)

 <State 143>: 6.71ns
The critical path consists of the following:
	'fdiv' operation ('div_4', matmul.cpp:12) [191]  (6.71 ns)

 <State 144>: 6.02ns
The critical path consists of the following:
	'load' operation ('layer1_weights_4_load', matmul.cpp:12) on array 'layer1_weights_4' [193]  (1.35 ns)
	'fmul' operation ('mul_4', matmul.cpp:12) [194]  (4.67 ns)

 <State 145>: 4.67ns
The critical path consists of the following:
	'fmul' operation ('mul_4', matmul.cpp:12) [194]  (4.67 ns)

 <State 146>: 4.67ns
The critical path consists of the following:
	'fmul' operation ('mul_4', matmul.cpp:12) [194]  (4.67 ns)

 <State 147>: 4.67ns
The critical path consists of the following:
	'fmul' operation ('mul_4', matmul.cpp:12) [194]  (4.67 ns)

 <State 148>: 6.35ns
The critical path consists of the following:
	'icmp' operation ('icmp_ln12_4', matmul.cpp:12) [195]  (0.863 ns)
	'facc' operation ('sum', matmul.cpp:12) [196]  (5.48 ns)

 <State 149>: 5.48ns
The critical path consists of the following:
	'facc' operation ('sum', matmul.cpp:12) [196]  (5.48 ns)

 <State 150>: 5.48ns
The critical path consists of the following:
	'facc' operation ('sum', matmul.cpp:12) [196]  (5.48 ns)

 <State 151>: 7.3ns
The critical path consists of the following:
	bus request on port 'AXI_DATA' (matmul.cpp:12) [201]  (7.3 ns)

 <State 152>: 7.3ns
The critical path consists of the following:
	bus request on port 'AXI_DATA' (matmul.cpp:12) [201]  (7.3 ns)

 <State 153>: 7.3ns
The critical path consists of the following:
	bus request on port 'AXI_DATA' (matmul.cpp:12) [201]  (7.3 ns)

 <State 154>: 7.3ns
The critical path consists of the following:
	bus request on port 'AXI_DATA' (matmul.cpp:12) [201]  (7.3 ns)

 <State 155>: 7.3ns
The critical path consists of the following:
	bus request on port 'AXI_DATA' (matmul.cpp:12) [201]  (7.3 ns)

 <State 156>: 7.3ns
The critical path consists of the following:
	bus request on port 'AXI_DATA' (matmul.cpp:12) [201]  (7.3 ns)

 <State 157>: 7.3ns
The critical path consists of the following:
	bus request on port 'AXI_DATA' (matmul.cpp:12) [201]  (7.3 ns)

 <State 158>: 0.897ns
The critical path consists of the following:
	'phi' operation ('k', matmul.cpp:10) with incoming values : ('add_ln10_5', matmul.cpp:10) [204]  (0 ns)
	'add' operation ('add_ln10_5', matmul.cpp:10) [206]  (0.897 ns)

 <State 159>: 7.3ns
The critical path consists of the following:
	bus read on port 'AXI_DATA' (matmul.cpp:12) [214]  (7.3 ns)

 <State 160>: 6.67ns
The critical path consists of the following:
	'uitofp' operation ('conv_5', matmul.cpp:12) [216]  (6.67 ns)

 <State 161>: 6.67ns
The critical path consists of the following:
	'uitofp' operation ('conv_5', matmul.cpp:12) [216]  (6.67 ns)

 <State 162>: 6.67ns
The critical path consists of the following:
	'uitofp' operation ('conv_5', matmul.cpp:12) [216]  (6.67 ns)

 <State 163>: 6.67ns
The critical path consists of the following:
	'uitofp' operation ('conv_5', matmul.cpp:12) [216]  (6.67 ns)

 <State 164>: 6.71ns
The critical path consists of the following:
	'fdiv' operation ('div_5', matmul.cpp:12) [217]  (6.71 ns)

 <State 165>: 6.71ns
The critical path consists of the following:
	'fdiv' operation ('div_5', matmul.cpp:12) [217]  (6.71 ns)

 <State 166>: 6.71ns
The critical path consists of the following:
	'fdiv' operation ('div_5', matmul.cpp:12) [217]  (6.71 ns)

 <State 167>: 6.71ns
The critical path consists of the following:
	'fdiv' operation ('div_5', matmul.cpp:12) [217]  (6.71 ns)

 <State 168>: 6.71ns
The critical path consists of the following:
	'fdiv' operation ('div_5', matmul.cpp:12) [217]  (6.71 ns)

 <State 169>: 6.71ns
The critical path consists of the following:
	'fdiv' operation ('div_5', matmul.cpp:12) [217]  (6.71 ns)

 <State 170>: 6.71ns
The critical path consists of the following:
	'fdiv' operation ('div_5', matmul.cpp:12) [217]  (6.71 ns)

 <State 171>: 6.71ns
The critical path consists of the following:
	'fdiv' operation ('div_5', matmul.cpp:12) [217]  (6.71 ns)

 <State 172>: 6.71ns
The critical path consists of the following:
	'fdiv' operation ('div_5', matmul.cpp:12) [217]  (6.71 ns)

 <State 173>: 6.71ns
The critical path consists of the following:
	'fdiv' operation ('div_5', matmul.cpp:12) [217]  (6.71 ns)

 <State 174>: 6.02ns
The critical path consists of the following:
	'load' operation ('layer1_weights_5_load', matmul.cpp:12) on array 'layer1_weights_5' [219]  (1.35 ns)
	'fmul' operation ('mul_5', matmul.cpp:12) [220]  (4.67 ns)

 <State 175>: 4.67ns
The critical path consists of the following:
	'fmul' operation ('mul_5', matmul.cpp:12) [220]  (4.67 ns)

 <State 176>: 4.67ns
The critical path consists of the following:
	'fmul' operation ('mul_5', matmul.cpp:12) [220]  (4.67 ns)

 <State 177>: 4.67ns
The critical path consists of the following:
	'fmul' operation ('mul_5', matmul.cpp:12) [220]  (4.67 ns)

 <State 178>: 6.35ns
The critical path consists of the following:
	'icmp' operation ('icmp_ln12_5', matmul.cpp:12) [221]  (0.863 ns)
	'facc' operation ('sum', matmul.cpp:12) [222]  (5.48 ns)

 <State 179>: 5.48ns
The critical path consists of the following:
	'facc' operation ('sum', matmul.cpp:12) [222]  (5.48 ns)

 <State 180>: 5.48ns
The critical path consists of the following:
	'facc' operation ('sum', matmul.cpp:12) [222]  (5.48 ns)

 <State 181>: 7.3ns
The critical path consists of the following:
	bus request on port 'AXI_DATA' (matmul.cpp:12) [227]  (7.3 ns)

 <State 182>: 7.3ns
The critical path consists of the following:
	bus request on port 'AXI_DATA' (matmul.cpp:12) [227]  (7.3 ns)

 <State 183>: 7.3ns
The critical path consists of the following:
	bus request on port 'AXI_DATA' (matmul.cpp:12) [227]  (7.3 ns)

 <State 184>: 7.3ns
The critical path consists of the following:
	bus request on port 'AXI_DATA' (matmul.cpp:12) [227]  (7.3 ns)

 <State 185>: 7.3ns
The critical path consists of the following:
	bus request on port 'AXI_DATA' (matmul.cpp:12) [227]  (7.3 ns)

 <State 186>: 7.3ns
The critical path consists of the following:
	bus request on port 'AXI_DATA' (matmul.cpp:12) [227]  (7.3 ns)

 <State 187>: 7.3ns
The critical path consists of the following:
	bus request on port 'AXI_DATA' (matmul.cpp:12) [227]  (7.3 ns)

 <State 188>: 0.897ns
The critical path consists of the following:
	'phi' operation ('k', matmul.cpp:10) with incoming values : ('add_ln10_6', matmul.cpp:10) [230]  (0 ns)
	'add' operation ('add_ln10_6', matmul.cpp:10) [232]  (0.897 ns)

 <State 189>: 7.3ns
The critical path consists of the following:
	bus read on port 'AXI_DATA' (matmul.cpp:12) [240]  (7.3 ns)

 <State 190>: 6.67ns
The critical path consists of the following:
	'uitofp' operation ('conv_6', matmul.cpp:12) [242]  (6.67 ns)

 <State 191>: 6.67ns
The critical path consists of the following:
	'uitofp' operation ('conv_6', matmul.cpp:12) [242]  (6.67 ns)

 <State 192>: 6.67ns
The critical path consists of the following:
	'uitofp' operation ('conv_6', matmul.cpp:12) [242]  (6.67 ns)

 <State 193>: 6.67ns
The critical path consists of the following:
	'uitofp' operation ('conv_6', matmul.cpp:12) [242]  (6.67 ns)

 <State 194>: 6.71ns
The critical path consists of the following:
	'fdiv' operation ('div_6', matmul.cpp:12) [243]  (6.71 ns)

 <State 195>: 6.71ns
The critical path consists of the following:
	'fdiv' operation ('div_6', matmul.cpp:12) [243]  (6.71 ns)

 <State 196>: 6.71ns
The critical path consists of the following:
	'fdiv' operation ('div_6', matmul.cpp:12) [243]  (6.71 ns)

 <State 197>: 6.71ns
The critical path consists of the following:
	'fdiv' operation ('div_6', matmul.cpp:12) [243]  (6.71 ns)

 <State 198>: 6.71ns
The critical path consists of the following:
	'fdiv' operation ('div_6', matmul.cpp:12) [243]  (6.71 ns)

 <State 199>: 6.71ns
The critical path consists of the following:
	'fdiv' operation ('div_6', matmul.cpp:12) [243]  (6.71 ns)

 <State 200>: 6.71ns
The critical path consists of the following:
	'fdiv' operation ('div_6', matmul.cpp:12) [243]  (6.71 ns)

 <State 201>: 6.71ns
The critical path consists of the following:
	'fdiv' operation ('div_6', matmul.cpp:12) [243]  (6.71 ns)

 <State 202>: 6.71ns
The critical path consists of the following:
	'fdiv' operation ('div_6', matmul.cpp:12) [243]  (6.71 ns)

 <State 203>: 6.71ns
The critical path consists of the following:
	'fdiv' operation ('div_6', matmul.cpp:12) [243]  (6.71 ns)

 <State 204>: 6.02ns
The critical path consists of the following:
	'load' operation ('layer1_weights_6_load', matmul.cpp:12) on array 'layer1_weights_6' [245]  (1.35 ns)
	'fmul' operation ('mul_6', matmul.cpp:12) [246]  (4.67 ns)

 <State 205>: 4.67ns
The critical path consists of the following:
	'fmul' operation ('mul_6', matmul.cpp:12) [246]  (4.67 ns)

 <State 206>: 4.67ns
The critical path consists of the following:
	'fmul' operation ('mul_6', matmul.cpp:12) [246]  (4.67 ns)

 <State 207>: 4.67ns
The critical path consists of the following:
	'fmul' operation ('mul_6', matmul.cpp:12) [246]  (4.67 ns)

 <State 208>: 6.35ns
The critical path consists of the following:
	'icmp' operation ('icmp_ln12_6', matmul.cpp:12) [247]  (0.863 ns)
	'facc' operation ('sum', matmul.cpp:12) [248]  (5.48 ns)

 <State 209>: 5.48ns
The critical path consists of the following:
	'facc' operation ('sum', matmul.cpp:12) [248]  (5.48 ns)

 <State 210>: 5.48ns
The critical path consists of the following:
	'facc' operation ('sum', matmul.cpp:12) [248]  (5.48 ns)

 <State 211>: 7.3ns
The critical path consists of the following:
	bus request on port 'AXI_DATA' (matmul.cpp:12) [253]  (7.3 ns)

 <State 212>: 7.3ns
The critical path consists of the following:
	bus request on port 'AXI_DATA' (matmul.cpp:12) [253]  (7.3 ns)

 <State 213>: 7.3ns
The critical path consists of the following:
	bus request on port 'AXI_DATA' (matmul.cpp:12) [253]  (7.3 ns)

 <State 214>: 7.3ns
The critical path consists of the following:
	bus request on port 'AXI_DATA' (matmul.cpp:12) [253]  (7.3 ns)

 <State 215>: 7.3ns
The critical path consists of the following:
	bus request on port 'AXI_DATA' (matmul.cpp:12) [253]  (7.3 ns)

 <State 216>: 7.3ns
The critical path consists of the following:
	bus request on port 'AXI_DATA' (matmul.cpp:12) [253]  (7.3 ns)

 <State 217>: 7.3ns
The critical path consists of the following:
	bus request on port 'AXI_DATA' (matmul.cpp:12) [253]  (7.3 ns)

 <State 218>: 0.897ns
The critical path consists of the following:
	'phi' operation ('k', matmul.cpp:10) with incoming values : ('add_ln10_7', matmul.cpp:10) [256]  (0 ns)
	'add' operation ('add_ln10_7', matmul.cpp:10) [258]  (0.897 ns)

 <State 219>: 7.3ns
The critical path consists of the following:
	bus read on port 'AXI_DATA' (matmul.cpp:12) [266]  (7.3 ns)

 <State 220>: 6.67ns
The critical path consists of the following:
	'uitofp' operation ('conv_7', matmul.cpp:12) [268]  (6.67 ns)

 <State 221>: 6.67ns
The critical path consists of the following:
	'uitofp' operation ('conv_7', matmul.cpp:12) [268]  (6.67 ns)

 <State 222>: 6.67ns
The critical path consists of the following:
	'uitofp' operation ('conv_7', matmul.cpp:12) [268]  (6.67 ns)

 <State 223>: 6.67ns
The critical path consists of the following:
	'uitofp' operation ('conv_7', matmul.cpp:12) [268]  (6.67 ns)

 <State 224>: 6.71ns
The critical path consists of the following:
	'fdiv' operation ('div_7', matmul.cpp:12) [269]  (6.71 ns)

 <State 225>: 6.71ns
The critical path consists of the following:
	'fdiv' operation ('div_7', matmul.cpp:12) [269]  (6.71 ns)

 <State 226>: 6.71ns
The critical path consists of the following:
	'fdiv' operation ('div_7', matmul.cpp:12) [269]  (6.71 ns)

 <State 227>: 6.71ns
The critical path consists of the following:
	'fdiv' operation ('div_7', matmul.cpp:12) [269]  (6.71 ns)

 <State 228>: 6.71ns
The critical path consists of the following:
	'fdiv' operation ('div_7', matmul.cpp:12) [269]  (6.71 ns)

 <State 229>: 6.71ns
The critical path consists of the following:
	'fdiv' operation ('div_7', matmul.cpp:12) [269]  (6.71 ns)

 <State 230>: 6.71ns
The critical path consists of the following:
	'fdiv' operation ('div_7', matmul.cpp:12) [269]  (6.71 ns)

 <State 231>: 6.71ns
The critical path consists of the following:
	'fdiv' operation ('div_7', matmul.cpp:12) [269]  (6.71 ns)

 <State 232>: 6.71ns
The critical path consists of the following:
	'fdiv' operation ('div_7', matmul.cpp:12) [269]  (6.71 ns)

 <State 233>: 6.71ns
The critical path consists of the following:
	'fdiv' operation ('div_7', matmul.cpp:12) [269]  (6.71 ns)

 <State 234>: 6.02ns
The critical path consists of the following:
	'load' operation ('layer1_weights_7_load', matmul.cpp:12) on array 'layer1_weights_7' [271]  (1.35 ns)
	'fmul' operation ('mul_7', matmul.cpp:12) [272]  (4.67 ns)

 <State 235>: 4.67ns
The critical path consists of the following:
	'fmul' operation ('mul_7', matmul.cpp:12) [272]  (4.67 ns)

 <State 236>: 4.67ns
The critical path consists of the following:
	'fmul' operation ('mul_7', matmul.cpp:12) [272]  (4.67 ns)

 <State 237>: 4.67ns
The critical path consists of the following:
	'fmul' operation ('mul_7', matmul.cpp:12) [272]  (4.67 ns)

 <State 238>: 6.35ns
The critical path consists of the following:
	'icmp' operation ('icmp_ln12_7', matmul.cpp:12) [273]  (0.863 ns)
	'facc' operation ('sum', matmul.cpp:12) [274]  (5.48 ns)

 <State 239>: 5.48ns
The critical path consists of the following:
	'facc' operation ('sum', matmul.cpp:12) [274]  (5.48 ns)

 <State 240>: 5.48ns
The critical path consists of the following:
	'facc' operation ('sum', matmul.cpp:12) [274]  (5.48 ns)

 <State 241>: 7.3ns
The critical path consists of the following:
	bus request on port 'AXI_DATA' (matmul.cpp:12) [279]  (7.3 ns)

 <State 242>: 7.3ns
The critical path consists of the following:
	bus request on port 'AXI_DATA' (matmul.cpp:12) [279]  (7.3 ns)

 <State 243>: 7.3ns
The critical path consists of the following:
	bus request on port 'AXI_DATA' (matmul.cpp:12) [279]  (7.3 ns)

 <State 244>: 7.3ns
The critical path consists of the following:
	bus request on port 'AXI_DATA' (matmul.cpp:12) [279]  (7.3 ns)

 <State 245>: 7.3ns
The critical path consists of the following:
	bus request on port 'AXI_DATA' (matmul.cpp:12) [279]  (7.3 ns)

 <State 246>: 7.3ns
The critical path consists of the following:
	bus request on port 'AXI_DATA' (matmul.cpp:12) [279]  (7.3 ns)

 <State 247>: 7.3ns
The critical path consists of the following:
	bus request on port 'AXI_DATA' (matmul.cpp:12) [279]  (7.3 ns)

 <State 248>: 0.897ns
The critical path consists of the following:
	'phi' operation ('k', matmul.cpp:10) with incoming values : ('add_ln10_8', matmul.cpp:10) [282]  (0 ns)
	'add' operation ('add_ln10_8', matmul.cpp:10) [284]  (0.897 ns)

 <State 249>: 7.3ns
The critical path consists of the following:
	bus read on port 'AXI_DATA' (matmul.cpp:12) [292]  (7.3 ns)

 <State 250>: 6.67ns
The critical path consists of the following:
	'uitofp' operation ('conv_8', matmul.cpp:12) [294]  (6.67 ns)

 <State 251>: 6.67ns
The critical path consists of the following:
	'uitofp' operation ('conv_8', matmul.cpp:12) [294]  (6.67 ns)

 <State 252>: 6.67ns
The critical path consists of the following:
	'uitofp' operation ('conv_8', matmul.cpp:12) [294]  (6.67 ns)

 <State 253>: 6.67ns
The critical path consists of the following:
	'uitofp' operation ('conv_8', matmul.cpp:12) [294]  (6.67 ns)

 <State 254>: 6.71ns
The critical path consists of the following:
	'fdiv' operation ('div_8', matmul.cpp:12) [295]  (6.71 ns)

 <State 255>: 6.71ns
The critical path consists of the following:
	'fdiv' operation ('div_8', matmul.cpp:12) [295]  (6.71 ns)

 <State 256>: 6.71ns
The critical path consists of the following:
	'fdiv' operation ('div_8', matmul.cpp:12) [295]  (6.71 ns)

 <State 257>: 6.71ns
The critical path consists of the following:
	'fdiv' operation ('div_8', matmul.cpp:12) [295]  (6.71 ns)

 <State 258>: 6.71ns
The critical path consists of the following:
	'fdiv' operation ('div_8', matmul.cpp:12) [295]  (6.71 ns)

 <State 259>: 6.71ns
The critical path consists of the following:
	'fdiv' operation ('div_8', matmul.cpp:12) [295]  (6.71 ns)

 <State 260>: 6.71ns
The critical path consists of the following:
	'fdiv' operation ('div_8', matmul.cpp:12) [295]  (6.71 ns)

 <State 261>: 6.71ns
The critical path consists of the following:
	'fdiv' operation ('div_8', matmul.cpp:12) [295]  (6.71 ns)

 <State 262>: 6.71ns
The critical path consists of the following:
	'fdiv' operation ('div_8', matmul.cpp:12) [295]  (6.71 ns)

 <State 263>: 6.71ns
The critical path consists of the following:
	'fdiv' operation ('div_8', matmul.cpp:12) [295]  (6.71 ns)

 <State 264>: 6.02ns
The critical path consists of the following:
	'load' operation ('layer1_weights_8_load', matmul.cpp:12) on array 'layer1_weights_8' [297]  (1.35 ns)
	'fmul' operation ('mul_8', matmul.cpp:12) [298]  (4.67 ns)

 <State 265>: 4.67ns
The critical path consists of the following:
	'fmul' operation ('mul_8', matmul.cpp:12) [298]  (4.67 ns)

 <State 266>: 4.67ns
The critical path consists of the following:
	'fmul' operation ('mul_8', matmul.cpp:12) [298]  (4.67 ns)

 <State 267>: 4.67ns
The critical path consists of the following:
	'fmul' operation ('mul_8', matmul.cpp:12) [298]  (4.67 ns)

 <State 268>: 6.35ns
The critical path consists of the following:
	'icmp' operation ('icmp_ln12_8', matmul.cpp:12) [299]  (0.863 ns)
	'facc' operation ('sum', matmul.cpp:12) [300]  (5.48 ns)

 <State 269>: 5.48ns
The critical path consists of the following:
	'facc' operation ('sum', matmul.cpp:12) [300]  (5.48 ns)

 <State 270>: 5.48ns
The critical path consists of the following:
	'facc' operation ('sum', matmul.cpp:12) [300]  (5.48 ns)

 <State 271>: 7.3ns
The critical path consists of the following:
	bus request on port 'AXI_DATA' (matmul.cpp:12) [305]  (7.3 ns)

 <State 272>: 7.3ns
The critical path consists of the following:
	bus request on port 'AXI_DATA' (matmul.cpp:12) [305]  (7.3 ns)

 <State 273>: 7.3ns
The critical path consists of the following:
	bus request on port 'AXI_DATA' (matmul.cpp:12) [305]  (7.3 ns)

 <State 274>: 7.3ns
The critical path consists of the following:
	bus request on port 'AXI_DATA' (matmul.cpp:12) [305]  (7.3 ns)

 <State 275>: 7.3ns
The critical path consists of the following:
	bus request on port 'AXI_DATA' (matmul.cpp:12) [305]  (7.3 ns)

 <State 276>: 7.3ns
The critical path consists of the following:
	bus request on port 'AXI_DATA' (matmul.cpp:12) [305]  (7.3 ns)

 <State 277>: 7.3ns
The critical path consists of the following:
	bus request on port 'AXI_DATA' (matmul.cpp:12) [305]  (7.3 ns)

 <State 278>: 0.897ns
The critical path consists of the following:
	'phi' operation ('k', matmul.cpp:10) with incoming values : ('add_ln10_9', matmul.cpp:10) [308]  (0 ns)
	'add' operation ('add_ln10_9', matmul.cpp:10) [310]  (0.897 ns)

 <State 279>: 7.3ns
The critical path consists of the following:
	bus read on port 'AXI_DATA' (matmul.cpp:12) [318]  (7.3 ns)

 <State 280>: 6.67ns
The critical path consists of the following:
	'uitofp' operation ('conv_9', matmul.cpp:12) [320]  (6.67 ns)

 <State 281>: 6.67ns
The critical path consists of the following:
	'uitofp' operation ('conv_9', matmul.cpp:12) [320]  (6.67 ns)

 <State 282>: 6.67ns
The critical path consists of the following:
	'uitofp' operation ('conv_9', matmul.cpp:12) [320]  (6.67 ns)

 <State 283>: 6.67ns
The critical path consists of the following:
	'uitofp' operation ('conv_9', matmul.cpp:12) [320]  (6.67 ns)

 <State 284>: 6.71ns
The critical path consists of the following:
	'fdiv' operation ('div_9', matmul.cpp:12) [321]  (6.71 ns)

 <State 285>: 6.71ns
The critical path consists of the following:
	'fdiv' operation ('div_9', matmul.cpp:12) [321]  (6.71 ns)

 <State 286>: 6.71ns
The critical path consists of the following:
	'fdiv' operation ('div_9', matmul.cpp:12) [321]  (6.71 ns)

 <State 287>: 6.71ns
The critical path consists of the following:
	'fdiv' operation ('div_9', matmul.cpp:12) [321]  (6.71 ns)

 <State 288>: 6.71ns
The critical path consists of the following:
	'fdiv' operation ('div_9', matmul.cpp:12) [321]  (6.71 ns)

 <State 289>: 6.71ns
The critical path consists of the following:
	'fdiv' operation ('div_9', matmul.cpp:12) [321]  (6.71 ns)

 <State 290>: 6.71ns
The critical path consists of the following:
	'fdiv' operation ('div_9', matmul.cpp:12) [321]  (6.71 ns)

 <State 291>: 6.71ns
The critical path consists of the following:
	'fdiv' operation ('div_9', matmul.cpp:12) [321]  (6.71 ns)

 <State 292>: 6.71ns
The critical path consists of the following:
	'fdiv' operation ('div_9', matmul.cpp:12) [321]  (6.71 ns)

 <State 293>: 6.71ns
The critical path consists of the following:
	'fdiv' operation ('div_9', matmul.cpp:12) [321]  (6.71 ns)

 <State 294>: 6.02ns
The critical path consists of the following:
	'load' operation ('layer1_weights_9_load', matmul.cpp:12) on array 'layer1_weights_9' [323]  (1.35 ns)
	'fmul' operation ('mul_9', matmul.cpp:12) [324]  (4.67 ns)

 <State 295>: 4.67ns
The critical path consists of the following:
	'fmul' operation ('mul_9', matmul.cpp:12) [324]  (4.67 ns)

 <State 296>: 4.67ns
The critical path consists of the following:
	'fmul' operation ('mul_9', matmul.cpp:12) [324]  (4.67 ns)

 <State 297>: 4.67ns
The critical path consists of the following:
	'fmul' operation ('mul_9', matmul.cpp:12) [324]  (4.67 ns)

 <State 298>: 6.35ns
The critical path consists of the following:
	'icmp' operation ('icmp_ln12_9', matmul.cpp:12) [325]  (0.863 ns)
	'facc' operation ('sum', matmul.cpp:12) [326]  (5.48 ns)

 <State 299>: 5.48ns
The critical path consists of the following:
	'facc' operation ('sum', matmul.cpp:12) [326]  (5.48 ns)

 <State 300>: 5.48ns
The critical path consists of the following:
	'facc' operation ('sum', matmul.cpp:12) [326]  (5.48 ns)

 <State 301>: 7.3ns
The critical path consists of the following:
	bus request on port 'AXI_DATA' (matmul.cpp:12) [331]  (7.3 ns)

 <State 302>: 7.3ns
The critical path consists of the following:
	bus request on port 'AXI_DATA' (matmul.cpp:12) [331]  (7.3 ns)

 <State 303>: 7.3ns
The critical path consists of the following:
	bus request on port 'AXI_DATA' (matmul.cpp:12) [331]  (7.3 ns)

 <State 304>: 7.3ns
The critical path consists of the following:
	bus request on port 'AXI_DATA' (matmul.cpp:12) [331]  (7.3 ns)

 <State 305>: 7.3ns
The critical path consists of the following:
	bus request on port 'AXI_DATA' (matmul.cpp:12) [331]  (7.3 ns)

 <State 306>: 7.3ns
The critical path consists of the following:
	bus request on port 'AXI_DATA' (matmul.cpp:12) [331]  (7.3 ns)

 <State 307>: 7.3ns
The critical path consists of the following:
	bus request on port 'AXI_DATA' (matmul.cpp:12) [331]  (7.3 ns)

 <State 308>: 0.897ns
The critical path consists of the following:
	'phi' operation ('k', matmul.cpp:10) with incoming values : ('add_ln10_10', matmul.cpp:10) [334]  (0 ns)
	'add' operation ('add_ln10_10', matmul.cpp:10) [336]  (0.897 ns)

 <State 309>: 7.3ns
The critical path consists of the following:
	bus read on port 'AXI_DATA' (matmul.cpp:12) [344]  (7.3 ns)

 <State 310>: 6.67ns
The critical path consists of the following:
	'uitofp' operation ('conv_s', matmul.cpp:12) [346]  (6.67 ns)

 <State 311>: 6.67ns
The critical path consists of the following:
	'uitofp' operation ('conv_s', matmul.cpp:12) [346]  (6.67 ns)

 <State 312>: 6.67ns
The critical path consists of the following:
	'uitofp' operation ('conv_s', matmul.cpp:12) [346]  (6.67 ns)

 <State 313>: 6.67ns
The critical path consists of the following:
	'uitofp' operation ('conv_s', matmul.cpp:12) [346]  (6.67 ns)

 <State 314>: 6.71ns
The critical path consists of the following:
	'fdiv' operation ('div_s', matmul.cpp:12) [347]  (6.71 ns)

 <State 315>: 6.71ns
The critical path consists of the following:
	'fdiv' operation ('div_s', matmul.cpp:12) [347]  (6.71 ns)

 <State 316>: 6.71ns
The critical path consists of the following:
	'fdiv' operation ('div_s', matmul.cpp:12) [347]  (6.71 ns)

 <State 317>: 6.71ns
The critical path consists of the following:
	'fdiv' operation ('div_s', matmul.cpp:12) [347]  (6.71 ns)

 <State 318>: 6.71ns
The critical path consists of the following:
	'fdiv' operation ('div_s', matmul.cpp:12) [347]  (6.71 ns)

 <State 319>: 6.71ns
The critical path consists of the following:
	'fdiv' operation ('div_s', matmul.cpp:12) [347]  (6.71 ns)

 <State 320>: 6.71ns
The critical path consists of the following:
	'fdiv' operation ('div_s', matmul.cpp:12) [347]  (6.71 ns)

 <State 321>: 6.71ns
The critical path consists of the following:
	'fdiv' operation ('div_s', matmul.cpp:12) [347]  (6.71 ns)

 <State 322>: 6.71ns
The critical path consists of the following:
	'fdiv' operation ('div_s', matmul.cpp:12) [347]  (6.71 ns)

 <State 323>: 6.71ns
The critical path consists of the following:
	'fdiv' operation ('div_s', matmul.cpp:12) [347]  (6.71 ns)

 <State 324>: 6.02ns
The critical path consists of the following:
	'load' operation ('layer1_weights_10_load', matmul.cpp:12) on array 'layer1_weights_10' [349]  (1.35 ns)
	'fmul' operation ('mul_s', matmul.cpp:12) [350]  (4.67 ns)

 <State 325>: 4.67ns
The critical path consists of the following:
	'fmul' operation ('mul_s', matmul.cpp:12) [350]  (4.67 ns)

 <State 326>: 4.67ns
The critical path consists of the following:
	'fmul' operation ('mul_s', matmul.cpp:12) [350]  (4.67 ns)

 <State 327>: 4.67ns
The critical path consists of the following:
	'fmul' operation ('mul_s', matmul.cpp:12) [350]  (4.67 ns)

 <State 328>: 6.35ns
The critical path consists of the following:
	'icmp' operation ('icmp_ln12_10', matmul.cpp:12) [351]  (0.863 ns)
	'facc' operation ('sum', matmul.cpp:12) [352]  (5.48 ns)

 <State 329>: 5.48ns
The critical path consists of the following:
	'facc' operation ('sum', matmul.cpp:12) [352]  (5.48 ns)

 <State 330>: 5.48ns
The critical path consists of the following:
	'facc' operation ('sum', matmul.cpp:12) [352]  (5.48 ns)

 <State 331>: 7.3ns
The critical path consists of the following:
	bus request on port 'AXI_DATA' (matmul.cpp:12) [357]  (7.3 ns)

 <State 332>: 7.3ns
The critical path consists of the following:
	bus request on port 'AXI_DATA' (matmul.cpp:12) [357]  (7.3 ns)

 <State 333>: 7.3ns
The critical path consists of the following:
	bus request on port 'AXI_DATA' (matmul.cpp:12) [357]  (7.3 ns)

 <State 334>: 7.3ns
The critical path consists of the following:
	bus request on port 'AXI_DATA' (matmul.cpp:12) [357]  (7.3 ns)

 <State 335>: 7.3ns
The critical path consists of the following:
	bus request on port 'AXI_DATA' (matmul.cpp:12) [357]  (7.3 ns)

 <State 336>: 7.3ns
The critical path consists of the following:
	bus request on port 'AXI_DATA' (matmul.cpp:12) [357]  (7.3 ns)

 <State 337>: 7.3ns
The critical path consists of the following:
	bus request on port 'AXI_DATA' (matmul.cpp:12) [357]  (7.3 ns)

 <State 338>: 0.897ns
The critical path consists of the following:
	'phi' operation ('k', matmul.cpp:10) with incoming values : ('add_ln10_11', matmul.cpp:10) [360]  (0 ns)
	'add' operation ('add_ln10_11', matmul.cpp:10) [362]  (0.897 ns)

 <State 339>: 7.3ns
The critical path consists of the following:
	bus read on port 'AXI_DATA' (matmul.cpp:12) [370]  (7.3 ns)

 <State 340>: 6.67ns
The critical path consists of the following:
	'uitofp' operation ('conv_10', matmul.cpp:12) [372]  (6.67 ns)

 <State 341>: 6.67ns
The critical path consists of the following:
	'uitofp' operation ('conv_10', matmul.cpp:12) [372]  (6.67 ns)

 <State 342>: 6.67ns
The critical path consists of the following:
	'uitofp' operation ('conv_10', matmul.cpp:12) [372]  (6.67 ns)

 <State 343>: 6.67ns
The critical path consists of the following:
	'uitofp' operation ('conv_10', matmul.cpp:12) [372]  (6.67 ns)

 <State 344>: 6.71ns
The critical path consists of the following:
	'fdiv' operation ('div_10', matmul.cpp:12) [373]  (6.71 ns)

 <State 345>: 6.71ns
The critical path consists of the following:
	'fdiv' operation ('div_10', matmul.cpp:12) [373]  (6.71 ns)

 <State 346>: 6.71ns
The critical path consists of the following:
	'fdiv' operation ('div_10', matmul.cpp:12) [373]  (6.71 ns)

 <State 347>: 6.71ns
The critical path consists of the following:
	'fdiv' operation ('div_10', matmul.cpp:12) [373]  (6.71 ns)

 <State 348>: 6.71ns
The critical path consists of the following:
	'fdiv' operation ('div_10', matmul.cpp:12) [373]  (6.71 ns)

 <State 349>: 6.71ns
The critical path consists of the following:
	'fdiv' operation ('div_10', matmul.cpp:12) [373]  (6.71 ns)

 <State 350>: 6.71ns
The critical path consists of the following:
	'fdiv' operation ('div_10', matmul.cpp:12) [373]  (6.71 ns)

 <State 351>: 6.71ns
The critical path consists of the following:
	'fdiv' operation ('div_10', matmul.cpp:12) [373]  (6.71 ns)

 <State 352>: 6.71ns
The critical path consists of the following:
	'fdiv' operation ('div_10', matmul.cpp:12) [373]  (6.71 ns)

 <State 353>: 6.71ns
The critical path consists of the following:
	'fdiv' operation ('div_10', matmul.cpp:12) [373]  (6.71 ns)

 <State 354>: 6.02ns
The critical path consists of the following:
	'load' operation ('layer1_weights_11_load', matmul.cpp:12) on array 'layer1_weights_11' [375]  (1.35 ns)
	'fmul' operation ('mul_10', matmul.cpp:12) [376]  (4.67 ns)

 <State 355>: 4.67ns
The critical path consists of the following:
	'fmul' operation ('mul_10', matmul.cpp:12) [376]  (4.67 ns)

 <State 356>: 4.67ns
The critical path consists of the following:
	'fmul' operation ('mul_10', matmul.cpp:12) [376]  (4.67 ns)

 <State 357>: 4.67ns
The critical path consists of the following:
	'fmul' operation ('mul_10', matmul.cpp:12) [376]  (4.67 ns)

 <State 358>: 6.35ns
The critical path consists of the following:
	'icmp' operation ('icmp_ln12_11', matmul.cpp:12) [377]  (0.863 ns)
	'facc' operation ('sum', matmul.cpp:12) [378]  (5.48 ns)

 <State 359>: 5.48ns
The critical path consists of the following:
	'facc' operation ('sum', matmul.cpp:12) [378]  (5.48 ns)

 <State 360>: 5.48ns
The critical path consists of the following:
	'facc' operation ('sum', matmul.cpp:12) [378]  (5.48 ns)

 <State 361>: 7.3ns
The critical path consists of the following:
	bus request on port 'AXI_DATA' (matmul.cpp:12) [383]  (7.3 ns)

 <State 362>: 7.3ns
The critical path consists of the following:
	bus request on port 'AXI_DATA' (matmul.cpp:12) [383]  (7.3 ns)

 <State 363>: 7.3ns
The critical path consists of the following:
	bus request on port 'AXI_DATA' (matmul.cpp:12) [383]  (7.3 ns)

 <State 364>: 7.3ns
The critical path consists of the following:
	bus request on port 'AXI_DATA' (matmul.cpp:12) [383]  (7.3 ns)

 <State 365>: 7.3ns
The critical path consists of the following:
	bus request on port 'AXI_DATA' (matmul.cpp:12) [383]  (7.3 ns)

 <State 366>: 7.3ns
The critical path consists of the following:
	bus request on port 'AXI_DATA' (matmul.cpp:12) [383]  (7.3 ns)

 <State 367>: 7.3ns
The critical path consists of the following:
	bus request on port 'AXI_DATA' (matmul.cpp:12) [383]  (7.3 ns)

 <State 368>: 0.897ns
The critical path consists of the following:
	'phi' operation ('k', matmul.cpp:10) with incoming values : ('add_ln10_12', matmul.cpp:10) [386]  (0 ns)
	'add' operation ('add_ln10_12', matmul.cpp:10) [388]  (0.897 ns)

 <State 369>: 7.3ns
The critical path consists of the following:
	bus read on port 'AXI_DATA' (matmul.cpp:12) [396]  (7.3 ns)

 <State 370>: 6.67ns
The critical path consists of the following:
	'uitofp' operation ('conv_11', matmul.cpp:12) [398]  (6.67 ns)

 <State 371>: 6.67ns
The critical path consists of the following:
	'uitofp' operation ('conv_11', matmul.cpp:12) [398]  (6.67 ns)

 <State 372>: 6.67ns
The critical path consists of the following:
	'uitofp' operation ('conv_11', matmul.cpp:12) [398]  (6.67 ns)

 <State 373>: 6.67ns
The critical path consists of the following:
	'uitofp' operation ('conv_11', matmul.cpp:12) [398]  (6.67 ns)

 <State 374>: 6.71ns
The critical path consists of the following:
	'fdiv' operation ('div_11', matmul.cpp:12) [399]  (6.71 ns)

 <State 375>: 6.71ns
The critical path consists of the following:
	'fdiv' operation ('div_11', matmul.cpp:12) [399]  (6.71 ns)

 <State 376>: 6.71ns
The critical path consists of the following:
	'fdiv' operation ('div_11', matmul.cpp:12) [399]  (6.71 ns)

 <State 377>: 6.71ns
The critical path consists of the following:
	'fdiv' operation ('div_11', matmul.cpp:12) [399]  (6.71 ns)

 <State 378>: 6.71ns
The critical path consists of the following:
	'fdiv' operation ('div_11', matmul.cpp:12) [399]  (6.71 ns)

 <State 379>: 6.71ns
The critical path consists of the following:
	'fdiv' operation ('div_11', matmul.cpp:12) [399]  (6.71 ns)

 <State 380>: 6.71ns
The critical path consists of the following:
	'fdiv' operation ('div_11', matmul.cpp:12) [399]  (6.71 ns)

 <State 381>: 6.71ns
The critical path consists of the following:
	'fdiv' operation ('div_11', matmul.cpp:12) [399]  (6.71 ns)

 <State 382>: 6.71ns
The critical path consists of the following:
	'fdiv' operation ('div_11', matmul.cpp:12) [399]  (6.71 ns)

 <State 383>: 6.71ns
The critical path consists of the following:
	'fdiv' operation ('div_11', matmul.cpp:12) [399]  (6.71 ns)

 <State 384>: 6.02ns
The critical path consists of the following:
	'load' operation ('layer1_weights_12_load', matmul.cpp:12) on array 'layer1_weights_12' [401]  (1.35 ns)
	'fmul' operation ('mul_11', matmul.cpp:12) [402]  (4.67 ns)

 <State 385>: 4.67ns
The critical path consists of the following:
	'fmul' operation ('mul_11', matmul.cpp:12) [402]  (4.67 ns)

 <State 386>: 4.67ns
The critical path consists of the following:
	'fmul' operation ('mul_11', matmul.cpp:12) [402]  (4.67 ns)

 <State 387>: 4.67ns
The critical path consists of the following:
	'fmul' operation ('mul_11', matmul.cpp:12) [402]  (4.67 ns)

 <State 388>: 6.35ns
The critical path consists of the following:
	'icmp' operation ('icmp_ln12_12', matmul.cpp:12) [403]  (0.863 ns)
	'facc' operation ('sum', matmul.cpp:12) [404]  (5.48 ns)

 <State 389>: 5.48ns
The critical path consists of the following:
	'facc' operation ('sum', matmul.cpp:12) [404]  (5.48 ns)

 <State 390>: 5.48ns
The critical path consists of the following:
	'facc' operation ('sum', matmul.cpp:12) [404]  (5.48 ns)

 <State 391>: 7.3ns
The critical path consists of the following:
	bus request on port 'AXI_DATA' (matmul.cpp:12) [409]  (7.3 ns)

 <State 392>: 7.3ns
The critical path consists of the following:
	bus request on port 'AXI_DATA' (matmul.cpp:12) [409]  (7.3 ns)

 <State 393>: 7.3ns
The critical path consists of the following:
	bus request on port 'AXI_DATA' (matmul.cpp:12) [409]  (7.3 ns)

 <State 394>: 7.3ns
The critical path consists of the following:
	bus request on port 'AXI_DATA' (matmul.cpp:12) [409]  (7.3 ns)

 <State 395>: 7.3ns
The critical path consists of the following:
	bus request on port 'AXI_DATA' (matmul.cpp:12) [409]  (7.3 ns)

 <State 396>: 7.3ns
The critical path consists of the following:
	bus request on port 'AXI_DATA' (matmul.cpp:12) [409]  (7.3 ns)

 <State 397>: 7.3ns
The critical path consists of the following:
	bus request on port 'AXI_DATA' (matmul.cpp:12) [409]  (7.3 ns)

 <State 398>: 0.897ns
The critical path consists of the following:
	'phi' operation ('k', matmul.cpp:10) with incoming values : ('add_ln10_13', matmul.cpp:10) [412]  (0 ns)
	'add' operation ('add_ln10_13', matmul.cpp:10) [414]  (0.897 ns)

 <State 399>: 7.3ns
The critical path consists of the following:
	bus read on port 'AXI_DATA' (matmul.cpp:12) [422]  (7.3 ns)

 <State 400>: 6.67ns
The critical path consists of the following:
	'uitofp' operation ('conv_12', matmul.cpp:12) [424]  (6.67 ns)

 <State 401>: 6.67ns
The critical path consists of the following:
	'uitofp' operation ('conv_12', matmul.cpp:12) [424]  (6.67 ns)

 <State 402>: 6.67ns
The critical path consists of the following:
	'uitofp' operation ('conv_12', matmul.cpp:12) [424]  (6.67 ns)

 <State 403>: 6.67ns
The critical path consists of the following:
	'uitofp' operation ('conv_12', matmul.cpp:12) [424]  (6.67 ns)

 <State 404>: 6.71ns
The critical path consists of the following:
	'fdiv' operation ('div_12', matmul.cpp:12) [425]  (6.71 ns)

 <State 405>: 6.71ns
The critical path consists of the following:
	'fdiv' operation ('div_12', matmul.cpp:12) [425]  (6.71 ns)

 <State 406>: 6.71ns
The critical path consists of the following:
	'fdiv' operation ('div_12', matmul.cpp:12) [425]  (6.71 ns)

 <State 407>: 6.71ns
The critical path consists of the following:
	'fdiv' operation ('div_12', matmul.cpp:12) [425]  (6.71 ns)

 <State 408>: 6.71ns
The critical path consists of the following:
	'fdiv' operation ('div_12', matmul.cpp:12) [425]  (6.71 ns)

 <State 409>: 6.71ns
The critical path consists of the following:
	'fdiv' operation ('div_12', matmul.cpp:12) [425]  (6.71 ns)

 <State 410>: 6.71ns
The critical path consists of the following:
	'fdiv' operation ('div_12', matmul.cpp:12) [425]  (6.71 ns)

 <State 411>: 6.71ns
The critical path consists of the following:
	'fdiv' operation ('div_12', matmul.cpp:12) [425]  (6.71 ns)

 <State 412>: 6.71ns
The critical path consists of the following:
	'fdiv' operation ('div_12', matmul.cpp:12) [425]  (6.71 ns)

 <State 413>: 6.71ns
The critical path consists of the following:
	'fdiv' operation ('div_12', matmul.cpp:12) [425]  (6.71 ns)

 <State 414>: 6.02ns
The critical path consists of the following:
	'load' operation ('layer1_weights_13_load', matmul.cpp:12) on array 'layer1_weights_13' [427]  (1.35 ns)
	'fmul' operation ('mul_12', matmul.cpp:12) [428]  (4.67 ns)

 <State 415>: 4.67ns
The critical path consists of the following:
	'fmul' operation ('mul_12', matmul.cpp:12) [428]  (4.67 ns)

 <State 416>: 4.67ns
The critical path consists of the following:
	'fmul' operation ('mul_12', matmul.cpp:12) [428]  (4.67 ns)

 <State 417>: 4.67ns
The critical path consists of the following:
	'fmul' operation ('mul_12', matmul.cpp:12) [428]  (4.67 ns)

 <State 418>: 6.35ns
The critical path consists of the following:
	'icmp' operation ('icmp_ln12_13', matmul.cpp:12) [429]  (0.863 ns)
	'facc' operation ('sum', matmul.cpp:12) [430]  (5.48 ns)

 <State 419>: 5.48ns
The critical path consists of the following:
	'facc' operation ('sum', matmul.cpp:12) [430]  (5.48 ns)

 <State 420>: 5.48ns
The critical path consists of the following:
	'facc' operation ('sum', matmul.cpp:12) [430]  (5.48 ns)

 <State 421>: 7.3ns
The critical path consists of the following:
	bus request on port 'AXI_DATA' (matmul.cpp:12) [435]  (7.3 ns)

 <State 422>: 7.3ns
The critical path consists of the following:
	bus request on port 'AXI_DATA' (matmul.cpp:12) [435]  (7.3 ns)

 <State 423>: 7.3ns
The critical path consists of the following:
	bus request on port 'AXI_DATA' (matmul.cpp:12) [435]  (7.3 ns)

 <State 424>: 7.3ns
The critical path consists of the following:
	bus request on port 'AXI_DATA' (matmul.cpp:12) [435]  (7.3 ns)

 <State 425>: 7.3ns
The critical path consists of the following:
	bus request on port 'AXI_DATA' (matmul.cpp:12) [435]  (7.3 ns)

 <State 426>: 7.3ns
The critical path consists of the following:
	bus request on port 'AXI_DATA' (matmul.cpp:12) [435]  (7.3 ns)

 <State 427>: 7.3ns
The critical path consists of the following:
	bus request on port 'AXI_DATA' (matmul.cpp:12) [435]  (7.3 ns)

 <State 428>: 0.897ns
The critical path consists of the following:
	'phi' operation ('k', matmul.cpp:10) with incoming values : ('add_ln10_14', matmul.cpp:10) [438]  (0 ns)
	'add' operation ('add_ln10_14', matmul.cpp:10) [440]  (0.897 ns)

 <State 429>: 7.3ns
The critical path consists of the following:
	bus read on port 'AXI_DATA' (matmul.cpp:12) [448]  (7.3 ns)

 <State 430>: 6.67ns
The critical path consists of the following:
	'uitofp' operation ('conv_13', matmul.cpp:12) [450]  (6.67 ns)

 <State 431>: 6.67ns
The critical path consists of the following:
	'uitofp' operation ('conv_13', matmul.cpp:12) [450]  (6.67 ns)

 <State 432>: 6.67ns
The critical path consists of the following:
	'uitofp' operation ('conv_13', matmul.cpp:12) [450]  (6.67 ns)

 <State 433>: 6.67ns
The critical path consists of the following:
	'uitofp' operation ('conv_13', matmul.cpp:12) [450]  (6.67 ns)

 <State 434>: 6.71ns
The critical path consists of the following:
	'fdiv' operation ('div_13', matmul.cpp:12) [451]  (6.71 ns)

 <State 435>: 6.71ns
The critical path consists of the following:
	'fdiv' operation ('div_13', matmul.cpp:12) [451]  (6.71 ns)

 <State 436>: 6.71ns
The critical path consists of the following:
	'fdiv' operation ('div_13', matmul.cpp:12) [451]  (6.71 ns)

 <State 437>: 6.71ns
The critical path consists of the following:
	'fdiv' operation ('div_13', matmul.cpp:12) [451]  (6.71 ns)

 <State 438>: 6.71ns
The critical path consists of the following:
	'fdiv' operation ('div_13', matmul.cpp:12) [451]  (6.71 ns)

 <State 439>: 6.71ns
The critical path consists of the following:
	'fdiv' operation ('div_13', matmul.cpp:12) [451]  (6.71 ns)

 <State 440>: 6.71ns
The critical path consists of the following:
	'fdiv' operation ('div_13', matmul.cpp:12) [451]  (6.71 ns)

 <State 441>: 6.71ns
The critical path consists of the following:
	'fdiv' operation ('div_13', matmul.cpp:12) [451]  (6.71 ns)

 <State 442>: 6.71ns
The critical path consists of the following:
	'fdiv' operation ('div_13', matmul.cpp:12) [451]  (6.71 ns)

 <State 443>: 6.71ns
The critical path consists of the following:
	'fdiv' operation ('div_13', matmul.cpp:12) [451]  (6.71 ns)

 <State 444>: 6.02ns
The critical path consists of the following:
	'load' operation ('layer1_weights_14_load', matmul.cpp:12) on array 'layer1_weights_14' [453]  (1.35 ns)
	'fmul' operation ('mul_13', matmul.cpp:12) [454]  (4.67 ns)

 <State 445>: 4.67ns
The critical path consists of the following:
	'fmul' operation ('mul_13', matmul.cpp:12) [454]  (4.67 ns)

 <State 446>: 4.67ns
The critical path consists of the following:
	'fmul' operation ('mul_13', matmul.cpp:12) [454]  (4.67 ns)

 <State 447>: 4.67ns
The critical path consists of the following:
	'fmul' operation ('mul_13', matmul.cpp:12) [454]  (4.67 ns)

 <State 448>: 6.35ns
The critical path consists of the following:
	'icmp' operation ('icmp_ln12_14', matmul.cpp:12) [455]  (0.863 ns)
	'facc' operation ('sum', matmul.cpp:12) [456]  (5.48 ns)

 <State 449>: 5.48ns
The critical path consists of the following:
	'facc' operation ('sum', matmul.cpp:12) [456]  (5.48 ns)

 <State 450>: 5.48ns
The critical path consists of the following:
	'facc' operation ('sum', matmul.cpp:12) [456]  (5.48 ns)

 <State 451>: 7.3ns
The critical path consists of the following:
	bus request on port 'AXI_DATA' (matmul.cpp:12) [461]  (7.3 ns)

 <State 452>: 7.3ns
The critical path consists of the following:
	bus request on port 'AXI_DATA' (matmul.cpp:12) [461]  (7.3 ns)

 <State 453>: 7.3ns
The critical path consists of the following:
	bus request on port 'AXI_DATA' (matmul.cpp:12) [461]  (7.3 ns)

 <State 454>: 7.3ns
The critical path consists of the following:
	bus request on port 'AXI_DATA' (matmul.cpp:12) [461]  (7.3 ns)

 <State 455>: 7.3ns
The critical path consists of the following:
	bus request on port 'AXI_DATA' (matmul.cpp:12) [461]  (7.3 ns)

 <State 456>: 7.3ns
The critical path consists of the following:
	bus request on port 'AXI_DATA' (matmul.cpp:12) [461]  (7.3 ns)

 <State 457>: 7.3ns
The critical path consists of the following:
	bus request on port 'AXI_DATA' (matmul.cpp:12) [461]  (7.3 ns)

 <State 458>: 0.897ns
The critical path consists of the following:
	'phi' operation ('k', matmul.cpp:10) with incoming values : ('add_ln10_15', matmul.cpp:10) [464]  (0 ns)
	'add' operation ('add_ln10_15', matmul.cpp:10) [466]  (0.897 ns)

 <State 459>: 7.3ns
The critical path consists of the following:
	bus read on port 'AXI_DATA' (matmul.cpp:12) [474]  (7.3 ns)

 <State 460>: 6.67ns
The critical path consists of the following:
	'uitofp' operation ('conv_14', matmul.cpp:12) [476]  (6.67 ns)

 <State 461>: 6.67ns
The critical path consists of the following:
	'uitofp' operation ('conv_14', matmul.cpp:12) [476]  (6.67 ns)

 <State 462>: 6.67ns
The critical path consists of the following:
	'uitofp' operation ('conv_14', matmul.cpp:12) [476]  (6.67 ns)

 <State 463>: 6.67ns
The critical path consists of the following:
	'uitofp' operation ('conv_14', matmul.cpp:12) [476]  (6.67 ns)

 <State 464>: 6.71ns
The critical path consists of the following:
	'fdiv' operation ('div_14', matmul.cpp:12) [477]  (6.71 ns)

 <State 465>: 6.71ns
The critical path consists of the following:
	'fdiv' operation ('div_14', matmul.cpp:12) [477]  (6.71 ns)

 <State 466>: 6.71ns
The critical path consists of the following:
	'fdiv' operation ('div_14', matmul.cpp:12) [477]  (6.71 ns)

 <State 467>: 6.71ns
The critical path consists of the following:
	'fdiv' operation ('div_14', matmul.cpp:12) [477]  (6.71 ns)

 <State 468>: 6.71ns
The critical path consists of the following:
	'fdiv' operation ('div_14', matmul.cpp:12) [477]  (6.71 ns)

 <State 469>: 6.71ns
The critical path consists of the following:
	'fdiv' operation ('div_14', matmul.cpp:12) [477]  (6.71 ns)

 <State 470>: 6.71ns
The critical path consists of the following:
	'fdiv' operation ('div_14', matmul.cpp:12) [477]  (6.71 ns)

 <State 471>: 6.71ns
The critical path consists of the following:
	'fdiv' operation ('div_14', matmul.cpp:12) [477]  (6.71 ns)

 <State 472>: 6.71ns
The critical path consists of the following:
	'fdiv' operation ('div_14', matmul.cpp:12) [477]  (6.71 ns)

 <State 473>: 6.71ns
The critical path consists of the following:
	'fdiv' operation ('div_14', matmul.cpp:12) [477]  (6.71 ns)

 <State 474>: 6.02ns
The critical path consists of the following:
	'load' operation ('layer1_weights_15_load', matmul.cpp:12) on array 'layer1_weights_15' [479]  (1.35 ns)
	'fmul' operation ('mul_14', matmul.cpp:12) [480]  (4.67 ns)

 <State 475>: 4.67ns
The critical path consists of the following:
	'fmul' operation ('mul_14', matmul.cpp:12) [480]  (4.67 ns)

 <State 476>: 4.67ns
The critical path consists of the following:
	'fmul' operation ('mul_14', matmul.cpp:12) [480]  (4.67 ns)

 <State 477>: 4.67ns
The critical path consists of the following:
	'fmul' operation ('mul_14', matmul.cpp:12) [480]  (4.67 ns)

 <State 478>: 6.35ns
The critical path consists of the following:
	'icmp' operation ('icmp_ln12_15', matmul.cpp:12) [481]  (0.863 ns)
	'facc' operation ('sum', matmul.cpp:12) [482]  (5.48 ns)

 <State 479>: 5.48ns
The critical path consists of the following:
	'facc' operation ('sum', matmul.cpp:12) [482]  (5.48 ns)

 <State 480>: 5.48ns
The critical path consists of the following:
	'facc' operation ('sum', matmul.cpp:12) [482]  (5.48 ns)

 <State 481>: 7.3ns
The critical path consists of the following:
	bus request on port 'AXI_DATA' (matmul.cpp:12) [487]  (7.3 ns)

 <State 482>: 7.3ns
The critical path consists of the following:
	bus request on port 'AXI_DATA' (matmul.cpp:12) [487]  (7.3 ns)

 <State 483>: 7.3ns
The critical path consists of the following:
	bus request on port 'AXI_DATA' (matmul.cpp:12) [487]  (7.3 ns)

 <State 484>: 7.3ns
The critical path consists of the following:
	bus request on port 'AXI_DATA' (matmul.cpp:12) [487]  (7.3 ns)

 <State 485>: 7.3ns
The critical path consists of the following:
	bus request on port 'AXI_DATA' (matmul.cpp:12) [487]  (7.3 ns)

 <State 486>: 7.3ns
The critical path consists of the following:
	bus request on port 'AXI_DATA' (matmul.cpp:12) [487]  (7.3 ns)

 <State 487>: 7.3ns
The critical path consists of the following:
	bus request on port 'AXI_DATA' (matmul.cpp:12) [487]  (7.3 ns)

 <State 488>: 0.897ns
The critical path consists of the following:
	'phi' operation ('k', matmul.cpp:10) with incoming values : ('add_ln10_16', matmul.cpp:10) [490]  (0 ns)
	'add' operation ('add_ln10_16', matmul.cpp:10) [492]  (0.897 ns)

 <State 489>: 7.3ns
The critical path consists of the following:
	bus read on port 'AXI_DATA' (matmul.cpp:12) [500]  (7.3 ns)

 <State 490>: 6.67ns
The critical path consists of the following:
	'uitofp' operation ('conv_15', matmul.cpp:12) [502]  (6.67 ns)

 <State 491>: 6.67ns
The critical path consists of the following:
	'uitofp' operation ('conv_15', matmul.cpp:12) [502]  (6.67 ns)

 <State 492>: 6.67ns
The critical path consists of the following:
	'uitofp' operation ('conv_15', matmul.cpp:12) [502]  (6.67 ns)

 <State 493>: 6.67ns
The critical path consists of the following:
	'uitofp' operation ('conv_15', matmul.cpp:12) [502]  (6.67 ns)

 <State 494>: 6.71ns
The critical path consists of the following:
	'fdiv' operation ('div_15', matmul.cpp:12) [503]  (6.71 ns)

 <State 495>: 6.71ns
The critical path consists of the following:
	'fdiv' operation ('div_15', matmul.cpp:12) [503]  (6.71 ns)

 <State 496>: 6.71ns
The critical path consists of the following:
	'fdiv' operation ('div_15', matmul.cpp:12) [503]  (6.71 ns)

 <State 497>: 6.71ns
The critical path consists of the following:
	'fdiv' operation ('div_15', matmul.cpp:12) [503]  (6.71 ns)

 <State 498>: 6.71ns
The critical path consists of the following:
	'fdiv' operation ('div_15', matmul.cpp:12) [503]  (6.71 ns)

 <State 499>: 6.71ns
The critical path consists of the following:
	'fdiv' operation ('div_15', matmul.cpp:12) [503]  (6.71 ns)

 <State 500>: 6.71ns
The critical path consists of the following:
	'fdiv' operation ('div_15', matmul.cpp:12) [503]  (6.71 ns)

 <State 501>: 6.71ns
The critical path consists of the following:
	'fdiv' operation ('div_15', matmul.cpp:12) [503]  (6.71 ns)

 <State 502>: 6.71ns
The critical path consists of the following:
	'fdiv' operation ('div_15', matmul.cpp:12) [503]  (6.71 ns)

 <State 503>: 6.71ns
The critical path consists of the following:
	'fdiv' operation ('div_15', matmul.cpp:12) [503]  (6.71 ns)

 <State 504>: 6.02ns
The critical path consists of the following:
	'load' operation ('layer1_weights_16_load', matmul.cpp:12) on array 'layer1_weights_16' [505]  (1.35 ns)
	'fmul' operation ('mul_15', matmul.cpp:12) [506]  (4.67 ns)

 <State 505>: 4.67ns
The critical path consists of the following:
	'fmul' operation ('mul_15', matmul.cpp:12) [506]  (4.67 ns)

 <State 506>: 4.67ns
The critical path consists of the following:
	'fmul' operation ('mul_15', matmul.cpp:12) [506]  (4.67 ns)

 <State 507>: 4.67ns
The critical path consists of the following:
	'fmul' operation ('mul_15', matmul.cpp:12) [506]  (4.67 ns)

 <State 508>: 6.35ns
The critical path consists of the following:
	'icmp' operation ('icmp_ln12_16', matmul.cpp:12) [507]  (0.863 ns)
	'facc' operation ('sum', matmul.cpp:12) [508]  (5.48 ns)

 <State 509>: 5.48ns
The critical path consists of the following:
	'facc' operation ('sum', matmul.cpp:12) [508]  (5.48 ns)

 <State 510>: 5.48ns
The critical path consists of the following:
	'facc' operation ('sum', matmul.cpp:12) [508]  (5.48 ns)

 <State 511>: 7.3ns
The critical path consists of the following:
	bus request on port 'AXI_DATA' (matmul.cpp:12) [513]  (7.3 ns)

 <State 512>: 7.3ns
The critical path consists of the following:
	bus request on port 'AXI_DATA' (matmul.cpp:12) [513]  (7.3 ns)

 <State 513>: 7.3ns
The critical path consists of the following:
	bus request on port 'AXI_DATA' (matmul.cpp:12) [513]  (7.3 ns)

 <State 514>: 7.3ns
The critical path consists of the following:
	bus request on port 'AXI_DATA' (matmul.cpp:12) [513]  (7.3 ns)

 <State 515>: 7.3ns
The critical path consists of the following:
	bus request on port 'AXI_DATA' (matmul.cpp:12) [513]  (7.3 ns)

 <State 516>: 7.3ns
The critical path consists of the following:
	bus request on port 'AXI_DATA' (matmul.cpp:12) [513]  (7.3 ns)

 <State 517>: 7.3ns
The critical path consists of the following:
	bus request on port 'AXI_DATA' (matmul.cpp:12) [513]  (7.3 ns)

 <State 518>: 0.897ns
The critical path consists of the following:
	'phi' operation ('k', matmul.cpp:10) with incoming values : ('add_ln10_17', matmul.cpp:10) [516]  (0 ns)
	'add' operation ('add_ln10_17', matmul.cpp:10) [518]  (0.897 ns)

 <State 519>: 7.3ns
The critical path consists of the following:
	bus read on port 'AXI_DATA' (matmul.cpp:12) [526]  (7.3 ns)

 <State 520>: 6.67ns
The critical path consists of the following:
	'uitofp' operation ('conv_16', matmul.cpp:12) [528]  (6.67 ns)

 <State 521>: 6.67ns
The critical path consists of the following:
	'uitofp' operation ('conv_16', matmul.cpp:12) [528]  (6.67 ns)

 <State 522>: 6.67ns
The critical path consists of the following:
	'uitofp' operation ('conv_16', matmul.cpp:12) [528]  (6.67 ns)

 <State 523>: 6.67ns
The critical path consists of the following:
	'uitofp' operation ('conv_16', matmul.cpp:12) [528]  (6.67 ns)

 <State 524>: 6.71ns
The critical path consists of the following:
	'fdiv' operation ('div_16', matmul.cpp:12) [529]  (6.71 ns)

 <State 525>: 6.71ns
The critical path consists of the following:
	'fdiv' operation ('div_16', matmul.cpp:12) [529]  (6.71 ns)

 <State 526>: 6.71ns
The critical path consists of the following:
	'fdiv' operation ('div_16', matmul.cpp:12) [529]  (6.71 ns)

 <State 527>: 6.71ns
The critical path consists of the following:
	'fdiv' operation ('div_16', matmul.cpp:12) [529]  (6.71 ns)

 <State 528>: 6.71ns
The critical path consists of the following:
	'fdiv' operation ('div_16', matmul.cpp:12) [529]  (6.71 ns)

 <State 529>: 6.71ns
The critical path consists of the following:
	'fdiv' operation ('div_16', matmul.cpp:12) [529]  (6.71 ns)

 <State 530>: 6.71ns
The critical path consists of the following:
	'fdiv' operation ('div_16', matmul.cpp:12) [529]  (6.71 ns)

 <State 531>: 6.71ns
The critical path consists of the following:
	'fdiv' operation ('div_16', matmul.cpp:12) [529]  (6.71 ns)

 <State 532>: 6.71ns
The critical path consists of the following:
	'fdiv' operation ('div_16', matmul.cpp:12) [529]  (6.71 ns)

 <State 533>: 6.71ns
The critical path consists of the following:
	'fdiv' operation ('div_16', matmul.cpp:12) [529]  (6.71 ns)

 <State 534>: 6.02ns
The critical path consists of the following:
	'load' operation ('layer1_weights_17_load', matmul.cpp:12) on array 'layer1_weights_17' [531]  (1.35 ns)
	'fmul' operation ('mul_16', matmul.cpp:12) [532]  (4.67 ns)

 <State 535>: 4.67ns
The critical path consists of the following:
	'fmul' operation ('mul_16', matmul.cpp:12) [532]  (4.67 ns)

 <State 536>: 4.67ns
The critical path consists of the following:
	'fmul' operation ('mul_16', matmul.cpp:12) [532]  (4.67 ns)

 <State 537>: 4.67ns
The critical path consists of the following:
	'fmul' operation ('mul_16', matmul.cpp:12) [532]  (4.67 ns)

 <State 538>: 6.35ns
The critical path consists of the following:
	'icmp' operation ('icmp_ln12_17', matmul.cpp:12) [533]  (0.863 ns)
	'facc' operation ('sum', matmul.cpp:12) [534]  (5.48 ns)

 <State 539>: 5.48ns
The critical path consists of the following:
	'facc' operation ('sum', matmul.cpp:12) [534]  (5.48 ns)

 <State 540>: 5.48ns
The critical path consists of the following:
	'facc' operation ('sum', matmul.cpp:12) [534]  (5.48 ns)

 <State 541>: 7.3ns
The critical path consists of the following:
	bus request on port 'AXI_DATA' (matmul.cpp:12) [539]  (7.3 ns)

 <State 542>: 7.3ns
The critical path consists of the following:
	bus request on port 'AXI_DATA' (matmul.cpp:12) [539]  (7.3 ns)

 <State 543>: 7.3ns
The critical path consists of the following:
	bus request on port 'AXI_DATA' (matmul.cpp:12) [539]  (7.3 ns)

 <State 544>: 7.3ns
The critical path consists of the following:
	bus request on port 'AXI_DATA' (matmul.cpp:12) [539]  (7.3 ns)

 <State 545>: 7.3ns
The critical path consists of the following:
	bus request on port 'AXI_DATA' (matmul.cpp:12) [539]  (7.3 ns)

 <State 546>: 7.3ns
The critical path consists of the following:
	bus request on port 'AXI_DATA' (matmul.cpp:12) [539]  (7.3 ns)

 <State 547>: 7.3ns
The critical path consists of the following:
	bus request on port 'AXI_DATA' (matmul.cpp:12) [539]  (7.3 ns)

 <State 548>: 0.897ns
The critical path consists of the following:
	'phi' operation ('k', matmul.cpp:10) with incoming values : ('add_ln10_18', matmul.cpp:10) [542]  (0 ns)
	'add' operation ('add_ln10_18', matmul.cpp:10) [544]  (0.897 ns)

 <State 549>: 7.3ns
The critical path consists of the following:
	bus read on port 'AXI_DATA' (matmul.cpp:12) [552]  (7.3 ns)

 <State 550>: 6.67ns
The critical path consists of the following:
	'uitofp' operation ('conv_17', matmul.cpp:12) [554]  (6.67 ns)

 <State 551>: 6.67ns
The critical path consists of the following:
	'uitofp' operation ('conv_17', matmul.cpp:12) [554]  (6.67 ns)

 <State 552>: 6.67ns
The critical path consists of the following:
	'uitofp' operation ('conv_17', matmul.cpp:12) [554]  (6.67 ns)

 <State 553>: 6.67ns
The critical path consists of the following:
	'uitofp' operation ('conv_17', matmul.cpp:12) [554]  (6.67 ns)

 <State 554>: 6.71ns
The critical path consists of the following:
	'fdiv' operation ('div_17', matmul.cpp:12) [555]  (6.71 ns)

 <State 555>: 6.71ns
The critical path consists of the following:
	'fdiv' operation ('div_17', matmul.cpp:12) [555]  (6.71 ns)

 <State 556>: 6.71ns
The critical path consists of the following:
	'fdiv' operation ('div_17', matmul.cpp:12) [555]  (6.71 ns)

 <State 557>: 6.71ns
The critical path consists of the following:
	'fdiv' operation ('div_17', matmul.cpp:12) [555]  (6.71 ns)

 <State 558>: 6.71ns
The critical path consists of the following:
	'fdiv' operation ('div_17', matmul.cpp:12) [555]  (6.71 ns)

 <State 559>: 6.71ns
The critical path consists of the following:
	'fdiv' operation ('div_17', matmul.cpp:12) [555]  (6.71 ns)

 <State 560>: 6.71ns
The critical path consists of the following:
	'fdiv' operation ('div_17', matmul.cpp:12) [555]  (6.71 ns)

 <State 561>: 6.71ns
The critical path consists of the following:
	'fdiv' operation ('div_17', matmul.cpp:12) [555]  (6.71 ns)

 <State 562>: 6.71ns
The critical path consists of the following:
	'fdiv' operation ('div_17', matmul.cpp:12) [555]  (6.71 ns)

 <State 563>: 6.71ns
The critical path consists of the following:
	'fdiv' operation ('div_17', matmul.cpp:12) [555]  (6.71 ns)

 <State 564>: 6.02ns
The critical path consists of the following:
	'load' operation ('layer1_weights_18_load', matmul.cpp:12) on array 'layer1_weights_18' [557]  (1.35 ns)
	'fmul' operation ('mul_17', matmul.cpp:12) [558]  (4.67 ns)

 <State 565>: 4.67ns
The critical path consists of the following:
	'fmul' operation ('mul_17', matmul.cpp:12) [558]  (4.67 ns)

 <State 566>: 4.67ns
The critical path consists of the following:
	'fmul' operation ('mul_17', matmul.cpp:12) [558]  (4.67 ns)

 <State 567>: 4.67ns
The critical path consists of the following:
	'fmul' operation ('mul_17', matmul.cpp:12) [558]  (4.67 ns)

 <State 568>: 6.35ns
The critical path consists of the following:
	'icmp' operation ('icmp_ln12_18', matmul.cpp:12) [559]  (0.863 ns)
	'facc' operation ('sum', matmul.cpp:12) [560]  (5.48 ns)

 <State 569>: 5.48ns
The critical path consists of the following:
	'facc' operation ('sum', matmul.cpp:12) [560]  (5.48 ns)

 <State 570>: 5.48ns
The critical path consists of the following:
	'facc' operation ('sum', matmul.cpp:12) [560]  (5.48 ns)

 <State 571>: 7.3ns
The critical path consists of the following:
	bus request on port 'AXI_DATA' (matmul.cpp:12) [565]  (7.3 ns)

 <State 572>: 7.3ns
The critical path consists of the following:
	bus request on port 'AXI_DATA' (matmul.cpp:12) [565]  (7.3 ns)

 <State 573>: 7.3ns
The critical path consists of the following:
	bus request on port 'AXI_DATA' (matmul.cpp:12) [565]  (7.3 ns)

 <State 574>: 7.3ns
The critical path consists of the following:
	bus request on port 'AXI_DATA' (matmul.cpp:12) [565]  (7.3 ns)

 <State 575>: 7.3ns
The critical path consists of the following:
	bus request on port 'AXI_DATA' (matmul.cpp:12) [565]  (7.3 ns)

 <State 576>: 7.3ns
The critical path consists of the following:
	bus request on port 'AXI_DATA' (matmul.cpp:12) [565]  (7.3 ns)

 <State 577>: 7.3ns
The critical path consists of the following:
	bus request on port 'AXI_DATA' (matmul.cpp:12) [565]  (7.3 ns)

 <State 578>: 0.897ns
The critical path consists of the following:
	'phi' operation ('k', matmul.cpp:10) with incoming values : ('add_ln10_19', matmul.cpp:10) [568]  (0 ns)
	'add' operation ('add_ln10_19', matmul.cpp:10) [570]  (0.897 ns)

 <State 579>: 7.3ns
The critical path consists of the following:
	bus read on port 'AXI_DATA' (matmul.cpp:12) [578]  (7.3 ns)

 <State 580>: 6.67ns
The critical path consists of the following:
	'uitofp' operation ('conv_18', matmul.cpp:12) [580]  (6.67 ns)

 <State 581>: 6.67ns
The critical path consists of the following:
	'uitofp' operation ('conv_18', matmul.cpp:12) [580]  (6.67 ns)

 <State 582>: 6.67ns
The critical path consists of the following:
	'uitofp' operation ('conv_18', matmul.cpp:12) [580]  (6.67 ns)

 <State 583>: 6.67ns
The critical path consists of the following:
	'uitofp' operation ('conv_18', matmul.cpp:12) [580]  (6.67 ns)

 <State 584>: 6.71ns
The critical path consists of the following:
	'fdiv' operation ('div_18', matmul.cpp:12) [581]  (6.71 ns)

 <State 585>: 6.71ns
The critical path consists of the following:
	'fdiv' operation ('div_18', matmul.cpp:12) [581]  (6.71 ns)

 <State 586>: 6.71ns
The critical path consists of the following:
	'fdiv' operation ('div_18', matmul.cpp:12) [581]  (6.71 ns)

 <State 587>: 6.71ns
The critical path consists of the following:
	'fdiv' operation ('div_18', matmul.cpp:12) [581]  (6.71 ns)

 <State 588>: 6.71ns
The critical path consists of the following:
	'fdiv' operation ('div_18', matmul.cpp:12) [581]  (6.71 ns)

 <State 589>: 6.71ns
The critical path consists of the following:
	'fdiv' operation ('div_18', matmul.cpp:12) [581]  (6.71 ns)

 <State 590>: 6.71ns
The critical path consists of the following:
	'fdiv' operation ('div_18', matmul.cpp:12) [581]  (6.71 ns)

 <State 591>: 6.71ns
The critical path consists of the following:
	'fdiv' operation ('div_18', matmul.cpp:12) [581]  (6.71 ns)

 <State 592>: 6.71ns
The critical path consists of the following:
	'fdiv' operation ('div_18', matmul.cpp:12) [581]  (6.71 ns)

 <State 593>: 6.71ns
The critical path consists of the following:
	'fdiv' operation ('div_18', matmul.cpp:12) [581]  (6.71 ns)

 <State 594>: 6.02ns
The critical path consists of the following:
	'load' operation ('layer1_weights_19_load', matmul.cpp:12) on array 'layer1_weights_19' [583]  (1.35 ns)
	'fmul' operation ('mul_18', matmul.cpp:12) [584]  (4.67 ns)

 <State 595>: 4.67ns
The critical path consists of the following:
	'fmul' operation ('mul_18', matmul.cpp:12) [584]  (4.67 ns)

 <State 596>: 4.67ns
The critical path consists of the following:
	'fmul' operation ('mul_18', matmul.cpp:12) [584]  (4.67 ns)

 <State 597>: 4.67ns
The critical path consists of the following:
	'fmul' operation ('mul_18', matmul.cpp:12) [584]  (4.67 ns)

 <State 598>: 6.35ns
The critical path consists of the following:
	'icmp' operation ('icmp_ln12_19', matmul.cpp:12) [585]  (0.863 ns)
	'facc' operation ('sum', matmul.cpp:12) [586]  (5.48 ns)

 <State 599>: 5.48ns
The critical path consists of the following:
	'facc' operation ('sum', matmul.cpp:12) [586]  (5.48 ns)

 <State 600>: 5.48ns
The critical path consists of the following:
	'facc' operation ('sum', matmul.cpp:12) [586]  (5.48 ns)

 <State 601>: 7.3ns
The critical path consists of the following:
	bus request on port 'AXI_DATA' (matmul.cpp:12) [591]  (7.3 ns)

 <State 602>: 7.3ns
The critical path consists of the following:
	bus request on port 'AXI_DATA' (matmul.cpp:12) [591]  (7.3 ns)

 <State 603>: 7.3ns
The critical path consists of the following:
	bus request on port 'AXI_DATA' (matmul.cpp:12) [591]  (7.3 ns)

 <State 604>: 7.3ns
The critical path consists of the following:
	bus request on port 'AXI_DATA' (matmul.cpp:12) [591]  (7.3 ns)

 <State 605>: 7.3ns
The critical path consists of the following:
	bus request on port 'AXI_DATA' (matmul.cpp:12) [591]  (7.3 ns)

 <State 606>: 7.3ns
The critical path consists of the following:
	bus request on port 'AXI_DATA' (matmul.cpp:12) [591]  (7.3 ns)

 <State 607>: 7.3ns
The critical path consists of the following:
	bus request on port 'AXI_DATA' (matmul.cpp:12) [591]  (7.3 ns)

 <State 608>: 0.897ns
The critical path consists of the following:
	'phi' operation ('k', matmul.cpp:10) with incoming values : ('add_ln10_20', matmul.cpp:10) [594]  (0 ns)
	'add' operation ('add_ln10_20', matmul.cpp:10) [596]  (0.897 ns)

 <State 609>: 7.3ns
The critical path consists of the following:
	bus read on port 'AXI_DATA' (matmul.cpp:12) [604]  (7.3 ns)

 <State 610>: 6.67ns
The critical path consists of the following:
	'uitofp' operation ('conv_19', matmul.cpp:12) [606]  (6.67 ns)

 <State 611>: 6.67ns
The critical path consists of the following:
	'uitofp' operation ('conv_19', matmul.cpp:12) [606]  (6.67 ns)

 <State 612>: 6.67ns
The critical path consists of the following:
	'uitofp' operation ('conv_19', matmul.cpp:12) [606]  (6.67 ns)

 <State 613>: 6.67ns
The critical path consists of the following:
	'uitofp' operation ('conv_19', matmul.cpp:12) [606]  (6.67 ns)

 <State 614>: 6.71ns
The critical path consists of the following:
	'fdiv' operation ('div_19', matmul.cpp:12) [607]  (6.71 ns)

 <State 615>: 6.71ns
The critical path consists of the following:
	'fdiv' operation ('div_19', matmul.cpp:12) [607]  (6.71 ns)

 <State 616>: 6.71ns
The critical path consists of the following:
	'fdiv' operation ('div_19', matmul.cpp:12) [607]  (6.71 ns)

 <State 617>: 6.71ns
The critical path consists of the following:
	'fdiv' operation ('div_19', matmul.cpp:12) [607]  (6.71 ns)

 <State 618>: 6.71ns
The critical path consists of the following:
	'fdiv' operation ('div_19', matmul.cpp:12) [607]  (6.71 ns)

 <State 619>: 6.71ns
The critical path consists of the following:
	'fdiv' operation ('div_19', matmul.cpp:12) [607]  (6.71 ns)

 <State 620>: 6.71ns
The critical path consists of the following:
	'fdiv' operation ('div_19', matmul.cpp:12) [607]  (6.71 ns)

 <State 621>: 6.71ns
The critical path consists of the following:
	'fdiv' operation ('div_19', matmul.cpp:12) [607]  (6.71 ns)

 <State 622>: 6.71ns
The critical path consists of the following:
	'fdiv' operation ('div_19', matmul.cpp:12) [607]  (6.71 ns)

 <State 623>: 6.71ns
The critical path consists of the following:
	'fdiv' operation ('div_19', matmul.cpp:12) [607]  (6.71 ns)

 <State 624>: 6.02ns
The critical path consists of the following:
	'load' operation ('layer1_weights_20_load', matmul.cpp:12) on array 'layer1_weights_20' [609]  (1.35 ns)
	'fmul' operation ('mul_19', matmul.cpp:12) [610]  (4.67 ns)

 <State 625>: 4.67ns
The critical path consists of the following:
	'fmul' operation ('mul_19', matmul.cpp:12) [610]  (4.67 ns)

 <State 626>: 4.67ns
The critical path consists of the following:
	'fmul' operation ('mul_19', matmul.cpp:12) [610]  (4.67 ns)

 <State 627>: 4.67ns
The critical path consists of the following:
	'fmul' operation ('mul_19', matmul.cpp:12) [610]  (4.67 ns)

 <State 628>: 6.35ns
The critical path consists of the following:
	'icmp' operation ('icmp_ln12_20', matmul.cpp:12) [611]  (0.863 ns)
	'facc' operation ('sum', matmul.cpp:12) [612]  (5.48 ns)

 <State 629>: 5.48ns
The critical path consists of the following:
	'facc' operation ('sum', matmul.cpp:12) [612]  (5.48 ns)

 <State 630>: 5.48ns
The critical path consists of the following:
	'facc' operation ('sum', matmul.cpp:12) [612]  (5.48 ns)

 <State 631>: 7.3ns
The critical path consists of the following:
	bus request on port 'AXI_DATA' (matmul.cpp:12) [617]  (7.3 ns)

 <State 632>: 7.3ns
The critical path consists of the following:
	bus request on port 'AXI_DATA' (matmul.cpp:12) [617]  (7.3 ns)

 <State 633>: 7.3ns
The critical path consists of the following:
	bus request on port 'AXI_DATA' (matmul.cpp:12) [617]  (7.3 ns)

 <State 634>: 7.3ns
The critical path consists of the following:
	bus request on port 'AXI_DATA' (matmul.cpp:12) [617]  (7.3 ns)

 <State 635>: 7.3ns
The critical path consists of the following:
	bus request on port 'AXI_DATA' (matmul.cpp:12) [617]  (7.3 ns)

 <State 636>: 7.3ns
The critical path consists of the following:
	bus request on port 'AXI_DATA' (matmul.cpp:12) [617]  (7.3 ns)

 <State 637>: 7.3ns
The critical path consists of the following:
	bus request on port 'AXI_DATA' (matmul.cpp:12) [617]  (7.3 ns)

 <State 638>: 0.897ns
The critical path consists of the following:
	'phi' operation ('k', matmul.cpp:10) with incoming values : ('add_ln10_21', matmul.cpp:10) [620]  (0 ns)
	'add' operation ('add_ln10_21', matmul.cpp:10) [622]  (0.897 ns)

 <State 639>: 7.3ns
The critical path consists of the following:
	bus read on port 'AXI_DATA' (matmul.cpp:12) [630]  (7.3 ns)

 <State 640>: 6.67ns
The critical path consists of the following:
	'uitofp' operation ('conv_20', matmul.cpp:12) [632]  (6.67 ns)

 <State 641>: 6.67ns
The critical path consists of the following:
	'uitofp' operation ('conv_20', matmul.cpp:12) [632]  (6.67 ns)

 <State 642>: 6.67ns
The critical path consists of the following:
	'uitofp' operation ('conv_20', matmul.cpp:12) [632]  (6.67 ns)

 <State 643>: 6.67ns
The critical path consists of the following:
	'uitofp' operation ('conv_20', matmul.cpp:12) [632]  (6.67 ns)

 <State 644>: 6.71ns
The critical path consists of the following:
	'fdiv' operation ('div_20', matmul.cpp:12) [633]  (6.71 ns)

 <State 645>: 6.71ns
The critical path consists of the following:
	'fdiv' operation ('div_20', matmul.cpp:12) [633]  (6.71 ns)

 <State 646>: 6.71ns
The critical path consists of the following:
	'fdiv' operation ('div_20', matmul.cpp:12) [633]  (6.71 ns)

 <State 647>: 6.71ns
The critical path consists of the following:
	'fdiv' operation ('div_20', matmul.cpp:12) [633]  (6.71 ns)

 <State 648>: 6.71ns
The critical path consists of the following:
	'fdiv' operation ('div_20', matmul.cpp:12) [633]  (6.71 ns)

 <State 649>: 6.71ns
The critical path consists of the following:
	'fdiv' operation ('div_20', matmul.cpp:12) [633]  (6.71 ns)

 <State 650>: 6.71ns
The critical path consists of the following:
	'fdiv' operation ('div_20', matmul.cpp:12) [633]  (6.71 ns)

 <State 651>: 6.71ns
The critical path consists of the following:
	'fdiv' operation ('div_20', matmul.cpp:12) [633]  (6.71 ns)

 <State 652>: 6.71ns
The critical path consists of the following:
	'fdiv' operation ('div_20', matmul.cpp:12) [633]  (6.71 ns)

 <State 653>: 6.71ns
The critical path consists of the following:
	'fdiv' operation ('div_20', matmul.cpp:12) [633]  (6.71 ns)

 <State 654>: 6.02ns
The critical path consists of the following:
	'load' operation ('layer1_weights_21_load', matmul.cpp:12) on array 'layer1_weights_21' [635]  (1.35 ns)
	'fmul' operation ('mul_20', matmul.cpp:12) [636]  (4.67 ns)

 <State 655>: 4.67ns
The critical path consists of the following:
	'fmul' operation ('mul_20', matmul.cpp:12) [636]  (4.67 ns)

 <State 656>: 4.67ns
The critical path consists of the following:
	'fmul' operation ('mul_20', matmul.cpp:12) [636]  (4.67 ns)

 <State 657>: 4.67ns
The critical path consists of the following:
	'fmul' operation ('mul_20', matmul.cpp:12) [636]  (4.67 ns)

 <State 658>: 6.35ns
The critical path consists of the following:
	'icmp' operation ('icmp_ln12_21', matmul.cpp:12) [637]  (0.863 ns)
	'facc' operation ('sum', matmul.cpp:12) [638]  (5.48 ns)

 <State 659>: 5.48ns
The critical path consists of the following:
	'facc' operation ('sum', matmul.cpp:12) [638]  (5.48 ns)

 <State 660>: 5.48ns
The critical path consists of the following:
	'facc' operation ('sum', matmul.cpp:12) [638]  (5.48 ns)

 <State 661>: 7.3ns
The critical path consists of the following:
	bus request on port 'AXI_DATA' (matmul.cpp:12) [643]  (7.3 ns)

 <State 662>: 7.3ns
The critical path consists of the following:
	bus request on port 'AXI_DATA' (matmul.cpp:12) [643]  (7.3 ns)

 <State 663>: 7.3ns
The critical path consists of the following:
	bus request on port 'AXI_DATA' (matmul.cpp:12) [643]  (7.3 ns)

 <State 664>: 7.3ns
The critical path consists of the following:
	bus request on port 'AXI_DATA' (matmul.cpp:12) [643]  (7.3 ns)

 <State 665>: 7.3ns
The critical path consists of the following:
	bus request on port 'AXI_DATA' (matmul.cpp:12) [643]  (7.3 ns)

 <State 666>: 7.3ns
The critical path consists of the following:
	bus request on port 'AXI_DATA' (matmul.cpp:12) [643]  (7.3 ns)

 <State 667>: 7.3ns
The critical path consists of the following:
	bus request on port 'AXI_DATA' (matmul.cpp:12) [643]  (7.3 ns)

 <State 668>: 0.897ns
The critical path consists of the following:
	'phi' operation ('k', matmul.cpp:10) with incoming values : ('add_ln10_22', matmul.cpp:10) [646]  (0 ns)
	'add' operation ('add_ln10_22', matmul.cpp:10) [648]  (0.897 ns)

 <State 669>: 7.3ns
The critical path consists of the following:
	bus read on port 'AXI_DATA' (matmul.cpp:12) [656]  (7.3 ns)

 <State 670>: 6.67ns
The critical path consists of the following:
	'uitofp' operation ('conv_21', matmul.cpp:12) [658]  (6.67 ns)

 <State 671>: 6.67ns
The critical path consists of the following:
	'uitofp' operation ('conv_21', matmul.cpp:12) [658]  (6.67 ns)

 <State 672>: 6.67ns
The critical path consists of the following:
	'uitofp' operation ('conv_21', matmul.cpp:12) [658]  (6.67 ns)

 <State 673>: 6.67ns
The critical path consists of the following:
	'uitofp' operation ('conv_21', matmul.cpp:12) [658]  (6.67 ns)

 <State 674>: 6.71ns
The critical path consists of the following:
	'fdiv' operation ('div_21', matmul.cpp:12) [659]  (6.71 ns)

 <State 675>: 6.71ns
The critical path consists of the following:
	'fdiv' operation ('div_21', matmul.cpp:12) [659]  (6.71 ns)

 <State 676>: 6.71ns
The critical path consists of the following:
	'fdiv' operation ('div_21', matmul.cpp:12) [659]  (6.71 ns)

 <State 677>: 6.71ns
The critical path consists of the following:
	'fdiv' operation ('div_21', matmul.cpp:12) [659]  (6.71 ns)

 <State 678>: 6.71ns
The critical path consists of the following:
	'fdiv' operation ('div_21', matmul.cpp:12) [659]  (6.71 ns)

 <State 679>: 6.71ns
The critical path consists of the following:
	'fdiv' operation ('div_21', matmul.cpp:12) [659]  (6.71 ns)

 <State 680>: 6.71ns
The critical path consists of the following:
	'fdiv' operation ('div_21', matmul.cpp:12) [659]  (6.71 ns)

 <State 681>: 6.71ns
The critical path consists of the following:
	'fdiv' operation ('div_21', matmul.cpp:12) [659]  (6.71 ns)

 <State 682>: 6.71ns
The critical path consists of the following:
	'fdiv' operation ('div_21', matmul.cpp:12) [659]  (6.71 ns)

 <State 683>: 6.71ns
The critical path consists of the following:
	'fdiv' operation ('div_21', matmul.cpp:12) [659]  (6.71 ns)

 <State 684>: 6.02ns
The critical path consists of the following:
	'load' operation ('layer1_weights_22_load', matmul.cpp:12) on array 'layer1_weights_22' [661]  (1.35 ns)
	'fmul' operation ('mul_21', matmul.cpp:12) [662]  (4.67 ns)

 <State 685>: 4.67ns
The critical path consists of the following:
	'fmul' operation ('mul_21', matmul.cpp:12) [662]  (4.67 ns)

 <State 686>: 4.67ns
The critical path consists of the following:
	'fmul' operation ('mul_21', matmul.cpp:12) [662]  (4.67 ns)

 <State 687>: 4.67ns
The critical path consists of the following:
	'fmul' operation ('mul_21', matmul.cpp:12) [662]  (4.67 ns)

 <State 688>: 6.35ns
The critical path consists of the following:
	'icmp' operation ('icmp_ln12_22', matmul.cpp:12) [663]  (0.863 ns)
	'facc' operation ('sum', matmul.cpp:12) [664]  (5.48 ns)

 <State 689>: 5.48ns
The critical path consists of the following:
	'facc' operation ('sum', matmul.cpp:12) [664]  (5.48 ns)

 <State 690>: 5.48ns
The critical path consists of the following:
	'facc' operation ('sum', matmul.cpp:12) [664]  (5.48 ns)

 <State 691>: 7.3ns
The critical path consists of the following:
	bus request on port 'AXI_DATA' (matmul.cpp:12) [669]  (7.3 ns)

 <State 692>: 7.3ns
The critical path consists of the following:
	bus request on port 'AXI_DATA' (matmul.cpp:12) [669]  (7.3 ns)

 <State 693>: 7.3ns
The critical path consists of the following:
	bus request on port 'AXI_DATA' (matmul.cpp:12) [669]  (7.3 ns)

 <State 694>: 7.3ns
The critical path consists of the following:
	bus request on port 'AXI_DATA' (matmul.cpp:12) [669]  (7.3 ns)

 <State 695>: 7.3ns
The critical path consists of the following:
	bus request on port 'AXI_DATA' (matmul.cpp:12) [669]  (7.3 ns)

 <State 696>: 7.3ns
The critical path consists of the following:
	bus request on port 'AXI_DATA' (matmul.cpp:12) [669]  (7.3 ns)

 <State 697>: 7.3ns
The critical path consists of the following:
	bus request on port 'AXI_DATA' (matmul.cpp:12) [669]  (7.3 ns)

 <State 698>: 0.897ns
The critical path consists of the following:
	'phi' operation ('k', matmul.cpp:10) with incoming values : ('add_ln10_23', matmul.cpp:10) [672]  (0 ns)
	'add' operation ('add_ln10_23', matmul.cpp:10) [674]  (0.897 ns)

 <State 699>: 7.3ns
The critical path consists of the following:
	bus read on port 'AXI_DATA' (matmul.cpp:12) [682]  (7.3 ns)

 <State 700>: 6.67ns
The critical path consists of the following:
	'uitofp' operation ('conv_22', matmul.cpp:12) [684]  (6.67 ns)

 <State 701>: 6.67ns
The critical path consists of the following:
	'uitofp' operation ('conv_22', matmul.cpp:12) [684]  (6.67 ns)

 <State 702>: 6.67ns
The critical path consists of the following:
	'uitofp' operation ('conv_22', matmul.cpp:12) [684]  (6.67 ns)

 <State 703>: 6.67ns
The critical path consists of the following:
	'uitofp' operation ('conv_22', matmul.cpp:12) [684]  (6.67 ns)

 <State 704>: 6.71ns
The critical path consists of the following:
	'fdiv' operation ('div_22', matmul.cpp:12) [685]  (6.71 ns)

 <State 705>: 6.71ns
The critical path consists of the following:
	'fdiv' operation ('div_22', matmul.cpp:12) [685]  (6.71 ns)

 <State 706>: 6.71ns
The critical path consists of the following:
	'fdiv' operation ('div_22', matmul.cpp:12) [685]  (6.71 ns)

 <State 707>: 6.71ns
The critical path consists of the following:
	'fdiv' operation ('div_22', matmul.cpp:12) [685]  (6.71 ns)

 <State 708>: 6.71ns
The critical path consists of the following:
	'fdiv' operation ('div_22', matmul.cpp:12) [685]  (6.71 ns)

 <State 709>: 6.71ns
The critical path consists of the following:
	'fdiv' operation ('div_22', matmul.cpp:12) [685]  (6.71 ns)

 <State 710>: 6.71ns
The critical path consists of the following:
	'fdiv' operation ('div_22', matmul.cpp:12) [685]  (6.71 ns)

 <State 711>: 6.71ns
The critical path consists of the following:
	'fdiv' operation ('div_22', matmul.cpp:12) [685]  (6.71 ns)

 <State 712>: 6.71ns
The critical path consists of the following:
	'fdiv' operation ('div_22', matmul.cpp:12) [685]  (6.71 ns)

 <State 713>: 6.71ns
The critical path consists of the following:
	'fdiv' operation ('div_22', matmul.cpp:12) [685]  (6.71 ns)

 <State 714>: 6.02ns
The critical path consists of the following:
	'load' operation ('layer1_weights_23_load', matmul.cpp:12) on array 'layer1_weights_23' [687]  (1.35 ns)
	'fmul' operation ('mul_22', matmul.cpp:12) [688]  (4.67 ns)

 <State 715>: 4.67ns
The critical path consists of the following:
	'fmul' operation ('mul_22', matmul.cpp:12) [688]  (4.67 ns)

 <State 716>: 4.67ns
The critical path consists of the following:
	'fmul' operation ('mul_22', matmul.cpp:12) [688]  (4.67 ns)

 <State 717>: 4.67ns
The critical path consists of the following:
	'fmul' operation ('mul_22', matmul.cpp:12) [688]  (4.67 ns)

 <State 718>: 6.35ns
The critical path consists of the following:
	'icmp' operation ('icmp_ln12_23', matmul.cpp:12) [689]  (0.863 ns)
	'facc' operation ('sum', matmul.cpp:12) [690]  (5.48 ns)

 <State 719>: 5.48ns
The critical path consists of the following:
	'facc' operation ('sum', matmul.cpp:12) [690]  (5.48 ns)

 <State 720>: 5.48ns
The critical path consists of the following:
	'facc' operation ('sum', matmul.cpp:12) [690]  (5.48 ns)

 <State 721>: 7.3ns
The critical path consists of the following:
	bus request on port 'AXI_DATA' (matmul.cpp:12) [695]  (7.3 ns)

 <State 722>: 7.3ns
The critical path consists of the following:
	bus request on port 'AXI_DATA' (matmul.cpp:12) [695]  (7.3 ns)

 <State 723>: 7.3ns
The critical path consists of the following:
	bus request on port 'AXI_DATA' (matmul.cpp:12) [695]  (7.3 ns)

 <State 724>: 7.3ns
The critical path consists of the following:
	bus request on port 'AXI_DATA' (matmul.cpp:12) [695]  (7.3 ns)

 <State 725>: 7.3ns
The critical path consists of the following:
	bus request on port 'AXI_DATA' (matmul.cpp:12) [695]  (7.3 ns)

 <State 726>: 7.3ns
The critical path consists of the following:
	bus request on port 'AXI_DATA' (matmul.cpp:12) [695]  (7.3 ns)

 <State 727>: 7.3ns
The critical path consists of the following:
	bus request on port 'AXI_DATA' (matmul.cpp:12) [695]  (7.3 ns)

 <State 728>: 0.897ns
The critical path consists of the following:
	'phi' operation ('k', matmul.cpp:10) with incoming values : ('add_ln10_24', matmul.cpp:10) [698]  (0 ns)
	'add' operation ('add_ln10_24', matmul.cpp:10) [700]  (0.897 ns)

 <State 729>: 7.3ns
The critical path consists of the following:
	bus read on port 'AXI_DATA' (matmul.cpp:12) [708]  (7.3 ns)

 <State 730>: 6.67ns
The critical path consists of the following:
	'uitofp' operation ('conv_23', matmul.cpp:12) [710]  (6.67 ns)

 <State 731>: 6.67ns
The critical path consists of the following:
	'uitofp' operation ('conv_23', matmul.cpp:12) [710]  (6.67 ns)

 <State 732>: 6.67ns
The critical path consists of the following:
	'uitofp' operation ('conv_23', matmul.cpp:12) [710]  (6.67 ns)

 <State 733>: 6.67ns
The critical path consists of the following:
	'uitofp' operation ('conv_23', matmul.cpp:12) [710]  (6.67 ns)

 <State 734>: 6.71ns
The critical path consists of the following:
	'fdiv' operation ('div_23', matmul.cpp:12) [711]  (6.71 ns)

 <State 735>: 6.71ns
The critical path consists of the following:
	'fdiv' operation ('div_23', matmul.cpp:12) [711]  (6.71 ns)

 <State 736>: 6.71ns
The critical path consists of the following:
	'fdiv' operation ('div_23', matmul.cpp:12) [711]  (6.71 ns)

 <State 737>: 6.71ns
The critical path consists of the following:
	'fdiv' operation ('div_23', matmul.cpp:12) [711]  (6.71 ns)

 <State 738>: 6.71ns
The critical path consists of the following:
	'fdiv' operation ('div_23', matmul.cpp:12) [711]  (6.71 ns)

 <State 739>: 6.71ns
The critical path consists of the following:
	'fdiv' operation ('div_23', matmul.cpp:12) [711]  (6.71 ns)

 <State 740>: 6.71ns
The critical path consists of the following:
	'fdiv' operation ('div_23', matmul.cpp:12) [711]  (6.71 ns)

 <State 741>: 6.71ns
The critical path consists of the following:
	'fdiv' operation ('div_23', matmul.cpp:12) [711]  (6.71 ns)

 <State 742>: 6.71ns
The critical path consists of the following:
	'fdiv' operation ('div_23', matmul.cpp:12) [711]  (6.71 ns)

 <State 743>: 6.71ns
The critical path consists of the following:
	'fdiv' operation ('div_23', matmul.cpp:12) [711]  (6.71 ns)

 <State 744>: 6.02ns
The critical path consists of the following:
	'load' operation ('layer1_weights_24_load', matmul.cpp:12) on array 'layer1_weights_24' [713]  (1.35 ns)
	'fmul' operation ('mul_23', matmul.cpp:12) [714]  (4.67 ns)

 <State 745>: 4.67ns
The critical path consists of the following:
	'fmul' operation ('mul_23', matmul.cpp:12) [714]  (4.67 ns)

 <State 746>: 4.67ns
The critical path consists of the following:
	'fmul' operation ('mul_23', matmul.cpp:12) [714]  (4.67 ns)

 <State 747>: 4.67ns
The critical path consists of the following:
	'fmul' operation ('mul_23', matmul.cpp:12) [714]  (4.67 ns)

 <State 748>: 6.35ns
The critical path consists of the following:
	'icmp' operation ('icmp_ln12_24', matmul.cpp:12) [715]  (0.863 ns)
	'facc' operation ('sum', matmul.cpp:12) [716]  (5.48 ns)

 <State 749>: 5.48ns
The critical path consists of the following:
	'facc' operation ('sum', matmul.cpp:12) [716]  (5.48 ns)

 <State 750>: 5.48ns
The critical path consists of the following:
	'facc' operation ('sum', matmul.cpp:12) [716]  (5.48 ns)

 <State 751>: 7.3ns
The critical path consists of the following:
	bus request on port 'AXI_DATA' (matmul.cpp:12) [721]  (7.3 ns)

 <State 752>: 7.3ns
The critical path consists of the following:
	bus request on port 'AXI_DATA' (matmul.cpp:12) [721]  (7.3 ns)

 <State 753>: 7.3ns
The critical path consists of the following:
	bus request on port 'AXI_DATA' (matmul.cpp:12) [721]  (7.3 ns)

 <State 754>: 7.3ns
The critical path consists of the following:
	bus request on port 'AXI_DATA' (matmul.cpp:12) [721]  (7.3 ns)

 <State 755>: 7.3ns
The critical path consists of the following:
	bus request on port 'AXI_DATA' (matmul.cpp:12) [721]  (7.3 ns)

 <State 756>: 7.3ns
The critical path consists of the following:
	bus request on port 'AXI_DATA' (matmul.cpp:12) [721]  (7.3 ns)

 <State 757>: 7.3ns
The critical path consists of the following:
	bus request on port 'AXI_DATA' (matmul.cpp:12) [721]  (7.3 ns)

 <State 758>: 0.897ns
The critical path consists of the following:
	'phi' operation ('k', matmul.cpp:10) with incoming values : ('add_ln10_25', matmul.cpp:10) [724]  (0 ns)
	'add' operation ('add_ln10_25', matmul.cpp:10) [726]  (0.897 ns)

 <State 759>: 7.3ns
The critical path consists of the following:
	bus read on port 'AXI_DATA' (matmul.cpp:12) [734]  (7.3 ns)

 <State 760>: 6.67ns
The critical path consists of the following:
	'uitofp' operation ('conv_24', matmul.cpp:12) [736]  (6.67 ns)

 <State 761>: 6.67ns
The critical path consists of the following:
	'uitofp' operation ('conv_24', matmul.cpp:12) [736]  (6.67 ns)

 <State 762>: 6.67ns
The critical path consists of the following:
	'uitofp' operation ('conv_24', matmul.cpp:12) [736]  (6.67 ns)

 <State 763>: 6.67ns
The critical path consists of the following:
	'uitofp' operation ('conv_24', matmul.cpp:12) [736]  (6.67 ns)

 <State 764>: 6.71ns
The critical path consists of the following:
	'fdiv' operation ('div_24', matmul.cpp:12) [737]  (6.71 ns)

 <State 765>: 6.71ns
The critical path consists of the following:
	'fdiv' operation ('div_24', matmul.cpp:12) [737]  (6.71 ns)

 <State 766>: 6.71ns
The critical path consists of the following:
	'fdiv' operation ('div_24', matmul.cpp:12) [737]  (6.71 ns)

 <State 767>: 6.71ns
The critical path consists of the following:
	'fdiv' operation ('div_24', matmul.cpp:12) [737]  (6.71 ns)

 <State 768>: 6.71ns
The critical path consists of the following:
	'fdiv' operation ('div_24', matmul.cpp:12) [737]  (6.71 ns)

 <State 769>: 6.71ns
The critical path consists of the following:
	'fdiv' operation ('div_24', matmul.cpp:12) [737]  (6.71 ns)

 <State 770>: 6.71ns
The critical path consists of the following:
	'fdiv' operation ('div_24', matmul.cpp:12) [737]  (6.71 ns)

 <State 771>: 6.71ns
The critical path consists of the following:
	'fdiv' operation ('div_24', matmul.cpp:12) [737]  (6.71 ns)

 <State 772>: 6.71ns
The critical path consists of the following:
	'fdiv' operation ('div_24', matmul.cpp:12) [737]  (6.71 ns)

 <State 773>: 6.71ns
The critical path consists of the following:
	'fdiv' operation ('div_24', matmul.cpp:12) [737]  (6.71 ns)

 <State 774>: 6.02ns
The critical path consists of the following:
	'load' operation ('layer1_weights_25_load', matmul.cpp:12) on array 'layer1_weights_25' [739]  (1.35 ns)
	'fmul' operation ('mul_24', matmul.cpp:12) [740]  (4.67 ns)

 <State 775>: 4.67ns
The critical path consists of the following:
	'fmul' operation ('mul_24', matmul.cpp:12) [740]  (4.67 ns)

 <State 776>: 4.67ns
The critical path consists of the following:
	'fmul' operation ('mul_24', matmul.cpp:12) [740]  (4.67 ns)

 <State 777>: 4.67ns
The critical path consists of the following:
	'fmul' operation ('mul_24', matmul.cpp:12) [740]  (4.67 ns)

 <State 778>: 6.35ns
The critical path consists of the following:
	'icmp' operation ('icmp_ln12_25', matmul.cpp:12) [741]  (0.863 ns)
	'facc' operation ('sum', matmul.cpp:12) [742]  (5.48 ns)

 <State 779>: 5.48ns
The critical path consists of the following:
	'facc' operation ('sum', matmul.cpp:12) [742]  (5.48 ns)

 <State 780>: 5.48ns
The critical path consists of the following:
	'facc' operation ('sum', matmul.cpp:12) [742]  (5.48 ns)

 <State 781>: 7.3ns
The critical path consists of the following:
	bus request on port 'AXI_DATA' (matmul.cpp:12) [747]  (7.3 ns)

 <State 782>: 7.3ns
The critical path consists of the following:
	bus request on port 'AXI_DATA' (matmul.cpp:12) [747]  (7.3 ns)

 <State 783>: 7.3ns
The critical path consists of the following:
	bus request on port 'AXI_DATA' (matmul.cpp:12) [747]  (7.3 ns)

 <State 784>: 7.3ns
The critical path consists of the following:
	bus request on port 'AXI_DATA' (matmul.cpp:12) [747]  (7.3 ns)

 <State 785>: 7.3ns
The critical path consists of the following:
	bus request on port 'AXI_DATA' (matmul.cpp:12) [747]  (7.3 ns)

 <State 786>: 7.3ns
The critical path consists of the following:
	bus request on port 'AXI_DATA' (matmul.cpp:12) [747]  (7.3 ns)

 <State 787>: 7.3ns
The critical path consists of the following:
	bus request on port 'AXI_DATA' (matmul.cpp:12) [747]  (7.3 ns)

 <State 788>: 0.897ns
The critical path consists of the following:
	'phi' operation ('k', matmul.cpp:10) with incoming values : ('add_ln10_26', matmul.cpp:10) [750]  (0 ns)
	'add' operation ('add_ln10_26', matmul.cpp:10) [752]  (0.897 ns)

 <State 789>: 7.3ns
The critical path consists of the following:
	bus read on port 'AXI_DATA' (matmul.cpp:12) [760]  (7.3 ns)

 <State 790>: 6.67ns
The critical path consists of the following:
	'uitofp' operation ('conv_25', matmul.cpp:12) [762]  (6.67 ns)

 <State 791>: 6.67ns
The critical path consists of the following:
	'uitofp' operation ('conv_25', matmul.cpp:12) [762]  (6.67 ns)

 <State 792>: 6.67ns
The critical path consists of the following:
	'uitofp' operation ('conv_25', matmul.cpp:12) [762]  (6.67 ns)

 <State 793>: 6.67ns
The critical path consists of the following:
	'uitofp' operation ('conv_25', matmul.cpp:12) [762]  (6.67 ns)

 <State 794>: 6.71ns
The critical path consists of the following:
	'fdiv' operation ('div_25', matmul.cpp:12) [763]  (6.71 ns)

 <State 795>: 6.71ns
The critical path consists of the following:
	'fdiv' operation ('div_25', matmul.cpp:12) [763]  (6.71 ns)

 <State 796>: 6.71ns
The critical path consists of the following:
	'fdiv' operation ('div_25', matmul.cpp:12) [763]  (6.71 ns)

 <State 797>: 6.71ns
The critical path consists of the following:
	'fdiv' operation ('div_25', matmul.cpp:12) [763]  (6.71 ns)

 <State 798>: 6.71ns
The critical path consists of the following:
	'fdiv' operation ('div_25', matmul.cpp:12) [763]  (6.71 ns)

 <State 799>: 6.71ns
The critical path consists of the following:
	'fdiv' operation ('div_25', matmul.cpp:12) [763]  (6.71 ns)

 <State 800>: 6.71ns
The critical path consists of the following:
	'fdiv' operation ('div_25', matmul.cpp:12) [763]  (6.71 ns)

 <State 801>: 6.71ns
The critical path consists of the following:
	'fdiv' operation ('div_25', matmul.cpp:12) [763]  (6.71 ns)

 <State 802>: 6.71ns
The critical path consists of the following:
	'fdiv' operation ('div_25', matmul.cpp:12) [763]  (6.71 ns)

 <State 803>: 6.71ns
The critical path consists of the following:
	'fdiv' operation ('div_25', matmul.cpp:12) [763]  (6.71 ns)

 <State 804>: 6.02ns
The critical path consists of the following:
	'load' operation ('layer1_weights_26_load', matmul.cpp:12) on array 'layer1_weights_26' [765]  (1.35 ns)
	'fmul' operation ('mul_25', matmul.cpp:12) [766]  (4.67 ns)

 <State 805>: 4.67ns
The critical path consists of the following:
	'fmul' operation ('mul_25', matmul.cpp:12) [766]  (4.67 ns)

 <State 806>: 4.67ns
The critical path consists of the following:
	'fmul' operation ('mul_25', matmul.cpp:12) [766]  (4.67 ns)

 <State 807>: 4.67ns
The critical path consists of the following:
	'fmul' operation ('mul_25', matmul.cpp:12) [766]  (4.67 ns)

 <State 808>: 6.35ns
The critical path consists of the following:
	'icmp' operation ('icmp_ln12_26', matmul.cpp:12) [767]  (0.863 ns)
	'facc' operation ('sum', matmul.cpp:12) [768]  (5.48 ns)

 <State 809>: 5.48ns
The critical path consists of the following:
	'facc' operation ('sum', matmul.cpp:12) [768]  (5.48 ns)

 <State 810>: 5.48ns
The critical path consists of the following:
	'facc' operation ('sum', matmul.cpp:12) [768]  (5.48 ns)

 <State 811>: 7.3ns
The critical path consists of the following:
	bus request on port 'AXI_DATA' (matmul.cpp:12) [773]  (7.3 ns)

 <State 812>: 7.3ns
The critical path consists of the following:
	bus request on port 'AXI_DATA' (matmul.cpp:12) [773]  (7.3 ns)

 <State 813>: 7.3ns
The critical path consists of the following:
	bus request on port 'AXI_DATA' (matmul.cpp:12) [773]  (7.3 ns)

 <State 814>: 7.3ns
The critical path consists of the following:
	bus request on port 'AXI_DATA' (matmul.cpp:12) [773]  (7.3 ns)

 <State 815>: 7.3ns
The critical path consists of the following:
	bus request on port 'AXI_DATA' (matmul.cpp:12) [773]  (7.3 ns)

 <State 816>: 7.3ns
The critical path consists of the following:
	bus request on port 'AXI_DATA' (matmul.cpp:12) [773]  (7.3 ns)

 <State 817>: 7.3ns
The critical path consists of the following:
	bus request on port 'AXI_DATA' (matmul.cpp:12) [773]  (7.3 ns)

 <State 818>: 0.897ns
The critical path consists of the following:
	'phi' operation ('k', matmul.cpp:10) with incoming values : ('add_ln10_27', matmul.cpp:10) [776]  (0 ns)
	'add' operation ('add_ln10_27', matmul.cpp:10) [778]  (0.897 ns)

 <State 819>: 7.3ns
The critical path consists of the following:
	bus read on port 'AXI_DATA' (matmul.cpp:12) [786]  (7.3 ns)

 <State 820>: 6.67ns
The critical path consists of the following:
	'uitofp' operation ('conv_26', matmul.cpp:12) [788]  (6.67 ns)

 <State 821>: 6.67ns
The critical path consists of the following:
	'uitofp' operation ('conv_26', matmul.cpp:12) [788]  (6.67 ns)

 <State 822>: 6.67ns
The critical path consists of the following:
	'uitofp' operation ('conv_26', matmul.cpp:12) [788]  (6.67 ns)

 <State 823>: 6.67ns
The critical path consists of the following:
	'uitofp' operation ('conv_26', matmul.cpp:12) [788]  (6.67 ns)

 <State 824>: 6.71ns
The critical path consists of the following:
	'fdiv' operation ('div_26', matmul.cpp:12) [789]  (6.71 ns)

 <State 825>: 6.71ns
The critical path consists of the following:
	'fdiv' operation ('div_26', matmul.cpp:12) [789]  (6.71 ns)

 <State 826>: 6.71ns
The critical path consists of the following:
	'fdiv' operation ('div_26', matmul.cpp:12) [789]  (6.71 ns)

 <State 827>: 6.71ns
The critical path consists of the following:
	'fdiv' operation ('div_26', matmul.cpp:12) [789]  (6.71 ns)

 <State 828>: 6.71ns
The critical path consists of the following:
	'fdiv' operation ('div_26', matmul.cpp:12) [789]  (6.71 ns)

 <State 829>: 6.71ns
The critical path consists of the following:
	'fdiv' operation ('div_26', matmul.cpp:12) [789]  (6.71 ns)

 <State 830>: 6.71ns
The critical path consists of the following:
	'fdiv' operation ('div_26', matmul.cpp:12) [789]  (6.71 ns)

 <State 831>: 6.71ns
The critical path consists of the following:
	'fdiv' operation ('div_26', matmul.cpp:12) [789]  (6.71 ns)

 <State 832>: 6.71ns
The critical path consists of the following:
	'fdiv' operation ('div_26', matmul.cpp:12) [789]  (6.71 ns)

 <State 833>: 6.71ns
The critical path consists of the following:
	'fdiv' operation ('div_26', matmul.cpp:12) [789]  (6.71 ns)

 <State 834>: 6.02ns
The critical path consists of the following:
	'load' operation ('layer1_weights_27_load', matmul.cpp:12) on array 'layer1_weights_27' [791]  (1.35 ns)
	'fmul' operation ('mul_26', matmul.cpp:12) [792]  (4.67 ns)

 <State 835>: 4.67ns
The critical path consists of the following:
	'fmul' operation ('mul_26', matmul.cpp:12) [792]  (4.67 ns)

 <State 836>: 4.67ns
The critical path consists of the following:
	'fmul' operation ('mul_26', matmul.cpp:12) [792]  (4.67 ns)

 <State 837>: 4.67ns
The critical path consists of the following:
	'fmul' operation ('mul_26', matmul.cpp:12) [792]  (4.67 ns)

 <State 838>: 6.35ns
The critical path consists of the following:
	'icmp' operation ('icmp_ln12_27', matmul.cpp:12) [793]  (0.863 ns)
	'facc' operation ('sum', matmul.cpp:12) [794]  (5.48 ns)

 <State 839>: 5.48ns
The critical path consists of the following:
	'facc' operation ('sum', matmul.cpp:12) [794]  (5.48 ns)

 <State 840>: 5.48ns
The critical path consists of the following:
	'facc' operation ('sum', matmul.cpp:12) [794]  (5.48 ns)

 <State 841>: 7.3ns
The critical path consists of the following:
	bus request on port 'AXI_DATA' (matmul.cpp:12) [799]  (7.3 ns)

 <State 842>: 7.3ns
The critical path consists of the following:
	bus request on port 'AXI_DATA' (matmul.cpp:12) [799]  (7.3 ns)

 <State 843>: 7.3ns
The critical path consists of the following:
	bus request on port 'AXI_DATA' (matmul.cpp:12) [799]  (7.3 ns)

 <State 844>: 7.3ns
The critical path consists of the following:
	bus request on port 'AXI_DATA' (matmul.cpp:12) [799]  (7.3 ns)

 <State 845>: 7.3ns
The critical path consists of the following:
	bus request on port 'AXI_DATA' (matmul.cpp:12) [799]  (7.3 ns)

 <State 846>: 7.3ns
The critical path consists of the following:
	bus request on port 'AXI_DATA' (matmul.cpp:12) [799]  (7.3 ns)

 <State 847>: 7.3ns
The critical path consists of the following:
	bus request on port 'AXI_DATA' (matmul.cpp:12) [799]  (7.3 ns)

 <State 848>: 0.897ns
The critical path consists of the following:
	'phi' operation ('k', matmul.cpp:10) with incoming values : ('add_ln10_28', matmul.cpp:10) [802]  (0 ns)
	'add' operation ('add_ln10_28', matmul.cpp:10) [804]  (0.897 ns)

 <State 849>: 7.3ns
The critical path consists of the following:
	bus read on port 'AXI_DATA' (matmul.cpp:12) [812]  (7.3 ns)

 <State 850>: 6.67ns
The critical path consists of the following:
	'uitofp' operation ('conv_27', matmul.cpp:12) [814]  (6.67 ns)

 <State 851>: 6.67ns
The critical path consists of the following:
	'uitofp' operation ('conv_27', matmul.cpp:12) [814]  (6.67 ns)

 <State 852>: 6.67ns
The critical path consists of the following:
	'uitofp' operation ('conv_27', matmul.cpp:12) [814]  (6.67 ns)

 <State 853>: 6.67ns
The critical path consists of the following:
	'uitofp' operation ('conv_27', matmul.cpp:12) [814]  (6.67 ns)

 <State 854>: 6.71ns
The critical path consists of the following:
	'fdiv' operation ('div_27', matmul.cpp:12) [815]  (6.71 ns)

 <State 855>: 6.71ns
The critical path consists of the following:
	'fdiv' operation ('div_27', matmul.cpp:12) [815]  (6.71 ns)

 <State 856>: 6.71ns
The critical path consists of the following:
	'fdiv' operation ('div_27', matmul.cpp:12) [815]  (6.71 ns)

 <State 857>: 6.71ns
The critical path consists of the following:
	'fdiv' operation ('div_27', matmul.cpp:12) [815]  (6.71 ns)

 <State 858>: 6.71ns
The critical path consists of the following:
	'fdiv' operation ('div_27', matmul.cpp:12) [815]  (6.71 ns)

 <State 859>: 6.71ns
The critical path consists of the following:
	'fdiv' operation ('div_27', matmul.cpp:12) [815]  (6.71 ns)

 <State 860>: 6.71ns
The critical path consists of the following:
	'fdiv' operation ('div_27', matmul.cpp:12) [815]  (6.71 ns)

 <State 861>: 6.71ns
The critical path consists of the following:
	'fdiv' operation ('div_27', matmul.cpp:12) [815]  (6.71 ns)

 <State 862>: 6.71ns
The critical path consists of the following:
	'fdiv' operation ('div_27', matmul.cpp:12) [815]  (6.71 ns)

 <State 863>: 6.71ns
The critical path consists of the following:
	'fdiv' operation ('div_27', matmul.cpp:12) [815]  (6.71 ns)

 <State 864>: 6.02ns
The critical path consists of the following:
	'load' operation ('layer1_weights_28_load', matmul.cpp:12) on array 'layer1_weights_28' [817]  (1.35 ns)
	'fmul' operation ('mul_27', matmul.cpp:12) [818]  (4.67 ns)

 <State 865>: 4.67ns
The critical path consists of the following:
	'fmul' operation ('mul_27', matmul.cpp:12) [818]  (4.67 ns)

 <State 866>: 4.67ns
The critical path consists of the following:
	'fmul' operation ('mul_27', matmul.cpp:12) [818]  (4.67 ns)

 <State 867>: 4.67ns
The critical path consists of the following:
	'fmul' operation ('mul_27', matmul.cpp:12) [818]  (4.67 ns)

 <State 868>: 6.35ns
The critical path consists of the following:
	'icmp' operation ('icmp_ln12_28', matmul.cpp:12) [819]  (0.863 ns)
	'facc' operation ('sum', matmul.cpp:12) [820]  (5.48 ns)

 <State 869>: 5.48ns
The critical path consists of the following:
	'facc' operation ('sum', matmul.cpp:12) [820]  (5.48 ns)

 <State 870>: 5.48ns
The critical path consists of the following:
	'facc' operation ('sum', matmul.cpp:12) [820]  (5.48 ns)

 <State 871>: 7.3ns
The critical path consists of the following:
	bus request on port 'AXI_DATA' (matmul.cpp:12) [825]  (7.3 ns)

 <State 872>: 7.3ns
The critical path consists of the following:
	bus request on port 'AXI_DATA' (matmul.cpp:12) [825]  (7.3 ns)

 <State 873>: 7.3ns
The critical path consists of the following:
	bus request on port 'AXI_DATA' (matmul.cpp:12) [825]  (7.3 ns)

 <State 874>: 7.3ns
The critical path consists of the following:
	bus request on port 'AXI_DATA' (matmul.cpp:12) [825]  (7.3 ns)

 <State 875>: 7.3ns
The critical path consists of the following:
	bus request on port 'AXI_DATA' (matmul.cpp:12) [825]  (7.3 ns)

 <State 876>: 7.3ns
The critical path consists of the following:
	bus request on port 'AXI_DATA' (matmul.cpp:12) [825]  (7.3 ns)

 <State 877>: 7.3ns
The critical path consists of the following:
	bus request on port 'AXI_DATA' (matmul.cpp:12) [825]  (7.3 ns)

 <State 878>: 0.897ns
The critical path consists of the following:
	'phi' operation ('k', matmul.cpp:10) with incoming values : ('add_ln10_29', matmul.cpp:10) [828]  (0 ns)
	'add' operation ('add_ln10_29', matmul.cpp:10) [830]  (0.897 ns)

 <State 879>: 7.3ns
The critical path consists of the following:
	bus read on port 'AXI_DATA' (matmul.cpp:12) [838]  (7.3 ns)

 <State 880>: 6.67ns
The critical path consists of the following:
	'uitofp' operation ('conv_28', matmul.cpp:12) [840]  (6.67 ns)

 <State 881>: 6.67ns
The critical path consists of the following:
	'uitofp' operation ('conv_28', matmul.cpp:12) [840]  (6.67 ns)

 <State 882>: 6.67ns
The critical path consists of the following:
	'uitofp' operation ('conv_28', matmul.cpp:12) [840]  (6.67 ns)

 <State 883>: 6.67ns
The critical path consists of the following:
	'uitofp' operation ('conv_28', matmul.cpp:12) [840]  (6.67 ns)

 <State 884>: 6.71ns
The critical path consists of the following:
	'fdiv' operation ('div_28', matmul.cpp:12) [841]  (6.71 ns)

 <State 885>: 6.71ns
The critical path consists of the following:
	'fdiv' operation ('div_28', matmul.cpp:12) [841]  (6.71 ns)

 <State 886>: 6.71ns
The critical path consists of the following:
	'fdiv' operation ('div_28', matmul.cpp:12) [841]  (6.71 ns)

 <State 887>: 6.71ns
The critical path consists of the following:
	'fdiv' operation ('div_28', matmul.cpp:12) [841]  (6.71 ns)

 <State 888>: 6.71ns
The critical path consists of the following:
	'fdiv' operation ('div_28', matmul.cpp:12) [841]  (6.71 ns)

 <State 889>: 6.71ns
The critical path consists of the following:
	'fdiv' operation ('div_28', matmul.cpp:12) [841]  (6.71 ns)

 <State 890>: 6.71ns
The critical path consists of the following:
	'fdiv' operation ('div_28', matmul.cpp:12) [841]  (6.71 ns)

 <State 891>: 6.71ns
The critical path consists of the following:
	'fdiv' operation ('div_28', matmul.cpp:12) [841]  (6.71 ns)

 <State 892>: 6.71ns
The critical path consists of the following:
	'fdiv' operation ('div_28', matmul.cpp:12) [841]  (6.71 ns)

 <State 893>: 6.71ns
The critical path consists of the following:
	'fdiv' operation ('div_28', matmul.cpp:12) [841]  (6.71 ns)

 <State 894>: 6.02ns
The critical path consists of the following:
	'load' operation ('layer1_weights_29_load', matmul.cpp:12) on array 'layer1_weights_29' [843]  (1.35 ns)
	'fmul' operation ('mul_28', matmul.cpp:12) [844]  (4.67 ns)

 <State 895>: 4.67ns
The critical path consists of the following:
	'fmul' operation ('mul_28', matmul.cpp:12) [844]  (4.67 ns)

 <State 896>: 4.67ns
The critical path consists of the following:
	'fmul' operation ('mul_28', matmul.cpp:12) [844]  (4.67 ns)

 <State 897>: 4.67ns
The critical path consists of the following:
	'fmul' operation ('mul_28', matmul.cpp:12) [844]  (4.67 ns)

 <State 898>: 6.35ns
The critical path consists of the following:
	'icmp' operation ('icmp_ln12_29', matmul.cpp:12) [845]  (0.863 ns)
	'facc' operation ('sum', matmul.cpp:12) [846]  (5.48 ns)

 <State 899>: 5.48ns
The critical path consists of the following:
	'facc' operation ('sum', matmul.cpp:12) [846]  (5.48 ns)

 <State 900>: 5.48ns
The critical path consists of the following:
	'facc' operation ('sum', matmul.cpp:12) [846]  (5.48 ns)

 <State 901>: 7.3ns
The critical path consists of the following:
	bus request on port 'AXI_DATA' (matmul.cpp:12) [851]  (7.3 ns)

 <State 902>: 7.3ns
The critical path consists of the following:
	bus request on port 'AXI_DATA' (matmul.cpp:12) [851]  (7.3 ns)

 <State 903>: 7.3ns
The critical path consists of the following:
	bus request on port 'AXI_DATA' (matmul.cpp:12) [851]  (7.3 ns)

 <State 904>: 7.3ns
The critical path consists of the following:
	bus request on port 'AXI_DATA' (matmul.cpp:12) [851]  (7.3 ns)

 <State 905>: 7.3ns
The critical path consists of the following:
	bus request on port 'AXI_DATA' (matmul.cpp:12) [851]  (7.3 ns)

 <State 906>: 7.3ns
The critical path consists of the following:
	bus request on port 'AXI_DATA' (matmul.cpp:12) [851]  (7.3 ns)

 <State 907>: 7.3ns
The critical path consists of the following:
	bus request on port 'AXI_DATA' (matmul.cpp:12) [851]  (7.3 ns)

 <State 908>: 0.897ns
The critical path consists of the following:
	'phi' operation ('k', matmul.cpp:10) with incoming values : ('add_ln10_30', matmul.cpp:10) [854]  (0 ns)
	'add' operation ('add_ln10_30', matmul.cpp:10) [856]  (0.897 ns)

 <State 909>: 7.3ns
The critical path consists of the following:
	bus read on port 'AXI_DATA' (matmul.cpp:12) [864]  (7.3 ns)

 <State 910>: 6.67ns
The critical path consists of the following:
	'uitofp' operation ('conv_29', matmul.cpp:12) [866]  (6.67 ns)

 <State 911>: 6.67ns
The critical path consists of the following:
	'uitofp' operation ('conv_29', matmul.cpp:12) [866]  (6.67 ns)

 <State 912>: 6.67ns
The critical path consists of the following:
	'uitofp' operation ('conv_29', matmul.cpp:12) [866]  (6.67 ns)

 <State 913>: 6.67ns
The critical path consists of the following:
	'uitofp' operation ('conv_29', matmul.cpp:12) [866]  (6.67 ns)

 <State 914>: 6.71ns
The critical path consists of the following:
	'fdiv' operation ('div_29', matmul.cpp:12) [867]  (6.71 ns)

 <State 915>: 6.71ns
The critical path consists of the following:
	'fdiv' operation ('div_29', matmul.cpp:12) [867]  (6.71 ns)

 <State 916>: 6.71ns
The critical path consists of the following:
	'fdiv' operation ('div_29', matmul.cpp:12) [867]  (6.71 ns)

 <State 917>: 6.71ns
The critical path consists of the following:
	'fdiv' operation ('div_29', matmul.cpp:12) [867]  (6.71 ns)

 <State 918>: 6.71ns
The critical path consists of the following:
	'fdiv' operation ('div_29', matmul.cpp:12) [867]  (6.71 ns)

 <State 919>: 6.71ns
The critical path consists of the following:
	'fdiv' operation ('div_29', matmul.cpp:12) [867]  (6.71 ns)

 <State 920>: 6.71ns
The critical path consists of the following:
	'fdiv' operation ('div_29', matmul.cpp:12) [867]  (6.71 ns)

 <State 921>: 6.71ns
The critical path consists of the following:
	'fdiv' operation ('div_29', matmul.cpp:12) [867]  (6.71 ns)

 <State 922>: 6.71ns
The critical path consists of the following:
	'fdiv' operation ('div_29', matmul.cpp:12) [867]  (6.71 ns)

 <State 923>: 6.71ns
The critical path consists of the following:
	'fdiv' operation ('div_29', matmul.cpp:12) [867]  (6.71 ns)

 <State 924>: 6.02ns
The critical path consists of the following:
	'load' operation ('layer1_weights_30_load', matmul.cpp:12) on array 'layer1_weights_30' [869]  (1.35 ns)
	'fmul' operation ('mul_29', matmul.cpp:12) [870]  (4.67 ns)

 <State 925>: 4.67ns
The critical path consists of the following:
	'fmul' operation ('mul_29', matmul.cpp:12) [870]  (4.67 ns)

 <State 926>: 4.67ns
The critical path consists of the following:
	'fmul' operation ('mul_29', matmul.cpp:12) [870]  (4.67 ns)

 <State 927>: 4.67ns
The critical path consists of the following:
	'fmul' operation ('mul_29', matmul.cpp:12) [870]  (4.67 ns)

 <State 928>: 6.35ns
The critical path consists of the following:
	'icmp' operation ('icmp_ln12_30', matmul.cpp:12) [871]  (0.863 ns)
	'facc' operation ('sum', matmul.cpp:12) [872]  (5.48 ns)

 <State 929>: 5.48ns
The critical path consists of the following:
	'facc' operation ('sum', matmul.cpp:12) [872]  (5.48 ns)

 <State 930>: 5.48ns
The critical path consists of the following:
	'facc' operation ('sum', matmul.cpp:12) [872]  (5.48 ns)

 <State 931>: 7.3ns
The critical path consists of the following:
	bus request on port 'AXI_DATA' (matmul.cpp:12) [877]  (7.3 ns)

 <State 932>: 7.3ns
The critical path consists of the following:
	bus request on port 'AXI_DATA' (matmul.cpp:12) [877]  (7.3 ns)

 <State 933>: 7.3ns
The critical path consists of the following:
	bus request on port 'AXI_DATA' (matmul.cpp:12) [877]  (7.3 ns)

 <State 934>: 7.3ns
The critical path consists of the following:
	bus request on port 'AXI_DATA' (matmul.cpp:12) [877]  (7.3 ns)

 <State 935>: 7.3ns
The critical path consists of the following:
	bus request on port 'AXI_DATA' (matmul.cpp:12) [877]  (7.3 ns)

 <State 936>: 7.3ns
The critical path consists of the following:
	bus request on port 'AXI_DATA' (matmul.cpp:12) [877]  (7.3 ns)

 <State 937>: 7.3ns
The critical path consists of the following:
	bus request on port 'AXI_DATA' (matmul.cpp:12) [877]  (7.3 ns)

 <State 938>: 0.897ns
The critical path consists of the following:
	'phi' operation ('k', matmul.cpp:10) with incoming values : ('add_ln10_31', matmul.cpp:10) [880]  (0 ns)
	'add' operation ('add_ln10_31', matmul.cpp:10) [882]  (0.897 ns)

 <State 939>: 7.3ns
The critical path consists of the following:
	bus read on port 'AXI_DATA' (matmul.cpp:12) [890]  (7.3 ns)

 <State 940>: 6.67ns
The critical path consists of the following:
	'uitofp' operation ('conv_30', matmul.cpp:12) [892]  (6.67 ns)

 <State 941>: 6.67ns
The critical path consists of the following:
	'uitofp' operation ('conv_30', matmul.cpp:12) [892]  (6.67 ns)

 <State 942>: 6.67ns
The critical path consists of the following:
	'uitofp' operation ('conv_30', matmul.cpp:12) [892]  (6.67 ns)

 <State 943>: 6.67ns
The critical path consists of the following:
	'uitofp' operation ('conv_30', matmul.cpp:12) [892]  (6.67 ns)

 <State 944>: 6.71ns
The critical path consists of the following:
	'fdiv' operation ('div_30', matmul.cpp:12) [893]  (6.71 ns)

 <State 945>: 6.71ns
The critical path consists of the following:
	'fdiv' operation ('div_30', matmul.cpp:12) [893]  (6.71 ns)

 <State 946>: 6.71ns
The critical path consists of the following:
	'fdiv' operation ('div_30', matmul.cpp:12) [893]  (6.71 ns)

 <State 947>: 6.71ns
The critical path consists of the following:
	'fdiv' operation ('div_30', matmul.cpp:12) [893]  (6.71 ns)

 <State 948>: 6.71ns
The critical path consists of the following:
	'fdiv' operation ('div_30', matmul.cpp:12) [893]  (6.71 ns)

 <State 949>: 6.71ns
The critical path consists of the following:
	'fdiv' operation ('div_30', matmul.cpp:12) [893]  (6.71 ns)

 <State 950>: 6.71ns
The critical path consists of the following:
	'fdiv' operation ('div_30', matmul.cpp:12) [893]  (6.71 ns)

 <State 951>: 6.71ns
The critical path consists of the following:
	'fdiv' operation ('div_30', matmul.cpp:12) [893]  (6.71 ns)

 <State 952>: 6.71ns
The critical path consists of the following:
	'fdiv' operation ('div_30', matmul.cpp:12) [893]  (6.71 ns)

 <State 953>: 6.71ns
The critical path consists of the following:
	'fdiv' operation ('div_30', matmul.cpp:12) [893]  (6.71 ns)

 <State 954>: 6.02ns
The critical path consists of the following:
	'load' operation ('layer1_weights_31_load', matmul.cpp:12) on array 'layer1_weights_31' [895]  (1.35 ns)
	'fmul' operation ('mul_30', matmul.cpp:12) [896]  (4.67 ns)

 <State 955>: 4.67ns
The critical path consists of the following:
	'fmul' operation ('mul_30', matmul.cpp:12) [896]  (4.67 ns)

 <State 956>: 4.67ns
The critical path consists of the following:
	'fmul' operation ('mul_30', matmul.cpp:12) [896]  (4.67 ns)

 <State 957>: 4.67ns
The critical path consists of the following:
	'fmul' operation ('mul_30', matmul.cpp:12) [896]  (4.67 ns)

 <State 958>: 6.35ns
The critical path consists of the following:
	'icmp' operation ('icmp_ln12_31', matmul.cpp:12) [897]  (0.863 ns)
	'facc' operation ('sum', matmul.cpp:12) [898]  (5.48 ns)

 <State 959>: 5.48ns
The critical path consists of the following:
	'facc' operation ('sum', matmul.cpp:12) [898]  (5.48 ns)

 <State 960>: 5.48ns
The critical path consists of the following:
	'facc' operation ('sum', matmul.cpp:12) [898]  (5.48 ns)

 <State 961>: 1.35ns
The critical path consists of the following:
	'getelementptr' operation ('output_0_addr_31', matmul.cpp:14) [901]  (0 ns)
	'store' operation ('store_ln14', matmul.cpp:14) of variable 'sum' on array 'output_0' [902]  (1.35 ns)


============================================================
+ Verbose Summary: Binding
============================================================
N/A
* FSMD analyzer results:
  - Output states:
 - Input state : 
  - Chain level:
	State 1
	State 2
	State 3
	State 4
	State 5
	State 6
	State 7
	State 8
	State 9
	State 10
	State 11
	State 12
	State 13
	State 14
	State 15
	State 16
	State 17
	State 18
	State 19
	State 20
	State 21
	State 22
	State 23
	State 24
	State 25
	State 26
	State 27
	State 28
	State 29
	State 30
	State 31
	State 32
	State 33
	State 34
	State 35
	State 36
	State 37
	State 38
	State 39
	State 40
	State 41
	State 42
	State 43
	State 44
	State 45
	State 46
	State 47
	State 48
	State 49
	State 50
	State 51
	State 52
	State 53
	State 54
	State 55
	State 56
	State 57
	State 58
	State 59
	State 60
	State 61
	State 62
	State 63
	State 64
	State 65
	State 66
	State 67
	State 68
	State 69
	State 70
	State 71
	State 72
	State 73
	State 74
	State 75
	State 76
	State 77
	State 78
	State 79
	State 80
	State 81
	State 82
	State 83
	State 84
	State 85
	State 86
	State 87
	State 88
	State 89
	State 90
	State 91
	State 92
	State 93
	State 94
	State 95
	State 96
	State 97
	State 98
	State 99
	State 100
	State 101
	State 102
	State 103
	State 104
	State 105
	State 106
	State 107
	State 108
	State 109
	State 110
	State 111
	State 112
	State 113
	State 114
	State 115
	State 116
	State 117
	State 118
	State 119
	State 120
	State 121
	State 122
	State 123
	State 124
	State 125
	State 126
	State 127
	State 128
	State 129
	State 130
	State 131
	State 132
	State 133
	State 134
	State 135
	State 136
	State 137
	State 138
	State 139
	State 140
	State 141
	State 142
	State 143
	State 144
	State 145
	State 146
	State 147
	State 148
	State 149
	State 150
	State 151
	State 152
	State 153
	State 154
	State 155
	State 156
	State 157
	State 158
	State 159
	State 160
	State 161
	State 162
	State 163
	State 164
	State 165
	State 166
	State 167
	State 168
	State 169
	State 170
	State 171
	State 172
	State 173
	State 174
	State 175
	State 176
	State 177
	State 178
	State 179
	State 180
	State 181
	State 182
	State 183
	State 184
	State 185
	State 186
	State 187
	State 188
	State 189
	State 190
	State 191
	State 192
	State 193
	State 194
	State 195
	State 196
	State 197
	State 198
	State 199
	State 200
	State 201
	State 202
	State 203
	State 204
	State 205
	State 206
	State 207
	State 208
	State 209
	State 210
	State 211
	State 212
	State 213
	State 214
	State 215
	State 216
	State 217
	State 218
	State 219
	State 220
	State 221
	State 222
	State 223
	State 224
	State 225
	State 226
	State 227
	State 228
	State 229
	State 230
	State 231
	State 232
	State 233
	State 234
	State 235
	State 236
	State 237
	State 238
	State 239
	State 240
	State 241
	State 242
	State 243
	State 244
	State 245
	State 246
	State 247
	State 248
	State 249
	State 250
	State 251
	State 252
	State 253
	State 254
	State 255
	State 256
	State 257
	State 258
	State 259
	State 260
	State 261
	State 262
	State 263
	State 264
	State 265
	State 266
	State 267
	State 268
	State 269
	State 270
	State 271
	State 272
	State 273
	State 274
	State 275
	State 276
	State 277
	State 278
	State 279
	State 280
	State 281
	State 282
	State 283
	State 284
	State 285
	State 286
	State 287
	State 288
	State 289
	State 290
	State 291
	State 292
	State 293
	State 294
	State 295
	State 296
	State 297
	State 298
	State 299
	State 300
	State 301
	State 302
	State 303
	State 304
	State 305
	State 306
	State 307
	State 308
	State 309
	State 310
	State 311
	State 312
	State 313
	State 314
	State 315
	State 316
	State 317
	State 318
	State 319
	State 320
	State 321
	State 322
	State 323
	State 324
	State 325
	State 326
	State 327
	State 328
	State 329
	State 330
	State 331
	State 332
	State 333
	State 334
	State 335
	State 336
	State 337
	State 338
	State 339
	State 340
	State 341
	State 342
	State 343
	State 344
	State 345
	State 346
	State 347
	State 348
	State 349
	State 350
	State 351
	State 352
	State 353
	State 354
	State 355
	State 356
	State 357
	State 358
	State 359
	State 360
	State 361
	State 362
	State 363
	State 364
	State 365
	State 366
	State 367
	State 368
	State 369
	State 370
	State 371
	State 372
	State 373
	State 374
	State 375
	State 376
	State 377
	State 378
	State 379
	State 380
	State 381
	State 382
	State 383
	State 384
	State 385
	State 386
	State 387
	State 388
	State 389
	State 390
	State 391
	State 392
	State 393
	State 394
	State 395
	State 396
	State 397
	State 398
	State 399
	State 400
	State 401
	State 402
	State 403
	State 404
	State 405
	State 406
	State 407
	State 408
	State 409
	State 410
	State 411
	State 412
	State 413
	State 414
	State 415
	State 416
	State 417
	State 418
	State 419
	State 420
	State 421
	State 422
	State 423
	State 424
	State 425
	State 426
	State 427
	State 428
	State 429
	State 430
	State 431
	State 432
	State 433
	State 434
	State 435
	State 436
	State 437
	State 438
	State 439
	State 440
	State 441
	State 442
	State 443
	State 444
	State 445
	State 446
	State 447
	State 448
	State 449
	State 450
	State 451
	State 452
	State 453
	State 454
	State 455
	State 456
	State 457
	State 458
	State 459
	State 460
	State 461
	State 462
	State 463
	State 464
	State 465
	State 466
	State 467
	State 468
	State 469
	State 470
	State 471
	State 472
	State 473
	State 474
	State 475
	State 476
	State 477
	State 478
	State 479
	State 480
	State 481
	State 482
	State 483
	State 484
	State 485
	State 486
	State 487
	State 488
	State 489
	State 490
	State 491
	State 492
	State 493
	State 494
	State 495
	State 496
	State 497
	State 498
	State 499
	State 500
	State 501
	State 502
	State 503
	State 504
	State 505
	State 506
	State 507
	State 508
	State 509
	State 510
	State 511
	State 512
	State 513
	State 514
	State 515
	State 516
	State 517
	State 518
	State 519
	State 520
	State 521
	State 522
	State 523
	State 524
	State 525
	State 526
	State 527
	State 528
	State 529
	State 530
	State 531
	State 532
	State 533
	State 534
	State 535
	State 536
	State 537
	State 538
	State 539
	State 540
	State 541
	State 542
	State 543
	State 544
	State 545
	State 546
	State 547
	State 548
	State 549
	State 550
	State 551
	State 552
	State 553
	State 554
	State 555
	State 556
	State 557
	State 558
	State 559
	State 560
	State 561
	State 562
	State 563
	State 564
	State 565
	State 566
	State 567
	State 568
	State 569
	State 570
	State 571
	State 572
	State 573
	State 574
	State 575
	State 576
	State 577
	State 578
	State 579
	State 580
	State 581
	State 582
	State 583
	State 584
	State 585
	State 586
	State 587
	State 588
	State 589
	State 590
	State 591
	State 592
	State 593
	State 594
	State 595
	State 596
	State 597
	State 598
	State 599
	State 600
	State 601
	State 602
	State 603
	State 604
	State 605
	State 606
	State 607
	State 608
	State 609
	State 610
	State 611
	State 612
	State 613
	State 614
	State 615
	State 616
	State 617
	State 618
	State 619
	State 620
	State 621
	State 622
	State 623
	State 624
	State 625
	State 626
	State 627
	State 628
	State 629
	State 630
	State 631
	State 632
	State 633
	State 634
	State 635
	State 636
	State 637
	State 638
	State 639
	State 640
	State 641
	State 642
	State 643
	State 644
	State 645
	State 646
	State 647
	State 648
	State 649
	State 650
	State 651
	State 652
	State 653
	State 654
	State 655
	State 656
	State 657
	State 658
	State 659
	State 660
	State 661
	State 662
	State 663
	State 664
	State 665
	State 666
	State 667
	State 668
	State 669
	State 670
	State 671
	State 672
	State 673
	State 674
	State 675
	State 676
	State 677
	State 678
	State 679
	State 680
	State 681
	State 682
	State 683
	State 684
	State 685
	State 686
	State 687
	State 688
	State 689
	State 690
	State 691
	State 692
	State 693
	State 694
	State 695
	State 696
	State 697
	State 698
	State 699
	State 700
	State 701
	State 702
	State 703
	State 704
	State 705
	State 706
	State 707
	State 708
	State 709
	State 710
	State 711
	State 712
	State 713
	State 714
	State 715
	State 716
	State 717
	State 718
	State 719
	State 720
	State 721
	State 722
	State 723
	State 724
	State 725
	State 726
	State 727
	State 728
	State 729
	State 730
	State 731
	State 732
	State 733
	State 734
	State 735
	State 736
	State 737
	State 738
	State 739
	State 740
	State 741
	State 742
	State 743
	State 744
	State 745
	State 746
	State 747
	State 748
	State 749
	State 750
	State 751
	State 752
	State 753
	State 754
	State 755
	State 756
	State 757
	State 758
	State 759
	State 760
	State 761
	State 762
	State 763
	State 764
	State 765
	State 766
	State 767
	State 768
	State 769
	State 770
	State 771
	State 772
	State 773
	State 774
	State 775
	State 776
	State 777
	State 778
	State 779
	State 780
	State 781
	State 782
	State 783
	State 784
	State 785
	State 786
	State 787
	State 788
	State 789
	State 790
	State 791
	State 792
	State 793
	State 794
	State 795
	State 796
	State 797
	State 798
	State 799
	State 800
	State 801
	State 802
	State 803
	State 804
	State 805
	State 806
	State 807
	State 808
	State 809
	State 810
	State 811
	State 812
	State 813
	State 814
	State 815
	State 816
	State 817
	State 818
	State 819
	State 820
	State 821
	State 822
	State 823
	State 824
	State 825
	State 826
	State 827
	State 828
	State 829
	State 830
	State 831
	State 832
	State 833
	State 834
	State 835
	State 836
	State 837
	State 838
	State 839
	State 840
	State 841
	State 842
	State 843
	State 844
	State 845
	State 846
	State 847
	State 848
	State 849
	State 850
	State 851
	State 852
	State 853
	State 854
	State 855
	State 856
	State 857
	State 858
	State 859
	State 860
	State 861
	State 862
	State 863
	State 864
	State 865
	State 866
	State 867
	State 868
	State 869
	State 870
	State 871
	State 872
	State 873
	State 874
	State 875
	State 876
	State 877
	State 878
	State 879
	State 880
	State 881
	State 882
	State 883
	State 884
	State 885
	State 886
	State 887
	State 888
	State 889
	State 890
	State 891
	State 892
	State 893
	State 894
	State 895
	State 896
	State 897
	State 898
	State 899
	State 900
	State 901
	State 902
	State 903
	State 904
	State 905
	State 906
	State 907
	State 908
	State 909
	State 910
	State 911
	State 912
	State 913
	State 914
	State 915
	State 916
	State 917
	State 918
	State 919
	State 920
	State 921
	State 922
	State 923
	State 924
	State 925
	State 926
	State 927
	State 928
	State 929
	State 930
	State 931
	State 932
	State 933
	State 934
	State 935
	State 936
	State 937
	State 938
	State 939
	State 940
	State 941
	State 942
	State 943
	State 944
	State 945
	State 946
	State 947
	State 948
	State 949
	State 950
	State 951
	State 952
	State 953
	State 954
	State 955
	State 956
	State 957
	State 958
	State 959
	State 960
	State 961


============================================================
+ Verbose Summary: Datapath Resource usage 
============================================================
N/A
