

================================================================
== Vitis HLS Report for 'nn_inference'
================================================================
* Date:           Fri Dec 13 17:36:54 2024

* Version:        2020.2 (Build 3064766 on Wed Nov 18 09:12:47 MST 2020)
* Project:        nn_inference
* Solution:       solution1 (Vivado IP Flow Target)
* Product family: zynquplus
* Target device:  xczu3eg-sbva484-1-i


================================================================
== Performance Estimates
================================================================
+ Timing: 
    * Summary: 
    +--------+----------+----------+------------+
    |  Clock |  Target  | Estimated| Uncertainty|
    +--------+----------+----------+------------+
    |ap_clk  |  10.00 ns|  7.300 ns|     2.70 ns|
    +--------+----------+----------+------------+

+ Latency: 
    * Summary: 
    +---------+---------+-----------+-----------+------+------+---------+
    |  Latency (cycles) |   Latency (absolute)  |   Interval  | Pipeline|
    |   min   |   max   |    min    |    max    |  min |  max |   Type  |
    +---------+---------+-----------+-----------+------+------+---------+
    |     4576|     4576|  45.760 us|  45.760 us|  4577|  4577|     none|
    +---------+---------+-----------+-----------+------+------+---------+

    + Detail: 
        * Instance: 
        N/A

        * Loop: 
        +---------------+---------+---------+----------+-----------+-----------+------+----------+
        |               |  Latency (cycles) | Iteration|  Initiation Interval  | Trip |          |
        |   Loop Name   |   min   |   max   |  Latency |  achieved |   target  | Count| Pipelined|
        +---------------+---------+---------+----------+-----------+-----------+------+----------+
        |- Loop 1       |       32|       32|         1|          1|          1|    32|       yes|
        |- Loop 2       |       16|       16|         1|          1|          1|    16|       yes|
        |- Loop 3       |       10|       10|         1|          1|          1|    10|       yes|
        |- layer_1_act  |       33|       33|         3|          1|          1|    32|       yes|
        |- layer_2_col  |      179|      179|       165|          1|          1|    16|       yes|
        |- layer_2_act  |       17|       17|         3|          1|          1|    16|       yes|
        |- layer_3_col  |       93|       93|        85|          1|          1|    10|       yes|
        |- layer_3_act  |       21|       21|         3|          2|          2|    10|       yes|
        +---------------+---------+---------+----------+-----------+-----------+------+----------+

============================================================
+ Verbose Summary: Synthesis Manager
============================================================
InlineROM: 1
ExposeGlobal: 0
============================================================
+ Verbose Summary: CDFG Model
============================================================
IsTopModel: 1
ResetActiveHigh: 1
IsCombinational: 0
IsDatapathOnly: 0
HasWiredReturn: 1
HasMFsm: 0
HasVarLatency: 1
IsPipeline: 0
IsRtlPipelined: 0
IsInstanceOverlapped: 0
IsDontTouch: 0
HasImplIP: 0
IsGatedGlobalClock: 0

+ Individual pipeline summary: 
  * Pipeline-0: initiation interval (II) = 1, depth = 1
  * Pipeline-1: initiation interval (II) = 1, depth = 1
  * Pipeline-2: initiation interval (II) = 1, depth = 1
  * Pipeline-3: initiation interval (II) = 1, depth = 3
  * Pipeline-4: initiation interval (II) = 1, depth = 165
  * Pipeline-5: initiation interval (II) = 1, depth = 3
  * Pipeline-6: initiation interval (II) = 1, depth = 85
  * Pipeline-7: initiation interval (II) = 2, depth = 3


============================================================
+ Verbose Summary: Schedule
============================================================
* Number of FSM states : 302
* Pipeline : 8
  Pipeline-0 : II = 1, D = 1, States = { 2 }
  Pipeline-1 : II = 1, D = 1, States = { 4 }
  Pipeline-2 : II = 1, D = 1, States = { 6 }
  Pipeline-3 : II = 1, D = 3, States = { 9 10 11 }
  Pipeline-4 : II = 1, D = 165, States = { 29 30 31 32 33 34 35 36 37 38 39 40 41 42 43 44 45 46 47 48 49 50 51 52 53 54 55 56 57 58 59 60 61 62 63 64 65 66 67 68 69 70 71 72 73 74 75 76 77 78 79 80 81 82 83 84 85 86 87 88 89 90 91 92 93 94 95 96 97 98 99 100 101 102 103 104 105 106 107 108 109 110 111 112 113 114 115 116 117 118 119 120 121 122 123 124 125 126 127 128 129 130 131 132 133 134 135 136 137 138 139 140 141 142 143 144 145 146 147 148 149 150 151 152 153 154 155 156 157 158 159 160 161 162 163 164 165 166 167 168 169 170 171 172 173 174 175 176 177 178 179 180 181 182 183 184 185 186 187 188 189 190 191 192 193 }
  Pipeline-5 : II = 1, D = 3, States = { 195 196 197 }
  Pipeline-6 : II = 1, D = 85, States = { 207 208 209 210 211 212 213 214 215 216 217 218 219 220 221 222 223 224 225 226 227 228 229 230 231 232 233 234 235 236 237 238 239 240 241 242 243 244 245 246 247 248 249 250 251 252 253 254 255 256 257 258 259 260 261 262 263 264 265 266 267 268 269 270 271 272 273 274 275 276 277 278 279 280 281 282 283 284 285 286 287 288 289 290 291 }
  Pipeline-7 : II = 2, D = 3, States = { 293 294 295 }
* Dataflow Pipeline: 0

* FSM state transitions: 
1 --> 2 
2 --> 3 2 
3 --> 4 
4 --> 5 4 
5 --> 6 
6 --> 7 6 
7 --> 8 
8 --> 9 
9 --> 12 10 
10 --> 11 
11 --> 9 
12 --> 13 
13 --> 14 
14 --> 15 
15 --> 16 
16 --> 17 
17 --> 18 
18 --> 19 
19 --> 20 
20 --> 21 
21 --> 22 
22 --> 23 
23 --> 24 
24 --> 25 
25 --> 26 
26 --> 27 
27 --> 28 
28 --> 29 
29 --> 194 30 
30 --> 31 
31 --> 32 
32 --> 33 
33 --> 34 
34 --> 35 
35 --> 36 
36 --> 37 
37 --> 38 
38 --> 39 
39 --> 40 
40 --> 41 
41 --> 42 
42 --> 43 
43 --> 44 
44 --> 45 
45 --> 46 
46 --> 47 
47 --> 48 
48 --> 49 
49 --> 50 
50 --> 51 
51 --> 52 
52 --> 53 
53 --> 54 
54 --> 55 
55 --> 56 
56 --> 57 
57 --> 58 
58 --> 59 
59 --> 60 
60 --> 61 
61 --> 62 
62 --> 63 
63 --> 64 
64 --> 65 
65 --> 66 
66 --> 67 
67 --> 68 
68 --> 69 
69 --> 70 
70 --> 71 
71 --> 72 
72 --> 73 
73 --> 74 
74 --> 75 
75 --> 76 
76 --> 77 
77 --> 78 
78 --> 79 
79 --> 80 
80 --> 81 
81 --> 82 
82 --> 83 
83 --> 84 
84 --> 85 
85 --> 86 
86 --> 87 
87 --> 88 
88 --> 89 
89 --> 90 
90 --> 91 
91 --> 92 
92 --> 93 
93 --> 94 
94 --> 95 
95 --> 96 
96 --> 97 
97 --> 98 
98 --> 99 
99 --> 100 
100 --> 101 
101 --> 102 
102 --> 103 
103 --> 104 
104 --> 105 
105 --> 106 
106 --> 107 
107 --> 108 
108 --> 109 
109 --> 110 
110 --> 111 
111 --> 112 
112 --> 113 
113 --> 114 
114 --> 115 
115 --> 116 
116 --> 117 
117 --> 118 
118 --> 119 
119 --> 120 
120 --> 121 
121 --> 122 
122 --> 123 
123 --> 124 
124 --> 125 
125 --> 126 
126 --> 127 
127 --> 128 
128 --> 129 
129 --> 130 
130 --> 131 
131 --> 132 
132 --> 133 
133 --> 134 
134 --> 135 
135 --> 136 
136 --> 137 
137 --> 138 
138 --> 139 
139 --> 140 
140 --> 141 
141 --> 142 
142 --> 143 
143 --> 144 
144 --> 145 
145 --> 146 
146 --> 147 
147 --> 148 
148 --> 149 
149 --> 150 
150 --> 151 
151 --> 152 
152 --> 153 
153 --> 154 
154 --> 155 
155 --> 156 
156 --> 157 
157 --> 158 
158 --> 159 
159 --> 160 
160 --> 161 
161 --> 162 
162 --> 163 
163 --> 164 
164 --> 165 
165 --> 166 
166 --> 167 
167 --> 168 
168 --> 169 
169 --> 170 
170 --> 171 
171 --> 172 
172 --> 173 
173 --> 174 
174 --> 175 
175 --> 176 
176 --> 177 
177 --> 178 
178 --> 179 
179 --> 180 
180 --> 181 
181 --> 182 
182 --> 183 
183 --> 184 
184 --> 185 
185 --> 186 
186 --> 187 
187 --> 188 
188 --> 189 
189 --> 190 
190 --> 191 
191 --> 192 
192 --> 193 
193 --> 29 
194 --> 195 
195 --> 198 196 
196 --> 197 
197 --> 195 
198 --> 199 
199 --> 200 
200 --> 201 
201 --> 202 
202 --> 203 
203 --> 204 
204 --> 205 
205 --> 206 
206 --> 207 
207 --> 292 208 
208 --> 209 
209 --> 210 
210 --> 211 
211 --> 212 
212 --> 213 
213 --> 214 
214 --> 215 
215 --> 216 
216 --> 217 
217 --> 218 
218 --> 219 
219 --> 220 
220 --> 221 
221 --> 222 
222 --> 223 
223 --> 224 
224 --> 225 
225 --> 226 
226 --> 227 
227 --> 228 
228 --> 229 
229 --> 230 
230 --> 231 
231 --> 232 
232 --> 233 
233 --> 234 
234 --> 235 
235 --> 236 
236 --> 237 
237 --> 238 
238 --> 239 
239 --> 240 
240 --> 241 
241 --> 242 
242 --> 243 
243 --> 244 
244 --> 245 
245 --> 246 
246 --> 247 
247 --> 248 
248 --> 249 
249 --> 250 
250 --> 251 
251 --> 252 
252 --> 253 
253 --> 254 
254 --> 255 
255 --> 256 
256 --> 257 
257 --> 258 
258 --> 259 
259 --> 260 
260 --> 261 
261 --> 262 
262 --> 263 
263 --> 264 
264 --> 265 
265 --> 266 
266 --> 267 
267 --> 268 
268 --> 269 
269 --> 270 
270 --> 271 
271 --> 272 
272 --> 273 
273 --> 274 
274 --> 275 
275 --> 276 
276 --> 277 
277 --> 278 
278 --> 279 
279 --> 280 
280 --> 281 
281 --> 282 
282 --> 283 
283 --> 284 
284 --> 285 
285 --> 286 
286 --> 287 
287 --> 288 
288 --> 289 
289 --> 290 
290 --> 291 
291 --> 207 
292 --> 293 
293 --> 294 
294 --> 296 295 
295 --> 293 
296 --> 297 
297 --> 298 
298 --> 299 
299 --> 300 
300 --> 301 
301 --> 302 
302 --> 

* FSM state operations: 

State 1 <SV = 0> <Delay = 1.00>
ST_1 : Operation 303 [1/1] (0.00ns)   --->   "%spectopmodule_ln0 = spectopmodule void @_ssdm_op_SpecTopModule, void @empty_6"   --->   Operation 303 'spectopmodule' 'spectopmodule_ln0' <Predicate = true> <Delay = 0.00>
ST_1 : Operation 304 [1/1] (0.00ns)   --->   "%specinterface_ln0 = specinterface void @_ssdm_op_SpecInterface, i8 %AXI_DATA, void @empty, i32 0, i32 0, void @empty_0, i32 0, i32 0, void @empty_1, void @empty_2, void @empty_0, i32 16, i32 16, i32 16, i32 16, void @empty_0, void @empty_0"   --->   Operation 304 'specinterface' 'specinterface_ln0' <Predicate = true> <Delay = 0.00>
ST_1 : Operation 305 [1/1] (0.00ns)   --->   "%specbitsmap_ln0 = specbitsmap void @_ssdm_op_SpecBitsMap, i8 %AXI_DATA"   --->   Operation 305 'specbitsmap' 'specbitsmap_ln0' <Predicate = true> <Delay = 0.00>
ST_1 : Operation 306 [1/1] (0.00ns)   --->   "%specinterface_ln0 = specinterface void @_ssdm_op_SpecInterface, i64 %input_img, void @empty_3, i32 0, i32 0, void @empty_0, i32 0, i32 0, void @empty_12, void @empty_4, void @empty_0, i32 0, i32 0, i32 0, i32 0, void @empty_0, void @empty_5"   --->   Operation 306 'specinterface' 'specinterface_ln0' <Predicate = true> <Delay = 0.00>
ST_1 : Operation 307 [1/1] (0.00ns)   --->   "%specinterface_ln0 = specinterface void @_ssdm_op_SpecInterface, i64 %input_img, void @empty_10, i32 0, i32 0, void @empty_0, i32 0, i32 0, void @empty_0, void @empty_0, void @empty_0, i32 0, i32 0, i32 0, i32 0, void @empty_0, void @empty_5"   --->   Operation 307 'specinterface' 'specinterface_ln0' <Predicate = true> <Delay = 0.00>
ST_1 : Operation 308 [1/1] (0.00ns)   --->   "%specinterface_ln0 = specinterface void @_ssdm_op_SpecInterface, i64 %output_bus, void @empty_3, i32 0, i32 0, void @empty_0, i32 0, i32 0, void @empty_12, void @empty_13, void @empty_0, i32 0, i32 0, i32 0, i32 0, void @empty_0, void @empty_5"   --->   Operation 308 'specinterface' 'specinterface_ln0' <Predicate = true> <Delay = 0.00>
ST_1 : Operation 309 [1/1] (0.00ns)   --->   "%specinterface_ln0 = specinterface void @_ssdm_op_SpecInterface, i64 %output_bus, void @empty_10, i32 0, i32 0, void @empty_0, i32 0, i32 0, void @empty_0, void @empty_0, void @empty_0, i32 0, i32 0, i32 0, i32 0, void @empty_0, void @empty_5"   --->   Operation 309 'specinterface' 'specinterface_ln0' <Predicate = true> <Delay = 0.00>
ST_1 : Operation 310 [1/1] (0.00ns)   --->   "%specbitsmap_ln0 = specbitsmap void @_ssdm_op_SpecBitsMap, i8 %out_wire"   --->   Operation 310 'specbitsmap' 'specbitsmap_ln0' <Predicate = true> <Delay = 0.00>
ST_1 : Operation 311 [1/1] (0.00ns)   --->   "%specinterface_ln0 = specinterface void @_ssdm_op_SpecInterface, i8 %out_wire, void @empty_11, i32 0, i32 0, void @empty_0, i32 0, i32 0, void @empty_0, void @empty_0, void @empty_0, i32 0, i32 0, i32 0, i32 0, void @empty_0, void @empty_0"   --->   Operation 311 'specinterface' 'specinterface_ln0' <Predicate = true> <Delay = 0.00>
ST_1 : Operation 312 [1/1] (0.00ns)   --->   "%specinterface_ln0 = specinterface void @_ssdm_op_SpecInterface, i32 0, void @empty_3, i32 0, i32 0, void @empty_0, i32 0, i32 0, void @empty_12, void @empty_0, void @empty_0, i32 0, i32 0, i32 0, i32 0, void @empty_0, void @empty_0"   --->   Operation 312 'specinterface' 'specinterface_ln0' <Predicate = true> <Delay = 0.00>
ST_1 : Operation 313 [1/1] (1.00ns)   --->   "%output_bus_read = read i64 @_ssdm_op_Read.s_axilite.i64, i64 %output_bus"   --->   Operation 313 'read' 'output_bus_read' <Predicate = true> <Delay = 1.00> <CoreInst = "s_axilite">   --->   Core 122 's_axilite' <Latency = 0> <II = 1> <Delay = 1.00> <Adapter> <Opcode : 'read' 'write'>
ST_1 : Operation 314 [1/1] (1.00ns)   --->   "%input_img_read = read i64 @_ssdm_op_Read.s_axilite.i64, i64 %input_img"   --->   Operation 314 'read' 'input_img_read' <Predicate = true> <Delay = 1.00> <CoreInst = "s_axilite">   --->   Core 122 's_axilite' <Latency = 0> <II = 1> <Delay = 1.00> <Adapter> <Opcode : 'read' 'write'>
ST_1 : Operation 315 [1/1] (0.00ns)   --->   "%temp_output_0 = alloca i64 1" [matmul.cpp:119]   --->   Operation 315 'alloca' 'temp_output_0' <Predicate = true> <Delay = 0.00> <CoreInst = "RAM">   --->   Core 83 'RAM' <Latency = 1> <II = 1> <Delay = 1.35> <Storage> <Opcode : 'load' 'store'> <Ports = 2> <Width = 32> <Depth = 32> <RAM>
ST_1 : Operation 316 [1/1] (0.00ns)   --->   "%temp_output2_0 = alloca i64 1" [matmul.cpp:120]   --->   Operation 316 'alloca' 'temp_output2_0' <Predicate = true> <Delay = 0.00> <CoreInst = "RAM">   --->   Core 83 'RAM' <Latency = 1> <II = 1> <Delay = 0.79> <Storage> <Opcode : 'load' 'store'> <Ports = 2> <Width = 32> <Depth = 16> <RAM>
ST_1 : Operation 317 [1/1] (0.00ns)   --->   "%temp_output3_0 = alloca i64 1" [matmul.cpp:121]   --->   Operation 317 'alloca' 'temp_output3_0' <Predicate = true> <Delay = 0.00> <CoreInst = "RAM">   --->   Core 83 'RAM' <Latency = 1> <II = 1> <Delay = 0.79> <Storage> <Opcode : 'load' 'store'> <Ports = 2> <Width = 32> <Depth = 10> <RAM>
ST_1 : Operation 318 [1/1] (0.48ns)   --->   "%br_ln119 = br void %memset.loop42" [matmul.cpp:119]   --->   Operation 318 'br' 'br_ln119' <Predicate = true> <Delay = 0.48>

State 2 <SV = 1> <Delay = 2.22>
ST_2 : Operation 319 [1/1] (0.00ns)   --->   "%empty = phi i6 0, void, i6 %empty_22, void %memset.loop42.split"   --->   Operation 319 'phi' 'empty' <Predicate = true> <Delay = 0.00>
ST_2 : Operation 320 [1/1] (0.88ns)   --->   "%empty_22 = add i6 %empty, i6 1"   --->   Operation 320 'add' 'empty_22' <Predicate = true> <Delay = 0.88> <CoreInst = "Adder">   --->   Core 1 'Adder' <Latency = 0> <II = 1> <Delay = 0.86> <FuncUnit> <Opcode : 'add' 'sub'> <InPorts = 2> <OutPorts = 1>
ST_2 : Operation 321 [1/1] (0.00ns)   --->   "%specpipeline_ln0 = specpipeline void @_ssdm_op_SpecPipeline, i32 4294967295, i32 0, i32 1, i32 0, void @p_str"   --->   Operation 321 'specpipeline' 'specpipeline_ln0' <Predicate = true> <Delay = 0.00>
ST_2 : Operation 322 [1/1] (0.87ns)   --->   "%exitcond6316 = icmp_eq  i6 %empty, i6 32"   --->   Operation 322 'icmp' 'exitcond6316' <Predicate = true> <Delay = 0.87> <CoreInst = "Cmp">   --->   Core 9 'Cmp' <Latency = 0> <II = 1> <Delay = 0.97> <FuncUnit> <Opcode : 'icmp'> <InPorts = 2> <OutPorts = 1>
ST_2 : Operation 323 [1/1] (0.00ns)   --->   "%empty_23 = speclooptripcount i32 @_ssdm_op_SpecLoopTripCount, i64 32, i64 32, i64 32"   --->   Operation 323 'speclooptripcount' 'empty_23' <Predicate = true> <Delay = 0.00>
ST_2 : Operation 324 [1/1] (0.00ns)   --->   "%br_ln0 = br i1 %exitcond6316, void %memset.loop42.split, void %split41"   --->   Operation 324 'br' 'br_ln0' <Predicate = true> <Delay = 0.00>
ST_2 : Operation 325 [1/1] (0.00ns)   --->   "%p_cast = zext i6 %empty"   --->   Operation 325 'zext' 'p_cast' <Predicate = (!exitcond6316)> <Delay = 0.00>
ST_2 : Operation 326 [1/1] (0.00ns)   --->   "%temp_output_0_addr_1 = getelementptr i32 %temp_output_0, i64 0, i64 %p_cast"   --->   Operation 326 'getelementptr' 'temp_output_0_addr_1' <Predicate = (!exitcond6316)> <Delay = 0.00>
ST_2 : Operation 327 [1/1] (1.35ns)   --->   "%store_ln0 = store i32 0, i5 %temp_output_0_addr_1"   --->   Operation 327 'store' 'store_ln0' <Predicate = (!exitcond6316)> <Delay = 1.35> <CoreInst = "RAM">   --->   Core 83 'RAM' <Latency = 1> <II = 1> <Delay = 1.35> <Storage> <Opcode : 'load' 'store'> <Ports = 2> <Width = 32> <Depth = 32> <RAM>
ST_2 : Operation 328 [1/1] (0.00ns)   --->   "%br_ln0 = br void %memset.loop42"   --->   Operation 328 'br' 'br_ln0' <Predicate = (!exitcond6316)> <Delay = 0.00>

State 3 <SV = 2> <Delay = 1.35>
ST_3 : Operation 329 [1/1] (0.00ns)   --->   "%temp_output_0_addr = getelementptr i32 %temp_output_0, i64 0, i64 0" [matmul.cpp:119]   --->   Operation 329 'getelementptr' 'temp_output_0_addr' <Predicate = true> <Delay = 0.00>
ST_3 : Operation 330 [1/1] (1.35ns)   --->   "%store_ln119 = store i32 1, i5 %temp_output_0_addr" [matmul.cpp:119]   --->   Operation 330 'store' 'store_ln119' <Predicate = true> <Delay = 1.35> <CoreInst = "RAM">   --->   Core 83 'RAM' <Latency = 1> <II = 1> <Delay = 1.35> <Storage> <Opcode : 'load' 'store'> <Ports = 2> <Width = 32> <Depth = 32> <RAM>
ST_3 : Operation 331 [1/1] (0.48ns)   --->   "%br_ln120 = br void %memset.loop40" [matmul.cpp:120]   --->   Operation 331 'br' 'br_ln120' <Predicate = true> <Delay = 0.48>

State 4 <SV = 3> <Delay = 1.66>
ST_4 : Operation 332 [1/1] (0.00ns)   --->   "%empty_24 = phi i5 0, void %split41, i5 %empty_25, void %memset.loop40.split"   --->   Operation 332 'phi' 'empty_24' <Predicate = true> <Delay = 0.00>
ST_4 : Operation 333 [1/1] (0.87ns)   --->   "%empty_25 = add i5 %empty_24, i5 1"   --->   Operation 333 'add' 'empty_25' <Predicate = true> <Delay = 0.87> <CoreInst = "Adder">   --->   Core 1 'Adder' <Latency = 0> <II = 1> <Delay = 0.86> <FuncUnit> <Opcode : 'add' 'sub'> <InPorts = 2> <OutPorts = 1>
ST_4 : Operation 334 [1/1] (0.00ns)   --->   "%specpipeline_ln0 = specpipeline void @_ssdm_op_SpecPipeline, i32 4294967295, i32 0, i32 1, i32 0, void @p_str"   --->   Operation 334 'specpipeline' 'specpipeline_ln0' <Predicate = true> <Delay = 0.00>
ST_4 : Operation 335 [1/1] (0.87ns)   --->   "%exitcond6215 = icmp_eq  i5 %empty_24, i5 16"   --->   Operation 335 'icmp' 'exitcond6215' <Predicate = true> <Delay = 0.87> <CoreInst = "Cmp">   --->   Core 9 'Cmp' <Latency = 0> <II = 1> <Delay = 0.97> <FuncUnit> <Opcode : 'icmp'> <InPorts = 2> <OutPorts = 1>
ST_4 : Operation 336 [1/1] (0.00ns)   --->   "%empty_26 = speclooptripcount i32 @_ssdm_op_SpecLoopTripCount, i64 16, i64 16, i64 16"   --->   Operation 336 'speclooptripcount' 'empty_26' <Predicate = true> <Delay = 0.00>
ST_4 : Operation 337 [1/1] (0.00ns)   --->   "%br_ln0 = br i1 %exitcond6215, void %memset.loop40.split, void %split39"   --->   Operation 337 'br' 'br_ln0' <Predicate = true> <Delay = 0.00>
ST_4 : Operation 338 [1/1] (0.00ns)   --->   "%p_cast1 = zext i5 %empty_24"   --->   Operation 338 'zext' 'p_cast1' <Predicate = (!exitcond6215)> <Delay = 0.00>
ST_4 : Operation 339 [1/1] (0.00ns)   --->   "%temp_output2_0_addr_1 = getelementptr i32 %temp_output2_0, i64 0, i64 %p_cast1"   --->   Operation 339 'getelementptr' 'temp_output2_0_addr_1' <Predicate = (!exitcond6215)> <Delay = 0.00>
ST_4 : Operation 340 [1/1] (0.79ns)   --->   "%store_ln0 = store i32 0, i4 %temp_output2_0_addr_1"   --->   Operation 340 'store' 'store_ln0' <Predicate = (!exitcond6215)> <Delay = 0.79> <CoreInst = "RAM">   --->   Core 83 'RAM' <Latency = 1> <II = 1> <Delay = 0.79> <Storage> <Opcode : 'load' 'store'> <Ports = 2> <Width = 32> <Depth = 16> <RAM>
ST_4 : Operation 341 [1/1] (0.00ns)   --->   "%br_ln0 = br void %memset.loop40"   --->   Operation 341 'br' 'br_ln0' <Predicate = (!exitcond6215)> <Delay = 0.00>

State 5 <SV = 4> <Delay = 0.79>
ST_5 : Operation 342 [1/1] (0.00ns)   --->   "%temp_output2_0_addr = getelementptr i32 %temp_output2_0, i64 0, i64 0" [matmul.cpp:120]   --->   Operation 342 'getelementptr' 'temp_output2_0_addr' <Predicate = true> <Delay = 0.00>
ST_5 : Operation 343 [1/1] (0.79ns)   --->   "%store_ln120 = store i32 1, i4 %temp_output2_0_addr" [matmul.cpp:120]   --->   Operation 343 'store' 'store_ln120' <Predicate = true> <Delay = 0.79> <CoreInst = "RAM">   --->   Core 83 'RAM' <Latency = 1> <II = 1> <Delay = 0.79> <Storage> <Opcode : 'load' 'store'> <Ports = 2> <Width = 32> <Depth = 16> <RAM>
ST_5 : Operation 344 [1/1] (0.48ns)   --->   "%br_ln121 = br void %memset.loop" [matmul.cpp:121]   --->   Operation 344 'br' 'br_ln121' <Predicate = true> <Delay = 0.48>

State 6 <SV = 5> <Delay = 1.67>
ST_6 : Operation 345 [1/1] (0.00ns)   --->   "%empty_27 = phi i4 0, void %split39, i4 %empty_28, void %memset.loop.split"   --->   Operation 345 'phi' 'empty_27' <Predicate = true> <Delay = 0.00>
ST_6 : Operation 346 [1/1] (0.86ns)   --->   "%empty_28 = add i4 %empty_27, i4 1"   --->   Operation 346 'add' 'empty_28' <Predicate = true> <Delay = 0.86> <CoreInst = "Adder">   --->   Core 1 'Adder' <Latency = 0> <II = 1> <Delay = 0.86> <FuncUnit> <Opcode : 'add' 'sub'> <InPorts = 2> <OutPorts = 1>
ST_6 : Operation 347 [1/1] (0.00ns)   --->   "%specpipeline_ln0 = specpipeline void @_ssdm_op_SpecPipeline, i32 4294967295, i32 0, i32 1, i32 0, void @p_str"   --->   Operation 347 'specpipeline' 'specpipeline_ln0' <Predicate = true> <Delay = 0.00>
ST_6 : Operation 348 [1/1] (0.88ns)   --->   "%exitcond6114 = icmp_eq  i4 %empty_27, i4 10"   --->   Operation 348 'icmp' 'exitcond6114' <Predicate = true> <Delay = 0.88> <CoreInst = "Cmp">   --->   Core 9 'Cmp' <Latency = 0> <II = 1> <Delay = 0.97> <FuncUnit> <Opcode : 'icmp'> <InPorts = 2> <OutPorts = 1>
ST_6 : Operation 349 [1/1] (0.00ns)   --->   "%empty_29 = speclooptripcount i32 @_ssdm_op_SpecLoopTripCount, i64 10, i64 10, i64 10"   --->   Operation 349 'speclooptripcount' 'empty_29' <Predicate = true> <Delay = 0.00>
ST_6 : Operation 350 [1/1] (0.00ns)   --->   "%br_ln0 = br i1 %exitcond6114, void %memset.loop.split, void %split"   --->   Operation 350 'br' 'br_ln0' <Predicate = true> <Delay = 0.00>
ST_6 : Operation 351 [1/1] (0.00ns)   --->   "%p_cast2 = zext i4 %empty_27"   --->   Operation 351 'zext' 'p_cast2' <Predicate = (!exitcond6114)> <Delay = 0.00>
ST_6 : Operation 352 [1/1] (0.00ns)   --->   "%temp_output3_0_addr_1 = getelementptr i32 %temp_output3_0, i64 0, i64 %p_cast2"   --->   Operation 352 'getelementptr' 'temp_output3_0_addr_1' <Predicate = (!exitcond6114)> <Delay = 0.00>
ST_6 : Operation 353 [1/1] (0.79ns)   --->   "%store_ln0 = store i32 0, i4 %temp_output3_0_addr_1"   --->   Operation 353 'store' 'store_ln0' <Predicate = (!exitcond6114)> <Delay = 0.79> <CoreInst = "RAM">   --->   Core 83 'RAM' <Latency = 1> <II = 1> <Delay = 0.79> <Storage> <Opcode : 'load' 'store'> <Ports = 2> <Width = 32> <Depth = 10> <RAM>
ST_6 : Operation 354 [1/1] (0.00ns)   --->   "%br_ln0 = br void %memset.loop"   --->   Operation 354 'br' 'br_ln0' <Predicate = (!exitcond6114)> <Delay = 0.00>

State 7 <SV = 6> <Delay = 7.30>
ST_7 : Operation 355 [2/2] (7.30ns)   --->   "%call_ln124 = call void @hwmm_layer1, i8 %AXI_DATA, i64 %input_img_read, i32 %temp_output_0, i32 %layer1_weights_0, i32 %layer1_weights_1, i32 %layer1_weights_2, i32 %layer1_weights_3, i32 %layer1_weights_4, i32 %layer1_weights_5, i32 %layer1_weights_6, i32 %layer1_weights_7, i32 %layer1_weights_8, i32 %layer1_weights_9, i32 %layer1_weights_10, i32 %layer1_weights_11, i32 %layer1_weights_12, i32 %layer1_weights_13, i32 %layer1_weights_14, i32 %layer1_weights_15, i32 %layer1_weights_16, i32 %layer1_weights_17, i32 %layer1_weights_18, i32 %layer1_weights_19, i32 %layer1_weights_20, i32 %layer1_weights_21, i32 %layer1_weights_22, i32 %layer1_weights_23, i32 %layer1_weights_24, i32 %layer1_weights_25, i32 %layer1_weights_26, i32 %layer1_weights_27, i32 %layer1_weights_28, i32 %layer1_weights_29, i32 %layer1_weights_30, i32 %layer1_weights_31" [matmul.cpp:124]   --->   Operation 355 'call' 'call_ln124' <Predicate = true> <Delay = 7.30> <CoreType = "Generic">   --->   Core 0 '' <Latency = 0> <II = 1> <Delay = 1.00> <Generic> <Opcode : >

State 8 <SV = 7> <Delay = 0.79>
ST_8 : Operation 356 [1/1] (0.00ns)   --->   "%temp_output3_0_addr = getelementptr i32 %temp_output3_0, i64 0, i64 0" [matmul.cpp:121]   --->   Operation 356 'getelementptr' 'temp_output3_0_addr' <Predicate = true> <Delay = 0.00>
ST_8 : Operation 357 [1/1] (0.79ns)   --->   "%store_ln121 = store i32 1, i4 %temp_output3_0_addr" [matmul.cpp:121]   --->   Operation 357 'store' 'store_ln121' <Predicate = true> <Delay = 0.79> <CoreInst = "RAM">   --->   Core 83 'RAM' <Latency = 1> <II = 1> <Delay = 0.79> <Storage> <Opcode : 'load' 'store'> <Ports = 2> <Width = 32> <Depth = 10> <RAM>
ST_8 : Operation 358 [1/2] (0.00ns)   --->   "%call_ln124 = call void @hwmm_layer1, i8 %AXI_DATA, i64 %input_img_read, i32 %temp_output_0, i32 %layer1_weights_0, i32 %layer1_weights_1, i32 %layer1_weights_2, i32 %layer1_weights_3, i32 %layer1_weights_4, i32 %layer1_weights_5, i32 %layer1_weights_6, i32 %layer1_weights_7, i32 %layer1_weights_8, i32 %layer1_weights_9, i32 %layer1_weights_10, i32 %layer1_weights_11, i32 %layer1_weights_12, i32 %layer1_weights_13, i32 %layer1_weights_14, i32 %layer1_weights_15, i32 %layer1_weights_16, i32 %layer1_weights_17, i32 %layer1_weights_18, i32 %layer1_weights_19, i32 %layer1_weights_20, i32 %layer1_weights_21, i32 %layer1_weights_22, i32 %layer1_weights_23, i32 %layer1_weights_24, i32 %layer1_weights_25, i32 %layer1_weights_26, i32 %layer1_weights_27, i32 %layer1_weights_28, i32 %layer1_weights_29, i32 %layer1_weights_30, i32 %layer1_weights_31" [matmul.cpp:124]   --->   Operation 358 'call' 'call_ln124' <Predicate = true> <Delay = 0.00> <CoreType = "Generic">   --->   Core 0 '' <Latency = 0> <II = 1> <Delay = 1.00> <Generic> <Opcode : >
ST_8 : Operation 359 [1/1] (0.48ns)   --->   "%br_ln63 = br void" [matmul.cpp:63]   --->   Operation 359 'br' 'br_ln63' <Predicate = true> <Delay = 0.48>

State 9 <SV = 8> <Delay = 1.35>
ST_9 : Operation 360 [1/1] (0.00ns)   --->   "%i = phi i6 %add_ln63, void %.split12._crit_edge, i6 0, void %split" [matmul.cpp:63]   --->   Operation 360 'phi' 'i' <Predicate = true> <Delay = 0.00>
ST_9 : Operation 361 [1/1] (0.88ns)   --->   "%add_ln63 = add i6 %i, i6 1" [matmul.cpp:63]   --->   Operation 361 'add' 'add_ln63' <Predicate = true> <Delay = 0.88> <CoreInst = "Adder">   --->   Core 1 'Adder' <Latency = 0> <II = 1> <Delay = 0.86> <FuncUnit> <Opcode : 'add' 'sub'> <InPorts = 2> <OutPorts = 1>
ST_9 : Operation 362 [1/1] (0.00ns)   --->   "%specpipeline_ln0 = specpipeline void @_ssdm_op_SpecPipeline, i32 4294967295, i32 0, i32 1, i32 0, void @p_str"   --->   Operation 362 'specpipeline' 'specpipeline_ln0' <Predicate = true> <Delay = 0.00>
ST_9 : Operation 363 [1/1] (0.87ns)   --->   "%icmp_ln63 = icmp_eq  i6 %i, i6 32" [matmul.cpp:63]   --->   Operation 363 'icmp' 'icmp_ln63' <Predicate = true> <Delay = 0.87> <CoreInst = "Cmp">   --->   Core 9 'Cmp' <Latency = 0> <II = 1> <Delay = 0.97> <FuncUnit> <Opcode : 'icmp'> <InPorts = 2> <OutPorts = 1>
ST_9 : Operation 364 [1/1] (0.00ns)   --->   "%empty_30 = speclooptripcount i32 @_ssdm_op_SpecLoopTripCount, i64 32, i64 32, i64 32"   --->   Operation 364 'speclooptripcount' 'empty_30' <Predicate = true> <Delay = 0.00>
ST_9 : Operation 365 [1/1] (0.00ns)   --->   "%br_ln63 = br i1 %icmp_ln63, void %.split12, void %_Z13hw_act_layer1PA32_fS0_.exit.preheader" [matmul.cpp:63]   --->   Operation 365 'br' 'br_ln63' <Predicate = true> <Delay = 0.00>
ST_9 : Operation 366 [1/1] (0.00ns)   --->   "%i_cast = zext i6 %i" [matmul.cpp:63]   --->   Operation 366 'zext' 'i_cast' <Predicate = (!icmp_ln63)> <Delay = 0.00>
ST_9 : Operation 367 [1/1] (0.00ns)   --->   "%temp_output_0_addr_2 = getelementptr i32 %temp_output_0, i64 0, i64 %i_cast" [matmul.cpp:65]   --->   Operation 367 'getelementptr' 'temp_output_0_addr_2' <Predicate = (!icmp_ln63)> <Delay = 0.00>
ST_9 : Operation 368 [2/2] (1.35ns)   --->   "%temp_output_0_load = load i5 %temp_output_0_addr_2" [matmul.cpp:65]   --->   Operation 368 'load' 'temp_output_0_load' <Predicate = (!icmp_ln63)> <Delay = 1.35> <CoreInst = "RAM">   --->   Core 83 'RAM' <Latency = 1> <II = 1> <Delay = 1.35> <Storage> <Opcode : 'load' 'store'> <Ports = 2> <Width = 32> <Depth = 32> <RAM>
ST_9 : Operation 369 [1/1] (0.00ns)   --->   "%br_ln0 = br void"   --->   Operation 369 'br' 'br_ln0' <Predicate = (!icmp_ln63)> <Delay = 0.00>

State 10 <SV = 9> <Delay = 4.70>
ST_10 : Operation 370 [1/2] (1.35ns)   --->   "%temp_output_0_load = load i5 %temp_output_0_addr_2" [matmul.cpp:65]   --->   Operation 370 'load' 'temp_output_0_load' <Predicate = true> <Delay = 1.35> <CoreInst = "RAM">   --->   Core 83 'RAM' <Latency = 1> <II = 1> <Delay = 1.35> <Storage> <Opcode : 'load' 'store'> <Ports = 2> <Width = 32> <Depth = 32> <RAM>
ST_10 : Operation 371 [1/1] (0.00ns)   --->   "%bitcast_ln65 = bitcast i32 %temp_output_0_load" [matmul.cpp:65]   --->   Operation 371 'bitcast' 'bitcast_ln65' <Predicate = true> <Delay = 0.00>
ST_10 : Operation 372 [1/1] (0.00ns)   --->   "%tmp = partselect i8 @_ssdm_op_PartSelect.i8.i32.i32.i32, i32 %bitcast_ln65, i32 23, i32 30" [matmul.cpp:65]   --->   Operation 372 'partselect' 'tmp' <Predicate = true> <Delay = 0.00>
ST_10 : Operation 373 [1/1] (0.00ns)   --->   "%trunc_ln65 = trunc i32 %bitcast_ln65" [matmul.cpp:65]   --->   Operation 373 'trunc' 'trunc_ln65' <Predicate = true> <Delay = 0.00>
ST_10 : Operation 374 [1/1] (0.85ns)   --->   "%icmp_ln65 = icmp_ne  i8 %tmp, i8 255" [matmul.cpp:65]   --->   Operation 374 'icmp' 'icmp_ln65' <Predicate = true> <Delay = 0.85> <CoreInst = "Cmp">   --->   Core 9 'Cmp' <Latency = 0> <II = 1> <Delay = 0.97> <FuncUnit> <Opcode : 'icmp'> <InPorts = 2> <OutPorts = 1>
ST_10 : Operation 375 [1/1] (0.97ns)   --->   "%icmp_ln65_1 = icmp_eq  i23 %trunc_ln65, i23 0" [matmul.cpp:65]   --->   Operation 375 'icmp' 'icmp_ln65_1' <Predicate = true> <Delay = 0.97> <CoreInst = "Cmp">   --->   Core 9 'Cmp' <Latency = 0> <II = 1> <Delay = 0.97> <FuncUnit> <Opcode : 'icmp'> <InPorts = 2> <OutPorts = 1>
ST_10 : Operation 376 [2/2] (3.34ns)   --->   "%tmp_1 = fcmp_olt  i32 %temp_output_0_load, i32 0" [matmul.cpp:65]   --->   Operation 376 'fcmp' 'tmp_1' <Predicate = true> <Delay = 3.34> <CoreInst = "FCompare">   --->   Core 19 'FCompare' <Latency = 1> <II = 1> <Delay = 3.34> <FuncUnit> <Opcode : 'fcmp'> <InPorts = 2> <OutPorts = 1>

State 11 <SV = 10> <Delay = 5.03>
ST_11 : Operation 377 [1/1] (0.00ns)   --->   "%specloopname_ln63 = specloopname void @_ssdm_op_SpecLoopName, void @empty_16" [matmul.cpp:63]   --->   Operation 377 'specloopname' 'specloopname_ln63' <Predicate = true> <Delay = 0.00>
ST_11 : Operation 378 [1/1] (0.00ns) (grouped into LUT with out node and_ln65)   --->   "%or_ln65 = or i1 %icmp_ln65_1, i1 %icmp_ln65" [matmul.cpp:65]   --->   Operation 378 'or' 'or_ln65' <Predicate = true> <Delay = 0.00> <CoreInst = "LogicGate">   --->   Core 74 'LogicGate' <Latency = 0> <II = 1> <Delay = 0.33> <FuncUnit> <Opcode : 'and' 'or' 'xor'> <InPorts = 2> <OutPorts = 1>
ST_11 : Operation 379 [1/2] (3.34ns)   --->   "%tmp_1 = fcmp_olt  i32 %temp_output_0_load, i32 0" [matmul.cpp:65]   --->   Operation 379 'fcmp' 'tmp_1' <Predicate = true> <Delay = 3.34> <CoreInst = "FCompare">   --->   Core 19 'FCompare' <Latency = 1> <II = 1> <Delay = 3.34> <FuncUnit> <Opcode : 'fcmp'> <InPorts = 2> <OutPorts = 1>
ST_11 : Operation 380 [1/1] (0.33ns) (out node of the LUT)   --->   "%and_ln65 = and i1 %or_ln65, i1 %tmp_1" [matmul.cpp:65]   --->   Operation 380 'and' 'and_ln65' <Predicate = true> <Delay = 0.33> <CoreInst = "LogicGate">   --->   Core 74 'LogicGate' <Latency = 0> <II = 1> <Delay = 0.33> <FuncUnit> <Opcode : 'and' 'or' 'xor'> <InPorts = 2> <OutPorts = 1>
ST_11 : Operation 381 [1/1] (0.00ns)   --->   "%br_ln65 = br i1 %and_ln65, void %.split12._crit_edge, void" [matmul.cpp:65]   --->   Operation 381 'br' 'br_ln65' <Predicate = true> <Delay = 0.00>
ST_11 : Operation 382 [1/1] (1.35ns)   --->   "%store_ln66 = store i32 0, i5 %temp_output_0_addr_2" [matmul.cpp:66]   --->   Operation 382 'store' 'store_ln66' <Predicate = (and_ln65)> <Delay = 1.35> <CoreInst = "RAM">   --->   Core 83 'RAM' <Latency = 1> <II = 1> <Delay = 1.35> <Storage> <Opcode : 'load' 'store'> <Ports = 2> <Width = 32> <Depth = 32> <RAM>
ST_11 : Operation 383 [1/1] (0.00ns)   --->   "%br_ln66 = br void %.split12._crit_edge" [matmul.cpp:66]   --->   Operation 383 'br' 'br_ln66' <Predicate = (and_ln65)> <Delay = 0.00>

State 12 <SV = 9> <Delay = 1.35>
ST_12 : Operation 384 [2/2] (1.35ns)   --->   "%temp_output_0_load_1 = load i5 %temp_output_0_addr" [matmul.cpp:31]   --->   Operation 384 'load' 'temp_output_0_load_1' <Predicate = true> <Delay = 1.35> <CoreInst = "RAM">   --->   Core 83 'RAM' <Latency = 1> <II = 1> <Delay = 1.35> <Storage> <Opcode : 'load' 'store'> <Ports = 2> <Width = 32> <Depth = 32> <RAM>
ST_12 : Operation 385 [1/1] (0.00ns)   --->   "%temp_output_0_addr_3 = getelementptr i32 %temp_output_0, i64 0, i64 1" [matmul.cpp:31]   --->   Operation 385 'getelementptr' 'temp_output_0_addr_3' <Predicate = true> <Delay = 0.00>
ST_12 : Operation 386 [2/2] (1.35ns)   --->   "%temp_output_0_load_2 = load i5 %temp_output_0_addr_3" [matmul.cpp:31]   --->   Operation 386 'load' 'temp_output_0_load_2' <Predicate = true> <Delay = 1.35> <CoreInst = "RAM">   --->   Core 83 'RAM' <Latency = 1> <II = 1> <Delay = 1.35> <Storage> <Opcode : 'load' 'store'> <Ports = 2> <Width = 32> <Depth = 32> <RAM>

State 13 <SV = 10> <Delay = 1.35>
ST_13 : Operation 387 [1/2] (1.35ns)   --->   "%temp_output_0_load_1 = load i5 %temp_output_0_addr" [matmul.cpp:31]   --->   Operation 387 'load' 'temp_output_0_load_1' <Predicate = true> <Delay = 1.35> <CoreInst = "RAM">   --->   Core 83 'RAM' <Latency = 1> <II = 1> <Delay = 1.35> <Storage> <Opcode : 'load' 'store'> <Ports = 2> <Width = 32> <Depth = 32> <RAM>
ST_13 : Operation 388 [1/2] (1.35ns)   --->   "%temp_output_0_load_2 = load i5 %temp_output_0_addr_3" [matmul.cpp:31]   --->   Operation 388 'load' 'temp_output_0_load_2' <Predicate = true> <Delay = 1.35> <CoreInst = "RAM">   --->   Core 83 'RAM' <Latency = 1> <II = 1> <Delay = 1.35> <Storage> <Opcode : 'load' 'store'> <Ports = 2> <Width = 32> <Depth = 32> <RAM>
ST_13 : Operation 389 [1/1] (0.00ns)   --->   "%temp_output_0_addr_4 = getelementptr i32 %temp_output_0, i64 0, i64 2" [matmul.cpp:31]   --->   Operation 389 'getelementptr' 'temp_output_0_addr_4' <Predicate = true> <Delay = 0.00>
ST_13 : Operation 390 [2/2] (1.35ns)   --->   "%temp_output_0_load_3 = load i5 %temp_output_0_addr_4" [matmul.cpp:31]   --->   Operation 390 'load' 'temp_output_0_load_3' <Predicate = true> <Delay = 1.35> <CoreInst = "RAM">   --->   Core 83 'RAM' <Latency = 1> <II = 1> <Delay = 1.35> <Storage> <Opcode : 'load' 'store'> <Ports = 2> <Width = 32> <Depth = 32> <RAM>
ST_13 : Operation 391 [1/1] (0.00ns)   --->   "%temp_output_0_addr_5 = getelementptr i32 %temp_output_0, i64 0, i64 3" [matmul.cpp:31]   --->   Operation 391 'getelementptr' 'temp_output_0_addr_5' <Predicate = true> <Delay = 0.00>
ST_13 : Operation 392 [2/2] (1.35ns)   --->   "%temp_output_0_load_4 = load i5 %temp_output_0_addr_5" [matmul.cpp:31]   --->   Operation 392 'load' 'temp_output_0_load_4' <Predicate = true> <Delay = 1.35> <CoreInst = "RAM">   --->   Core 83 'RAM' <Latency = 1> <II = 1> <Delay = 1.35> <Storage> <Opcode : 'load' 'store'> <Ports = 2> <Width = 32> <Depth = 32> <RAM>

State 14 <SV = 11> <Delay = 1.35>
ST_14 : Operation 393 [1/2] (1.35ns)   --->   "%temp_output_0_load_3 = load i5 %temp_output_0_addr_4" [matmul.cpp:31]   --->   Operation 393 'load' 'temp_output_0_load_3' <Predicate = true> <Delay = 1.35> <CoreInst = "RAM">   --->   Core 83 'RAM' <Latency = 1> <II = 1> <Delay = 1.35> <Storage> <Opcode : 'load' 'store'> <Ports = 2> <Width = 32> <Depth = 32> <RAM>
ST_14 : Operation 394 [1/2] (1.35ns)   --->   "%temp_output_0_load_4 = load i5 %temp_output_0_addr_5" [matmul.cpp:31]   --->   Operation 394 'load' 'temp_output_0_load_4' <Predicate = true> <Delay = 1.35> <CoreInst = "RAM">   --->   Core 83 'RAM' <Latency = 1> <II = 1> <Delay = 1.35> <Storage> <Opcode : 'load' 'store'> <Ports = 2> <Width = 32> <Depth = 32> <RAM>
ST_14 : Operation 395 [1/1] (0.00ns)   --->   "%temp_output_0_addr_6 = getelementptr i32 %temp_output_0, i64 0, i64 4" [matmul.cpp:31]   --->   Operation 395 'getelementptr' 'temp_output_0_addr_6' <Predicate = true> <Delay = 0.00>
ST_14 : Operation 396 [2/2] (1.35ns)   --->   "%temp_output_0_load_5 = load i5 %temp_output_0_addr_6" [matmul.cpp:31]   --->   Operation 396 'load' 'temp_output_0_load_5' <Predicate = true> <Delay = 1.35> <CoreInst = "RAM">   --->   Core 83 'RAM' <Latency = 1> <II = 1> <Delay = 1.35> <Storage> <Opcode : 'load' 'store'> <Ports = 2> <Width = 32> <Depth = 32> <RAM>
ST_14 : Operation 397 [1/1] (0.00ns)   --->   "%temp_output_0_addr_7 = getelementptr i32 %temp_output_0, i64 0, i64 5" [matmul.cpp:31]   --->   Operation 397 'getelementptr' 'temp_output_0_addr_7' <Predicate = true> <Delay = 0.00>
ST_14 : Operation 398 [2/2] (1.35ns)   --->   "%temp_output_0_load_6 = load i5 %temp_output_0_addr_7" [matmul.cpp:31]   --->   Operation 398 'load' 'temp_output_0_load_6' <Predicate = true> <Delay = 1.35> <CoreInst = "RAM">   --->   Core 83 'RAM' <Latency = 1> <II = 1> <Delay = 1.35> <Storage> <Opcode : 'load' 'store'> <Ports = 2> <Width = 32> <Depth = 32> <RAM>

State 15 <SV = 12> <Delay = 1.35>
ST_15 : Operation 399 [1/2] (1.35ns)   --->   "%temp_output_0_load_5 = load i5 %temp_output_0_addr_6" [matmul.cpp:31]   --->   Operation 399 'load' 'temp_output_0_load_5' <Predicate = true> <Delay = 1.35> <CoreInst = "RAM">   --->   Core 83 'RAM' <Latency = 1> <II = 1> <Delay = 1.35> <Storage> <Opcode : 'load' 'store'> <Ports = 2> <Width = 32> <Depth = 32> <RAM>
ST_15 : Operation 400 [1/2] (1.35ns)   --->   "%temp_output_0_load_6 = load i5 %temp_output_0_addr_7" [matmul.cpp:31]   --->   Operation 400 'load' 'temp_output_0_load_6' <Predicate = true> <Delay = 1.35> <CoreInst = "RAM">   --->   Core 83 'RAM' <Latency = 1> <II = 1> <Delay = 1.35> <Storage> <Opcode : 'load' 'store'> <Ports = 2> <Width = 32> <Depth = 32> <RAM>
ST_15 : Operation 401 [1/1] (0.00ns)   --->   "%temp_output_0_addr_8 = getelementptr i32 %temp_output_0, i64 0, i64 6" [matmul.cpp:31]   --->   Operation 401 'getelementptr' 'temp_output_0_addr_8' <Predicate = true> <Delay = 0.00>
ST_15 : Operation 402 [2/2] (1.35ns)   --->   "%temp_output_0_load_7 = load i5 %temp_output_0_addr_8" [matmul.cpp:31]   --->   Operation 402 'load' 'temp_output_0_load_7' <Predicate = true> <Delay = 1.35> <CoreInst = "RAM">   --->   Core 83 'RAM' <Latency = 1> <II = 1> <Delay = 1.35> <Storage> <Opcode : 'load' 'store'> <Ports = 2> <Width = 32> <Depth = 32> <RAM>
ST_15 : Operation 403 [1/1] (0.00ns)   --->   "%temp_output_0_addr_9 = getelementptr i32 %temp_output_0, i64 0, i64 7" [matmul.cpp:31]   --->   Operation 403 'getelementptr' 'temp_output_0_addr_9' <Predicate = true> <Delay = 0.00>
ST_15 : Operation 404 [2/2] (1.35ns)   --->   "%temp_output_0_load_8 = load i5 %temp_output_0_addr_9" [matmul.cpp:31]   --->   Operation 404 'load' 'temp_output_0_load_8' <Predicate = true> <Delay = 1.35> <CoreInst = "RAM">   --->   Core 83 'RAM' <Latency = 1> <II = 1> <Delay = 1.35> <Storage> <Opcode : 'load' 'store'> <Ports = 2> <Width = 32> <Depth = 32> <RAM>

State 16 <SV = 13> <Delay = 1.35>
ST_16 : Operation 405 [1/2] (1.35ns)   --->   "%temp_output_0_load_7 = load i5 %temp_output_0_addr_8" [matmul.cpp:31]   --->   Operation 405 'load' 'temp_output_0_load_7' <Predicate = true> <Delay = 1.35> <CoreInst = "RAM">   --->   Core 83 'RAM' <Latency = 1> <II = 1> <Delay = 1.35> <Storage> <Opcode : 'load' 'store'> <Ports = 2> <Width = 32> <Depth = 32> <RAM>
ST_16 : Operation 406 [1/2] (1.35ns)   --->   "%temp_output_0_load_8 = load i5 %temp_output_0_addr_9" [matmul.cpp:31]   --->   Operation 406 'load' 'temp_output_0_load_8' <Predicate = true> <Delay = 1.35> <CoreInst = "RAM">   --->   Core 83 'RAM' <Latency = 1> <II = 1> <Delay = 1.35> <Storage> <Opcode : 'load' 'store'> <Ports = 2> <Width = 32> <Depth = 32> <RAM>
ST_16 : Operation 407 [1/1] (0.00ns)   --->   "%temp_output_0_addr_10 = getelementptr i32 %temp_output_0, i64 0, i64 8" [matmul.cpp:31]   --->   Operation 407 'getelementptr' 'temp_output_0_addr_10' <Predicate = true> <Delay = 0.00>
ST_16 : Operation 408 [2/2] (1.35ns)   --->   "%temp_output_0_load_9 = load i5 %temp_output_0_addr_10" [matmul.cpp:31]   --->   Operation 408 'load' 'temp_output_0_load_9' <Predicate = true> <Delay = 1.35> <CoreInst = "RAM">   --->   Core 83 'RAM' <Latency = 1> <II = 1> <Delay = 1.35> <Storage> <Opcode : 'load' 'store'> <Ports = 2> <Width = 32> <Depth = 32> <RAM>
ST_16 : Operation 409 [1/1] (0.00ns)   --->   "%temp_output_0_addr_11 = getelementptr i32 %temp_output_0, i64 0, i64 9" [matmul.cpp:31]   --->   Operation 409 'getelementptr' 'temp_output_0_addr_11' <Predicate = true> <Delay = 0.00>
ST_16 : Operation 410 [2/2] (1.35ns)   --->   "%temp_output_0_load_10 = load i5 %temp_output_0_addr_11" [matmul.cpp:31]   --->   Operation 410 'load' 'temp_output_0_load_10' <Predicate = true> <Delay = 1.35> <CoreInst = "RAM">   --->   Core 83 'RAM' <Latency = 1> <II = 1> <Delay = 1.35> <Storage> <Opcode : 'load' 'store'> <Ports = 2> <Width = 32> <Depth = 32> <RAM>

State 17 <SV = 14> <Delay = 1.35>
ST_17 : Operation 411 [1/2] (1.35ns)   --->   "%temp_output_0_load_9 = load i5 %temp_output_0_addr_10" [matmul.cpp:31]   --->   Operation 411 'load' 'temp_output_0_load_9' <Predicate = true> <Delay = 1.35> <CoreInst = "RAM">   --->   Core 83 'RAM' <Latency = 1> <II = 1> <Delay = 1.35> <Storage> <Opcode : 'load' 'store'> <Ports = 2> <Width = 32> <Depth = 32> <RAM>
ST_17 : Operation 412 [1/2] (1.35ns)   --->   "%temp_output_0_load_10 = load i5 %temp_output_0_addr_11" [matmul.cpp:31]   --->   Operation 412 'load' 'temp_output_0_load_10' <Predicate = true> <Delay = 1.35> <CoreInst = "RAM">   --->   Core 83 'RAM' <Latency = 1> <II = 1> <Delay = 1.35> <Storage> <Opcode : 'load' 'store'> <Ports = 2> <Width = 32> <Depth = 32> <RAM>
ST_17 : Operation 413 [1/1] (0.00ns)   --->   "%temp_output_0_addr_12 = getelementptr i32 %temp_output_0, i64 0, i64 10" [matmul.cpp:31]   --->   Operation 413 'getelementptr' 'temp_output_0_addr_12' <Predicate = true> <Delay = 0.00>
ST_17 : Operation 414 [2/2] (1.35ns)   --->   "%temp_output_0_load_11 = load i5 %temp_output_0_addr_12" [matmul.cpp:31]   --->   Operation 414 'load' 'temp_output_0_load_11' <Predicate = true> <Delay = 1.35> <CoreInst = "RAM">   --->   Core 83 'RAM' <Latency = 1> <II = 1> <Delay = 1.35> <Storage> <Opcode : 'load' 'store'> <Ports = 2> <Width = 32> <Depth = 32> <RAM>
ST_17 : Operation 415 [1/1] (0.00ns)   --->   "%temp_output_0_addr_13 = getelementptr i32 %temp_output_0, i64 0, i64 11" [matmul.cpp:31]   --->   Operation 415 'getelementptr' 'temp_output_0_addr_13' <Predicate = true> <Delay = 0.00>
ST_17 : Operation 416 [2/2] (1.35ns)   --->   "%temp_output_0_load_12 = load i5 %temp_output_0_addr_13" [matmul.cpp:31]   --->   Operation 416 'load' 'temp_output_0_load_12' <Predicate = true> <Delay = 1.35> <CoreInst = "RAM">   --->   Core 83 'RAM' <Latency = 1> <II = 1> <Delay = 1.35> <Storage> <Opcode : 'load' 'store'> <Ports = 2> <Width = 32> <Depth = 32> <RAM>

State 18 <SV = 15> <Delay = 1.35>
ST_18 : Operation 417 [1/2] (1.35ns)   --->   "%temp_output_0_load_11 = load i5 %temp_output_0_addr_12" [matmul.cpp:31]   --->   Operation 417 'load' 'temp_output_0_load_11' <Predicate = true> <Delay = 1.35> <CoreInst = "RAM">   --->   Core 83 'RAM' <Latency = 1> <II = 1> <Delay = 1.35> <Storage> <Opcode : 'load' 'store'> <Ports = 2> <Width = 32> <Depth = 32> <RAM>
ST_18 : Operation 418 [1/2] (1.35ns)   --->   "%temp_output_0_load_12 = load i5 %temp_output_0_addr_13" [matmul.cpp:31]   --->   Operation 418 'load' 'temp_output_0_load_12' <Predicate = true> <Delay = 1.35> <CoreInst = "RAM">   --->   Core 83 'RAM' <Latency = 1> <II = 1> <Delay = 1.35> <Storage> <Opcode : 'load' 'store'> <Ports = 2> <Width = 32> <Depth = 32> <RAM>
ST_18 : Operation 419 [1/1] (0.00ns)   --->   "%temp_output_0_addr_14 = getelementptr i32 %temp_output_0, i64 0, i64 12" [matmul.cpp:31]   --->   Operation 419 'getelementptr' 'temp_output_0_addr_14' <Predicate = true> <Delay = 0.00>
ST_18 : Operation 420 [2/2] (1.35ns)   --->   "%temp_output_0_load_13 = load i5 %temp_output_0_addr_14" [matmul.cpp:31]   --->   Operation 420 'load' 'temp_output_0_load_13' <Predicate = true> <Delay = 1.35> <CoreInst = "RAM">   --->   Core 83 'RAM' <Latency = 1> <II = 1> <Delay = 1.35> <Storage> <Opcode : 'load' 'store'> <Ports = 2> <Width = 32> <Depth = 32> <RAM>
ST_18 : Operation 421 [1/1] (0.00ns)   --->   "%temp_output_0_addr_15 = getelementptr i32 %temp_output_0, i64 0, i64 13" [matmul.cpp:31]   --->   Operation 421 'getelementptr' 'temp_output_0_addr_15' <Predicate = true> <Delay = 0.00>
ST_18 : Operation 422 [2/2] (1.35ns)   --->   "%temp_output_0_load_14 = load i5 %temp_output_0_addr_15" [matmul.cpp:31]   --->   Operation 422 'load' 'temp_output_0_load_14' <Predicate = true> <Delay = 1.35> <CoreInst = "RAM">   --->   Core 83 'RAM' <Latency = 1> <II = 1> <Delay = 1.35> <Storage> <Opcode : 'load' 'store'> <Ports = 2> <Width = 32> <Depth = 32> <RAM>

State 19 <SV = 16> <Delay = 1.35>
ST_19 : Operation 423 [1/2] (1.35ns)   --->   "%temp_output_0_load_13 = load i5 %temp_output_0_addr_14" [matmul.cpp:31]   --->   Operation 423 'load' 'temp_output_0_load_13' <Predicate = true> <Delay = 1.35> <CoreInst = "RAM">   --->   Core 83 'RAM' <Latency = 1> <II = 1> <Delay = 1.35> <Storage> <Opcode : 'load' 'store'> <Ports = 2> <Width = 32> <Depth = 32> <RAM>
ST_19 : Operation 424 [1/2] (1.35ns)   --->   "%temp_output_0_load_14 = load i5 %temp_output_0_addr_15" [matmul.cpp:31]   --->   Operation 424 'load' 'temp_output_0_load_14' <Predicate = true> <Delay = 1.35> <CoreInst = "RAM">   --->   Core 83 'RAM' <Latency = 1> <II = 1> <Delay = 1.35> <Storage> <Opcode : 'load' 'store'> <Ports = 2> <Width = 32> <Depth = 32> <RAM>
ST_19 : Operation 425 [1/1] (0.00ns)   --->   "%temp_output_0_addr_16 = getelementptr i32 %temp_output_0, i64 0, i64 14" [matmul.cpp:31]   --->   Operation 425 'getelementptr' 'temp_output_0_addr_16' <Predicate = true> <Delay = 0.00>
ST_19 : Operation 426 [2/2] (1.35ns)   --->   "%temp_output_0_load_15 = load i5 %temp_output_0_addr_16" [matmul.cpp:31]   --->   Operation 426 'load' 'temp_output_0_load_15' <Predicate = true> <Delay = 1.35> <CoreInst = "RAM">   --->   Core 83 'RAM' <Latency = 1> <II = 1> <Delay = 1.35> <Storage> <Opcode : 'load' 'store'> <Ports = 2> <Width = 32> <Depth = 32> <RAM>
ST_19 : Operation 427 [1/1] (0.00ns)   --->   "%temp_output_0_addr_17 = getelementptr i32 %temp_output_0, i64 0, i64 15" [matmul.cpp:31]   --->   Operation 427 'getelementptr' 'temp_output_0_addr_17' <Predicate = true> <Delay = 0.00>
ST_19 : Operation 428 [2/2] (1.35ns)   --->   "%temp_output_0_load_16 = load i5 %temp_output_0_addr_17" [matmul.cpp:31]   --->   Operation 428 'load' 'temp_output_0_load_16' <Predicate = true> <Delay = 1.35> <CoreInst = "RAM">   --->   Core 83 'RAM' <Latency = 1> <II = 1> <Delay = 1.35> <Storage> <Opcode : 'load' 'store'> <Ports = 2> <Width = 32> <Depth = 32> <RAM>

State 20 <SV = 17> <Delay = 1.35>
ST_20 : Operation 429 [1/2] (1.35ns)   --->   "%temp_output_0_load_15 = load i5 %temp_output_0_addr_16" [matmul.cpp:31]   --->   Operation 429 'load' 'temp_output_0_load_15' <Predicate = true> <Delay = 1.35> <CoreInst = "RAM">   --->   Core 83 'RAM' <Latency = 1> <II = 1> <Delay = 1.35> <Storage> <Opcode : 'load' 'store'> <Ports = 2> <Width = 32> <Depth = 32> <RAM>
ST_20 : Operation 430 [1/2] (1.35ns)   --->   "%temp_output_0_load_16 = load i5 %temp_output_0_addr_17" [matmul.cpp:31]   --->   Operation 430 'load' 'temp_output_0_load_16' <Predicate = true> <Delay = 1.35> <CoreInst = "RAM">   --->   Core 83 'RAM' <Latency = 1> <II = 1> <Delay = 1.35> <Storage> <Opcode : 'load' 'store'> <Ports = 2> <Width = 32> <Depth = 32> <RAM>
ST_20 : Operation 431 [1/1] (0.00ns)   --->   "%temp_output_0_addr_18 = getelementptr i32 %temp_output_0, i64 0, i64 16" [matmul.cpp:31]   --->   Operation 431 'getelementptr' 'temp_output_0_addr_18' <Predicate = true> <Delay = 0.00>
ST_20 : Operation 432 [2/2] (1.35ns)   --->   "%temp_output_0_load_17 = load i5 %temp_output_0_addr_18" [matmul.cpp:31]   --->   Operation 432 'load' 'temp_output_0_load_17' <Predicate = true> <Delay = 1.35> <CoreInst = "RAM">   --->   Core 83 'RAM' <Latency = 1> <II = 1> <Delay = 1.35> <Storage> <Opcode : 'load' 'store'> <Ports = 2> <Width = 32> <Depth = 32> <RAM>
ST_20 : Operation 433 [1/1] (0.00ns)   --->   "%temp_output_0_addr_19 = getelementptr i32 %temp_output_0, i64 0, i64 17" [matmul.cpp:31]   --->   Operation 433 'getelementptr' 'temp_output_0_addr_19' <Predicate = true> <Delay = 0.00>
ST_20 : Operation 434 [2/2] (1.35ns)   --->   "%temp_output_0_load_18 = load i5 %temp_output_0_addr_19" [matmul.cpp:31]   --->   Operation 434 'load' 'temp_output_0_load_18' <Predicate = true> <Delay = 1.35> <CoreInst = "RAM">   --->   Core 83 'RAM' <Latency = 1> <II = 1> <Delay = 1.35> <Storage> <Opcode : 'load' 'store'> <Ports = 2> <Width = 32> <Depth = 32> <RAM>

State 21 <SV = 18> <Delay = 1.35>
ST_21 : Operation 435 [1/2] (1.35ns)   --->   "%temp_output_0_load_17 = load i5 %temp_output_0_addr_18" [matmul.cpp:31]   --->   Operation 435 'load' 'temp_output_0_load_17' <Predicate = true> <Delay = 1.35> <CoreInst = "RAM">   --->   Core 83 'RAM' <Latency = 1> <II = 1> <Delay = 1.35> <Storage> <Opcode : 'load' 'store'> <Ports = 2> <Width = 32> <Depth = 32> <RAM>
ST_21 : Operation 436 [1/2] (1.35ns)   --->   "%temp_output_0_load_18 = load i5 %temp_output_0_addr_19" [matmul.cpp:31]   --->   Operation 436 'load' 'temp_output_0_load_18' <Predicate = true> <Delay = 1.35> <CoreInst = "RAM">   --->   Core 83 'RAM' <Latency = 1> <II = 1> <Delay = 1.35> <Storage> <Opcode : 'load' 'store'> <Ports = 2> <Width = 32> <Depth = 32> <RAM>
ST_21 : Operation 437 [1/1] (0.00ns)   --->   "%temp_output_0_addr_20 = getelementptr i32 %temp_output_0, i64 0, i64 18" [matmul.cpp:31]   --->   Operation 437 'getelementptr' 'temp_output_0_addr_20' <Predicate = true> <Delay = 0.00>
ST_21 : Operation 438 [2/2] (1.35ns)   --->   "%temp_output_0_load_19 = load i5 %temp_output_0_addr_20" [matmul.cpp:31]   --->   Operation 438 'load' 'temp_output_0_load_19' <Predicate = true> <Delay = 1.35> <CoreInst = "RAM">   --->   Core 83 'RAM' <Latency = 1> <II = 1> <Delay = 1.35> <Storage> <Opcode : 'load' 'store'> <Ports = 2> <Width = 32> <Depth = 32> <RAM>
ST_21 : Operation 439 [1/1] (0.00ns)   --->   "%temp_output_0_addr_21 = getelementptr i32 %temp_output_0, i64 0, i64 19" [matmul.cpp:31]   --->   Operation 439 'getelementptr' 'temp_output_0_addr_21' <Predicate = true> <Delay = 0.00>
ST_21 : Operation 440 [2/2] (1.35ns)   --->   "%temp_output_0_load_20 = load i5 %temp_output_0_addr_21" [matmul.cpp:31]   --->   Operation 440 'load' 'temp_output_0_load_20' <Predicate = true> <Delay = 1.35> <CoreInst = "RAM">   --->   Core 83 'RAM' <Latency = 1> <II = 1> <Delay = 1.35> <Storage> <Opcode : 'load' 'store'> <Ports = 2> <Width = 32> <Depth = 32> <RAM>

State 22 <SV = 19> <Delay = 1.35>
ST_22 : Operation 441 [1/2] (1.35ns)   --->   "%temp_output_0_load_19 = load i5 %temp_output_0_addr_20" [matmul.cpp:31]   --->   Operation 441 'load' 'temp_output_0_load_19' <Predicate = true> <Delay = 1.35> <CoreInst = "RAM">   --->   Core 83 'RAM' <Latency = 1> <II = 1> <Delay = 1.35> <Storage> <Opcode : 'load' 'store'> <Ports = 2> <Width = 32> <Depth = 32> <RAM>
ST_22 : Operation 442 [1/2] (1.35ns)   --->   "%temp_output_0_load_20 = load i5 %temp_output_0_addr_21" [matmul.cpp:31]   --->   Operation 442 'load' 'temp_output_0_load_20' <Predicate = true> <Delay = 1.35> <CoreInst = "RAM">   --->   Core 83 'RAM' <Latency = 1> <II = 1> <Delay = 1.35> <Storage> <Opcode : 'load' 'store'> <Ports = 2> <Width = 32> <Depth = 32> <RAM>
ST_22 : Operation 443 [1/1] (0.00ns)   --->   "%temp_output_0_addr_22 = getelementptr i32 %temp_output_0, i64 0, i64 20" [matmul.cpp:31]   --->   Operation 443 'getelementptr' 'temp_output_0_addr_22' <Predicate = true> <Delay = 0.00>
ST_22 : Operation 444 [2/2] (1.35ns)   --->   "%temp_output_0_load_21 = load i5 %temp_output_0_addr_22" [matmul.cpp:31]   --->   Operation 444 'load' 'temp_output_0_load_21' <Predicate = true> <Delay = 1.35> <CoreInst = "RAM">   --->   Core 83 'RAM' <Latency = 1> <II = 1> <Delay = 1.35> <Storage> <Opcode : 'load' 'store'> <Ports = 2> <Width = 32> <Depth = 32> <RAM>
ST_22 : Operation 445 [1/1] (0.00ns)   --->   "%temp_output_0_addr_23 = getelementptr i32 %temp_output_0, i64 0, i64 21" [matmul.cpp:31]   --->   Operation 445 'getelementptr' 'temp_output_0_addr_23' <Predicate = true> <Delay = 0.00>
ST_22 : Operation 446 [2/2] (1.35ns)   --->   "%temp_output_0_load_22 = load i5 %temp_output_0_addr_23" [matmul.cpp:31]   --->   Operation 446 'load' 'temp_output_0_load_22' <Predicate = true> <Delay = 1.35> <CoreInst = "RAM">   --->   Core 83 'RAM' <Latency = 1> <II = 1> <Delay = 1.35> <Storage> <Opcode : 'load' 'store'> <Ports = 2> <Width = 32> <Depth = 32> <RAM>

State 23 <SV = 20> <Delay = 1.35>
ST_23 : Operation 447 [1/2] (1.35ns)   --->   "%temp_output_0_load_21 = load i5 %temp_output_0_addr_22" [matmul.cpp:31]   --->   Operation 447 'load' 'temp_output_0_load_21' <Predicate = true> <Delay = 1.35> <CoreInst = "RAM">   --->   Core 83 'RAM' <Latency = 1> <II = 1> <Delay = 1.35> <Storage> <Opcode : 'load' 'store'> <Ports = 2> <Width = 32> <Depth = 32> <RAM>
ST_23 : Operation 448 [1/2] (1.35ns)   --->   "%temp_output_0_load_22 = load i5 %temp_output_0_addr_23" [matmul.cpp:31]   --->   Operation 448 'load' 'temp_output_0_load_22' <Predicate = true> <Delay = 1.35> <CoreInst = "RAM">   --->   Core 83 'RAM' <Latency = 1> <II = 1> <Delay = 1.35> <Storage> <Opcode : 'load' 'store'> <Ports = 2> <Width = 32> <Depth = 32> <RAM>
ST_23 : Operation 449 [1/1] (0.00ns)   --->   "%temp_output_0_addr_24 = getelementptr i32 %temp_output_0, i64 0, i64 22" [matmul.cpp:31]   --->   Operation 449 'getelementptr' 'temp_output_0_addr_24' <Predicate = true> <Delay = 0.00>
ST_23 : Operation 450 [2/2] (1.35ns)   --->   "%temp_output_0_load_23 = load i5 %temp_output_0_addr_24" [matmul.cpp:31]   --->   Operation 450 'load' 'temp_output_0_load_23' <Predicate = true> <Delay = 1.35> <CoreInst = "RAM">   --->   Core 83 'RAM' <Latency = 1> <II = 1> <Delay = 1.35> <Storage> <Opcode : 'load' 'store'> <Ports = 2> <Width = 32> <Depth = 32> <RAM>
ST_23 : Operation 451 [1/1] (0.00ns)   --->   "%temp_output_0_addr_25 = getelementptr i32 %temp_output_0, i64 0, i64 23" [matmul.cpp:31]   --->   Operation 451 'getelementptr' 'temp_output_0_addr_25' <Predicate = true> <Delay = 0.00>
ST_23 : Operation 452 [2/2] (1.35ns)   --->   "%temp_output_0_load_24 = load i5 %temp_output_0_addr_25" [matmul.cpp:31]   --->   Operation 452 'load' 'temp_output_0_load_24' <Predicate = true> <Delay = 1.35> <CoreInst = "RAM">   --->   Core 83 'RAM' <Latency = 1> <II = 1> <Delay = 1.35> <Storage> <Opcode : 'load' 'store'> <Ports = 2> <Width = 32> <Depth = 32> <RAM>

State 24 <SV = 21> <Delay = 1.35>
ST_24 : Operation 453 [1/2] (1.35ns)   --->   "%temp_output_0_load_23 = load i5 %temp_output_0_addr_24" [matmul.cpp:31]   --->   Operation 453 'load' 'temp_output_0_load_23' <Predicate = true> <Delay = 1.35> <CoreInst = "RAM">   --->   Core 83 'RAM' <Latency = 1> <II = 1> <Delay = 1.35> <Storage> <Opcode : 'load' 'store'> <Ports = 2> <Width = 32> <Depth = 32> <RAM>
ST_24 : Operation 454 [1/2] (1.35ns)   --->   "%temp_output_0_load_24 = load i5 %temp_output_0_addr_25" [matmul.cpp:31]   --->   Operation 454 'load' 'temp_output_0_load_24' <Predicate = true> <Delay = 1.35> <CoreInst = "RAM">   --->   Core 83 'RAM' <Latency = 1> <II = 1> <Delay = 1.35> <Storage> <Opcode : 'load' 'store'> <Ports = 2> <Width = 32> <Depth = 32> <RAM>
ST_24 : Operation 455 [1/1] (0.00ns)   --->   "%temp_output_0_addr_26 = getelementptr i32 %temp_output_0, i64 0, i64 24" [matmul.cpp:31]   --->   Operation 455 'getelementptr' 'temp_output_0_addr_26' <Predicate = true> <Delay = 0.00>
ST_24 : Operation 456 [2/2] (1.35ns)   --->   "%temp_output_0_load_25 = load i5 %temp_output_0_addr_26" [matmul.cpp:31]   --->   Operation 456 'load' 'temp_output_0_load_25' <Predicate = true> <Delay = 1.35> <CoreInst = "RAM">   --->   Core 83 'RAM' <Latency = 1> <II = 1> <Delay = 1.35> <Storage> <Opcode : 'load' 'store'> <Ports = 2> <Width = 32> <Depth = 32> <RAM>
ST_24 : Operation 457 [1/1] (0.00ns)   --->   "%temp_output_0_addr_27 = getelementptr i32 %temp_output_0, i64 0, i64 25" [matmul.cpp:31]   --->   Operation 457 'getelementptr' 'temp_output_0_addr_27' <Predicate = true> <Delay = 0.00>
ST_24 : Operation 458 [2/2] (1.35ns)   --->   "%temp_output_0_load_26 = load i5 %temp_output_0_addr_27" [matmul.cpp:31]   --->   Operation 458 'load' 'temp_output_0_load_26' <Predicate = true> <Delay = 1.35> <CoreInst = "RAM">   --->   Core 83 'RAM' <Latency = 1> <II = 1> <Delay = 1.35> <Storage> <Opcode : 'load' 'store'> <Ports = 2> <Width = 32> <Depth = 32> <RAM>

State 25 <SV = 22> <Delay = 1.35>
ST_25 : Operation 459 [1/2] (1.35ns)   --->   "%temp_output_0_load_25 = load i5 %temp_output_0_addr_26" [matmul.cpp:31]   --->   Operation 459 'load' 'temp_output_0_load_25' <Predicate = true> <Delay = 1.35> <CoreInst = "RAM">   --->   Core 83 'RAM' <Latency = 1> <II = 1> <Delay = 1.35> <Storage> <Opcode : 'load' 'store'> <Ports = 2> <Width = 32> <Depth = 32> <RAM>
ST_25 : Operation 460 [1/2] (1.35ns)   --->   "%temp_output_0_load_26 = load i5 %temp_output_0_addr_27" [matmul.cpp:31]   --->   Operation 460 'load' 'temp_output_0_load_26' <Predicate = true> <Delay = 1.35> <CoreInst = "RAM">   --->   Core 83 'RAM' <Latency = 1> <II = 1> <Delay = 1.35> <Storage> <Opcode : 'load' 'store'> <Ports = 2> <Width = 32> <Depth = 32> <RAM>
ST_25 : Operation 461 [1/1] (0.00ns)   --->   "%temp_output_0_addr_28 = getelementptr i32 %temp_output_0, i64 0, i64 26" [matmul.cpp:31]   --->   Operation 461 'getelementptr' 'temp_output_0_addr_28' <Predicate = true> <Delay = 0.00>
ST_25 : Operation 462 [2/2] (1.35ns)   --->   "%temp_output_0_load_27 = load i5 %temp_output_0_addr_28" [matmul.cpp:31]   --->   Operation 462 'load' 'temp_output_0_load_27' <Predicate = true> <Delay = 1.35> <CoreInst = "RAM">   --->   Core 83 'RAM' <Latency = 1> <II = 1> <Delay = 1.35> <Storage> <Opcode : 'load' 'store'> <Ports = 2> <Width = 32> <Depth = 32> <RAM>
ST_25 : Operation 463 [1/1] (0.00ns)   --->   "%temp_output_0_addr_29 = getelementptr i32 %temp_output_0, i64 0, i64 27" [matmul.cpp:31]   --->   Operation 463 'getelementptr' 'temp_output_0_addr_29' <Predicate = true> <Delay = 0.00>
ST_25 : Operation 464 [2/2] (1.35ns)   --->   "%temp_output_0_load_28 = load i5 %temp_output_0_addr_29" [matmul.cpp:31]   --->   Operation 464 'load' 'temp_output_0_load_28' <Predicate = true> <Delay = 1.35> <CoreInst = "RAM">   --->   Core 83 'RAM' <Latency = 1> <II = 1> <Delay = 1.35> <Storage> <Opcode : 'load' 'store'> <Ports = 2> <Width = 32> <Depth = 32> <RAM>

State 26 <SV = 23> <Delay = 1.35>
ST_26 : Operation 465 [1/2] (1.35ns)   --->   "%temp_output_0_load_27 = load i5 %temp_output_0_addr_28" [matmul.cpp:31]   --->   Operation 465 'load' 'temp_output_0_load_27' <Predicate = true> <Delay = 1.35> <CoreInst = "RAM">   --->   Core 83 'RAM' <Latency = 1> <II = 1> <Delay = 1.35> <Storage> <Opcode : 'load' 'store'> <Ports = 2> <Width = 32> <Depth = 32> <RAM>
ST_26 : Operation 466 [1/2] (1.35ns)   --->   "%temp_output_0_load_28 = load i5 %temp_output_0_addr_29" [matmul.cpp:31]   --->   Operation 466 'load' 'temp_output_0_load_28' <Predicate = true> <Delay = 1.35> <CoreInst = "RAM">   --->   Core 83 'RAM' <Latency = 1> <II = 1> <Delay = 1.35> <Storage> <Opcode : 'load' 'store'> <Ports = 2> <Width = 32> <Depth = 32> <RAM>
ST_26 : Operation 467 [1/1] (0.00ns)   --->   "%temp_output_0_addr_30 = getelementptr i32 %temp_output_0, i64 0, i64 28" [matmul.cpp:31]   --->   Operation 467 'getelementptr' 'temp_output_0_addr_30' <Predicate = true> <Delay = 0.00>
ST_26 : Operation 468 [2/2] (1.35ns)   --->   "%temp_output_0_load_29 = load i5 %temp_output_0_addr_30" [matmul.cpp:31]   --->   Operation 468 'load' 'temp_output_0_load_29' <Predicate = true> <Delay = 1.35> <CoreInst = "RAM">   --->   Core 83 'RAM' <Latency = 1> <II = 1> <Delay = 1.35> <Storage> <Opcode : 'load' 'store'> <Ports = 2> <Width = 32> <Depth = 32> <RAM>
ST_26 : Operation 469 [1/1] (0.00ns)   --->   "%temp_output_0_addr_31 = getelementptr i32 %temp_output_0, i64 0, i64 29" [matmul.cpp:31]   --->   Operation 469 'getelementptr' 'temp_output_0_addr_31' <Predicate = true> <Delay = 0.00>
ST_26 : Operation 470 [2/2] (1.35ns)   --->   "%temp_output_0_load_30 = load i5 %temp_output_0_addr_31" [matmul.cpp:31]   --->   Operation 470 'load' 'temp_output_0_load_30' <Predicate = true> <Delay = 1.35> <CoreInst = "RAM">   --->   Core 83 'RAM' <Latency = 1> <II = 1> <Delay = 1.35> <Storage> <Opcode : 'load' 'store'> <Ports = 2> <Width = 32> <Depth = 32> <RAM>

State 27 <SV = 24> <Delay = 1.35>
ST_27 : Operation 471 [1/2] (1.35ns)   --->   "%temp_output_0_load_29 = load i5 %temp_output_0_addr_30" [matmul.cpp:31]   --->   Operation 471 'load' 'temp_output_0_load_29' <Predicate = true> <Delay = 1.35> <CoreInst = "RAM">   --->   Core 83 'RAM' <Latency = 1> <II = 1> <Delay = 1.35> <Storage> <Opcode : 'load' 'store'> <Ports = 2> <Width = 32> <Depth = 32> <RAM>
ST_27 : Operation 472 [1/2] (1.35ns)   --->   "%temp_output_0_load_30 = load i5 %temp_output_0_addr_31" [matmul.cpp:31]   --->   Operation 472 'load' 'temp_output_0_load_30' <Predicate = true> <Delay = 1.35> <CoreInst = "RAM">   --->   Core 83 'RAM' <Latency = 1> <II = 1> <Delay = 1.35> <Storage> <Opcode : 'load' 'store'> <Ports = 2> <Width = 32> <Depth = 32> <RAM>
ST_27 : Operation 473 [1/1] (0.00ns)   --->   "%temp_output_0_addr_32 = getelementptr i32 %temp_output_0, i64 0, i64 30" [matmul.cpp:31]   --->   Operation 473 'getelementptr' 'temp_output_0_addr_32' <Predicate = true> <Delay = 0.00>
ST_27 : Operation 474 [2/2] (1.35ns)   --->   "%temp_output_0_load_31 = load i5 %temp_output_0_addr_32" [matmul.cpp:31]   --->   Operation 474 'load' 'temp_output_0_load_31' <Predicate = true> <Delay = 1.35> <CoreInst = "RAM">   --->   Core 83 'RAM' <Latency = 1> <II = 1> <Delay = 1.35> <Storage> <Opcode : 'load' 'store'> <Ports = 2> <Width = 32> <Depth = 32> <RAM>
ST_27 : Operation 475 [1/1] (0.00ns)   --->   "%temp_output_0_addr_33 = getelementptr i32 %temp_output_0, i64 0, i64 31" [matmul.cpp:31]   --->   Operation 475 'getelementptr' 'temp_output_0_addr_33' <Predicate = true> <Delay = 0.00>
ST_27 : Operation 476 [2/2] (1.35ns)   --->   "%temp_output_0_load_32 = load i5 %temp_output_0_addr_33" [matmul.cpp:31]   --->   Operation 476 'load' 'temp_output_0_load_32' <Predicate = true> <Delay = 1.35> <CoreInst = "RAM">   --->   Core 83 'RAM' <Latency = 1> <II = 1> <Delay = 1.35> <Storage> <Opcode : 'load' 'store'> <Ports = 2> <Width = 32> <Depth = 32> <RAM>

State 28 <SV = 25> <Delay = 1.35>
ST_28 : Operation 477 [1/2] (1.35ns)   --->   "%temp_output_0_load_31 = load i5 %temp_output_0_addr_32" [matmul.cpp:31]   --->   Operation 477 'load' 'temp_output_0_load_31' <Predicate = true> <Delay = 1.35> <CoreInst = "RAM">   --->   Core 83 'RAM' <Latency = 1> <II = 1> <Delay = 1.35> <Storage> <Opcode : 'load' 'store'> <Ports = 2> <Width = 32> <Depth = 32> <RAM>
ST_28 : Operation 478 [1/2] (1.35ns)   --->   "%temp_output_0_load_32 = load i5 %temp_output_0_addr_33" [matmul.cpp:31]   --->   Operation 478 'load' 'temp_output_0_load_32' <Predicate = true> <Delay = 1.35> <CoreInst = "RAM">   --->   Core 83 'RAM' <Latency = 1> <II = 1> <Delay = 1.35> <Storage> <Opcode : 'load' 'store'> <Ports = 2> <Width = 32> <Depth = 32> <RAM>
ST_28 : Operation 479 [1/1] (0.48ns)   --->   "%br_ln0 = br void %_Z13hw_act_layer1PA32_fS0_.exit"   --->   Operation 479 'br' 'br_ln0' <Predicate = true> <Delay = 0.48>

State 29 <SV = 26> <Delay = 0.87>
ST_29 : Operation 480 [1/1] (0.00ns)   --->   "%j = phi i5 %add_ln25, void %.split10, i5 0, void %_Z13hw_act_layer1PA32_fS0_.exit.preheader" [matmul.cpp:25]   --->   Operation 480 'phi' 'j' <Predicate = true> <Delay = 0.00>
ST_29 : Operation 481 [1/1] (0.87ns)   --->   "%add_ln25 = add i5 %j, i5 1" [matmul.cpp:25]   --->   Operation 481 'add' 'add_ln25' <Predicate = true> <Delay = 0.87> <CoreInst = "Adder">   --->   Core 1 'Adder' <Latency = 0> <II = 1> <Delay = 0.86> <FuncUnit> <Opcode : 'add' 'sub'> <InPorts = 2> <OutPorts = 1>
ST_29 : Operation 482 [1/1] (0.00ns)   --->   "%specpipeline_ln0 = specpipeline void @_ssdm_op_SpecPipeline, i32 4294967295, i32 0, i32 1, i32 0, void @p_str"   --->   Operation 482 'specpipeline' 'specpipeline_ln0' <Predicate = true> <Delay = 0.00>
ST_29 : Operation 483 [1/1] (0.87ns)   --->   "%icmp_ln25 = icmp_eq  i5 %j, i5 16" [matmul.cpp:25]   --->   Operation 483 'icmp' 'icmp_ln25' <Predicate = true> <Delay = 0.87> <CoreInst = "Cmp">   --->   Core 9 'Cmp' <Latency = 0> <II = 1> <Delay = 0.97> <FuncUnit> <Opcode : 'icmp'> <InPorts = 2> <OutPorts = 1>
ST_29 : Operation 484 [1/1] (0.00ns)   --->   "%empty_31 = speclooptripcount i32 @_ssdm_op_SpecLoopTripCount, i64 16, i64 16, i64 16"   --->   Operation 484 'speclooptripcount' 'empty_31' <Predicate = true> <Delay = 0.00>
ST_29 : Operation 485 [1/1] (0.00ns)   --->   "%br_ln25 = br i1 %icmp_ln25, void %.split10, void %_Z11hwmm_layer2PA32_fPA16_KfPA16_f.exit.preheader" [matmul.cpp:25]   --->   Operation 485 'br' 'br_ln25' <Predicate = true> <Delay = 0.00>
ST_29 : Operation 486 [1/1] (0.00ns)   --->   "%j_cast = zext i5 %j" [matmul.cpp:25]   --->   Operation 486 'zext' 'j_cast' <Predicate = (!icmp_ln25)> <Delay = 0.00>
ST_29 : Operation 487 [1/1] (0.00ns)   --->   "%layer2_weights_0_addr = getelementptr i32 %layer2_weights_0, i64 0, i64 %j_cast" [matmul.cpp:31]   --->   Operation 487 'getelementptr' 'layer2_weights_0_addr' <Predicate = (!icmp_ln25)> <Delay = 0.00>
ST_29 : Operation 488 [2/2] (0.79ns)   --->   "%layer2_weights_0_load = load i4 %layer2_weights_0_addr" [matmul.cpp:31]   --->   Operation 488 'load' 'layer2_weights_0_load' <Predicate = (!icmp_ln25)> <Delay = 0.79> <CoreInst = "ROM">   --->   Core 101 'ROM' <Latency = 1> <II = 1> <Delay = 0.79> <Storage> <Opcode : 'load'> <Ports = 0> <Width = 32> <Depth = 16> <ROM>

State 30 <SV = 27> <Delay = 5.46>
ST_30 : Operation 489 [1/2] (0.79ns)   --->   "%layer2_weights_0_load = load i4 %layer2_weights_0_addr" [matmul.cpp:31]   --->   Operation 489 'load' 'layer2_weights_0_load' <Predicate = (!icmp_ln25)> <Delay = 0.79> <CoreInst = "ROM">   --->   Core 101 'ROM' <Latency = 1> <II = 1> <Delay = 0.79> <Storage> <Opcode : 'load'> <Ports = 0> <Width = 32> <Depth = 16> <ROM>
ST_30 : Operation 490 [4/4] (4.67ns)   --->   "%mul_i = fmul i32 %temp_output_0_load_1, i32 %layer2_weights_0_load" [matmul.cpp:31]   --->   Operation 490 'fmul' 'mul_i' <Predicate = (!icmp_ln25)> <Delay = 4.67> <CoreInst = "FMul_maxdsp">   --->   Core 30 'FMul_maxdsp' <Latency = 3> <II = 1> <Delay = 4.67> <FuncUnit> <Opcode : 'fmul'> <InPorts = 2> <OutPorts = 1>

State 31 <SV = 28> <Delay = 4.67>
ST_31 : Operation 491 [3/4] (4.67ns)   --->   "%mul_i = fmul i32 %temp_output_0_load_1, i32 %layer2_weights_0_load" [matmul.cpp:31]   --->   Operation 491 'fmul' 'mul_i' <Predicate = (!icmp_ln25)> <Delay = 4.67> <CoreInst = "FMul_maxdsp">   --->   Core 30 'FMul_maxdsp' <Latency = 3> <II = 1> <Delay = 4.67> <FuncUnit> <Opcode : 'fmul'> <InPorts = 2> <OutPorts = 1>

State 32 <SV = 29> <Delay = 4.67>
ST_32 : Operation 492 [2/4] (4.67ns)   --->   "%mul_i = fmul i32 %temp_output_0_load_1, i32 %layer2_weights_0_load" [matmul.cpp:31]   --->   Operation 492 'fmul' 'mul_i' <Predicate = (!icmp_ln25)> <Delay = 4.67> <CoreInst = "FMul_maxdsp">   --->   Core 30 'FMul_maxdsp' <Latency = 3> <II = 1> <Delay = 4.67> <FuncUnit> <Opcode : 'fmul'> <InPorts = 2> <OutPorts = 1>

State 33 <SV = 30> <Delay = 4.67>
ST_33 : Operation 493 [1/4] (4.67ns)   --->   "%mul_i = fmul i32 %temp_output_0_load_1, i32 %layer2_weights_0_load" [matmul.cpp:31]   --->   Operation 493 'fmul' 'mul_i' <Predicate = (!icmp_ln25)> <Delay = 4.67> <CoreInst = "FMul_maxdsp">   --->   Core 30 'FMul_maxdsp' <Latency = 3> <II = 1> <Delay = 4.67> <FuncUnit> <Opcode : 'fmul'> <InPorts = 2> <OutPorts = 1>

State 34 <SV = 31> <Delay = 6.01>
ST_34 : Operation 494 [5/5] (6.01ns)   --->   "%sum_1 = fadd i32 %mul_i, i32 0" [matmul.cpp:31]   --->   Operation 494 'fadd' 'sum_1' <Predicate = (!icmp_ln25)> <Delay = 6.01> <CoreInst = "FAddSub_fulldsp">   --->   Core 18 'FAddSub_fulldsp' <Latency = 4> <II = 1> <Delay = 6.01> <FuncUnit> <Opcode : 'fadd' 'fsub'> <InPorts = 2> <OutPorts = 1>
ST_34 : Operation 495 [1/1] (0.00ns)   --->   "%layer2_weights_1_addr = getelementptr i32 %layer2_weights_1, i64 0, i64 %j_cast" [matmul.cpp:31]   --->   Operation 495 'getelementptr' 'layer2_weights_1_addr' <Predicate = (!icmp_ln25)> <Delay = 0.00>
ST_34 : Operation 496 [2/2] (0.79ns)   --->   "%layer2_weights_1_load = load i4 %layer2_weights_1_addr" [matmul.cpp:31]   --->   Operation 496 'load' 'layer2_weights_1_load' <Predicate = (!icmp_ln25)> <Delay = 0.79> <CoreInst = "ROM">   --->   Core 101 'ROM' <Latency = 1> <II = 1> <Delay = 0.79> <Storage> <Opcode : 'load'> <Ports = 0> <Width = 32> <Depth = 16> <ROM>

State 35 <SV = 32> <Delay = 6.01>
ST_35 : Operation 497 [4/5] (6.01ns)   --->   "%sum_1 = fadd i32 %mul_i, i32 0" [matmul.cpp:31]   --->   Operation 497 'fadd' 'sum_1' <Predicate = (!icmp_ln25)> <Delay = 6.01> <CoreInst = "FAddSub_fulldsp">   --->   Core 18 'FAddSub_fulldsp' <Latency = 4> <II = 1> <Delay = 6.01> <FuncUnit> <Opcode : 'fadd' 'fsub'> <InPorts = 2> <OutPorts = 1>
ST_35 : Operation 498 [1/2] (0.79ns)   --->   "%layer2_weights_1_load = load i4 %layer2_weights_1_addr" [matmul.cpp:31]   --->   Operation 498 'load' 'layer2_weights_1_load' <Predicate = (!icmp_ln25)> <Delay = 0.79> <CoreInst = "ROM">   --->   Core 101 'ROM' <Latency = 1> <II = 1> <Delay = 0.79> <Storage> <Opcode : 'load'> <Ports = 0> <Width = 32> <Depth = 16> <ROM>
ST_35 : Operation 499 [4/4] (4.67ns)   --->   "%mul_i_1 = fmul i32 %temp_output_0_load_2, i32 %layer2_weights_1_load" [matmul.cpp:31]   --->   Operation 499 'fmul' 'mul_i_1' <Predicate = (!icmp_ln25)> <Delay = 4.67> <CoreInst = "FMul_maxdsp">   --->   Core 30 'FMul_maxdsp' <Latency = 3> <II = 1> <Delay = 4.67> <FuncUnit> <Opcode : 'fmul'> <InPorts = 2> <OutPorts = 1>

State 36 <SV = 33> <Delay = 6.01>
ST_36 : Operation 500 [3/5] (6.01ns)   --->   "%sum_1 = fadd i32 %mul_i, i32 0" [matmul.cpp:31]   --->   Operation 500 'fadd' 'sum_1' <Predicate = (!icmp_ln25)> <Delay = 6.01> <CoreInst = "FAddSub_fulldsp">   --->   Core 18 'FAddSub_fulldsp' <Latency = 4> <II = 1> <Delay = 6.01> <FuncUnit> <Opcode : 'fadd' 'fsub'> <InPorts = 2> <OutPorts = 1>
ST_36 : Operation 501 [3/4] (4.67ns)   --->   "%mul_i_1 = fmul i32 %temp_output_0_load_2, i32 %layer2_weights_1_load" [matmul.cpp:31]   --->   Operation 501 'fmul' 'mul_i_1' <Predicate = (!icmp_ln25)> <Delay = 4.67> <CoreInst = "FMul_maxdsp">   --->   Core 30 'FMul_maxdsp' <Latency = 3> <II = 1> <Delay = 4.67> <FuncUnit> <Opcode : 'fmul'> <InPorts = 2> <OutPorts = 1>

State 37 <SV = 34> <Delay = 6.01>
ST_37 : Operation 502 [2/5] (6.01ns)   --->   "%sum_1 = fadd i32 %mul_i, i32 0" [matmul.cpp:31]   --->   Operation 502 'fadd' 'sum_1' <Predicate = (!icmp_ln25)> <Delay = 6.01> <CoreInst = "FAddSub_fulldsp">   --->   Core 18 'FAddSub_fulldsp' <Latency = 4> <II = 1> <Delay = 6.01> <FuncUnit> <Opcode : 'fadd' 'fsub'> <InPorts = 2> <OutPorts = 1>
ST_37 : Operation 503 [2/4] (4.67ns)   --->   "%mul_i_1 = fmul i32 %temp_output_0_load_2, i32 %layer2_weights_1_load" [matmul.cpp:31]   --->   Operation 503 'fmul' 'mul_i_1' <Predicate = (!icmp_ln25)> <Delay = 4.67> <CoreInst = "FMul_maxdsp">   --->   Core 30 'FMul_maxdsp' <Latency = 3> <II = 1> <Delay = 4.67> <FuncUnit> <Opcode : 'fmul'> <InPorts = 2> <OutPorts = 1>

State 38 <SV = 35> <Delay = 6.01>
ST_38 : Operation 504 [1/5] (6.01ns)   --->   "%sum_1 = fadd i32 %mul_i, i32 0" [matmul.cpp:31]   --->   Operation 504 'fadd' 'sum_1' <Predicate = (!icmp_ln25)> <Delay = 6.01> <CoreInst = "FAddSub_fulldsp">   --->   Core 18 'FAddSub_fulldsp' <Latency = 4> <II = 1> <Delay = 6.01> <FuncUnit> <Opcode : 'fadd' 'fsub'> <InPorts = 2> <OutPorts = 1>
ST_38 : Operation 505 [1/4] (4.67ns)   --->   "%mul_i_1 = fmul i32 %temp_output_0_load_2, i32 %layer2_weights_1_load" [matmul.cpp:31]   --->   Operation 505 'fmul' 'mul_i_1' <Predicate = (!icmp_ln25)> <Delay = 4.67> <CoreInst = "FMul_maxdsp">   --->   Core 30 'FMul_maxdsp' <Latency = 3> <II = 1> <Delay = 4.67> <FuncUnit> <Opcode : 'fmul'> <InPorts = 2> <OutPorts = 1>

State 39 <SV = 36> <Delay = 6.01>
ST_39 : Operation 506 [5/5] (6.01ns)   --->   "%sum_1_1 = fadd i32 %sum_1, i32 %mul_i_1" [matmul.cpp:31]   --->   Operation 506 'fadd' 'sum_1_1' <Predicate = (!icmp_ln25)> <Delay = 6.01> <CoreInst = "FAddSub_fulldsp">   --->   Core 18 'FAddSub_fulldsp' <Latency = 4> <II = 1> <Delay = 6.01> <FuncUnit> <Opcode : 'fadd' 'fsub'> <InPorts = 2> <OutPorts = 1>
ST_39 : Operation 507 [1/1] (0.00ns)   --->   "%layer2_weights_2_addr = getelementptr i32 %layer2_weights_2, i64 0, i64 %j_cast" [matmul.cpp:31]   --->   Operation 507 'getelementptr' 'layer2_weights_2_addr' <Predicate = (!icmp_ln25)> <Delay = 0.00>
ST_39 : Operation 508 [2/2] (0.79ns)   --->   "%layer2_weights_2_load = load i4 %layer2_weights_2_addr" [matmul.cpp:31]   --->   Operation 508 'load' 'layer2_weights_2_load' <Predicate = (!icmp_ln25)> <Delay = 0.79> <CoreInst = "ROM">   --->   Core 101 'ROM' <Latency = 1> <II = 1> <Delay = 0.79> <Storage> <Opcode : 'load'> <Ports = 0> <Width = 32> <Depth = 16> <ROM>

State 40 <SV = 37> <Delay = 6.01>
ST_40 : Operation 509 [4/5] (6.01ns)   --->   "%sum_1_1 = fadd i32 %sum_1, i32 %mul_i_1" [matmul.cpp:31]   --->   Operation 509 'fadd' 'sum_1_1' <Predicate = (!icmp_ln25)> <Delay = 6.01> <CoreInst = "FAddSub_fulldsp">   --->   Core 18 'FAddSub_fulldsp' <Latency = 4> <II = 1> <Delay = 6.01> <FuncUnit> <Opcode : 'fadd' 'fsub'> <InPorts = 2> <OutPorts = 1>
ST_40 : Operation 510 [1/2] (0.79ns)   --->   "%layer2_weights_2_load = load i4 %layer2_weights_2_addr" [matmul.cpp:31]   --->   Operation 510 'load' 'layer2_weights_2_load' <Predicate = (!icmp_ln25)> <Delay = 0.79> <CoreInst = "ROM">   --->   Core 101 'ROM' <Latency = 1> <II = 1> <Delay = 0.79> <Storage> <Opcode : 'load'> <Ports = 0> <Width = 32> <Depth = 16> <ROM>
ST_40 : Operation 511 [4/4] (4.67ns)   --->   "%mul_i_2 = fmul i32 %temp_output_0_load_3, i32 %layer2_weights_2_load" [matmul.cpp:31]   --->   Operation 511 'fmul' 'mul_i_2' <Predicate = (!icmp_ln25)> <Delay = 4.67> <CoreInst = "FMul_maxdsp">   --->   Core 30 'FMul_maxdsp' <Latency = 3> <II = 1> <Delay = 4.67> <FuncUnit> <Opcode : 'fmul'> <InPorts = 2> <OutPorts = 1>

State 41 <SV = 38> <Delay = 6.01>
ST_41 : Operation 512 [3/5] (6.01ns)   --->   "%sum_1_1 = fadd i32 %sum_1, i32 %mul_i_1" [matmul.cpp:31]   --->   Operation 512 'fadd' 'sum_1_1' <Predicate = (!icmp_ln25)> <Delay = 6.01> <CoreInst = "FAddSub_fulldsp">   --->   Core 18 'FAddSub_fulldsp' <Latency = 4> <II = 1> <Delay = 6.01> <FuncUnit> <Opcode : 'fadd' 'fsub'> <InPorts = 2> <OutPorts = 1>
ST_41 : Operation 513 [3/4] (4.67ns)   --->   "%mul_i_2 = fmul i32 %temp_output_0_load_3, i32 %layer2_weights_2_load" [matmul.cpp:31]   --->   Operation 513 'fmul' 'mul_i_2' <Predicate = (!icmp_ln25)> <Delay = 4.67> <CoreInst = "FMul_maxdsp">   --->   Core 30 'FMul_maxdsp' <Latency = 3> <II = 1> <Delay = 4.67> <FuncUnit> <Opcode : 'fmul'> <InPorts = 2> <OutPorts = 1>

State 42 <SV = 39> <Delay = 6.01>
ST_42 : Operation 514 [2/5] (6.01ns)   --->   "%sum_1_1 = fadd i32 %sum_1, i32 %mul_i_1" [matmul.cpp:31]   --->   Operation 514 'fadd' 'sum_1_1' <Predicate = (!icmp_ln25)> <Delay = 6.01> <CoreInst = "FAddSub_fulldsp">   --->   Core 18 'FAddSub_fulldsp' <Latency = 4> <II = 1> <Delay = 6.01> <FuncUnit> <Opcode : 'fadd' 'fsub'> <InPorts = 2> <OutPorts = 1>
ST_42 : Operation 515 [2/4] (4.67ns)   --->   "%mul_i_2 = fmul i32 %temp_output_0_load_3, i32 %layer2_weights_2_load" [matmul.cpp:31]   --->   Operation 515 'fmul' 'mul_i_2' <Predicate = (!icmp_ln25)> <Delay = 4.67> <CoreInst = "FMul_maxdsp">   --->   Core 30 'FMul_maxdsp' <Latency = 3> <II = 1> <Delay = 4.67> <FuncUnit> <Opcode : 'fmul'> <InPorts = 2> <OutPorts = 1>

State 43 <SV = 40> <Delay = 6.01>
ST_43 : Operation 516 [1/5] (6.01ns)   --->   "%sum_1_1 = fadd i32 %sum_1, i32 %mul_i_1" [matmul.cpp:31]   --->   Operation 516 'fadd' 'sum_1_1' <Predicate = (!icmp_ln25)> <Delay = 6.01> <CoreInst = "FAddSub_fulldsp">   --->   Core 18 'FAddSub_fulldsp' <Latency = 4> <II = 1> <Delay = 6.01> <FuncUnit> <Opcode : 'fadd' 'fsub'> <InPorts = 2> <OutPorts = 1>
ST_43 : Operation 517 [1/4] (4.67ns)   --->   "%mul_i_2 = fmul i32 %temp_output_0_load_3, i32 %layer2_weights_2_load" [matmul.cpp:31]   --->   Operation 517 'fmul' 'mul_i_2' <Predicate = (!icmp_ln25)> <Delay = 4.67> <CoreInst = "FMul_maxdsp">   --->   Core 30 'FMul_maxdsp' <Latency = 3> <II = 1> <Delay = 4.67> <FuncUnit> <Opcode : 'fmul'> <InPorts = 2> <OutPorts = 1>

State 44 <SV = 41> <Delay = 6.01>
ST_44 : Operation 518 [5/5] (6.01ns)   --->   "%sum_1_2 = fadd i32 %sum_1_1, i32 %mul_i_2" [matmul.cpp:31]   --->   Operation 518 'fadd' 'sum_1_2' <Predicate = (!icmp_ln25)> <Delay = 6.01> <CoreInst = "FAddSub_fulldsp">   --->   Core 18 'FAddSub_fulldsp' <Latency = 4> <II = 1> <Delay = 6.01> <FuncUnit> <Opcode : 'fadd' 'fsub'> <InPorts = 2> <OutPorts = 1>
ST_44 : Operation 519 [1/1] (0.00ns)   --->   "%layer2_weights_3_addr = getelementptr i32 %layer2_weights_3, i64 0, i64 %j_cast" [matmul.cpp:31]   --->   Operation 519 'getelementptr' 'layer2_weights_3_addr' <Predicate = (!icmp_ln25)> <Delay = 0.00>
ST_44 : Operation 520 [2/2] (0.79ns)   --->   "%layer2_weights_3_load = load i4 %layer2_weights_3_addr" [matmul.cpp:31]   --->   Operation 520 'load' 'layer2_weights_3_load' <Predicate = (!icmp_ln25)> <Delay = 0.79> <CoreInst = "ROM">   --->   Core 101 'ROM' <Latency = 1> <II = 1> <Delay = 0.79> <Storage> <Opcode : 'load'> <Ports = 0> <Width = 32> <Depth = 16> <ROM>

State 45 <SV = 42> <Delay = 6.01>
ST_45 : Operation 521 [4/5] (6.01ns)   --->   "%sum_1_2 = fadd i32 %sum_1_1, i32 %mul_i_2" [matmul.cpp:31]   --->   Operation 521 'fadd' 'sum_1_2' <Predicate = (!icmp_ln25)> <Delay = 6.01> <CoreInst = "FAddSub_fulldsp">   --->   Core 18 'FAddSub_fulldsp' <Latency = 4> <II = 1> <Delay = 6.01> <FuncUnit> <Opcode : 'fadd' 'fsub'> <InPorts = 2> <OutPorts = 1>
ST_45 : Operation 522 [1/2] (0.79ns)   --->   "%layer2_weights_3_load = load i4 %layer2_weights_3_addr" [matmul.cpp:31]   --->   Operation 522 'load' 'layer2_weights_3_load' <Predicate = (!icmp_ln25)> <Delay = 0.79> <CoreInst = "ROM">   --->   Core 101 'ROM' <Latency = 1> <II = 1> <Delay = 0.79> <Storage> <Opcode : 'load'> <Ports = 0> <Width = 32> <Depth = 16> <ROM>
ST_45 : Operation 523 [4/4] (4.67ns)   --->   "%mul_i_3 = fmul i32 %temp_output_0_load_4, i32 %layer2_weights_3_load" [matmul.cpp:31]   --->   Operation 523 'fmul' 'mul_i_3' <Predicate = (!icmp_ln25)> <Delay = 4.67> <CoreInst = "FMul_maxdsp">   --->   Core 30 'FMul_maxdsp' <Latency = 3> <II = 1> <Delay = 4.67> <FuncUnit> <Opcode : 'fmul'> <InPorts = 2> <OutPorts = 1>

State 46 <SV = 43> <Delay = 6.01>
ST_46 : Operation 524 [3/5] (6.01ns)   --->   "%sum_1_2 = fadd i32 %sum_1_1, i32 %mul_i_2" [matmul.cpp:31]   --->   Operation 524 'fadd' 'sum_1_2' <Predicate = (!icmp_ln25)> <Delay = 6.01> <CoreInst = "FAddSub_fulldsp">   --->   Core 18 'FAddSub_fulldsp' <Latency = 4> <II = 1> <Delay = 6.01> <FuncUnit> <Opcode : 'fadd' 'fsub'> <InPorts = 2> <OutPorts = 1>
ST_46 : Operation 525 [3/4] (4.67ns)   --->   "%mul_i_3 = fmul i32 %temp_output_0_load_4, i32 %layer2_weights_3_load" [matmul.cpp:31]   --->   Operation 525 'fmul' 'mul_i_3' <Predicate = (!icmp_ln25)> <Delay = 4.67> <CoreInst = "FMul_maxdsp">   --->   Core 30 'FMul_maxdsp' <Latency = 3> <II = 1> <Delay = 4.67> <FuncUnit> <Opcode : 'fmul'> <InPorts = 2> <OutPorts = 1>

State 47 <SV = 44> <Delay = 6.01>
ST_47 : Operation 526 [2/5] (6.01ns)   --->   "%sum_1_2 = fadd i32 %sum_1_1, i32 %mul_i_2" [matmul.cpp:31]   --->   Operation 526 'fadd' 'sum_1_2' <Predicate = (!icmp_ln25)> <Delay = 6.01> <CoreInst = "FAddSub_fulldsp">   --->   Core 18 'FAddSub_fulldsp' <Latency = 4> <II = 1> <Delay = 6.01> <FuncUnit> <Opcode : 'fadd' 'fsub'> <InPorts = 2> <OutPorts = 1>
ST_47 : Operation 527 [2/4] (4.67ns)   --->   "%mul_i_3 = fmul i32 %temp_output_0_load_4, i32 %layer2_weights_3_load" [matmul.cpp:31]   --->   Operation 527 'fmul' 'mul_i_3' <Predicate = (!icmp_ln25)> <Delay = 4.67> <CoreInst = "FMul_maxdsp">   --->   Core 30 'FMul_maxdsp' <Latency = 3> <II = 1> <Delay = 4.67> <FuncUnit> <Opcode : 'fmul'> <InPorts = 2> <OutPorts = 1>

State 48 <SV = 45> <Delay = 6.01>
ST_48 : Operation 528 [1/5] (6.01ns)   --->   "%sum_1_2 = fadd i32 %sum_1_1, i32 %mul_i_2" [matmul.cpp:31]   --->   Operation 528 'fadd' 'sum_1_2' <Predicate = (!icmp_ln25)> <Delay = 6.01> <CoreInst = "FAddSub_fulldsp">   --->   Core 18 'FAddSub_fulldsp' <Latency = 4> <II = 1> <Delay = 6.01> <FuncUnit> <Opcode : 'fadd' 'fsub'> <InPorts = 2> <OutPorts = 1>
ST_48 : Operation 529 [1/4] (4.67ns)   --->   "%mul_i_3 = fmul i32 %temp_output_0_load_4, i32 %layer2_weights_3_load" [matmul.cpp:31]   --->   Operation 529 'fmul' 'mul_i_3' <Predicate = (!icmp_ln25)> <Delay = 4.67> <CoreInst = "FMul_maxdsp">   --->   Core 30 'FMul_maxdsp' <Latency = 3> <II = 1> <Delay = 4.67> <FuncUnit> <Opcode : 'fmul'> <InPorts = 2> <OutPorts = 1>

State 49 <SV = 46> <Delay = 6.01>
ST_49 : Operation 530 [5/5] (6.01ns)   --->   "%sum_1_3 = fadd i32 %sum_1_2, i32 %mul_i_3" [matmul.cpp:31]   --->   Operation 530 'fadd' 'sum_1_3' <Predicate = (!icmp_ln25)> <Delay = 6.01> <CoreInst = "FAddSub_fulldsp">   --->   Core 18 'FAddSub_fulldsp' <Latency = 4> <II = 1> <Delay = 6.01> <FuncUnit> <Opcode : 'fadd' 'fsub'> <InPorts = 2> <OutPorts = 1>
ST_49 : Operation 531 [1/1] (0.00ns)   --->   "%layer2_weights_4_addr = getelementptr i32 %layer2_weights_4, i64 0, i64 %j_cast" [matmul.cpp:31]   --->   Operation 531 'getelementptr' 'layer2_weights_4_addr' <Predicate = (!icmp_ln25)> <Delay = 0.00>
ST_49 : Operation 532 [2/2] (0.79ns)   --->   "%layer2_weights_4_load = load i4 %layer2_weights_4_addr" [matmul.cpp:31]   --->   Operation 532 'load' 'layer2_weights_4_load' <Predicate = (!icmp_ln25)> <Delay = 0.79> <CoreInst = "ROM">   --->   Core 101 'ROM' <Latency = 1> <II = 1> <Delay = 0.79> <Storage> <Opcode : 'load'> <Ports = 0> <Width = 32> <Depth = 16> <ROM>

State 50 <SV = 47> <Delay = 6.01>
ST_50 : Operation 533 [4/5] (6.01ns)   --->   "%sum_1_3 = fadd i32 %sum_1_2, i32 %mul_i_3" [matmul.cpp:31]   --->   Operation 533 'fadd' 'sum_1_3' <Predicate = (!icmp_ln25)> <Delay = 6.01> <CoreInst = "FAddSub_fulldsp">   --->   Core 18 'FAddSub_fulldsp' <Latency = 4> <II = 1> <Delay = 6.01> <FuncUnit> <Opcode : 'fadd' 'fsub'> <InPorts = 2> <OutPorts = 1>
ST_50 : Operation 534 [1/2] (0.79ns)   --->   "%layer2_weights_4_load = load i4 %layer2_weights_4_addr" [matmul.cpp:31]   --->   Operation 534 'load' 'layer2_weights_4_load' <Predicate = (!icmp_ln25)> <Delay = 0.79> <CoreInst = "ROM">   --->   Core 101 'ROM' <Latency = 1> <II = 1> <Delay = 0.79> <Storage> <Opcode : 'load'> <Ports = 0> <Width = 32> <Depth = 16> <ROM>
ST_50 : Operation 535 [4/4] (4.67ns)   --->   "%mul_i_4 = fmul i32 %temp_output_0_load_5, i32 %layer2_weights_4_load" [matmul.cpp:31]   --->   Operation 535 'fmul' 'mul_i_4' <Predicate = (!icmp_ln25)> <Delay = 4.67> <CoreInst = "FMul_maxdsp">   --->   Core 30 'FMul_maxdsp' <Latency = 3> <II = 1> <Delay = 4.67> <FuncUnit> <Opcode : 'fmul'> <InPorts = 2> <OutPorts = 1>

State 51 <SV = 48> <Delay = 6.01>
ST_51 : Operation 536 [3/5] (6.01ns)   --->   "%sum_1_3 = fadd i32 %sum_1_2, i32 %mul_i_3" [matmul.cpp:31]   --->   Operation 536 'fadd' 'sum_1_3' <Predicate = (!icmp_ln25)> <Delay = 6.01> <CoreInst = "FAddSub_fulldsp">   --->   Core 18 'FAddSub_fulldsp' <Latency = 4> <II = 1> <Delay = 6.01> <FuncUnit> <Opcode : 'fadd' 'fsub'> <InPorts = 2> <OutPorts = 1>
ST_51 : Operation 537 [3/4] (4.67ns)   --->   "%mul_i_4 = fmul i32 %temp_output_0_load_5, i32 %layer2_weights_4_load" [matmul.cpp:31]   --->   Operation 537 'fmul' 'mul_i_4' <Predicate = (!icmp_ln25)> <Delay = 4.67> <CoreInst = "FMul_maxdsp">   --->   Core 30 'FMul_maxdsp' <Latency = 3> <II = 1> <Delay = 4.67> <FuncUnit> <Opcode : 'fmul'> <InPorts = 2> <OutPorts = 1>

State 52 <SV = 49> <Delay = 6.01>
ST_52 : Operation 538 [2/5] (6.01ns)   --->   "%sum_1_3 = fadd i32 %sum_1_2, i32 %mul_i_3" [matmul.cpp:31]   --->   Operation 538 'fadd' 'sum_1_3' <Predicate = (!icmp_ln25)> <Delay = 6.01> <CoreInst = "FAddSub_fulldsp">   --->   Core 18 'FAddSub_fulldsp' <Latency = 4> <II = 1> <Delay = 6.01> <FuncUnit> <Opcode : 'fadd' 'fsub'> <InPorts = 2> <OutPorts = 1>
ST_52 : Operation 539 [2/4] (4.67ns)   --->   "%mul_i_4 = fmul i32 %temp_output_0_load_5, i32 %layer2_weights_4_load" [matmul.cpp:31]   --->   Operation 539 'fmul' 'mul_i_4' <Predicate = (!icmp_ln25)> <Delay = 4.67> <CoreInst = "FMul_maxdsp">   --->   Core 30 'FMul_maxdsp' <Latency = 3> <II = 1> <Delay = 4.67> <FuncUnit> <Opcode : 'fmul'> <InPorts = 2> <OutPorts = 1>

State 53 <SV = 50> <Delay = 6.01>
ST_53 : Operation 540 [1/5] (6.01ns)   --->   "%sum_1_3 = fadd i32 %sum_1_2, i32 %mul_i_3" [matmul.cpp:31]   --->   Operation 540 'fadd' 'sum_1_3' <Predicate = (!icmp_ln25)> <Delay = 6.01> <CoreInst = "FAddSub_fulldsp">   --->   Core 18 'FAddSub_fulldsp' <Latency = 4> <II = 1> <Delay = 6.01> <FuncUnit> <Opcode : 'fadd' 'fsub'> <InPorts = 2> <OutPorts = 1>
ST_53 : Operation 541 [1/4] (4.67ns)   --->   "%mul_i_4 = fmul i32 %temp_output_0_load_5, i32 %layer2_weights_4_load" [matmul.cpp:31]   --->   Operation 541 'fmul' 'mul_i_4' <Predicate = (!icmp_ln25)> <Delay = 4.67> <CoreInst = "FMul_maxdsp">   --->   Core 30 'FMul_maxdsp' <Latency = 3> <II = 1> <Delay = 4.67> <FuncUnit> <Opcode : 'fmul'> <InPorts = 2> <OutPorts = 1>

State 54 <SV = 51> <Delay = 6.01>
ST_54 : Operation 542 [5/5] (6.01ns)   --->   "%sum_1_4 = fadd i32 %sum_1_3, i32 %mul_i_4" [matmul.cpp:31]   --->   Operation 542 'fadd' 'sum_1_4' <Predicate = (!icmp_ln25)> <Delay = 6.01> <CoreInst = "FAddSub_fulldsp">   --->   Core 18 'FAddSub_fulldsp' <Latency = 4> <II = 1> <Delay = 6.01> <FuncUnit> <Opcode : 'fadd' 'fsub'> <InPorts = 2> <OutPorts = 1>
ST_54 : Operation 543 [1/1] (0.00ns)   --->   "%layer2_weights_5_addr = getelementptr i32 %layer2_weights_5, i64 0, i64 %j_cast" [matmul.cpp:31]   --->   Operation 543 'getelementptr' 'layer2_weights_5_addr' <Predicate = (!icmp_ln25)> <Delay = 0.00>
ST_54 : Operation 544 [2/2] (0.79ns)   --->   "%layer2_weights_5_load = load i4 %layer2_weights_5_addr" [matmul.cpp:31]   --->   Operation 544 'load' 'layer2_weights_5_load' <Predicate = (!icmp_ln25)> <Delay = 0.79> <CoreInst = "ROM">   --->   Core 101 'ROM' <Latency = 1> <II = 1> <Delay = 0.79> <Storage> <Opcode : 'load'> <Ports = 0> <Width = 32> <Depth = 16> <ROM>

State 55 <SV = 52> <Delay = 6.01>
ST_55 : Operation 545 [4/5] (6.01ns)   --->   "%sum_1_4 = fadd i32 %sum_1_3, i32 %mul_i_4" [matmul.cpp:31]   --->   Operation 545 'fadd' 'sum_1_4' <Predicate = (!icmp_ln25)> <Delay = 6.01> <CoreInst = "FAddSub_fulldsp">   --->   Core 18 'FAddSub_fulldsp' <Latency = 4> <II = 1> <Delay = 6.01> <FuncUnit> <Opcode : 'fadd' 'fsub'> <InPorts = 2> <OutPorts = 1>
ST_55 : Operation 546 [1/2] (0.79ns)   --->   "%layer2_weights_5_load = load i4 %layer2_weights_5_addr" [matmul.cpp:31]   --->   Operation 546 'load' 'layer2_weights_5_load' <Predicate = (!icmp_ln25)> <Delay = 0.79> <CoreInst = "ROM">   --->   Core 101 'ROM' <Latency = 1> <II = 1> <Delay = 0.79> <Storage> <Opcode : 'load'> <Ports = 0> <Width = 32> <Depth = 16> <ROM>
ST_55 : Operation 547 [4/4] (4.67ns)   --->   "%mul_i_5 = fmul i32 %temp_output_0_load_6, i32 %layer2_weights_5_load" [matmul.cpp:31]   --->   Operation 547 'fmul' 'mul_i_5' <Predicate = (!icmp_ln25)> <Delay = 4.67> <CoreInst = "FMul_maxdsp">   --->   Core 30 'FMul_maxdsp' <Latency = 3> <II = 1> <Delay = 4.67> <FuncUnit> <Opcode : 'fmul'> <InPorts = 2> <OutPorts = 1>

State 56 <SV = 53> <Delay = 6.01>
ST_56 : Operation 548 [3/5] (6.01ns)   --->   "%sum_1_4 = fadd i32 %sum_1_3, i32 %mul_i_4" [matmul.cpp:31]   --->   Operation 548 'fadd' 'sum_1_4' <Predicate = (!icmp_ln25)> <Delay = 6.01> <CoreInst = "FAddSub_fulldsp">   --->   Core 18 'FAddSub_fulldsp' <Latency = 4> <II = 1> <Delay = 6.01> <FuncUnit> <Opcode : 'fadd' 'fsub'> <InPorts = 2> <OutPorts = 1>
ST_56 : Operation 549 [3/4] (4.67ns)   --->   "%mul_i_5 = fmul i32 %temp_output_0_load_6, i32 %layer2_weights_5_load" [matmul.cpp:31]   --->   Operation 549 'fmul' 'mul_i_5' <Predicate = (!icmp_ln25)> <Delay = 4.67> <CoreInst = "FMul_maxdsp">   --->   Core 30 'FMul_maxdsp' <Latency = 3> <II = 1> <Delay = 4.67> <FuncUnit> <Opcode : 'fmul'> <InPorts = 2> <OutPorts = 1>

State 57 <SV = 54> <Delay = 6.01>
ST_57 : Operation 550 [2/5] (6.01ns)   --->   "%sum_1_4 = fadd i32 %sum_1_3, i32 %mul_i_4" [matmul.cpp:31]   --->   Operation 550 'fadd' 'sum_1_4' <Predicate = (!icmp_ln25)> <Delay = 6.01> <CoreInst = "FAddSub_fulldsp">   --->   Core 18 'FAddSub_fulldsp' <Latency = 4> <II = 1> <Delay = 6.01> <FuncUnit> <Opcode : 'fadd' 'fsub'> <InPorts = 2> <OutPorts = 1>
ST_57 : Operation 551 [2/4] (4.67ns)   --->   "%mul_i_5 = fmul i32 %temp_output_0_load_6, i32 %layer2_weights_5_load" [matmul.cpp:31]   --->   Operation 551 'fmul' 'mul_i_5' <Predicate = (!icmp_ln25)> <Delay = 4.67> <CoreInst = "FMul_maxdsp">   --->   Core 30 'FMul_maxdsp' <Latency = 3> <II = 1> <Delay = 4.67> <FuncUnit> <Opcode : 'fmul'> <InPorts = 2> <OutPorts = 1>

State 58 <SV = 55> <Delay = 6.01>
ST_58 : Operation 552 [1/5] (6.01ns)   --->   "%sum_1_4 = fadd i32 %sum_1_3, i32 %mul_i_4" [matmul.cpp:31]   --->   Operation 552 'fadd' 'sum_1_4' <Predicate = (!icmp_ln25)> <Delay = 6.01> <CoreInst = "FAddSub_fulldsp">   --->   Core 18 'FAddSub_fulldsp' <Latency = 4> <II = 1> <Delay = 6.01> <FuncUnit> <Opcode : 'fadd' 'fsub'> <InPorts = 2> <OutPorts = 1>
ST_58 : Operation 553 [1/4] (4.67ns)   --->   "%mul_i_5 = fmul i32 %temp_output_0_load_6, i32 %layer2_weights_5_load" [matmul.cpp:31]   --->   Operation 553 'fmul' 'mul_i_5' <Predicate = (!icmp_ln25)> <Delay = 4.67> <CoreInst = "FMul_maxdsp">   --->   Core 30 'FMul_maxdsp' <Latency = 3> <II = 1> <Delay = 4.67> <FuncUnit> <Opcode : 'fmul'> <InPorts = 2> <OutPorts = 1>

State 59 <SV = 56> <Delay = 6.01>
ST_59 : Operation 554 [5/5] (6.01ns)   --->   "%sum_1_5 = fadd i32 %sum_1_4, i32 %mul_i_5" [matmul.cpp:31]   --->   Operation 554 'fadd' 'sum_1_5' <Predicate = (!icmp_ln25)> <Delay = 6.01> <CoreInst = "FAddSub_fulldsp">   --->   Core 18 'FAddSub_fulldsp' <Latency = 4> <II = 1> <Delay = 6.01> <FuncUnit> <Opcode : 'fadd' 'fsub'> <InPorts = 2> <OutPorts = 1>
ST_59 : Operation 555 [1/1] (0.00ns)   --->   "%layer2_weights_6_addr = getelementptr i32 %layer2_weights_6, i64 0, i64 %j_cast" [matmul.cpp:31]   --->   Operation 555 'getelementptr' 'layer2_weights_6_addr' <Predicate = (!icmp_ln25)> <Delay = 0.00>
ST_59 : Operation 556 [2/2] (0.79ns)   --->   "%layer2_weights_6_load = load i4 %layer2_weights_6_addr" [matmul.cpp:31]   --->   Operation 556 'load' 'layer2_weights_6_load' <Predicate = (!icmp_ln25)> <Delay = 0.79> <CoreInst = "ROM">   --->   Core 101 'ROM' <Latency = 1> <II = 1> <Delay = 0.79> <Storage> <Opcode : 'load'> <Ports = 0> <Width = 32> <Depth = 16> <ROM>

State 60 <SV = 57> <Delay = 6.01>
ST_60 : Operation 557 [4/5] (6.01ns)   --->   "%sum_1_5 = fadd i32 %sum_1_4, i32 %mul_i_5" [matmul.cpp:31]   --->   Operation 557 'fadd' 'sum_1_5' <Predicate = (!icmp_ln25)> <Delay = 6.01> <CoreInst = "FAddSub_fulldsp">   --->   Core 18 'FAddSub_fulldsp' <Latency = 4> <II = 1> <Delay = 6.01> <FuncUnit> <Opcode : 'fadd' 'fsub'> <InPorts = 2> <OutPorts = 1>
ST_60 : Operation 558 [1/2] (0.79ns)   --->   "%layer2_weights_6_load = load i4 %layer2_weights_6_addr" [matmul.cpp:31]   --->   Operation 558 'load' 'layer2_weights_6_load' <Predicate = (!icmp_ln25)> <Delay = 0.79> <CoreInst = "ROM">   --->   Core 101 'ROM' <Latency = 1> <II = 1> <Delay = 0.79> <Storage> <Opcode : 'load'> <Ports = 0> <Width = 32> <Depth = 16> <ROM>
ST_60 : Operation 559 [4/4] (4.67ns)   --->   "%mul_i_6 = fmul i32 %temp_output_0_load_7, i32 %layer2_weights_6_load" [matmul.cpp:31]   --->   Operation 559 'fmul' 'mul_i_6' <Predicate = (!icmp_ln25)> <Delay = 4.67> <CoreInst = "FMul_maxdsp">   --->   Core 30 'FMul_maxdsp' <Latency = 3> <II = 1> <Delay = 4.67> <FuncUnit> <Opcode : 'fmul'> <InPorts = 2> <OutPorts = 1>

State 61 <SV = 58> <Delay = 6.01>
ST_61 : Operation 560 [3/5] (6.01ns)   --->   "%sum_1_5 = fadd i32 %sum_1_4, i32 %mul_i_5" [matmul.cpp:31]   --->   Operation 560 'fadd' 'sum_1_5' <Predicate = (!icmp_ln25)> <Delay = 6.01> <CoreInst = "FAddSub_fulldsp">   --->   Core 18 'FAddSub_fulldsp' <Latency = 4> <II = 1> <Delay = 6.01> <FuncUnit> <Opcode : 'fadd' 'fsub'> <InPorts = 2> <OutPorts = 1>
ST_61 : Operation 561 [3/4] (4.67ns)   --->   "%mul_i_6 = fmul i32 %temp_output_0_load_7, i32 %layer2_weights_6_load" [matmul.cpp:31]   --->   Operation 561 'fmul' 'mul_i_6' <Predicate = (!icmp_ln25)> <Delay = 4.67> <CoreInst = "FMul_maxdsp">   --->   Core 30 'FMul_maxdsp' <Latency = 3> <II = 1> <Delay = 4.67> <FuncUnit> <Opcode : 'fmul'> <InPorts = 2> <OutPorts = 1>

State 62 <SV = 59> <Delay = 6.01>
ST_62 : Operation 562 [2/5] (6.01ns)   --->   "%sum_1_5 = fadd i32 %sum_1_4, i32 %mul_i_5" [matmul.cpp:31]   --->   Operation 562 'fadd' 'sum_1_5' <Predicate = (!icmp_ln25)> <Delay = 6.01> <CoreInst = "FAddSub_fulldsp">   --->   Core 18 'FAddSub_fulldsp' <Latency = 4> <II = 1> <Delay = 6.01> <FuncUnit> <Opcode : 'fadd' 'fsub'> <InPorts = 2> <OutPorts = 1>
ST_62 : Operation 563 [2/4] (4.67ns)   --->   "%mul_i_6 = fmul i32 %temp_output_0_load_7, i32 %layer2_weights_6_load" [matmul.cpp:31]   --->   Operation 563 'fmul' 'mul_i_6' <Predicate = (!icmp_ln25)> <Delay = 4.67> <CoreInst = "FMul_maxdsp">   --->   Core 30 'FMul_maxdsp' <Latency = 3> <II = 1> <Delay = 4.67> <FuncUnit> <Opcode : 'fmul'> <InPorts = 2> <OutPorts = 1>

State 63 <SV = 60> <Delay = 6.01>
ST_63 : Operation 564 [1/5] (6.01ns)   --->   "%sum_1_5 = fadd i32 %sum_1_4, i32 %mul_i_5" [matmul.cpp:31]   --->   Operation 564 'fadd' 'sum_1_5' <Predicate = (!icmp_ln25)> <Delay = 6.01> <CoreInst = "FAddSub_fulldsp">   --->   Core 18 'FAddSub_fulldsp' <Latency = 4> <II = 1> <Delay = 6.01> <FuncUnit> <Opcode : 'fadd' 'fsub'> <InPorts = 2> <OutPorts = 1>
ST_63 : Operation 565 [1/4] (4.67ns)   --->   "%mul_i_6 = fmul i32 %temp_output_0_load_7, i32 %layer2_weights_6_load" [matmul.cpp:31]   --->   Operation 565 'fmul' 'mul_i_6' <Predicate = (!icmp_ln25)> <Delay = 4.67> <CoreInst = "FMul_maxdsp">   --->   Core 30 'FMul_maxdsp' <Latency = 3> <II = 1> <Delay = 4.67> <FuncUnit> <Opcode : 'fmul'> <InPorts = 2> <OutPorts = 1>

State 64 <SV = 61> <Delay = 6.01>
ST_64 : Operation 566 [5/5] (6.01ns)   --->   "%sum_1_6 = fadd i32 %sum_1_5, i32 %mul_i_6" [matmul.cpp:31]   --->   Operation 566 'fadd' 'sum_1_6' <Predicate = (!icmp_ln25)> <Delay = 6.01> <CoreInst = "FAddSub_fulldsp">   --->   Core 18 'FAddSub_fulldsp' <Latency = 4> <II = 1> <Delay = 6.01> <FuncUnit> <Opcode : 'fadd' 'fsub'> <InPorts = 2> <OutPorts = 1>
ST_64 : Operation 567 [1/1] (0.00ns)   --->   "%layer2_weights_7_addr = getelementptr i32 %layer2_weights_7, i64 0, i64 %j_cast" [matmul.cpp:31]   --->   Operation 567 'getelementptr' 'layer2_weights_7_addr' <Predicate = (!icmp_ln25)> <Delay = 0.00>
ST_64 : Operation 568 [2/2] (0.79ns)   --->   "%layer2_weights_7_load = load i4 %layer2_weights_7_addr" [matmul.cpp:31]   --->   Operation 568 'load' 'layer2_weights_7_load' <Predicate = (!icmp_ln25)> <Delay = 0.79> <CoreInst = "ROM">   --->   Core 101 'ROM' <Latency = 1> <II = 1> <Delay = 0.79> <Storage> <Opcode : 'load'> <Ports = 0> <Width = 32> <Depth = 16> <ROM>

State 65 <SV = 62> <Delay = 6.01>
ST_65 : Operation 569 [4/5] (6.01ns)   --->   "%sum_1_6 = fadd i32 %sum_1_5, i32 %mul_i_6" [matmul.cpp:31]   --->   Operation 569 'fadd' 'sum_1_6' <Predicate = (!icmp_ln25)> <Delay = 6.01> <CoreInst = "FAddSub_fulldsp">   --->   Core 18 'FAddSub_fulldsp' <Latency = 4> <II = 1> <Delay = 6.01> <FuncUnit> <Opcode : 'fadd' 'fsub'> <InPorts = 2> <OutPorts = 1>
ST_65 : Operation 570 [1/2] (0.79ns)   --->   "%layer2_weights_7_load = load i4 %layer2_weights_7_addr" [matmul.cpp:31]   --->   Operation 570 'load' 'layer2_weights_7_load' <Predicate = (!icmp_ln25)> <Delay = 0.79> <CoreInst = "ROM">   --->   Core 101 'ROM' <Latency = 1> <II = 1> <Delay = 0.79> <Storage> <Opcode : 'load'> <Ports = 0> <Width = 32> <Depth = 16> <ROM>
ST_65 : Operation 571 [4/4] (4.67ns)   --->   "%mul_i_7 = fmul i32 %temp_output_0_load_8, i32 %layer2_weights_7_load" [matmul.cpp:31]   --->   Operation 571 'fmul' 'mul_i_7' <Predicate = (!icmp_ln25)> <Delay = 4.67> <CoreInst = "FMul_maxdsp">   --->   Core 30 'FMul_maxdsp' <Latency = 3> <II = 1> <Delay = 4.67> <FuncUnit> <Opcode : 'fmul'> <InPorts = 2> <OutPorts = 1>

State 66 <SV = 63> <Delay = 6.01>
ST_66 : Operation 572 [3/5] (6.01ns)   --->   "%sum_1_6 = fadd i32 %sum_1_5, i32 %mul_i_6" [matmul.cpp:31]   --->   Operation 572 'fadd' 'sum_1_6' <Predicate = (!icmp_ln25)> <Delay = 6.01> <CoreInst = "FAddSub_fulldsp">   --->   Core 18 'FAddSub_fulldsp' <Latency = 4> <II = 1> <Delay = 6.01> <FuncUnit> <Opcode : 'fadd' 'fsub'> <InPorts = 2> <OutPorts = 1>
ST_66 : Operation 573 [3/4] (4.67ns)   --->   "%mul_i_7 = fmul i32 %temp_output_0_load_8, i32 %layer2_weights_7_load" [matmul.cpp:31]   --->   Operation 573 'fmul' 'mul_i_7' <Predicate = (!icmp_ln25)> <Delay = 4.67> <CoreInst = "FMul_maxdsp">   --->   Core 30 'FMul_maxdsp' <Latency = 3> <II = 1> <Delay = 4.67> <FuncUnit> <Opcode : 'fmul'> <InPorts = 2> <OutPorts = 1>

State 67 <SV = 64> <Delay = 6.01>
ST_67 : Operation 574 [2/5] (6.01ns)   --->   "%sum_1_6 = fadd i32 %sum_1_5, i32 %mul_i_6" [matmul.cpp:31]   --->   Operation 574 'fadd' 'sum_1_6' <Predicate = (!icmp_ln25)> <Delay = 6.01> <CoreInst = "FAddSub_fulldsp">   --->   Core 18 'FAddSub_fulldsp' <Latency = 4> <II = 1> <Delay = 6.01> <FuncUnit> <Opcode : 'fadd' 'fsub'> <InPorts = 2> <OutPorts = 1>
ST_67 : Operation 575 [2/4] (4.67ns)   --->   "%mul_i_7 = fmul i32 %temp_output_0_load_8, i32 %layer2_weights_7_load" [matmul.cpp:31]   --->   Operation 575 'fmul' 'mul_i_7' <Predicate = (!icmp_ln25)> <Delay = 4.67> <CoreInst = "FMul_maxdsp">   --->   Core 30 'FMul_maxdsp' <Latency = 3> <II = 1> <Delay = 4.67> <FuncUnit> <Opcode : 'fmul'> <InPorts = 2> <OutPorts = 1>

State 68 <SV = 65> <Delay = 6.01>
ST_68 : Operation 576 [1/5] (6.01ns)   --->   "%sum_1_6 = fadd i32 %sum_1_5, i32 %mul_i_6" [matmul.cpp:31]   --->   Operation 576 'fadd' 'sum_1_6' <Predicate = (!icmp_ln25)> <Delay = 6.01> <CoreInst = "FAddSub_fulldsp">   --->   Core 18 'FAddSub_fulldsp' <Latency = 4> <II = 1> <Delay = 6.01> <FuncUnit> <Opcode : 'fadd' 'fsub'> <InPorts = 2> <OutPorts = 1>
ST_68 : Operation 577 [1/4] (4.67ns)   --->   "%mul_i_7 = fmul i32 %temp_output_0_load_8, i32 %layer2_weights_7_load" [matmul.cpp:31]   --->   Operation 577 'fmul' 'mul_i_7' <Predicate = (!icmp_ln25)> <Delay = 4.67> <CoreInst = "FMul_maxdsp">   --->   Core 30 'FMul_maxdsp' <Latency = 3> <II = 1> <Delay = 4.67> <FuncUnit> <Opcode : 'fmul'> <InPorts = 2> <OutPorts = 1>

State 69 <SV = 66> <Delay = 6.01>
ST_69 : Operation 578 [5/5] (6.01ns)   --->   "%sum_1_7 = fadd i32 %sum_1_6, i32 %mul_i_7" [matmul.cpp:31]   --->   Operation 578 'fadd' 'sum_1_7' <Predicate = (!icmp_ln25)> <Delay = 6.01> <CoreInst = "FAddSub_fulldsp">   --->   Core 18 'FAddSub_fulldsp' <Latency = 4> <II = 1> <Delay = 6.01> <FuncUnit> <Opcode : 'fadd' 'fsub'> <InPorts = 2> <OutPorts = 1>
ST_69 : Operation 579 [1/1] (0.00ns)   --->   "%layer2_weights_8_addr = getelementptr i32 %layer2_weights_8, i64 0, i64 %j_cast" [matmul.cpp:31]   --->   Operation 579 'getelementptr' 'layer2_weights_8_addr' <Predicate = (!icmp_ln25)> <Delay = 0.00>
ST_69 : Operation 580 [2/2] (0.79ns)   --->   "%layer2_weights_8_load = load i4 %layer2_weights_8_addr" [matmul.cpp:31]   --->   Operation 580 'load' 'layer2_weights_8_load' <Predicate = (!icmp_ln25)> <Delay = 0.79> <CoreInst = "ROM">   --->   Core 101 'ROM' <Latency = 1> <II = 1> <Delay = 0.79> <Storage> <Opcode : 'load'> <Ports = 0> <Width = 32> <Depth = 16> <ROM>

State 70 <SV = 67> <Delay = 6.01>
ST_70 : Operation 581 [4/5] (6.01ns)   --->   "%sum_1_7 = fadd i32 %sum_1_6, i32 %mul_i_7" [matmul.cpp:31]   --->   Operation 581 'fadd' 'sum_1_7' <Predicate = (!icmp_ln25)> <Delay = 6.01> <CoreInst = "FAddSub_fulldsp">   --->   Core 18 'FAddSub_fulldsp' <Latency = 4> <II = 1> <Delay = 6.01> <FuncUnit> <Opcode : 'fadd' 'fsub'> <InPorts = 2> <OutPorts = 1>
ST_70 : Operation 582 [1/2] (0.79ns)   --->   "%layer2_weights_8_load = load i4 %layer2_weights_8_addr" [matmul.cpp:31]   --->   Operation 582 'load' 'layer2_weights_8_load' <Predicate = (!icmp_ln25)> <Delay = 0.79> <CoreInst = "ROM">   --->   Core 101 'ROM' <Latency = 1> <II = 1> <Delay = 0.79> <Storage> <Opcode : 'load'> <Ports = 0> <Width = 32> <Depth = 16> <ROM>
ST_70 : Operation 583 [4/4] (4.67ns)   --->   "%mul_i_8 = fmul i32 %temp_output_0_load_9, i32 %layer2_weights_8_load" [matmul.cpp:31]   --->   Operation 583 'fmul' 'mul_i_8' <Predicate = (!icmp_ln25)> <Delay = 4.67> <CoreInst = "FMul_maxdsp">   --->   Core 30 'FMul_maxdsp' <Latency = 3> <II = 1> <Delay = 4.67> <FuncUnit> <Opcode : 'fmul'> <InPorts = 2> <OutPorts = 1>

State 71 <SV = 68> <Delay = 6.01>
ST_71 : Operation 584 [3/5] (6.01ns)   --->   "%sum_1_7 = fadd i32 %sum_1_6, i32 %mul_i_7" [matmul.cpp:31]   --->   Operation 584 'fadd' 'sum_1_7' <Predicate = (!icmp_ln25)> <Delay = 6.01> <CoreInst = "FAddSub_fulldsp">   --->   Core 18 'FAddSub_fulldsp' <Latency = 4> <II = 1> <Delay = 6.01> <FuncUnit> <Opcode : 'fadd' 'fsub'> <InPorts = 2> <OutPorts = 1>
ST_71 : Operation 585 [3/4] (4.67ns)   --->   "%mul_i_8 = fmul i32 %temp_output_0_load_9, i32 %layer2_weights_8_load" [matmul.cpp:31]   --->   Operation 585 'fmul' 'mul_i_8' <Predicate = (!icmp_ln25)> <Delay = 4.67> <CoreInst = "FMul_maxdsp">   --->   Core 30 'FMul_maxdsp' <Latency = 3> <II = 1> <Delay = 4.67> <FuncUnit> <Opcode : 'fmul'> <InPorts = 2> <OutPorts = 1>

State 72 <SV = 69> <Delay = 6.01>
ST_72 : Operation 586 [2/5] (6.01ns)   --->   "%sum_1_7 = fadd i32 %sum_1_6, i32 %mul_i_7" [matmul.cpp:31]   --->   Operation 586 'fadd' 'sum_1_7' <Predicate = (!icmp_ln25)> <Delay = 6.01> <CoreInst = "FAddSub_fulldsp">   --->   Core 18 'FAddSub_fulldsp' <Latency = 4> <II = 1> <Delay = 6.01> <FuncUnit> <Opcode : 'fadd' 'fsub'> <InPorts = 2> <OutPorts = 1>
ST_72 : Operation 587 [2/4] (4.67ns)   --->   "%mul_i_8 = fmul i32 %temp_output_0_load_9, i32 %layer2_weights_8_load" [matmul.cpp:31]   --->   Operation 587 'fmul' 'mul_i_8' <Predicate = (!icmp_ln25)> <Delay = 4.67> <CoreInst = "FMul_maxdsp">   --->   Core 30 'FMul_maxdsp' <Latency = 3> <II = 1> <Delay = 4.67> <FuncUnit> <Opcode : 'fmul'> <InPorts = 2> <OutPorts = 1>

State 73 <SV = 70> <Delay = 6.01>
ST_73 : Operation 588 [1/5] (6.01ns)   --->   "%sum_1_7 = fadd i32 %sum_1_6, i32 %mul_i_7" [matmul.cpp:31]   --->   Operation 588 'fadd' 'sum_1_7' <Predicate = (!icmp_ln25)> <Delay = 6.01> <CoreInst = "FAddSub_fulldsp">   --->   Core 18 'FAddSub_fulldsp' <Latency = 4> <II = 1> <Delay = 6.01> <FuncUnit> <Opcode : 'fadd' 'fsub'> <InPorts = 2> <OutPorts = 1>
ST_73 : Operation 589 [1/4] (4.67ns)   --->   "%mul_i_8 = fmul i32 %temp_output_0_load_9, i32 %layer2_weights_8_load" [matmul.cpp:31]   --->   Operation 589 'fmul' 'mul_i_8' <Predicate = (!icmp_ln25)> <Delay = 4.67> <CoreInst = "FMul_maxdsp">   --->   Core 30 'FMul_maxdsp' <Latency = 3> <II = 1> <Delay = 4.67> <FuncUnit> <Opcode : 'fmul'> <InPorts = 2> <OutPorts = 1>

State 74 <SV = 71> <Delay = 6.01>
ST_74 : Operation 590 [5/5] (6.01ns)   --->   "%sum_1_8 = fadd i32 %sum_1_7, i32 %mul_i_8" [matmul.cpp:31]   --->   Operation 590 'fadd' 'sum_1_8' <Predicate = (!icmp_ln25)> <Delay = 6.01> <CoreInst = "FAddSub_fulldsp">   --->   Core 18 'FAddSub_fulldsp' <Latency = 4> <II = 1> <Delay = 6.01> <FuncUnit> <Opcode : 'fadd' 'fsub'> <InPorts = 2> <OutPorts = 1>
ST_74 : Operation 591 [1/1] (0.00ns)   --->   "%layer2_weights_9_addr = getelementptr i32 %layer2_weights_9, i64 0, i64 %j_cast" [matmul.cpp:31]   --->   Operation 591 'getelementptr' 'layer2_weights_9_addr' <Predicate = (!icmp_ln25)> <Delay = 0.00>
ST_74 : Operation 592 [2/2] (0.79ns)   --->   "%layer2_weights_9_load = load i4 %layer2_weights_9_addr" [matmul.cpp:31]   --->   Operation 592 'load' 'layer2_weights_9_load' <Predicate = (!icmp_ln25)> <Delay = 0.79> <CoreInst = "ROM">   --->   Core 101 'ROM' <Latency = 1> <II = 1> <Delay = 0.79> <Storage> <Opcode : 'load'> <Ports = 0> <Width = 32> <Depth = 16> <ROM>

State 75 <SV = 72> <Delay = 6.01>
ST_75 : Operation 593 [4/5] (6.01ns)   --->   "%sum_1_8 = fadd i32 %sum_1_7, i32 %mul_i_8" [matmul.cpp:31]   --->   Operation 593 'fadd' 'sum_1_8' <Predicate = (!icmp_ln25)> <Delay = 6.01> <CoreInst = "FAddSub_fulldsp">   --->   Core 18 'FAddSub_fulldsp' <Latency = 4> <II = 1> <Delay = 6.01> <FuncUnit> <Opcode : 'fadd' 'fsub'> <InPorts = 2> <OutPorts = 1>
ST_75 : Operation 594 [1/2] (0.79ns)   --->   "%layer2_weights_9_load = load i4 %layer2_weights_9_addr" [matmul.cpp:31]   --->   Operation 594 'load' 'layer2_weights_9_load' <Predicate = (!icmp_ln25)> <Delay = 0.79> <CoreInst = "ROM">   --->   Core 101 'ROM' <Latency = 1> <II = 1> <Delay = 0.79> <Storage> <Opcode : 'load'> <Ports = 0> <Width = 32> <Depth = 16> <ROM>
ST_75 : Operation 595 [4/4] (4.67ns)   --->   "%mul_i_9 = fmul i32 %temp_output_0_load_10, i32 %layer2_weights_9_load" [matmul.cpp:31]   --->   Operation 595 'fmul' 'mul_i_9' <Predicate = (!icmp_ln25)> <Delay = 4.67> <CoreInst = "FMul_maxdsp">   --->   Core 30 'FMul_maxdsp' <Latency = 3> <II = 1> <Delay = 4.67> <FuncUnit> <Opcode : 'fmul'> <InPorts = 2> <OutPorts = 1>

State 76 <SV = 73> <Delay = 6.01>
ST_76 : Operation 596 [3/5] (6.01ns)   --->   "%sum_1_8 = fadd i32 %sum_1_7, i32 %mul_i_8" [matmul.cpp:31]   --->   Operation 596 'fadd' 'sum_1_8' <Predicate = (!icmp_ln25)> <Delay = 6.01> <CoreInst = "FAddSub_fulldsp">   --->   Core 18 'FAddSub_fulldsp' <Latency = 4> <II = 1> <Delay = 6.01> <FuncUnit> <Opcode : 'fadd' 'fsub'> <InPorts = 2> <OutPorts = 1>
ST_76 : Operation 597 [3/4] (4.67ns)   --->   "%mul_i_9 = fmul i32 %temp_output_0_load_10, i32 %layer2_weights_9_load" [matmul.cpp:31]   --->   Operation 597 'fmul' 'mul_i_9' <Predicate = (!icmp_ln25)> <Delay = 4.67> <CoreInst = "FMul_maxdsp">   --->   Core 30 'FMul_maxdsp' <Latency = 3> <II = 1> <Delay = 4.67> <FuncUnit> <Opcode : 'fmul'> <InPorts = 2> <OutPorts = 1>

State 77 <SV = 74> <Delay = 6.01>
ST_77 : Operation 598 [2/5] (6.01ns)   --->   "%sum_1_8 = fadd i32 %sum_1_7, i32 %mul_i_8" [matmul.cpp:31]   --->   Operation 598 'fadd' 'sum_1_8' <Predicate = (!icmp_ln25)> <Delay = 6.01> <CoreInst = "FAddSub_fulldsp">   --->   Core 18 'FAddSub_fulldsp' <Latency = 4> <II = 1> <Delay = 6.01> <FuncUnit> <Opcode : 'fadd' 'fsub'> <InPorts = 2> <OutPorts = 1>
ST_77 : Operation 599 [2/4] (4.67ns)   --->   "%mul_i_9 = fmul i32 %temp_output_0_load_10, i32 %layer2_weights_9_load" [matmul.cpp:31]   --->   Operation 599 'fmul' 'mul_i_9' <Predicate = (!icmp_ln25)> <Delay = 4.67> <CoreInst = "FMul_maxdsp">   --->   Core 30 'FMul_maxdsp' <Latency = 3> <II = 1> <Delay = 4.67> <FuncUnit> <Opcode : 'fmul'> <InPorts = 2> <OutPorts = 1>

State 78 <SV = 75> <Delay = 6.01>
ST_78 : Operation 600 [1/5] (6.01ns)   --->   "%sum_1_8 = fadd i32 %sum_1_7, i32 %mul_i_8" [matmul.cpp:31]   --->   Operation 600 'fadd' 'sum_1_8' <Predicate = (!icmp_ln25)> <Delay = 6.01> <CoreInst = "FAddSub_fulldsp">   --->   Core 18 'FAddSub_fulldsp' <Latency = 4> <II = 1> <Delay = 6.01> <FuncUnit> <Opcode : 'fadd' 'fsub'> <InPorts = 2> <OutPorts = 1>
ST_78 : Operation 601 [1/4] (4.67ns)   --->   "%mul_i_9 = fmul i32 %temp_output_0_load_10, i32 %layer2_weights_9_load" [matmul.cpp:31]   --->   Operation 601 'fmul' 'mul_i_9' <Predicate = (!icmp_ln25)> <Delay = 4.67> <CoreInst = "FMul_maxdsp">   --->   Core 30 'FMul_maxdsp' <Latency = 3> <II = 1> <Delay = 4.67> <FuncUnit> <Opcode : 'fmul'> <InPorts = 2> <OutPorts = 1>

State 79 <SV = 76> <Delay = 6.01>
ST_79 : Operation 602 [5/5] (6.01ns)   --->   "%sum_1_9 = fadd i32 %sum_1_8, i32 %mul_i_9" [matmul.cpp:31]   --->   Operation 602 'fadd' 'sum_1_9' <Predicate = (!icmp_ln25)> <Delay = 6.01> <CoreInst = "FAddSub_fulldsp">   --->   Core 18 'FAddSub_fulldsp' <Latency = 4> <II = 1> <Delay = 6.01> <FuncUnit> <Opcode : 'fadd' 'fsub'> <InPorts = 2> <OutPorts = 1>
ST_79 : Operation 603 [1/1] (0.00ns)   --->   "%layer2_weights_10_addr = getelementptr i32 %layer2_weights_10, i64 0, i64 %j_cast" [matmul.cpp:31]   --->   Operation 603 'getelementptr' 'layer2_weights_10_addr' <Predicate = (!icmp_ln25)> <Delay = 0.00>
ST_79 : Operation 604 [2/2] (0.79ns)   --->   "%layer2_weights_10_load = load i4 %layer2_weights_10_addr" [matmul.cpp:31]   --->   Operation 604 'load' 'layer2_weights_10_load' <Predicate = (!icmp_ln25)> <Delay = 0.79> <CoreInst = "ROM">   --->   Core 101 'ROM' <Latency = 1> <II = 1> <Delay = 0.79> <Storage> <Opcode : 'load'> <Ports = 0> <Width = 32> <Depth = 16> <ROM>

State 80 <SV = 77> <Delay = 6.01>
ST_80 : Operation 605 [4/5] (6.01ns)   --->   "%sum_1_9 = fadd i32 %sum_1_8, i32 %mul_i_9" [matmul.cpp:31]   --->   Operation 605 'fadd' 'sum_1_9' <Predicate = (!icmp_ln25)> <Delay = 6.01> <CoreInst = "FAddSub_fulldsp">   --->   Core 18 'FAddSub_fulldsp' <Latency = 4> <II = 1> <Delay = 6.01> <FuncUnit> <Opcode : 'fadd' 'fsub'> <InPorts = 2> <OutPorts = 1>
ST_80 : Operation 606 [1/2] (0.79ns)   --->   "%layer2_weights_10_load = load i4 %layer2_weights_10_addr" [matmul.cpp:31]   --->   Operation 606 'load' 'layer2_weights_10_load' <Predicate = (!icmp_ln25)> <Delay = 0.79> <CoreInst = "ROM">   --->   Core 101 'ROM' <Latency = 1> <II = 1> <Delay = 0.79> <Storage> <Opcode : 'load'> <Ports = 0> <Width = 32> <Depth = 16> <ROM>
ST_80 : Operation 607 [4/4] (4.67ns)   --->   "%mul_i_s = fmul i32 %temp_output_0_load_11, i32 %layer2_weights_10_load" [matmul.cpp:31]   --->   Operation 607 'fmul' 'mul_i_s' <Predicate = (!icmp_ln25)> <Delay = 4.67> <CoreInst = "FMul_maxdsp">   --->   Core 30 'FMul_maxdsp' <Latency = 3> <II = 1> <Delay = 4.67> <FuncUnit> <Opcode : 'fmul'> <InPorts = 2> <OutPorts = 1>

State 81 <SV = 78> <Delay = 6.01>
ST_81 : Operation 608 [3/5] (6.01ns)   --->   "%sum_1_9 = fadd i32 %sum_1_8, i32 %mul_i_9" [matmul.cpp:31]   --->   Operation 608 'fadd' 'sum_1_9' <Predicate = (!icmp_ln25)> <Delay = 6.01> <CoreInst = "FAddSub_fulldsp">   --->   Core 18 'FAddSub_fulldsp' <Latency = 4> <II = 1> <Delay = 6.01> <FuncUnit> <Opcode : 'fadd' 'fsub'> <InPorts = 2> <OutPorts = 1>
ST_81 : Operation 609 [3/4] (4.67ns)   --->   "%mul_i_s = fmul i32 %temp_output_0_load_11, i32 %layer2_weights_10_load" [matmul.cpp:31]   --->   Operation 609 'fmul' 'mul_i_s' <Predicate = (!icmp_ln25)> <Delay = 4.67> <CoreInst = "FMul_maxdsp">   --->   Core 30 'FMul_maxdsp' <Latency = 3> <II = 1> <Delay = 4.67> <FuncUnit> <Opcode : 'fmul'> <InPorts = 2> <OutPorts = 1>

State 82 <SV = 79> <Delay = 6.01>
ST_82 : Operation 610 [2/5] (6.01ns)   --->   "%sum_1_9 = fadd i32 %sum_1_8, i32 %mul_i_9" [matmul.cpp:31]   --->   Operation 610 'fadd' 'sum_1_9' <Predicate = (!icmp_ln25)> <Delay = 6.01> <CoreInst = "FAddSub_fulldsp">   --->   Core 18 'FAddSub_fulldsp' <Latency = 4> <II = 1> <Delay = 6.01> <FuncUnit> <Opcode : 'fadd' 'fsub'> <InPorts = 2> <OutPorts = 1>
ST_82 : Operation 611 [2/4] (4.67ns)   --->   "%mul_i_s = fmul i32 %temp_output_0_load_11, i32 %layer2_weights_10_load" [matmul.cpp:31]   --->   Operation 611 'fmul' 'mul_i_s' <Predicate = (!icmp_ln25)> <Delay = 4.67> <CoreInst = "FMul_maxdsp">   --->   Core 30 'FMul_maxdsp' <Latency = 3> <II = 1> <Delay = 4.67> <FuncUnit> <Opcode : 'fmul'> <InPorts = 2> <OutPorts = 1>

State 83 <SV = 80> <Delay = 6.01>
ST_83 : Operation 612 [1/5] (6.01ns)   --->   "%sum_1_9 = fadd i32 %sum_1_8, i32 %mul_i_9" [matmul.cpp:31]   --->   Operation 612 'fadd' 'sum_1_9' <Predicate = (!icmp_ln25)> <Delay = 6.01> <CoreInst = "FAddSub_fulldsp">   --->   Core 18 'FAddSub_fulldsp' <Latency = 4> <II = 1> <Delay = 6.01> <FuncUnit> <Opcode : 'fadd' 'fsub'> <InPorts = 2> <OutPorts = 1>
ST_83 : Operation 613 [1/4] (4.67ns)   --->   "%mul_i_s = fmul i32 %temp_output_0_load_11, i32 %layer2_weights_10_load" [matmul.cpp:31]   --->   Operation 613 'fmul' 'mul_i_s' <Predicate = (!icmp_ln25)> <Delay = 4.67> <CoreInst = "FMul_maxdsp">   --->   Core 30 'FMul_maxdsp' <Latency = 3> <II = 1> <Delay = 4.67> <FuncUnit> <Opcode : 'fmul'> <InPorts = 2> <OutPorts = 1>

State 84 <SV = 81> <Delay = 6.01>
ST_84 : Operation 614 [5/5] (6.01ns)   --->   "%sum_1_s = fadd i32 %sum_1_9, i32 %mul_i_s" [matmul.cpp:31]   --->   Operation 614 'fadd' 'sum_1_s' <Predicate = (!icmp_ln25)> <Delay = 6.01> <CoreInst = "FAddSub_fulldsp">   --->   Core 18 'FAddSub_fulldsp' <Latency = 4> <II = 1> <Delay = 6.01> <FuncUnit> <Opcode : 'fadd' 'fsub'> <InPorts = 2> <OutPorts = 1>
ST_84 : Operation 615 [1/1] (0.00ns)   --->   "%layer2_weights_11_addr = getelementptr i32 %layer2_weights_11, i64 0, i64 %j_cast" [matmul.cpp:31]   --->   Operation 615 'getelementptr' 'layer2_weights_11_addr' <Predicate = (!icmp_ln25)> <Delay = 0.00>
ST_84 : Operation 616 [2/2] (0.79ns)   --->   "%layer2_weights_11_load = load i4 %layer2_weights_11_addr" [matmul.cpp:31]   --->   Operation 616 'load' 'layer2_weights_11_load' <Predicate = (!icmp_ln25)> <Delay = 0.79> <CoreInst = "ROM">   --->   Core 101 'ROM' <Latency = 1> <II = 1> <Delay = 0.79> <Storage> <Opcode : 'load'> <Ports = 0> <Width = 32> <Depth = 16> <ROM>

State 85 <SV = 82> <Delay = 6.01>
ST_85 : Operation 617 [4/5] (6.01ns)   --->   "%sum_1_s = fadd i32 %sum_1_9, i32 %mul_i_s" [matmul.cpp:31]   --->   Operation 617 'fadd' 'sum_1_s' <Predicate = (!icmp_ln25)> <Delay = 6.01> <CoreInst = "FAddSub_fulldsp">   --->   Core 18 'FAddSub_fulldsp' <Latency = 4> <II = 1> <Delay = 6.01> <FuncUnit> <Opcode : 'fadd' 'fsub'> <InPorts = 2> <OutPorts = 1>
ST_85 : Operation 618 [1/2] (0.79ns)   --->   "%layer2_weights_11_load = load i4 %layer2_weights_11_addr" [matmul.cpp:31]   --->   Operation 618 'load' 'layer2_weights_11_load' <Predicate = (!icmp_ln25)> <Delay = 0.79> <CoreInst = "ROM">   --->   Core 101 'ROM' <Latency = 1> <II = 1> <Delay = 0.79> <Storage> <Opcode : 'load'> <Ports = 0> <Width = 32> <Depth = 16> <ROM>
ST_85 : Operation 619 [4/4] (4.67ns)   --->   "%mul_i_10 = fmul i32 %temp_output_0_load_12, i32 %layer2_weights_11_load" [matmul.cpp:31]   --->   Operation 619 'fmul' 'mul_i_10' <Predicate = (!icmp_ln25)> <Delay = 4.67> <CoreInst = "FMul_maxdsp">   --->   Core 30 'FMul_maxdsp' <Latency = 3> <II = 1> <Delay = 4.67> <FuncUnit> <Opcode : 'fmul'> <InPorts = 2> <OutPorts = 1>

State 86 <SV = 83> <Delay = 6.01>
ST_86 : Operation 620 [3/5] (6.01ns)   --->   "%sum_1_s = fadd i32 %sum_1_9, i32 %mul_i_s" [matmul.cpp:31]   --->   Operation 620 'fadd' 'sum_1_s' <Predicate = (!icmp_ln25)> <Delay = 6.01> <CoreInst = "FAddSub_fulldsp">   --->   Core 18 'FAddSub_fulldsp' <Latency = 4> <II = 1> <Delay = 6.01> <FuncUnit> <Opcode : 'fadd' 'fsub'> <InPorts = 2> <OutPorts = 1>
ST_86 : Operation 621 [3/4] (4.67ns)   --->   "%mul_i_10 = fmul i32 %temp_output_0_load_12, i32 %layer2_weights_11_load" [matmul.cpp:31]   --->   Operation 621 'fmul' 'mul_i_10' <Predicate = (!icmp_ln25)> <Delay = 4.67> <CoreInst = "FMul_maxdsp">   --->   Core 30 'FMul_maxdsp' <Latency = 3> <II = 1> <Delay = 4.67> <FuncUnit> <Opcode : 'fmul'> <InPorts = 2> <OutPorts = 1>

State 87 <SV = 84> <Delay = 6.01>
ST_87 : Operation 622 [2/5] (6.01ns)   --->   "%sum_1_s = fadd i32 %sum_1_9, i32 %mul_i_s" [matmul.cpp:31]   --->   Operation 622 'fadd' 'sum_1_s' <Predicate = (!icmp_ln25)> <Delay = 6.01> <CoreInst = "FAddSub_fulldsp">   --->   Core 18 'FAddSub_fulldsp' <Latency = 4> <II = 1> <Delay = 6.01> <FuncUnit> <Opcode : 'fadd' 'fsub'> <InPorts = 2> <OutPorts = 1>
ST_87 : Operation 623 [2/4] (4.67ns)   --->   "%mul_i_10 = fmul i32 %temp_output_0_load_12, i32 %layer2_weights_11_load" [matmul.cpp:31]   --->   Operation 623 'fmul' 'mul_i_10' <Predicate = (!icmp_ln25)> <Delay = 4.67> <CoreInst = "FMul_maxdsp">   --->   Core 30 'FMul_maxdsp' <Latency = 3> <II = 1> <Delay = 4.67> <FuncUnit> <Opcode : 'fmul'> <InPorts = 2> <OutPorts = 1>

State 88 <SV = 85> <Delay = 6.01>
ST_88 : Operation 624 [1/5] (6.01ns)   --->   "%sum_1_s = fadd i32 %sum_1_9, i32 %mul_i_s" [matmul.cpp:31]   --->   Operation 624 'fadd' 'sum_1_s' <Predicate = (!icmp_ln25)> <Delay = 6.01> <CoreInst = "FAddSub_fulldsp">   --->   Core 18 'FAddSub_fulldsp' <Latency = 4> <II = 1> <Delay = 6.01> <FuncUnit> <Opcode : 'fadd' 'fsub'> <InPorts = 2> <OutPorts = 1>
ST_88 : Operation 625 [1/4] (4.67ns)   --->   "%mul_i_10 = fmul i32 %temp_output_0_load_12, i32 %layer2_weights_11_load" [matmul.cpp:31]   --->   Operation 625 'fmul' 'mul_i_10' <Predicate = (!icmp_ln25)> <Delay = 4.67> <CoreInst = "FMul_maxdsp">   --->   Core 30 'FMul_maxdsp' <Latency = 3> <II = 1> <Delay = 4.67> <FuncUnit> <Opcode : 'fmul'> <InPorts = 2> <OutPorts = 1>

State 89 <SV = 86> <Delay = 6.01>
ST_89 : Operation 626 [5/5] (6.01ns)   --->   "%sum_1_10 = fadd i32 %sum_1_s, i32 %mul_i_10" [matmul.cpp:31]   --->   Operation 626 'fadd' 'sum_1_10' <Predicate = (!icmp_ln25)> <Delay = 6.01> <CoreInst = "FAddSub_fulldsp">   --->   Core 18 'FAddSub_fulldsp' <Latency = 4> <II = 1> <Delay = 6.01> <FuncUnit> <Opcode : 'fadd' 'fsub'> <InPorts = 2> <OutPorts = 1>
ST_89 : Operation 627 [1/1] (0.00ns)   --->   "%layer2_weights_12_addr = getelementptr i32 %layer2_weights_12, i64 0, i64 %j_cast" [matmul.cpp:31]   --->   Operation 627 'getelementptr' 'layer2_weights_12_addr' <Predicate = (!icmp_ln25)> <Delay = 0.00>
ST_89 : Operation 628 [2/2] (0.79ns)   --->   "%layer2_weights_12_load = load i4 %layer2_weights_12_addr" [matmul.cpp:31]   --->   Operation 628 'load' 'layer2_weights_12_load' <Predicate = (!icmp_ln25)> <Delay = 0.79> <CoreInst = "ROM">   --->   Core 101 'ROM' <Latency = 1> <II = 1> <Delay = 0.79> <Storage> <Opcode : 'load'> <Ports = 0> <Width = 32> <Depth = 16> <ROM>

State 90 <SV = 87> <Delay = 6.01>
ST_90 : Operation 629 [4/5] (6.01ns)   --->   "%sum_1_10 = fadd i32 %sum_1_s, i32 %mul_i_10" [matmul.cpp:31]   --->   Operation 629 'fadd' 'sum_1_10' <Predicate = (!icmp_ln25)> <Delay = 6.01> <CoreInst = "FAddSub_fulldsp">   --->   Core 18 'FAddSub_fulldsp' <Latency = 4> <II = 1> <Delay = 6.01> <FuncUnit> <Opcode : 'fadd' 'fsub'> <InPorts = 2> <OutPorts = 1>
ST_90 : Operation 630 [1/2] (0.79ns)   --->   "%layer2_weights_12_load = load i4 %layer2_weights_12_addr" [matmul.cpp:31]   --->   Operation 630 'load' 'layer2_weights_12_load' <Predicate = (!icmp_ln25)> <Delay = 0.79> <CoreInst = "ROM">   --->   Core 101 'ROM' <Latency = 1> <II = 1> <Delay = 0.79> <Storage> <Opcode : 'load'> <Ports = 0> <Width = 32> <Depth = 16> <ROM>
ST_90 : Operation 631 [4/4] (4.67ns)   --->   "%mul_i_11 = fmul i32 %temp_output_0_load_13, i32 %layer2_weights_12_load" [matmul.cpp:31]   --->   Operation 631 'fmul' 'mul_i_11' <Predicate = (!icmp_ln25)> <Delay = 4.67> <CoreInst = "FMul_maxdsp">   --->   Core 30 'FMul_maxdsp' <Latency = 3> <II = 1> <Delay = 4.67> <FuncUnit> <Opcode : 'fmul'> <InPorts = 2> <OutPorts = 1>

State 91 <SV = 88> <Delay = 6.01>
ST_91 : Operation 632 [3/5] (6.01ns)   --->   "%sum_1_10 = fadd i32 %sum_1_s, i32 %mul_i_10" [matmul.cpp:31]   --->   Operation 632 'fadd' 'sum_1_10' <Predicate = (!icmp_ln25)> <Delay = 6.01> <CoreInst = "FAddSub_fulldsp">   --->   Core 18 'FAddSub_fulldsp' <Latency = 4> <II = 1> <Delay = 6.01> <FuncUnit> <Opcode : 'fadd' 'fsub'> <InPorts = 2> <OutPorts = 1>
ST_91 : Operation 633 [3/4] (4.67ns)   --->   "%mul_i_11 = fmul i32 %temp_output_0_load_13, i32 %layer2_weights_12_load" [matmul.cpp:31]   --->   Operation 633 'fmul' 'mul_i_11' <Predicate = (!icmp_ln25)> <Delay = 4.67> <CoreInst = "FMul_maxdsp">   --->   Core 30 'FMul_maxdsp' <Latency = 3> <II = 1> <Delay = 4.67> <FuncUnit> <Opcode : 'fmul'> <InPorts = 2> <OutPorts = 1>

State 92 <SV = 89> <Delay = 6.01>
ST_92 : Operation 634 [2/5] (6.01ns)   --->   "%sum_1_10 = fadd i32 %sum_1_s, i32 %mul_i_10" [matmul.cpp:31]   --->   Operation 634 'fadd' 'sum_1_10' <Predicate = (!icmp_ln25)> <Delay = 6.01> <CoreInst = "FAddSub_fulldsp">   --->   Core 18 'FAddSub_fulldsp' <Latency = 4> <II = 1> <Delay = 6.01> <FuncUnit> <Opcode : 'fadd' 'fsub'> <InPorts = 2> <OutPorts = 1>
ST_92 : Operation 635 [2/4] (4.67ns)   --->   "%mul_i_11 = fmul i32 %temp_output_0_load_13, i32 %layer2_weights_12_load" [matmul.cpp:31]   --->   Operation 635 'fmul' 'mul_i_11' <Predicate = (!icmp_ln25)> <Delay = 4.67> <CoreInst = "FMul_maxdsp">   --->   Core 30 'FMul_maxdsp' <Latency = 3> <II = 1> <Delay = 4.67> <FuncUnit> <Opcode : 'fmul'> <InPorts = 2> <OutPorts = 1>

State 93 <SV = 90> <Delay = 6.01>
ST_93 : Operation 636 [1/5] (6.01ns)   --->   "%sum_1_10 = fadd i32 %sum_1_s, i32 %mul_i_10" [matmul.cpp:31]   --->   Operation 636 'fadd' 'sum_1_10' <Predicate = (!icmp_ln25)> <Delay = 6.01> <CoreInst = "FAddSub_fulldsp">   --->   Core 18 'FAddSub_fulldsp' <Latency = 4> <II = 1> <Delay = 6.01> <FuncUnit> <Opcode : 'fadd' 'fsub'> <InPorts = 2> <OutPorts = 1>
ST_93 : Operation 637 [1/4] (4.67ns)   --->   "%mul_i_11 = fmul i32 %temp_output_0_load_13, i32 %layer2_weights_12_load" [matmul.cpp:31]   --->   Operation 637 'fmul' 'mul_i_11' <Predicate = (!icmp_ln25)> <Delay = 4.67> <CoreInst = "FMul_maxdsp">   --->   Core 30 'FMul_maxdsp' <Latency = 3> <II = 1> <Delay = 4.67> <FuncUnit> <Opcode : 'fmul'> <InPorts = 2> <OutPorts = 1>

State 94 <SV = 91> <Delay = 6.01>
ST_94 : Operation 638 [5/5] (6.01ns)   --->   "%sum_1_11 = fadd i32 %sum_1_10, i32 %mul_i_11" [matmul.cpp:31]   --->   Operation 638 'fadd' 'sum_1_11' <Predicate = (!icmp_ln25)> <Delay = 6.01> <CoreInst = "FAddSub_fulldsp">   --->   Core 18 'FAddSub_fulldsp' <Latency = 4> <II = 1> <Delay = 6.01> <FuncUnit> <Opcode : 'fadd' 'fsub'> <InPorts = 2> <OutPorts = 1>
ST_94 : Operation 639 [1/1] (0.00ns)   --->   "%layer2_weights_13_addr = getelementptr i32 %layer2_weights_13, i64 0, i64 %j_cast" [matmul.cpp:31]   --->   Operation 639 'getelementptr' 'layer2_weights_13_addr' <Predicate = (!icmp_ln25)> <Delay = 0.00>
ST_94 : Operation 640 [2/2] (0.79ns)   --->   "%layer2_weights_13_load = load i4 %layer2_weights_13_addr" [matmul.cpp:31]   --->   Operation 640 'load' 'layer2_weights_13_load' <Predicate = (!icmp_ln25)> <Delay = 0.79> <CoreInst = "ROM">   --->   Core 101 'ROM' <Latency = 1> <II = 1> <Delay = 0.79> <Storage> <Opcode : 'load'> <Ports = 0> <Width = 32> <Depth = 16> <ROM>

State 95 <SV = 92> <Delay = 6.01>
ST_95 : Operation 641 [4/5] (6.01ns)   --->   "%sum_1_11 = fadd i32 %sum_1_10, i32 %mul_i_11" [matmul.cpp:31]   --->   Operation 641 'fadd' 'sum_1_11' <Predicate = (!icmp_ln25)> <Delay = 6.01> <CoreInst = "FAddSub_fulldsp">   --->   Core 18 'FAddSub_fulldsp' <Latency = 4> <II = 1> <Delay = 6.01> <FuncUnit> <Opcode : 'fadd' 'fsub'> <InPorts = 2> <OutPorts = 1>
ST_95 : Operation 642 [1/2] (0.79ns)   --->   "%layer2_weights_13_load = load i4 %layer2_weights_13_addr" [matmul.cpp:31]   --->   Operation 642 'load' 'layer2_weights_13_load' <Predicate = (!icmp_ln25)> <Delay = 0.79> <CoreInst = "ROM">   --->   Core 101 'ROM' <Latency = 1> <II = 1> <Delay = 0.79> <Storage> <Opcode : 'load'> <Ports = 0> <Width = 32> <Depth = 16> <ROM>
ST_95 : Operation 643 [4/4] (4.67ns)   --->   "%mul_i_12 = fmul i32 %temp_output_0_load_14, i32 %layer2_weights_13_load" [matmul.cpp:31]   --->   Operation 643 'fmul' 'mul_i_12' <Predicate = (!icmp_ln25)> <Delay = 4.67> <CoreInst = "FMul_maxdsp">   --->   Core 30 'FMul_maxdsp' <Latency = 3> <II = 1> <Delay = 4.67> <FuncUnit> <Opcode : 'fmul'> <InPorts = 2> <OutPorts = 1>

State 96 <SV = 93> <Delay = 6.01>
ST_96 : Operation 644 [3/5] (6.01ns)   --->   "%sum_1_11 = fadd i32 %sum_1_10, i32 %mul_i_11" [matmul.cpp:31]   --->   Operation 644 'fadd' 'sum_1_11' <Predicate = (!icmp_ln25)> <Delay = 6.01> <CoreInst = "FAddSub_fulldsp">   --->   Core 18 'FAddSub_fulldsp' <Latency = 4> <II = 1> <Delay = 6.01> <FuncUnit> <Opcode : 'fadd' 'fsub'> <InPorts = 2> <OutPorts = 1>
ST_96 : Operation 645 [3/4] (4.67ns)   --->   "%mul_i_12 = fmul i32 %temp_output_0_load_14, i32 %layer2_weights_13_load" [matmul.cpp:31]   --->   Operation 645 'fmul' 'mul_i_12' <Predicate = (!icmp_ln25)> <Delay = 4.67> <CoreInst = "FMul_maxdsp">   --->   Core 30 'FMul_maxdsp' <Latency = 3> <II = 1> <Delay = 4.67> <FuncUnit> <Opcode : 'fmul'> <InPorts = 2> <OutPorts = 1>

State 97 <SV = 94> <Delay = 6.01>
ST_97 : Operation 646 [2/5] (6.01ns)   --->   "%sum_1_11 = fadd i32 %sum_1_10, i32 %mul_i_11" [matmul.cpp:31]   --->   Operation 646 'fadd' 'sum_1_11' <Predicate = (!icmp_ln25)> <Delay = 6.01> <CoreInst = "FAddSub_fulldsp">   --->   Core 18 'FAddSub_fulldsp' <Latency = 4> <II = 1> <Delay = 6.01> <FuncUnit> <Opcode : 'fadd' 'fsub'> <InPorts = 2> <OutPorts = 1>
ST_97 : Operation 647 [2/4] (4.67ns)   --->   "%mul_i_12 = fmul i32 %temp_output_0_load_14, i32 %layer2_weights_13_load" [matmul.cpp:31]   --->   Operation 647 'fmul' 'mul_i_12' <Predicate = (!icmp_ln25)> <Delay = 4.67> <CoreInst = "FMul_maxdsp">   --->   Core 30 'FMul_maxdsp' <Latency = 3> <II = 1> <Delay = 4.67> <FuncUnit> <Opcode : 'fmul'> <InPorts = 2> <OutPorts = 1>

State 98 <SV = 95> <Delay = 6.01>
ST_98 : Operation 648 [1/5] (6.01ns)   --->   "%sum_1_11 = fadd i32 %sum_1_10, i32 %mul_i_11" [matmul.cpp:31]   --->   Operation 648 'fadd' 'sum_1_11' <Predicate = (!icmp_ln25)> <Delay = 6.01> <CoreInst = "FAddSub_fulldsp">   --->   Core 18 'FAddSub_fulldsp' <Latency = 4> <II = 1> <Delay = 6.01> <FuncUnit> <Opcode : 'fadd' 'fsub'> <InPorts = 2> <OutPorts = 1>
ST_98 : Operation 649 [1/4] (4.67ns)   --->   "%mul_i_12 = fmul i32 %temp_output_0_load_14, i32 %layer2_weights_13_load" [matmul.cpp:31]   --->   Operation 649 'fmul' 'mul_i_12' <Predicate = (!icmp_ln25)> <Delay = 4.67> <CoreInst = "FMul_maxdsp">   --->   Core 30 'FMul_maxdsp' <Latency = 3> <II = 1> <Delay = 4.67> <FuncUnit> <Opcode : 'fmul'> <InPorts = 2> <OutPorts = 1>

State 99 <SV = 96> <Delay = 6.01>
ST_99 : Operation 650 [5/5] (6.01ns)   --->   "%sum_1_12 = fadd i32 %sum_1_11, i32 %mul_i_12" [matmul.cpp:31]   --->   Operation 650 'fadd' 'sum_1_12' <Predicate = (!icmp_ln25)> <Delay = 6.01> <CoreInst = "FAddSub_fulldsp">   --->   Core 18 'FAddSub_fulldsp' <Latency = 4> <II = 1> <Delay = 6.01> <FuncUnit> <Opcode : 'fadd' 'fsub'> <InPorts = 2> <OutPorts = 1>
ST_99 : Operation 651 [1/1] (0.00ns)   --->   "%layer2_weights_14_addr = getelementptr i32 %layer2_weights_14, i64 0, i64 %j_cast" [matmul.cpp:31]   --->   Operation 651 'getelementptr' 'layer2_weights_14_addr' <Predicate = (!icmp_ln25)> <Delay = 0.00>
ST_99 : Operation 652 [2/2] (0.79ns)   --->   "%layer2_weights_14_load = load i4 %layer2_weights_14_addr" [matmul.cpp:31]   --->   Operation 652 'load' 'layer2_weights_14_load' <Predicate = (!icmp_ln25)> <Delay = 0.79> <CoreInst = "ROM">   --->   Core 101 'ROM' <Latency = 1> <II = 1> <Delay = 0.79> <Storage> <Opcode : 'load'> <Ports = 0> <Width = 32> <Depth = 16> <ROM>

State 100 <SV = 97> <Delay = 6.01>
ST_100 : Operation 653 [4/5] (6.01ns)   --->   "%sum_1_12 = fadd i32 %sum_1_11, i32 %mul_i_12" [matmul.cpp:31]   --->   Operation 653 'fadd' 'sum_1_12' <Predicate = (!icmp_ln25)> <Delay = 6.01> <CoreInst = "FAddSub_fulldsp">   --->   Core 18 'FAddSub_fulldsp' <Latency = 4> <II = 1> <Delay = 6.01> <FuncUnit> <Opcode : 'fadd' 'fsub'> <InPorts = 2> <OutPorts = 1>
ST_100 : Operation 654 [1/2] (0.79ns)   --->   "%layer2_weights_14_load = load i4 %layer2_weights_14_addr" [matmul.cpp:31]   --->   Operation 654 'load' 'layer2_weights_14_load' <Predicate = (!icmp_ln25)> <Delay = 0.79> <CoreInst = "ROM">   --->   Core 101 'ROM' <Latency = 1> <II = 1> <Delay = 0.79> <Storage> <Opcode : 'load'> <Ports = 0> <Width = 32> <Depth = 16> <ROM>
ST_100 : Operation 655 [4/4] (4.67ns)   --->   "%mul_i_13 = fmul i32 %temp_output_0_load_15, i32 %layer2_weights_14_load" [matmul.cpp:31]   --->   Operation 655 'fmul' 'mul_i_13' <Predicate = (!icmp_ln25)> <Delay = 4.67> <CoreInst = "FMul_maxdsp">   --->   Core 30 'FMul_maxdsp' <Latency = 3> <II = 1> <Delay = 4.67> <FuncUnit> <Opcode : 'fmul'> <InPorts = 2> <OutPorts = 1>

State 101 <SV = 98> <Delay = 6.01>
ST_101 : Operation 656 [3/5] (6.01ns)   --->   "%sum_1_12 = fadd i32 %sum_1_11, i32 %mul_i_12" [matmul.cpp:31]   --->   Operation 656 'fadd' 'sum_1_12' <Predicate = (!icmp_ln25)> <Delay = 6.01> <CoreInst = "FAddSub_fulldsp">   --->   Core 18 'FAddSub_fulldsp' <Latency = 4> <II = 1> <Delay = 6.01> <FuncUnit> <Opcode : 'fadd' 'fsub'> <InPorts = 2> <OutPorts = 1>
ST_101 : Operation 657 [3/4] (4.67ns)   --->   "%mul_i_13 = fmul i32 %temp_output_0_load_15, i32 %layer2_weights_14_load" [matmul.cpp:31]   --->   Operation 657 'fmul' 'mul_i_13' <Predicate = (!icmp_ln25)> <Delay = 4.67> <CoreInst = "FMul_maxdsp">   --->   Core 30 'FMul_maxdsp' <Latency = 3> <II = 1> <Delay = 4.67> <FuncUnit> <Opcode : 'fmul'> <InPorts = 2> <OutPorts = 1>

State 102 <SV = 99> <Delay = 6.01>
ST_102 : Operation 658 [2/5] (6.01ns)   --->   "%sum_1_12 = fadd i32 %sum_1_11, i32 %mul_i_12" [matmul.cpp:31]   --->   Operation 658 'fadd' 'sum_1_12' <Predicate = (!icmp_ln25)> <Delay = 6.01> <CoreInst = "FAddSub_fulldsp">   --->   Core 18 'FAddSub_fulldsp' <Latency = 4> <II = 1> <Delay = 6.01> <FuncUnit> <Opcode : 'fadd' 'fsub'> <InPorts = 2> <OutPorts = 1>
ST_102 : Operation 659 [2/4] (4.67ns)   --->   "%mul_i_13 = fmul i32 %temp_output_0_load_15, i32 %layer2_weights_14_load" [matmul.cpp:31]   --->   Operation 659 'fmul' 'mul_i_13' <Predicate = (!icmp_ln25)> <Delay = 4.67> <CoreInst = "FMul_maxdsp">   --->   Core 30 'FMul_maxdsp' <Latency = 3> <II = 1> <Delay = 4.67> <FuncUnit> <Opcode : 'fmul'> <InPorts = 2> <OutPorts = 1>

State 103 <SV = 100> <Delay = 6.01>
ST_103 : Operation 660 [1/5] (6.01ns)   --->   "%sum_1_12 = fadd i32 %sum_1_11, i32 %mul_i_12" [matmul.cpp:31]   --->   Operation 660 'fadd' 'sum_1_12' <Predicate = (!icmp_ln25)> <Delay = 6.01> <CoreInst = "FAddSub_fulldsp">   --->   Core 18 'FAddSub_fulldsp' <Latency = 4> <II = 1> <Delay = 6.01> <FuncUnit> <Opcode : 'fadd' 'fsub'> <InPorts = 2> <OutPorts = 1>
ST_103 : Operation 661 [1/4] (4.67ns)   --->   "%mul_i_13 = fmul i32 %temp_output_0_load_15, i32 %layer2_weights_14_load" [matmul.cpp:31]   --->   Operation 661 'fmul' 'mul_i_13' <Predicate = (!icmp_ln25)> <Delay = 4.67> <CoreInst = "FMul_maxdsp">   --->   Core 30 'FMul_maxdsp' <Latency = 3> <II = 1> <Delay = 4.67> <FuncUnit> <Opcode : 'fmul'> <InPorts = 2> <OutPorts = 1>

State 104 <SV = 101> <Delay = 6.01>
ST_104 : Operation 662 [5/5] (6.01ns)   --->   "%sum_1_13 = fadd i32 %sum_1_12, i32 %mul_i_13" [matmul.cpp:31]   --->   Operation 662 'fadd' 'sum_1_13' <Predicate = (!icmp_ln25)> <Delay = 6.01> <CoreInst = "FAddSub_fulldsp">   --->   Core 18 'FAddSub_fulldsp' <Latency = 4> <II = 1> <Delay = 6.01> <FuncUnit> <Opcode : 'fadd' 'fsub'> <InPorts = 2> <OutPorts = 1>
ST_104 : Operation 663 [1/1] (0.00ns)   --->   "%layer2_weights_15_addr = getelementptr i32 %layer2_weights_15, i64 0, i64 %j_cast" [matmul.cpp:31]   --->   Operation 663 'getelementptr' 'layer2_weights_15_addr' <Predicate = (!icmp_ln25)> <Delay = 0.00>
ST_104 : Operation 664 [2/2] (0.79ns)   --->   "%layer2_weights_15_load = load i4 %layer2_weights_15_addr" [matmul.cpp:31]   --->   Operation 664 'load' 'layer2_weights_15_load' <Predicate = (!icmp_ln25)> <Delay = 0.79> <CoreInst = "ROM">   --->   Core 101 'ROM' <Latency = 1> <II = 1> <Delay = 0.79> <Storage> <Opcode : 'load'> <Ports = 0> <Width = 32> <Depth = 16> <ROM>

State 105 <SV = 102> <Delay = 6.01>
ST_105 : Operation 665 [4/5] (6.01ns)   --->   "%sum_1_13 = fadd i32 %sum_1_12, i32 %mul_i_13" [matmul.cpp:31]   --->   Operation 665 'fadd' 'sum_1_13' <Predicate = (!icmp_ln25)> <Delay = 6.01> <CoreInst = "FAddSub_fulldsp">   --->   Core 18 'FAddSub_fulldsp' <Latency = 4> <II = 1> <Delay = 6.01> <FuncUnit> <Opcode : 'fadd' 'fsub'> <InPorts = 2> <OutPorts = 1>
ST_105 : Operation 666 [1/2] (0.79ns)   --->   "%layer2_weights_15_load = load i4 %layer2_weights_15_addr" [matmul.cpp:31]   --->   Operation 666 'load' 'layer2_weights_15_load' <Predicate = (!icmp_ln25)> <Delay = 0.79> <CoreInst = "ROM">   --->   Core 101 'ROM' <Latency = 1> <II = 1> <Delay = 0.79> <Storage> <Opcode : 'load'> <Ports = 0> <Width = 32> <Depth = 16> <ROM>
ST_105 : Operation 667 [4/4] (4.67ns)   --->   "%mul_i_14 = fmul i32 %temp_output_0_load_16, i32 %layer2_weights_15_load" [matmul.cpp:31]   --->   Operation 667 'fmul' 'mul_i_14' <Predicate = (!icmp_ln25)> <Delay = 4.67> <CoreInst = "FMul_maxdsp">   --->   Core 30 'FMul_maxdsp' <Latency = 3> <II = 1> <Delay = 4.67> <FuncUnit> <Opcode : 'fmul'> <InPorts = 2> <OutPorts = 1>

State 106 <SV = 103> <Delay = 6.01>
ST_106 : Operation 668 [3/5] (6.01ns)   --->   "%sum_1_13 = fadd i32 %sum_1_12, i32 %mul_i_13" [matmul.cpp:31]   --->   Operation 668 'fadd' 'sum_1_13' <Predicate = (!icmp_ln25)> <Delay = 6.01> <CoreInst = "FAddSub_fulldsp">   --->   Core 18 'FAddSub_fulldsp' <Latency = 4> <II = 1> <Delay = 6.01> <FuncUnit> <Opcode : 'fadd' 'fsub'> <InPorts = 2> <OutPorts = 1>
ST_106 : Operation 669 [3/4] (4.67ns)   --->   "%mul_i_14 = fmul i32 %temp_output_0_load_16, i32 %layer2_weights_15_load" [matmul.cpp:31]   --->   Operation 669 'fmul' 'mul_i_14' <Predicate = (!icmp_ln25)> <Delay = 4.67> <CoreInst = "FMul_maxdsp">   --->   Core 30 'FMul_maxdsp' <Latency = 3> <II = 1> <Delay = 4.67> <FuncUnit> <Opcode : 'fmul'> <InPorts = 2> <OutPorts = 1>

State 107 <SV = 104> <Delay = 6.01>
ST_107 : Operation 670 [2/5] (6.01ns)   --->   "%sum_1_13 = fadd i32 %sum_1_12, i32 %mul_i_13" [matmul.cpp:31]   --->   Operation 670 'fadd' 'sum_1_13' <Predicate = (!icmp_ln25)> <Delay = 6.01> <CoreInst = "FAddSub_fulldsp">   --->   Core 18 'FAddSub_fulldsp' <Latency = 4> <II = 1> <Delay = 6.01> <FuncUnit> <Opcode : 'fadd' 'fsub'> <InPorts = 2> <OutPorts = 1>
ST_107 : Operation 671 [2/4] (4.67ns)   --->   "%mul_i_14 = fmul i32 %temp_output_0_load_16, i32 %layer2_weights_15_load" [matmul.cpp:31]   --->   Operation 671 'fmul' 'mul_i_14' <Predicate = (!icmp_ln25)> <Delay = 4.67> <CoreInst = "FMul_maxdsp">   --->   Core 30 'FMul_maxdsp' <Latency = 3> <II = 1> <Delay = 4.67> <FuncUnit> <Opcode : 'fmul'> <InPorts = 2> <OutPorts = 1>

State 108 <SV = 105> <Delay = 6.01>
ST_108 : Operation 672 [1/5] (6.01ns)   --->   "%sum_1_13 = fadd i32 %sum_1_12, i32 %mul_i_13" [matmul.cpp:31]   --->   Operation 672 'fadd' 'sum_1_13' <Predicate = (!icmp_ln25)> <Delay = 6.01> <CoreInst = "FAddSub_fulldsp">   --->   Core 18 'FAddSub_fulldsp' <Latency = 4> <II = 1> <Delay = 6.01> <FuncUnit> <Opcode : 'fadd' 'fsub'> <InPorts = 2> <OutPorts = 1>
ST_108 : Operation 673 [1/4] (4.67ns)   --->   "%mul_i_14 = fmul i32 %temp_output_0_load_16, i32 %layer2_weights_15_load" [matmul.cpp:31]   --->   Operation 673 'fmul' 'mul_i_14' <Predicate = (!icmp_ln25)> <Delay = 4.67> <CoreInst = "FMul_maxdsp">   --->   Core 30 'FMul_maxdsp' <Latency = 3> <II = 1> <Delay = 4.67> <FuncUnit> <Opcode : 'fmul'> <InPorts = 2> <OutPorts = 1>

State 109 <SV = 106> <Delay = 6.01>
ST_109 : Operation 674 [5/5] (6.01ns)   --->   "%sum_1_14 = fadd i32 %sum_1_13, i32 %mul_i_14" [matmul.cpp:31]   --->   Operation 674 'fadd' 'sum_1_14' <Predicate = (!icmp_ln25)> <Delay = 6.01> <CoreInst = "FAddSub_fulldsp">   --->   Core 18 'FAddSub_fulldsp' <Latency = 4> <II = 1> <Delay = 6.01> <FuncUnit> <Opcode : 'fadd' 'fsub'> <InPorts = 2> <OutPorts = 1>
ST_109 : Operation 675 [1/1] (0.00ns)   --->   "%layer2_weights_16_addr = getelementptr i32 %layer2_weights_16, i64 0, i64 %j_cast" [matmul.cpp:31]   --->   Operation 675 'getelementptr' 'layer2_weights_16_addr' <Predicate = (!icmp_ln25)> <Delay = 0.00>
ST_109 : Operation 676 [2/2] (0.79ns)   --->   "%layer2_weights_16_load = load i4 %layer2_weights_16_addr" [matmul.cpp:31]   --->   Operation 676 'load' 'layer2_weights_16_load' <Predicate = (!icmp_ln25)> <Delay = 0.79> <CoreInst = "ROM">   --->   Core 101 'ROM' <Latency = 1> <II = 1> <Delay = 0.79> <Storage> <Opcode : 'load'> <Ports = 0> <Width = 32> <Depth = 16> <ROM>

State 110 <SV = 107> <Delay = 6.01>
ST_110 : Operation 677 [4/5] (6.01ns)   --->   "%sum_1_14 = fadd i32 %sum_1_13, i32 %mul_i_14" [matmul.cpp:31]   --->   Operation 677 'fadd' 'sum_1_14' <Predicate = (!icmp_ln25)> <Delay = 6.01> <CoreInst = "FAddSub_fulldsp">   --->   Core 18 'FAddSub_fulldsp' <Latency = 4> <II = 1> <Delay = 6.01> <FuncUnit> <Opcode : 'fadd' 'fsub'> <InPorts = 2> <OutPorts = 1>
ST_110 : Operation 678 [1/2] (0.79ns)   --->   "%layer2_weights_16_load = load i4 %layer2_weights_16_addr" [matmul.cpp:31]   --->   Operation 678 'load' 'layer2_weights_16_load' <Predicate = (!icmp_ln25)> <Delay = 0.79> <CoreInst = "ROM">   --->   Core 101 'ROM' <Latency = 1> <II = 1> <Delay = 0.79> <Storage> <Opcode : 'load'> <Ports = 0> <Width = 32> <Depth = 16> <ROM>
ST_110 : Operation 679 [4/4] (4.67ns)   --->   "%mul_i_15 = fmul i32 %temp_output_0_load_17, i32 %layer2_weights_16_load" [matmul.cpp:31]   --->   Operation 679 'fmul' 'mul_i_15' <Predicate = (!icmp_ln25)> <Delay = 4.67> <CoreInst = "FMul_maxdsp">   --->   Core 30 'FMul_maxdsp' <Latency = 3> <II = 1> <Delay = 4.67> <FuncUnit> <Opcode : 'fmul'> <InPorts = 2> <OutPorts = 1>

State 111 <SV = 108> <Delay = 6.01>
ST_111 : Operation 680 [3/5] (6.01ns)   --->   "%sum_1_14 = fadd i32 %sum_1_13, i32 %mul_i_14" [matmul.cpp:31]   --->   Operation 680 'fadd' 'sum_1_14' <Predicate = (!icmp_ln25)> <Delay = 6.01> <CoreInst = "FAddSub_fulldsp">   --->   Core 18 'FAddSub_fulldsp' <Latency = 4> <II = 1> <Delay = 6.01> <FuncUnit> <Opcode : 'fadd' 'fsub'> <InPorts = 2> <OutPorts = 1>
ST_111 : Operation 681 [3/4] (4.67ns)   --->   "%mul_i_15 = fmul i32 %temp_output_0_load_17, i32 %layer2_weights_16_load" [matmul.cpp:31]   --->   Operation 681 'fmul' 'mul_i_15' <Predicate = (!icmp_ln25)> <Delay = 4.67> <CoreInst = "FMul_maxdsp">   --->   Core 30 'FMul_maxdsp' <Latency = 3> <II = 1> <Delay = 4.67> <FuncUnit> <Opcode : 'fmul'> <InPorts = 2> <OutPorts = 1>

State 112 <SV = 109> <Delay = 6.01>
ST_112 : Operation 682 [2/5] (6.01ns)   --->   "%sum_1_14 = fadd i32 %sum_1_13, i32 %mul_i_14" [matmul.cpp:31]   --->   Operation 682 'fadd' 'sum_1_14' <Predicate = (!icmp_ln25)> <Delay = 6.01> <CoreInst = "FAddSub_fulldsp">   --->   Core 18 'FAddSub_fulldsp' <Latency = 4> <II = 1> <Delay = 6.01> <FuncUnit> <Opcode : 'fadd' 'fsub'> <InPorts = 2> <OutPorts = 1>
ST_112 : Operation 683 [2/4] (4.67ns)   --->   "%mul_i_15 = fmul i32 %temp_output_0_load_17, i32 %layer2_weights_16_load" [matmul.cpp:31]   --->   Operation 683 'fmul' 'mul_i_15' <Predicate = (!icmp_ln25)> <Delay = 4.67> <CoreInst = "FMul_maxdsp">   --->   Core 30 'FMul_maxdsp' <Latency = 3> <II = 1> <Delay = 4.67> <FuncUnit> <Opcode : 'fmul'> <InPorts = 2> <OutPorts = 1>

State 113 <SV = 110> <Delay = 6.01>
ST_113 : Operation 684 [1/5] (6.01ns)   --->   "%sum_1_14 = fadd i32 %sum_1_13, i32 %mul_i_14" [matmul.cpp:31]   --->   Operation 684 'fadd' 'sum_1_14' <Predicate = (!icmp_ln25)> <Delay = 6.01> <CoreInst = "FAddSub_fulldsp">   --->   Core 18 'FAddSub_fulldsp' <Latency = 4> <II = 1> <Delay = 6.01> <FuncUnit> <Opcode : 'fadd' 'fsub'> <InPorts = 2> <OutPorts = 1>
ST_113 : Operation 685 [1/4] (4.67ns)   --->   "%mul_i_15 = fmul i32 %temp_output_0_load_17, i32 %layer2_weights_16_load" [matmul.cpp:31]   --->   Operation 685 'fmul' 'mul_i_15' <Predicate = (!icmp_ln25)> <Delay = 4.67> <CoreInst = "FMul_maxdsp">   --->   Core 30 'FMul_maxdsp' <Latency = 3> <II = 1> <Delay = 4.67> <FuncUnit> <Opcode : 'fmul'> <InPorts = 2> <OutPorts = 1>

State 114 <SV = 111> <Delay = 6.01>
ST_114 : Operation 686 [5/5] (6.01ns)   --->   "%sum_1_15 = fadd i32 %sum_1_14, i32 %mul_i_15" [matmul.cpp:31]   --->   Operation 686 'fadd' 'sum_1_15' <Predicate = (!icmp_ln25)> <Delay = 6.01> <CoreInst = "FAddSub_fulldsp">   --->   Core 18 'FAddSub_fulldsp' <Latency = 4> <II = 1> <Delay = 6.01> <FuncUnit> <Opcode : 'fadd' 'fsub'> <InPorts = 2> <OutPorts = 1>
ST_114 : Operation 687 [1/1] (0.00ns)   --->   "%layer2_weights_17_addr = getelementptr i32 %layer2_weights_17, i64 0, i64 %j_cast" [matmul.cpp:31]   --->   Operation 687 'getelementptr' 'layer2_weights_17_addr' <Predicate = (!icmp_ln25)> <Delay = 0.00>
ST_114 : Operation 688 [2/2] (0.79ns)   --->   "%layer2_weights_17_load = load i4 %layer2_weights_17_addr" [matmul.cpp:31]   --->   Operation 688 'load' 'layer2_weights_17_load' <Predicate = (!icmp_ln25)> <Delay = 0.79> <CoreInst = "ROM">   --->   Core 101 'ROM' <Latency = 1> <II = 1> <Delay = 0.79> <Storage> <Opcode : 'load'> <Ports = 0> <Width = 32> <Depth = 16> <ROM>

State 115 <SV = 112> <Delay = 6.01>
ST_115 : Operation 689 [4/5] (6.01ns)   --->   "%sum_1_15 = fadd i32 %sum_1_14, i32 %mul_i_15" [matmul.cpp:31]   --->   Operation 689 'fadd' 'sum_1_15' <Predicate = (!icmp_ln25)> <Delay = 6.01> <CoreInst = "FAddSub_fulldsp">   --->   Core 18 'FAddSub_fulldsp' <Latency = 4> <II = 1> <Delay = 6.01> <FuncUnit> <Opcode : 'fadd' 'fsub'> <InPorts = 2> <OutPorts = 1>
ST_115 : Operation 690 [1/2] (0.79ns)   --->   "%layer2_weights_17_load = load i4 %layer2_weights_17_addr" [matmul.cpp:31]   --->   Operation 690 'load' 'layer2_weights_17_load' <Predicate = (!icmp_ln25)> <Delay = 0.79> <CoreInst = "ROM">   --->   Core 101 'ROM' <Latency = 1> <II = 1> <Delay = 0.79> <Storage> <Opcode : 'load'> <Ports = 0> <Width = 32> <Depth = 16> <ROM>
ST_115 : Operation 691 [4/4] (4.67ns)   --->   "%mul_i_16 = fmul i32 %temp_output_0_load_18, i32 %layer2_weights_17_load" [matmul.cpp:31]   --->   Operation 691 'fmul' 'mul_i_16' <Predicate = (!icmp_ln25)> <Delay = 4.67> <CoreInst = "FMul_maxdsp">   --->   Core 30 'FMul_maxdsp' <Latency = 3> <II = 1> <Delay = 4.67> <FuncUnit> <Opcode : 'fmul'> <InPorts = 2> <OutPorts = 1>

State 116 <SV = 113> <Delay = 6.01>
ST_116 : Operation 692 [3/5] (6.01ns)   --->   "%sum_1_15 = fadd i32 %sum_1_14, i32 %mul_i_15" [matmul.cpp:31]   --->   Operation 692 'fadd' 'sum_1_15' <Predicate = (!icmp_ln25)> <Delay = 6.01> <CoreInst = "FAddSub_fulldsp">   --->   Core 18 'FAddSub_fulldsp' <Latency = 4> <II = 1> <Delay = 6.01> <FuncUnit> <Opcode : 'fadd' 'fsub'> <InPorts = 2> <OutPorts = 1>
ST_116 : Operation 693 [3/4] (4.67ns)   --->   "%mul_i_16 = fmul i32 %temp_output_0_load_18, i32 %layer2_weights_17_load" [matmul.cpp:31]   --->   Operation 693 'fmul' 'mul_i_16' <Predicate = (!icmp_ln25)> <Delay = 4.67> <CoreInst = "FMul_maxdsp">   --->   Core 30 'FMul_maxdsp' <Latency = 3> <II = 1> <Delay = 4.67> <FuncUnit> <Opcode : 'fmul'> <InPorts = 2> <OutPorts = 1>

State 117 <SV = 114> <Delay = 6.01>
ST_117 : Operation 694 [2/5] (6.01ns)   --->   "%sum_1_15 = fadd i32 %sum_1_14, i32 %mul_i_15" [matmul.cpp:31]   --->   Operation 694 'fadd' 'sum_1_15' <Predicate = (!icmp_ln25)> <Delay = 6.01> <CoreInst = "FAddSub_fulldsp">   --->   Core 18 'FAddSub_fulldsp' <Latency = 4> <II = 1> <Delay = 6.01> <FuncUnit> <Opcode : 'fadd' 'fsub'> <InPorts = 2> <OutPorts = 1>
ST_117 : Operation 695 [2/4] (4.67ns)   --->   "%mul_i_16 = fmul i32 %temp_output_0_load_18, i32 %layer2_weights_17_load" [matmul.cpp:31]   --->   Operation 695 'fmul' 'mul_i_16' <Predicate = (!icmp_ln25)> <Delay = 4.67> <CoreInst = "FMul_maxdsp">   --->   Core 30 'FMul_maxdsp' <Latency = 3> <II = 1> <Delay = 4.67> <FuncUnit> <Opcode : 'fmul'> <InPorts = 2> <OutPorts = 1>

State 118 <SV = 115> <Delay = 6.01>
ST_118 : Operation 696 [1/5] (6.01ns)   --->   "%sum_1_15 = fadd i32 %sum_1_14, i32 %mul_i_15" [matmul.cpp:31]   --->   Operation 696 'fadd' 'sum_1_15' <Predicate = (!icmp_ln25)> <Delay = 6.01> <CoreInst = "FAddSub_fulldsp">   --->   Core 18 'FAddSub_fulldsp' <Latency = 4> <II = 1> <Delay = 6.01> <FuncUnit> <Opcode : 'fadd' 'fsub'> <InPorts = 2> <OutPorts = 1>
ST_118 : Operation 697 [1/4] (4.67ns)   --->   "%mul_i_16 = fmul i32 %temp_output_0_load_18, i32 %layer2_weights_17_load" [matmul.cpp:31]   --->   Operation 697 'fmul' 'mul_i_16' <Predicate = (!icmp_ln25)> <Delay = 4.67> <CoreInst = "FMul_maxdsp">   --->   Core 30 'FMul_maxdsp' <Latency = 3> <II = 1> <Delay = 4.67> <FuncUnit> <Opcode : 'fmul'> <InPorts = 2> <OutPorts = 1>

State 119 <SV = 116> <Delay = 6.01>
ST_119 : Operation 698 [5/5] (6.01ns)   --->   "%sum_1_16 = fadd i32 %sum_1_15, i32 %mul_i_16" [matmul.cpp:31]   --->   Operation 698 'fadd' 'sum_1_16' <Predicate = (!icmp_ln25)> <Delay = 6.01> <CoreInst = "FAddSub_fulldsp">   --->   Core 18 'FAddSub_fulldsp' <Latency = 4> <II = 1> <Delay = 6.01> <FuncUnit> <Opcode : 'fadd' 'fsub'> <InPorts = 2> <OutPorts = 1>
ST_119 : Operation 699 [1/1] (0.00ns)   --->   "%layer2_weights_18_addr = getelementptr i32 %layer2_weights_18, i64 0, i64 %j_cast" [matmul.cpp:31]   --->   Operation 699 'getelementptr' 'layer2_weights_18_addr' <Predicate = (!icmp_ln25)> <Delay = 0.00>
ST_119 : Operation 700 [2/2] (0.79ns)   --->   "%layer2_weights_18_load = load i4 %layer2_weights_18_addr" [matmul.cpp:31]   --->   Operation 700 'load' 'layer2_weights_18_load' <Predicate = (!icmp_ln25)> <Delay = 0.79> <CoreInst = "ROM">   --->   Core 101 'ROM' <Latency = 1> <II = 1> <Delay = 0.79> <Storage> <Opcode : 'load'> <Ports = 0> <Width = 32> <Depth = 16> <ROM>

State 120 <SV = 117> <Delay = 6.01>
ST_120 : Operation 701 [4/5] (6.01ns)   --->   "%sum_1_16 = fadd i32 %sum_1_15, i32 %mul_i_16" [matmul.cpp:31]   --->   Operation 701 'fadd' 'sum_1_16' <Predicate = (!icmp_ln25)> <Delay = 6.01> <CoreInst = "FAddSub_fulldsp">   --->   Core 18 'FAddSub_fulldsp' <Latency = 4> <II = 1> <Delay = 6.01> <FuncUnit> <Opcode : 'fadd' 'fsub'> <InPorts = 2> <OutPorts = 1>
ST_120 : Operation 702 [1/2] (0.79ns)   --->   "%layer2_weights_18_load = load i4 %layer2_weights_18_addr" [matmul.cpp:31]   --->   Operation 702 'load' 'layer2_weights_18_load' <Predicate = (!icmp_ln25)> <Delay = 0.79> <CoreInst = "ROM">   --->   Core 101 'ROM' <Latency = 1> <II = 1> <Delay = 0.79> <Storage> <Opcode : 'load'> <Ports = 0> <Width = 32> <Depth = 16> <ROM>
ST_120 : Operation 703 [4/4] (4.67ns)   --->   "%mul_i_17 = fmul i32 %temp_output_0_load_19, i32 %layer2_weights_18_load" [matmul.cpp:31]   --->   Operation 703 'fmul' 'mul_i_17' <Predicate = (!icmp_ln25)> <Delay = 4.67> <CoreInst = "FMul_maxdsp">   --->   Core 30 'FMul_maxdsp' <Latency = 3> <II = 1> <Delay = 4.67> <FuncUnit> <Opcode : 'fmul'> <InPorts = 2> <OutPorts = 1>

State 121 <SV = 118> <Delay = 6.01>
ST_121 : Operation 704 [3/5] (6.01ns)   --->   "%sum_1_16 = fadd i32 %sum_1_15, i32 %mul_i_16" [matmul.cpp:31]   --->   Operation 704 'fadd' 'sum_1_16' <Predicate = (!icmp_ln25)> <Delay = 6.01> <CoreInst = "FAddSub_fulldsp">   --->   Core 18 'FAddSub_fulldsp' <Latency = 4> <II = 1> <Delay = 6.01> <FuncUnit> <Opcode : 'fadd' 'fsub'> <InPorts = 2> <OutPorts = 1>
ST_121 : Operation 705 [3/4] (4.67ns)   --->   "%mul_i_17 = fmul i32 %temp_output_0_load_19, i32 %layer2_weights_18_load" [matmul.cpp:31]   --->   Operation 705 'fmul' 'mul_i_17' <Predicate = (!icmp_ln25)> <Delay = 4.67> <CoreInst = "FMul_maxdsp">   --->   Core 30 'FMul_maxdsp' <Latency = 3> <II = 1> <Delay = 4.67> <FuncUnit> <Opcode : 'fmul'> <InPorts = 2> <OutPorts = 1>

State 122 <SV = 119> <Delay = 6.01>
ST_122 : Operation 706 [2/5] (6.01ns)   --->   "%sum_1_16 = fadd i32 %sum_1_15, i32 %mul_i_16" [matmul.cpp:31]   --->   Operation 706 'fadd' 'sum_1_16' <Predicate = (!icmp_ln25)> <Delay = 6.01> <CoreInst = "FAddSub_fulldsp">   --->   Core 18 'FAddSub_fulldsp' <Latency = 4> <II = 1> <Delay = 6.01> <FuncUnit> <Opcode : 'fadd' 'fsub'> <InPorts = 2> <OutPorts = 1>
ST_122 : Operation 707 [2/4] (4.67ns)   --->   "%mul_i_17 = fmul i32 %temp_output_0_load_19, i32 %layer2_weights_18_load" [matmul.cpp:31]   --->   Operation 707 'fmul' 'mul_i_17' <Predicate = (!icmp_ln25)> <Delay = 4.67> <CoreInst = "FMul_maxdsp">   --->   Core 30 'FMul_maxdsp' <Latency = 3> <II = 1> <Delay = 4.67> <FuncUnit> <Opcode : 'fmul'> <InPorts = 2> <OutPorts = 1>

State 123 <SV = 120> <Delay = 6.01>
ST_123 : Operation 708 [1/5] (6.01ns)   --->   "%sum_1_16 = fadd i32 %sum_1_15, i32 %mul_i_16" [matmul.cpp:31]   --->   Operation 708 'fadd' 'sum_1_16' <Predicate = (!icmp_ln25)> <Delay = 6.01> <CoreInst = "FAddSub_fulldsp">   --->   Core 18 'FAddSub_fulldsp' <Latency = 4> <II = 1> <Delay = 6.01> <FuncUnit> <Opcode : 'fadd' 'fsub'> <InPorts = 2> <OutPorts = 1>
ST_123 : Operation 709 [1/4] (4.67ns)   --->   "%mul_i_17 = fmul i32 %temp_output_0_load_19, i32 %layer2_weights_18_load" [matmul.cpp:31]   --->   Operation 709 'fmul' 'mul_i_17' <Predicate = (!icmp_ln25)> <Delay = 4.67> <CoreInst = "FMul_maxdsp">   --->   Core 30 'FMul_maxdsp' <Latency = 3> <II = 1> <Delay = 4.67> <FuncUnit> <Opcode : 'fmul'> <InPorts = 2> <OutPorts = 1>

State 124 <SV = 121> <Delay = 6.01>
ST_124 : Operation 710 [5/5] (6.01ns)   --->   "%sum_1_17 = fadd i32 %sum_1_16, i32 %mul_i_17" [matmul.cpp:31]   --->   Operation 710 'fadd' 'sum_1_17' <Predicate = (!icmp_ln25)> <Delay = 6.01> <CoreInst = "FAddSub_fulldsp">   --->   Core 18 'FAddSub_fulldsp' <Latency = 4> <II = 1> <Delay = 6.01> <FuncUnit> <Opcode : 'fadd' 'fsub'> <InPorts = 2> <OutPorts = 1>
ST_124 : Operation 711 [1/1] (0.00ns)   --->   "%layer2_weights_19_addr = getelementptr i32 %layer2_weights_19, i64 0, i64 %j_cast" [matmul.cpp:31]   --->   Operation 711 'getelementptr' 'layer2_weights_19_addr' <Predicate = (!icmp_ln25)> <Delay = 0.00>
ST_124 : Operation 712 [2/2] (0.79ns)   --->   "%layer2_weights_19_load = load i4 %layer2_weights_19_addr" [matmul.cpp:31]   --->   Operation 712 'load' 'layer2_weights_19_load' <Predicate = (!icmp_ln25)> <Delay = 0.79> <CoreInst = "ROM">   --->   Core 101 'ROM' <Latency = 1> <II = 1> <Delay = 0.79> <Storage> <Opcode : 'load'> <Ports = 0> <Width = 32> <Depth = 16> <ROM>

State 125 <SV = 122> <Delay = 6.01>
ST_125 : Operation 713 [4/5] (6.01ns)   --->   "%sum_1_17 = fadd i32 %sum_1_16, i32 %mul_i_17" [matmul.cpp:31]   --->   Operation 713 'fadd' 'sum_1_17' <Predicate = (!icmp_ln25)> <Delay = 6.01> <CoreInst = "FAddSub_fulldsp">   --->   Core 18 'FAddSub_fulldsp' <Latency = 4> <II = 1> <Delay = 6.01> <FuncUnit> <Opcode : 'fadd' 'fsub'> <InPorts = 2> <OutPorts = 1>
ST_125 : Operation 714 [1/2] (0.79ns)   --->   "%layer2_weights_19_load = load i4 %layer2_weights_19_addr" [matmul.cpp:31]   --->   Operation 714 'load' 'layer2_weights_19_load' <Predicate = (!icmp_ln25)> <Delay = 0.79> <CoreInst = "ROM">   --->   Core 101 'ROM' <Latency = 1> <II = 1> <Delay = 0.79> <Storage> <Opcode : 'load'> <Ports = 0> <Width = 32> <Depth = 16> <ROM>
ST_125 : Operation 715 [4/4] (4.67ns)   --->   "%mul_i_18 = fmul i32 %temp_output_0_load_20, i32 %layer2_weights_19_load" [matmul.cpp:31]   --->   Operation 715 'fmul' 'mul_i_18' <Predicate = (!icmp_ln25)> <Delay = 4.67> <CoreInst = "FMul_maxdsp">   --->   Core 30 'FMul_maxdsp' <Latency = 3> <II = 1> <Delay = 4.67> <FuncUnit> <Opcode : 'fmul'> <InPorts = 2> <OutPorts = 1>

State 126 <SV = 123> <Delay = 6.01>
ST_126 : Operation 716 [3/5] (6.01ns)   --->   "%sum_1_17 = fadd i32 %sum_1_16, i32 %mul_i_17" [matmul.cpp:31]   --->   Operation 716 'fadd' 'sum_1_17' <Predicate = (!icmp_ln25)> <Delay = 6.01> <CoreInst = "FAddSub_fulldsp">   --->   Core 18 'FAddSub_fulldsp' <Latency = 4> <II = 1> <Delay = 6.01> <FuncUnit> <Opcode : 'fadd' 'fsub'> <InPorts = 2> <OutPorts = 1>
ST_126 : Operation 717 [3/4] (4.67ns)   --->   "%mul_i_18 = fmul i32 %temp_output_0_load_20, i32 %layer2_weights_19_load" [matmul.cpp:31]   --->   Operation 717 'fmul' 'mul_i_18' <Predicate = (!icmp_ln25)> <Delay = 4.67> <CoreInst = "FMul_maxdsp">   --->   Core 30 'FMul_maxdsp' <Latency = 3> <II = 1> <Delay = 4.67> <FuncUnit> <Opcode : 'fmul'> <InPorts = 2> <OutPorts = 1>

State 127 <SV = 124> <Delay = 6.01>
ST_127 : Operation 718 [2/5] (6.01ns)   --->   "%sum_1_17 = fadd i32 %sum_1_16, i32 %mul_i_17" [matmul.cpp:31]   --->   Operation 718 'fadd' 'sum_1_17' <Predicate = (!icmp_ln25)> <Delay = 6.01> <CoreInst = "FAddSub_fulldsp">   --->   Core 18 'FAddSub_fulldsp' <Latency = 4> <II = 1> <Delay = 6.01> <FuncUnit> <Opcode : 'fadd' 'fsub'> <InPorts = 2> <OutPorts = 1>
ST_127 : Operation 719 [2/4] (4.67ns)   --->   "%mul_i_18 = fmul i32 %temp_output_0_load_20, i32 %layer2_weights_19_load" [matmul.cpp:31]   --->   Operation 719 'fmul' 'mul_i_18' <Predicate = (!icmp_ln25)> <Delay = 4.67> <CoreInst = "FMul_maxdsp">   --->   Core 30 'FMul_maxdsp' <Latency = 3> <II = 1> <Delay = 4.67> <FuncUnit> <Opcode : 'fmul'> <InPorts = 2> <OutPorts = 1>

State 128 <SV = 125> <Delay = 6.01>
ST_128 : Operation 720 [1/5] (6.01ns)   --->   "%sum_1_17 = fadd i32 %sum_1_16, i32 %mul_i_17" [matmul.cpp:31]   --->   Operation 720 'fadd' 'sum_1_17' <Predicate = (!icmp_ln25)> <Delay = 6.01> <CoreInst = "FAddSub_fulldsp">   --->   Core 18 'FAddSub_fulldsp' <Latency = 4> <II = 1> <Delay = 6.01> <FuncUnit> <Opcode : 'fadd' 'fsub'> <InPorts = 2> <OutPorts = 1>
ST_128 : Operation 721 [1/4] (4.67ns)   --->   "%mul_i_18 = fmul i32 %temp_output_0_load_20, i32 %layer2_weights_19_load" [matmul.cpp:31]   --->   Operation 721 'fmul' 'mul_i_18' <Predicate = (!icmp_ln25)> <Delay = 4.67> <CoreInst = "FMul_maxdsp">   --->   Core 30 'FMul_maxdsp' <Latency = 3> <II = 1> <Delay = 4.67> <FuncUnit> <Opcode : 'fmul'> <InPorts = 2> <OutPorts = 1>

State 129 <SV = 126> <Delay = 6.01>
ST_129 : Operation 722 [5/5] (6.01ns)   --->   "%sum_1_18 = fadd i32 %sum_1_17, i32 %mul_i_18" [matmul.cpp:31]   --->   Operation 722 'fadd' 'sum_1_18' <Predicate = (!icmp_ln25)> <Delay = 6.01> <CoreInst = "FAddSub_fulldsp">   --->   Core 18 'FAddSub_fulldsp' <Latency = 4> <II = 1> <Delay = 6.01> <FuncUnit> <Opcode : 'fadd' 'fsub'> <InPorts = 2> <OutPorts = 1>
ST_129 : Operation 723 [1/1] (0.00ns)   --->   "%layer2_weights_20_addr = getelementptr i32 %layer2_weights_20, i64 0, i64 %j_cast" [matmul.cpp:31]   --->   Operation 723 'getelementptr' 'layer2_weights_20_addr' <Predicate = (!icmp_ln25)> <Delay = 0.00>
ST_129 : Operation 724 [2/2] (0.79ns)   --->   "%layer2_weights_20_load = load i4 %layer2_weights_20_addr" [matmul.cpp:31]   --->   Operation 724 'load' 'layer2_weights_20_load' <Predicate = (!icmp_ln25)> <Delay = 0.79> <CoreInst = "ROM">   --->   Core 101 'ROM' <Latency = 1> <II = 1> <Delay = 0.79> <Storage> <Opcode : 'load'> <Ports = 0> <Width = 32> <Depth = 16> <ROM>

State 130 <SV = 127> <Delay = 6.01>
ST_130 : Operation 725 [4/5] (6.01ns)   --->   "%sum_1_18 = fadd i32 %sum_1_17, i32 %mul_i_18" [matmul.cpp:31]   --->   Operation 725 'fadd' 'sum_1_18' <Predicate = (!icmp_ln25)> <Delay = 6.01> <CoreInst = "FAddSub_fulldsp">   --->   Core 18 'FAddSub_fulldsp' <Latency = 4> <II = 1> <Delay = 6.01> <FuncUnit> <Opcode : 'fadd' 'fsub'> <InPorts = 2> <OutPorts = 1>
ST_130 : Operation 726 [1/2] (0.79ns)   --->   "%layer2_weights_20_load = load i4 %layer2_weights_20_addr" [matmul.cpp:31]   --->   Operation 726 'load' 'layer2_weights_20_load' <Predicate = (!icmp_ln25)> <Delay = 0.79> <CoreInst = "ROM">   --->   Core 101 'ROM' <Latency = 1> <II = 1> <Delay = 0.79> <Storage> <Opcode : 'load'> <Ports = 0> <Width = 32> <Depth = 16> <ROM>
ST_130 : Operation 727 [4/4] (4.67ns)   --->   "%mul_i_19 = fmul i32 %temp_output_0_load_21, i32 %layer2_weights_20_load" [matmul.cpp:31]   --->   Operation 727 'fmul' 'mul_i_19' <Predicate = (!icmp_ln25)> <Delay = 4.67> <CoreInst = "FMul_maxdsp">   --->   Core 30 'FMul_maxdsp' <Latency = 3> <II = 1> <Delay = 4.67> <FuncUnit> <Opcode : 'fmul'> <InPorts = 2> <OutPorts = 1>

State 131 <SV = 128> <Delay = 6.01>
ST_131 : Operation 728 [3/5] (6.01ns)   --->   "%sum_1_18 = fadd i32 %sum_1_17, i32 %mul_i_18" [matmul.cpp:31]   --->   Operation 728 'fadd' 'sum_1_18' <Predicate = (!icmp_ln25)> <Delay = 6.01> <CoreInst = "FAddSub_fulldsp">   --->   Core 18 'FAddSub_fulldsp' <Latency = 4> <II = 1> <Delay = 6.01> <FuncUnit> <Opcode : 'fadd' 'fsub'> <InPorts = 2> <OutPorts = 1>
ST_131 : Operation 729 [3/4] (4.67ns)   --->   "%mul_i_19 = fmul i32 %temp_output_0_load_21, i32 %layer2_weights_20_load" [matmul.cpp:31]   --->   Operation 729 'fmul' 'mul_i_19' <Predicate = (!icmp_ln25)> <Delay = 4.67> <CoreInst = "FMul_maxdsp">   --->   Core 30 'FMul_maxdsp' <Latency = 3> <II = 1> <Delay = 4.67> <FuncUnit> <Opcode : 'fmul'> <InPorts = 2> <OutPorts = 1>

State 132 <SV = 129> <Delay = 6.01>
ST_132 : Operation 730 [2/5] (6.01ns)   --->   "%sum_1_18 = fadd i32 %sum_1_17, i32 %mul_i_18" [matmul.cpp:31]   --->   Operation 730 'fadd' 'sum_1_18' <Predicate = (!icmp_ln25)> <Delay = 6.01> <CoreInst = "FAddSub_fulldsp">   --->   Core 18 'FAddSub_fulldsp' <Latency = 4> <II = 1> <Delay = 6.01> <FuncUnit> <Opcode : 'fadd' 'fsub'> <InPorts = 2> <OutPorts = 1>
ST_132 : Operation 731 [2/4] (4.67ns)   --->   "%mul_i_19 = fmul i32 %temp_output_0_load_21, i32 %layer2_weights_20_load" [matmul.cpp:31]   --->   Operation 731 'fmul' 'mul_i_19' <Predicate = (!icmp_ln25)> <Delay = 4.67> <CoreInst = "FMul_maxdsp">   --->   Core 30 'FMul_maxdsp' <Latency = 3> <II = 1> <Delay = 4.67> <FuncUnit> <Opcode : 'fmul'> <InPorts = 2> <OutPorts = 1>

State 133 <SV = 130> <Delay = 6.01>
ST_133 : Operation 732 [1/5] (6.01ns)   --->   "%sum_1_18 = fadd i32 %sum_1_17, i32 %mul_i_18" [matmul.cpp:31]   --->   Operation 732 'fadd' 'sum_1_18' <Predicate = (!icmp_ln25)> <Delay = 6.01> <CoreInst = "FAddSub_fulldsp">   --->   Core 18 'FAddSub_fulldsp' <Latency = 4> <II = 1> <Delay = 6.01> <FuncUnit> <Opcode : 'fadd' 'fsub'> <InPorts = 2> <OutPorts = 1>
ST_133 : Operation 733 [1/4] (4.67ns)   --->   "%mul_i_19 = fmul i32 %temp_output_0_load_21, i32 %layer2_weights_20_load" [matmul.cpp:31]   --->   Operation 733 'fmul' 'mul_i_19' <Predicate = (!icmp_ln25)> <Delay = 4.67> <CoreInst = "FMul_maxdsp">   --->   Core 30 'FMul_maxdsp' <Latency = 3> <II = 1> <Delay = 4.67> <FuncUnit> <Opcode : 'fmul'> <InPorts = 2> <OutPorts = 1>

State 134 <SV = 131> <Delay = 6.01>
ST_134 : Operation 734 [5/5] (6.01ns)   --->   "%sum_1_19 = fadd i32 %sum_1_18, i32 %mul_i_19" [matmul.cpp:31]   --->   Operation 734 'fadd' 'sum_1_19' <Predicate = (!icmp_ln25)> <Delay = 6.01> <CoreInst = "FAddSub_fulldsp">   --->   Core 18 'FAddSub_fulldsp' <Latency = 4> <II = 1> <Delay = 6.01> <FuncUnit> <Opcode : 'fadd' 'fsub'> <InPorts = 2> <OutPorts = 1>
ST_134 : Operation 735 [1/1] (0.00ns)   --->   "%layer2_weights_21_addr = getelementptr i32 %layer2_weights_21, i64 0, i64 %j_cast" [matmul.cpp:31]   --->   Operation 735 'getelementptr' 'layer2_weights_21_addr' <Predicate = (!icmp_ln25)> <Delay = 0.00>
ST_134 : Operation 736 [2/2] (0.79ns)   --->   "%layer2_weights_21_load = load i4 %layer2_weights_21_addr" [matmul.cpp:31]   --->   Operation 736 'load' 'layer2_weights_21_load' <Predicate = (!icmp_ln25)> <Delay = 0.79> <CoreInst = "ROM">   --->   Core 101 'ROM' <Latency = 1> <II = 1> <Delay = 0.79> <Storage> <Opcode : 'load'> <Ports = 0> <Width = 32> <Depth = 16> <ROM>

State 135 <SV = 132> <Delay = 6.01>
ST_135 : Operation 737 [4/5] (6.01ns)   --->   "%sum_1_19 = fadd i32 %sum_1_18, i32 %mul_i_19" [matmul.cpp:31]   --->   Operation 737 'fadd' 'sum_1_19' <Predicate = (!icmp_ln25)> <Delay = 6.01> <CoreInst = "FAddSub_fulldsp">   --->   Core 18 'FAddSub_fulldsp' <Latency = 4> <II = 1> <Delay = 6.01> <FuncUnit> <Opcode : 'fadd' 'fsub'> <InPorts = 2> <OutPorts = 1>
ST_135 : Operation 738 [1/2] (0.79ns)   --->   "%layer2_weights_21_load = load i4 %layer2_weights_21_addr" [matmul.cpp:31]   --->   Operation 738 'load' 'layer2_weights_21_load' <Predicate = (!icmp_ln25)> <Delay = 0.79> <CoreInst = "ROM">   --->   Core 101 'ROM' <Latency = 1> <II = 1> <Delay = 0.79> <Storage> <Opcode : 'load'> <Ports = 0> <Width = 32> <Depth = 16> <ROM>
ST_135 : Operation 739 [4/4] (4.67ns)   --->   "%mul_i_20 = fmul i32 %temp_output_0_load_22, i32 %layer2_weights_21_load" [matmul.cpp:31]   --->   Operation 739 'fmul' 'mul_i_20' <Predicate = (!icmp_ln25)> <Delay = 4.67> <CoreInst = "FMul_maxdsp">   --->   Core 30 'FMul_maxdsp' <Latency = 3> <II = 1> <Delay = 4.67> <FuncUnit> <Opcode : 'fmul'> <InPorts = 2> <OutPorts = 1>

State 136 <SV = 133> <Delay = 6.01>
ST_136 : Operation 740 [3/5] (6.01ns)   --->   "%sum_1_19 = fadd i32 %sum_1_18, i32 %mul_i_19" [matmul.cpp:31]   --->   Operation 740 'fadd' 'sum_1_19' <Predicate = (!icmp_ln25)> <Delay = 6.01> <CoreInst = "FAddSub_fulldsp">   --->   Core 18 'FAddSub_fulldsp' <Latency = 4> <II = 1> <Delay = 6.01> <FuncUnit> <Opcode : 'fadd' 'fsub'> <InPorts = 2> <OutPorts = 1>
ST_136 : Operation 741 [3/4] (4.67ns)   --->   "%mul_i_20 = fmul i32 %temp_output_0_load_22, i32 %layer2_weights_21_load" [matmul.cpp:31]   --->   Operation 741 'fmul' 'mul_i_20' <Predicate = (!icmp_ln25)> <Delay = 4.67> <CoreInst = "FMul_maxdsp">   --->   Core 30 'FMul_maxdsp' <Latency = 3> <II = 1> <Delay = 4.67> <FuncUnit> <Opcode : 'fmul'> <InPorts = 2> <OutPorts = 1>

State 137 <SV = 134> <Delay = 6.01>
ST_137 : Operation 742 [2/5] (6.01ns)   --->   "%sum_1_19 = fadd i32 %sum_1_18, i32 %mul_i_19" [matmul.cpp:31]   --->   Operation 742 'fadd' 'sum_1_19' <Predicate = (!icmp_ln25)> <Delay = 6.01> <CoreInst = "FAddSub_fulldsp">   --->   Core 18 'FAddSub_fulldsp' <Latency = 4> <II = 1> <Delay = 6.01> <FuncUnit> <Opcode : 'fadd' 'fsub'> <InPorts = 2> <OutPorts = 1>
ST_137 : Operation 743 [2/4] (4.67ns)   --->   "%mul_i_20 = fmul i32 %temp_output_0_load_22, i32 %layer2_weights_21_load" [matmul.cpp:31]   --->   Operation 743 'fmul' 'mul_i_20' <Predicate = (!icmp_ln25)> <Delay = 4.67> <CoreInst = "FMul_maxdsp">   --->   Core 30 'FMul_maxdsp' <Latency = 3> <II = 1> <Delay = 4.67> <FuncUnit> <Opcode : 'fmul'> <InPorts = 2> <OutPorts = 1>

State 138 <SV = 135> <Delay = 6.01>
ST_138 : Operation 744 [1/5] (6.01ns)   --->   "%sum_1_19 = fadd i32 %sum_1_18, i32 %mul_i_19" [matmul.cpp:31]   --->   Operation 744 'fadd' 'sum_1_19' <Predicate = (!icmp_ln25)> <Delay = 6.01> <CoreInst = "FAddSub_fulldsp">   --->   Core 18 'FAddSub_fulldsp' <Latency = 4> <II = 1> <Delay = 6.01> <FuncUnit> <Opcode : 'fadd' 'fsub'> <InPorts = 2> <OutPorts = 1>
ST_138 : Operation 745 [1/4] (4.67ns)   --->   "%mul_i_20 = fmul i32 %temp_output_0_load_22, i32 %layer2_weights_21_load" [matmul.cpp:31]   --->   Operation 745 'fmul' 'mul_i_20' <Predicate = (!icmp_ln25)> <Delay = 4.67> <CoreInst = "FMul_maxdsp">   --->   Core 30 'FMul_maxdsp' <Latency = 3> <II = 1> <Delay = 4.67> <FuncUnit> <Opcode : 'fmul'> <InPorts = 2> <OutPorts = 1>

State 139 <SV = 136> <Delay = 6.01>
ST_139 : Operation 746 [5/5] (6.01ns)   --->   "%sum_1_20 = fadd i32 %sum_1_19, i32 %mul_i_20" [matmul.cpp:31]   --->   Operation 746 'fadd' 'sum_1_20' <Predicate = (!icmp_ln25)> <Delay = 6.01> <CoreInst = "FAddSub_fulldsp">   --->   Core 18 'FAddSub_fulldsp' <Latency = 4> <II = 1> <Delay = 6.01> <FuncUnit> <Opcode : 'fadd' 'fsub'> <InPorts = 2> <OutPorts = 1>
ST_139 : Operation 747 [1/1] (0.00ns)   --->   "%layer2_weights_22_addr = getelementptr i32 %layer2_weights_22, i64 0, i64 %j_cast" [matmul.cpp:31]   --->   Operation 747 'getelementptr' 'layer2_weights_22_addr' <Predicate = (!icmp_ln25)> <Delay = 0.00>
ST_139 : Operation 748 [2/2] (0.79ns)   --->   "%layer2_weights_22_load = load i4 %layer2_weights_22_addr" [matmul.cpp:31]   --->   Operation 748 'load' 'layer2_weights_22_load' <Predicate = (!icmp_ln25)> <Delay = 0.79> <CoreInst = "ROM">   --->   Core 101 'ROM' <Latency = 1> <II = 1> <Delay = 0.79> <Storage> <Opcode : 'load'> <Ports = 0> <Width = 32> <Depth = 16> <ROM>

State 140 <SV = 137> <Delay = 6.01>
ST_140 : Operation 749 [4/5] (6.01ns)   --->   "%sum_1_20 = fadd i32 %sum_1_19, i32 %mul_i_20" [matmul.cpp:31]   --->   Operation 749 'fadd' 'sum_1_20' <Predicate = (!icmp_ln25)> <Delay = 6.01> <CoreInst = "FAddSub_fulldsp">   --->   Core 18 'FAddSub_fulldsp' <Latency = 4> <II = 1> <Delay = 6.01> <FuncUnit> <Opcode : 'fadd' 'fsub'> <InPorts = 2> <OutPorts = 1>
ST_140 : Operation 750 [1/2] (0.79ns)   --->   "%layer2_weights_22_load = load i4 %layer2_weights_22_addr" [matmul.cpp:31]   --->   Operation 750 'load' 'layer2_weights_22_load' <Predicate = (!icmp_ln25)> <Delay = 0.79> <CoreInst = "ROM">   --->   Core 101 'ROM' <Latency = 1> <II = 1> <Delay = 0.79> <Storage> <Opcode : 'load'> <Ports = 0> <Width = 32> <Depth = 16> <ROM>
ST_140 : Operation 751 [4/4] (4.67ns)   --->   "%mul_i_21 = fmul i32 %temp_output_0_load_23, i32 %layer2_weights_22_load" [matmul.cpp:31]   --->   Operation 751 'fmul' 'mul_i_21' <Predicate = (!icmp_ln25)> <Delay = 4.67> <CoreInst = "FMul_maxdsp">   --->   Core 30 'FMul_maxdsp' <Latency = 3> <II = 1> <Delay = 4.67> <FuncUnit> <Opcode : 'fmul'> <InPorts = 2> <OutPorts = 1>

State 141 <SV = 138> <Delay = 6.01>
ST_141 : Operation 752 [3/5] (6.01ns)   --->   "%sum_1_20 = fadd i32 %sum_1_19, i32 %mul_i_20" [matmul.cpp:31]   --->   Operation 752 'fadd' 'sum_1_20' <Predicate = (!icmp_ln25)> <Delay = 6.01> <CoreInst = "FAddSub_fulldsp">   --->   Core 18 'FAddSub_fulldsp' <Latency = 4> <II = 1> <Delay = 6.01> <FuncUnit> <Opcode : 'fadd' 'fsub'> <InPorts = 2> <OutPorts = 1>
ST_141 : Operation 753 [3/4] (4.67ns)   --->   "%mul_i_21 = fmul i32 %temp_output_0_load_23, i32 %layer2_weights_22_load" [matmul.cpp:31]   --->   Operation 753 'fmul' 'mul_i_21' <Predicate = (!icmp_ln25)> <Delay = 4.67> <CoreInst = "FMul_maxdsp">   --->   Core 30 'FMul_maxdsp' <Latency = 3> <II = 1> <Delay = 4.67> <FuncUnit> <Opcode : 'fmul'> <InPorts = 2> <OutPorts = 1>

State 142 <SV = 139> <Delay = 6.01>
ST_142 : Operation 754 [2/5] (6.01ns)   --->   "%sum_1_20 = fadd i32 %sum_1_19, i32 %mul_i_20" [matmul.cpp:31]   --->   Operation 754 'fadd' 'sum_1_20' <Predicate = (!icmp_ln25)> <Delay = 6.01> <CoreInst = "FAddSub_fulldsp">   --->   Core 18 'FAddSub_fulldsp' <Latency = 4> <II = 1> <Delay = 6.01> <FuncUnit> <Opcode : 'fadd' 'fsub'> <InPorts = 2> <OutPorts = 1>
ST_142 : Operation 755 [2/4] (4.67ns)   --->   "%mul_i_21 = fmul i32 %temp_output_0_load_23, i32 %layer2_weights_22_load" [matmul.cpp:31]   --->   Operation 755 'fmul' 'mul_i_21' <Predicate = (!icmp_ln25)> <Delay = 4.67> <CoreInst = "FMul_maxdsp">   --->   Core 30 'FMul_maxdsp' <Latency = 3> <II = 1> <Delay = 4.67> <FuncUnit> <Opcode : 'fmul'> <InPorts = 2> <OutPorts = 1>

State 143 <SV = 140> <Delay = 6.01>
ST_143 : Operation 756 [1/5] (6.01ns)   --->   "%sum_1_20 = fadd i32 %sum_1_19, i32 %mul_i_20" [matmul.cpp:31]   --->   Operation 756 'fadd' 'sum_1_20' <Predicate = (!icmp_ln25)> <Delay = 6.01> <CoreInst = "FAddSub_fulldsp">   --->   Core 18 'FAddSub_fulldsp' <Latency = 4> <II = 1> <Delay = 6.01> <FuncUnit> <Opcode : 'fadd' 'fsub'> <InPorts = 2> <OutPorts = 1>
ST_143 : Operation 757 [1/4] (4.67ns)   --->   "%mul_i_21 = fmul i32 %temp_output_0_load_23, i32 %layer2_weights_22_load" [matmul.cpp:31]   --->   Operation 757 'fmul' 'mul_i_21' <Predicate = (!icmp_ln25)> <Delay = 4.67> <CoreInst = "FMul_maxdsp">   --->   Core 30 'FMul_maxdsp' <Latency = 3> <II = 1> <Delay = 4.67> <FuncUnit> <Opcode : 'fmul'> <InPorts = 2> <OutPorts = 1>

State 144 <SV = 141> <Delay = 6.01>
ST_144 : Operation 758 [5/5] (6.01ns)   --->   "%sum_1_21 = fadd i32 %sum_1_20, i32 %mul_i_21" [matmul.cpp:31]   --->   Operation 758 'fadd' 'sum_1_21' <Predicate = (!icmp_ln25)> <Delay = 6.01> <CoreInst = "FAddSub_fulldsp">   --->   Core 18 'FAddSub_fulldsp' <Latency = 4> <II = 1> <Delay = 6.01> <FuncUnit> <Opcode : 'fadd' 'fsub'> <InPorts = 2> <OutPorts = 1>
ST_144 : Operation 759 [1/1] (0.00ns)   --->   "%layer2_weights_23_addr = getelementptr i32 %layer2_weights_23, i64 0, i64 %j_cast" [matmul.cpp:31]   --->   Operation 759 'getelementptr' 'layer2_weights_23_addr' <Predicate = (!icmp_ln25)> <Delay = 0.00>
ST_144 : Operation 760 [2/2] (0.79ns)   --->   "%layer2_weights_23_load = load i4 %layer2_weights_23_addr" [matmul.cpp:31]   --->   Operation 760 'load' 'layer2_weights_23_load' <Predicate = (!icmp_ln25)> <Delay = 0.79> <CoreInst = "ROM">   --->   Core 101 'ROM' <Latency = 1> <II = 1> <Delay = 0.79> <Storage> <Opcode : 'load'> <Ports = 0> <Width = 32> <Depth = 16> <ROM>

State 145 <SV = 142> <Delay = 6.01>
ST_145 : Operation 761 [4/5] (6.01ns)   --->   "%sum_1_21 = fadd i32 %sum_1_20, i32 %mul_i_21" [matmul.cpp:31]   --->   Operation 761 'fadd' 'sum_1_21' <Predicate = (!icmp_ln25)> <Delay = 6.01> <CoreInst = "FAddSub_fulldsp">   --->   Core 18 'FAddSub_fulldsp' <Latency = 4> <II = 1> <Delay = 6.01> <FuncUnit> <Opcode : 'fadd' 'fsub'> <InPorts = 2> <OutPorts = 1>
ST_145 : Operation 762 [1/2] (0.79ns)   --->   "%layer2_weights_23_load = load i4 %layer2_weights_23_addr" [matmul.cpp:31]   --->   Operation 762 'load' 'layer2_weights_23_load' <Predicate = (!icmp_ln25)> <Delay = 0.79> <CoreInst = "ROM">   --->   Core 101 'ROM' <Latency = 1> <II = 1> <Delay = 0.79> <Storage> <Opcode : 'load'> <Ports = 0> <Width = 32> <Depth = 16> <ROM>
ST_145 : Operation 763 [4/4] (4.67ns)   --->   "%mul_i_22 = fmul i32 %temp_output_0_load_24, i32 %layer2_weights_23_load" [matmul.cpp:31]   --->   Operation 763 'fmul' 'mul_i_22' <Predicate = (!icmp_ln25)> <Delay = 4.67> <CoreInst = "FMul_maxdsp">   --->   Core 30 'FMul_maxdsp' <Latency = 3> <II = 1> <Delay = 4.67> <FuncUnit> <Opcode : 'fmul'> <InPorts = 2> <OutPorts = 1>

State 146 <SV = 143> <Delay = 6.01>
ST_146 : Operation 764 [3/5] (6.01ns)   --->   "%sum_1_21 = fadd i32 %sum_1_20, i32 %mul_i_21" [matmul.cpp:31]   --->   Operation 764 'fadd' 'sum_1_21' <Predicate = (!icmp_ln25)> <Delay = 6.01> <CoreInst = "FAddSub_fulldsp">   --->   Core 18 'FAddSub_fulldsp' <Latency = 4> <II = 1> <Delay = 6.01> <FuncUnit> <Opcode : 'fadd' 'fsub'> <InPorts = 2> <OutPorts = 1>
ST_146 : Operation 765 [3/4] (4.67ns)   --->   "%mul_i_22 = fmul i32 %temp_output_0_load_24, i32 %layer2_weights_23_load" [matmul.cpp:31]   --->   Operation 765 'fmul' 'mul_i_22' <Predicate = (!icmp_ln25)> <Delay = 4.67> <CoreInst = "FMul_maxdsp">   --->   Core 30 'FMul_maxdsp' <Latency = 3> <II = 1> <Delay = 4.67> <FuncUnit> <Opcode : 'fmul'> <InPorts = 2> <OutPorts = 1>

State 147 <SV = 144> <Delay = 6.01>
ST_147 : Operation 766 [2/5] (6.01ns)   --->   "%sum_1_21 = fadd i32 %sum_1_20, i32 %mul_i_21" [matmul.cpp:31]   --->   Operation 766 'fadd' 'sum_1_21' <Predicate = (!icmp_ln25)> <Delay = 6.01> <CoreInst = "FAddSub_fulldsp">   --->   Core 18 'FAddSub_fulldsp' <Latency = 4> <II = 1> <Delay = 6.01> <FuncUnit> <Opcode : 'fadd' 'fsub'> <InPorts = 2> <OutPorts = 1>
ST_147 : Operation 767 [2/4] (4.67ns)   --->   "%mul_i_22 = fmul i32 %temp_output_0_load_24, i32 %layer2_weights_23_load" [matmul.cpp:31]   --->   Operation 767 'fmul' 'mul_i_22' <Predicate = (!icmp_ln25)> <Delay = 4.67> <CoreInst = "FMul_maxdsp">   --->   Core 30 'FMul_maxdsp' <Latency = 3> <II = 1> <Delay = 4.67> <FuncUnit> <Opcode : 'fmul'> <InPorts = 2> <OutPorts = 1>

State 148 <SV = 145> <Delay = 6.01>
ST_148 : Operation 768 [1/5] (6.01ns)   --->   "%sum_1_21 = fadd i32 %sum_1_20, i32 %mul_i_21" [matmul.cpp:31]   --->   Operation 768 'fadd' 'sum_1_21' <Predicate = (!icmp_ln25)> <Delay = 6.01> <CoreInst = "FAddSub_fulldsp">   --->   Core 18 'FAddSub_fulldsp' <Latency = 4> <II = 1> <Delay = 6.01> <FuncUnit> <Opcode : 'fadd' 'fsub'> <InPorts = 2> <OutPorts = 1>
ST_148 : Operation 769 [1/4] (4.67ns)   --->   "%mul_i_22 = fmul i32 %temp_output_0_load_24, i32 %layer2_weights_23_load" [matmul.cpp:31]   --->   Operation 769 'fmul' 'mul_i_22' <Predicate = (!icmp_ln25)> <Delay = 4.67> <CoreInst = "FMul_maxdsp">   --->   Core 30 'FMul_maxdsp' <Latency = 3> <II = 1> <Delay = 4.67> <FuncUnit> <Opcode : 'fmul'> <InPorts = 2> <OutPorts = 1>

State 149 <SV = 146> <Delay = 6.01>
ST_149 : Operation 770 [5/5] (6.01ns)   --->   "%sum_1_22 = fadd i32 %sum_1_21, i32 %mul_i_22" [matmul.cpp:31]   --->   Operation 770 'fadd' 'sum_1_22' <Predicate = (!icmp_ln25)> <Delay = 6.01> <CoreInst = "FAddSub_fulldsp">   --->   Core 18 'FAddSub_fulldsp' <Latency = 4> <II = 1> <Delay = 6.01> <FuncUnit> <Opcode : 'fadd' 'fsub'> <InPorts = 2> <OutPorts = 1>
ST_149 : Operation 771 [1/1] (0.00ns)   --->   "%layer2_weights_24_addr = getelementptr i32 %layer2_weights_24, i64 0, i64 %j_cast" [matmul.cpp:31]   --->   Operation 771 'getelementptr' 'layer2_weights_24_addr' <Predicate = (!icmp_ln25)> <Delay = 0.00>
ST_149 : Operation 772 [2/2] (0.79ns)   --->   "%layer2_weights_24_load = load i4 %layer2_weights_24_addr" [matmul.cpp:31]   --->   Operation 772 'load' 'layer2_weights_24_load' <Predicate = (!icmp_ln25)> <Delay = 0.79> <CoreInst = "ROM">   --->   Core 101 'ROM' <Latency = 1> <II = 1> <Delay = 0.79> <Storage> <Opcode : 'load'> <Ports = 0> <Width = 32> <Depth = 16> <ROM>

State 150 <SV = 147> <Delay = 6.01>
ST_150 : Operation 773 [4/5] (6.01ns)   --->   "%sum_1_22 = fadd i32 %sum_1_21, i32 %mul_i_22" [matmul.cpp:31]   --->   Operation 773 'fadd' 'sum_1_22' <Predicate = (!icmp_ln25)> <Delay = 6.01> <CoreInst = "FAddSub_fulldsp">   --->   Core 18 'FAddSub_fulldsp' <Latency = 4> <II = 1> <Delay = 6.01> <FuncUnit> <Opcode : 'fadd' 'fsub'> <InPorts = 2> <OutPorts = 1>
ST_150 : Operation 774 [1/2] (0.79ns)   --->   "%layer2_weights_24_load = load i4 %layer2_weights_24_addr" [matmul.cpp:31]   --->   Operation 774 'load' 'layer2_weights_24_load' <Predicate = (!icmp_ln25)> <Delay = 0.79> <CoreInst = "ROM">   --->   Core 101 'ROM' <Latency = 1> <II = 1> <Delay = 0.79> <Storage> <Opcode : 'load'> <Ports = 0> <Width = 32> <Depth = 16> <ROM>
ST_150 : Operation 775 [4/4] (4.67ns)   --->   "%mul_i_23 = fmul i32 %temp_output_0_load_25, i32 %layer2_weights_24_load" [matmul.cpp:31]   --->   Operation 775 'fmul' 'mul_i_23' <Predicate = (!icmp_ln25)> <Delay = 4.67> <CoreInst = "FMul_maxdsp">   --->   Core 30 'FMul_maxdsp' <Latency = 3> <II = 1> <Delay = 4.67> <FuncUnit> <Opcode : 'fmul'> <InPorts = 2> <OutPorts = 1>

State 151 <SV = 148> <Delay = 6.01>
ST_151 : Operation 776 [3/5] (6.01ns)   --->   "%sum_1_22 = fadd i32 %sum_1_21, i32 %mul_i_22" [matmul.cpp:31]   --->   Operation 776 'fadd' 'sum_1_22' <Predicate = (!icmp_ln25)> <Delay = 6.01> <CoreInst = "FAddSub_fulldsp">   --->   Core 18 'FAddSub_fulldsp' <Latency = 4> <II = 1> <Delay = 6.01> <FuncUnit> <Opcode : 'fadd' 'fsub'> <InPorts = 2> <OutPorts = 1>
ST_151 : Operation 777 [3/4] (4.67ns)   --->   "%mul_i_23 = fmul i32 %temp_output_0_load_25, i32 %layer2_weights_24_load" [matmul.cpp:31]   --->   Operation 777 'fmul' 'mul_i_23' <Predicate = (!icmp_ln25)> <Delay = 4.67> <CoreInst = "FMul_maxdsp">   --->   Core 30 'FMul_maxdsp' <Latency = 3> <II = 1> <Delay = 4.67> <FuncUnit> <Opcode : 'fmul'> <InPorts = 2> <OutPorts = 1>

State 152 <SV = 149> <Delay = 6.01>
ST_152 : Operation 778 [2/5] (6.01ns)   --->   "%sum_1_22 = fadd i32 %sum_1_21, i32 %mul_i_22" [matmul.cpp:31]   --->   Operation 778 'fadd' 'sum_1_22' <Predicate = (!icmp_ln25)> <Delay = 6.01> <CoreInst = "FAddSub_fulldsp">   --->   Core 18 'FAddSub_fulldsp' <Latency = 4> <II = 1> <Delay = 6.01> <FuncUnit> <Opcode : 'fadd' 'fsub'> <InPorts = 2> <OutPorts = 1>
ST_152 : Operation 779 [2/4] (4.67ns)   --->   "%mul_i_23 = fmul i32 %temp_output_0_load_25, i32 %layer2_weights_24_load" [matmul.cpp:31]   --->   Operation 779 'fmul' 'mul_i_23' <Predicate = (!icmp_ln25)> <Delay = 4.67> <CoreInst = "FMul_maxdsp">   --->   Core 30 'FMul_maxdsp' <Latency = 3> <II = 1> <Delay = 4.67> <FuncUnit> <Opcode : 'fmul'> <InPorts = 2> <OutPorts = 1>

State 153 <SV = 150> <Delay = 6.01>
ST_153 : Operation 780 [1/5] (6.01ns)   --->   "%sum_1_22 = fadd i32 %sum_1_21, i32 %mul_i_22" [matmul.cpp:31]   --->   Operation 780 'fadd' 'sum_1_22' <Predicate = (!icmp_ln25)> <Delay = 6.01> <CoreInst = "FAddSub_fulldsp">   --->   Core 18 'FAddSub_fulldsp' <Latency = 4> <II = 1> <Delay = 6.01> <FuncUnit> <Opcode : 'fadd' 'fsub'> <InPorts = 2> <OutPorts = 1>
ST_153 : Operation 781 [1/4] (4.67ns)   --->   "%mul_i_23 = fmul i32 %temp_output_0_load_25, i32 %layer2_weights_24_load" [matmul.cpp:31]   --->   Operation 781 'fmul' 'mul_i_23' <Predicate = (!icmp_ln25)> <Delay = 4.67> <CoreInst = "FMul_maxdsp">   --->   Core 30 'FMul_maxdsp' <Latency = 3> <II = 1> <Delay = 4.67> <FuncUnit> <Opcode : 'fmul'> <InPorts = 2> <OutPorts = 1>

State 154 <SV = 151> <Delay = 6.01>
ST_154 : Operation 782 [5/5] (6.01ns)   --->   "%sum_1_23 = fadd i32 %sum_1_22, i32 %mul_i_23" [matmul.cpp:31]   --->   Operation 782 'fadd' 'sum_1_23' <Predicate = (!icmp_ln25)> <Delay = 6.01> <CoreInst = "FAddSub_fulldsp">   --->   Core 18 'FAddSub_fulldsp' <Latency = 4> <II = 1> <Delay = 6.01> <FuncUnit> <Opcode : 'fadd' 'fsub'> <InPorts = 2> <OutPorts = 1>
ST_154 : Operation 783 [1/1] (0.00ns)   --->   "%layer2_weights_25_addr = getelementptr i32 %layer2_weights_25, i64 0, i64 %j_cast" [matmul.cpp:31]   --->   Operation 783 'getelementptr' 'layer2_weights_25_addr' <Predicate = (!icmp_ln25)> <Delay = 0.00>
ST_154 : Operation 784 [2/2] (0.79ns)   --->   "%layer2_weights_25_load = load i4 %layer2_weights_25_addr" [matmul.cpp:31]   --->   Operation 784 'load' 'layer2_weights_25_load' <Predicate = (!icmp_ln25)> <Delay = 0.79> <CoreInst = "ROM">   --->   Core 101 'ROM' <Latency = 1> <II = 1> <Delay = 0.79> <Storage> <Opcode : 'load'> <Ports = 0> <Width = 32> <Depth = 16> <ROM>

State 155 <SV = 152> <Delay = 6.01>
ST_155 : Operation 785 [4/5] (6.01ns)   --->   "%sum_1_23 = fadd i32 %sum_1_22, i32 %mul_i_23" [matmul.cpp:31]   --->   Operation 785 'fadd' 'sum_1_23' <Predicate = (!icmp_ln25)> <Delay = 6.01> <CoreInst = "FAddSub_fulldsp">   --->   Core 18 'FAddSub_fulldsp' <Latency = 4> <II = 1> <Delay = 6.01> <FuncUnit> <Opcode : 'fadd' 'fsub'> <InPorts = 2> <OutPorts = 1>
ST_155 : Operation 786 [1/2] (0.79ns)   --->   "%layer2_weights_25_load = load i4 %layer2_weights_25_addr" [matmul.cpp:31]   --->   Operation 786 'load' 'layer2_weights_25_load' <Predicate = (!icmp_ln25)> <Delay = 0.79> <CoreInst = "ROM">   --->   Core 101 'ROM' <Latency = 1> <II = 1> <Delay = 0.79> <Storage> <Opcode : 'load'> <Ports = 0> <Width = 32> <Depth = 16> <ROM>
ST_155 : Operation 787 [4/4] (4.67ns)   --->   "%mul_i_24 = fmul i32 %temp_output_0_load_26, i32 %layer2_weights_25_load" [matmul.cpp:31]   --->   Operation 787 'fmul' 'mul_i_24' <Predicate = (!icmp_ln25)> <Delay = 4.67> <CoreInst = "FMul_maxdsp">   --->   Core 30 'FMul_maxdsp' <Latency = 3> <II = 1> <Delay = 4.67> <FuncUnit> <Opcode : 'fmul'> <InPorts = 2> <OutPorts = 1>

State 156 <SV = 153> <Delay = 6.01>
ST_156 : Operation 788 [3/5] (6.01ns)   --->   "%sum_1_23 = fadd i32 %sum_1_22, i32 %mul_i_23" [matmul.cpp:31]   --->   Operation 788 'fadd' 'sum_1_23' <Predicate = (!icmp_ln25)> <Delay = 6.01> <CoreInst = "FAddSub_fulldsp">   --->   Core 18 'FAddSub_fulldsp' <Latency = 4> <II = 1> <Delay = 6.01> <FuncUnit> <Opcode : 'fadd' 'fsub'> <InPorts = 2> <OutPorts = 1>
ST_156 : Operation 789 [3/4] (4.67ns)   --->   "%mul_i_24 = fmul i32 %temp_output_0_load_26, i32 %layer2_weights_25_load" [matmul.cpp:31]   --->   Operation 789 'fmul' 'mul_i_24' <Predicate = (!icmp_ln25)> <Delay = 4.67> <CoreInst = "FMul_maxdsp">   --->   Core 30 'FMul_maxdsp' <Latency = 3> <II = 1> <Delay = 4.67> <FuncUnit> <Opcode : 'fmul'> <InPorts = 2> <OutPorts = 1>

State 157 <SV = 154> <Delay = 6.01>
ST_157 : Operation 790 [2/5] (6.01ns)   --->   "%sum_1_23 = fadd i32 %sum_1_22, i32 %mul_i_23" [matmul.cpp:31]   --->   Operation 790 'fadd' 'sum_1_23' <Predicate = (!icmp_ln25)> <Delay = 6.01> <CoreInst = "FAddSub_fulldsp">   --->   Core 18 'FAddSub_fulldsp' <Latency = 4> <II = 1> <Delay = 6.01> <FuncUnit> <Opcode : 'fadd' 'fsub'> <InPorts = 2> <OutPorts = 1>
ST_157 : Operation 791 [2/4] (4.67ns)   --->   "%mul_i_24 = fmul i32 %temp_output_0_load_26, i32 %layer2_weights_25_load" [matmul.cpp:31]   --->   Operation 791 'fmul' 'mul_i_24' <Predicate = (!icmp_ln25)> <Delay = 4.67> <CoreInst = "FMul_maxdsp">   --->   Core 30 'FMul_maxdsp' <Latency = 3> <II = 1> <Delay = 4.67> <FuncUnit> <Opcode : 'fmul'> <InPorts = 2> <OutPorts = 1>

State 158 <SV = 155> <Delay = 6.01>
ST_158 : Operation 792 [1/5] (6.01ns)   --->   "%sum_1_23 = fadd i32 %sum_1_22, i32 %mul_i_23" [matmul.cpp:31]   --->   Operation 792 'fadd' 'sum_1_23' <Predicate = (!icmp_ln25)> <Delay = 6.01> <CoreInst = "FAddSub_fulldsp">   --->   Core 18 'FAddSub_fulldsp' <Latency = 4> <II = 1> <Delay = 6.01> <FuncUnit> <Opcode : 'fadd' 'fsub'> <InPorts = 2> <OutPorts = 1>
ST_158 : Operation 793 [1/4] (4.67ns)   --->   "%mul_i_24 = fmul i32 %temp_output_0_load_26, i32 %layer2_weights_25_load" [matmul.cpp:31]   --->   Operation 793 'fmul' 'mul_i_24' <Predicate = (!icmp_ln25)> <Delay = 4.67> <CoreInst = "FMul_maxdsp">   --->   Core 30 'FMul_maxdsp' <Latency = 3> <II = 1> <Delay = 4.67> <FuncUnit> <Opcode : 'fmul'> <InPorts = 2> <OutPorts = 1>

State 159 <SV = 156> <Delay = 6.01>
ST_159 : Operation 794 [5/5] (6.01ns)   --->   "%sum_1_24 = fadd i32 %sum_1_23, i32 %mul_i_24" [matmul.cpp:31]   --->   Operation 794 'fadd' 'sum_1_24' <Predicate = (!icmp_ln25)> <Delay = 6.01> <CoreInst = "FAddSub_fulldsp">   --->   Core 18 'FAddSub_fulldsp' <Latency = 4> <II = 1> <Delay = 6.01> <FuncUnit> <Opcode : 'fadd' 'fsub'> <InPorts = 2> <OutPorts = 1>
ST_159 : Operation 795 [1/1] (0.00ns)   --->   "%layer2_weights_26_addr = getelementptr i32 %layer2_weights_26, i64 0, i64 %j_cast" [matmul.cpp:31]   --->   Operation 795 'getelementptr' 'layer2_weights_26_addr' <Predicate = (!icmp_ln25)> <Delay = 0.00>
ST_159 : Operation 796 [2/2] (0.79ns)   --->   "%layer2_weights_26_load = load i4 %layer2_weights_26_addr" [matmul.cpp:31]   --->   Operation 796 'load' 'layer2_weights_26_load' <Predicate = (!icmp_ln25)> <Delay = 0.79> <CoreInst = "ROM">   --->   Core 101 'ROM' <Latency = 1> <II = 1> <Delay = 0.79> <Storage> <Opcode : 'load'> <Ports = 0> <Width = 32> <Depth = 16> <ROM>

State 160 <SV = 157> <Delay = 6.01>
ST_160 : Operation 797 [4/5] (6.01ns)   --->   "%sum_1_24 = fadd i32 %sum_1_23, i32 %mul_i_24" [matmul.cpp:31]   --->   Operation 797 'fadd' 'sum_1_24' <Predicate = (!icmp_ln25)> <Delay = 6.01> <CoreInst = "FAddSub_fulldsp">   --->   Core 18 'FAddSub_fulldsp' <Latency = 4> <II = 1> <Delay = 6.01> <FuncUnit> <Opcode : 'fadd' 'fsub'> <InPorts = 2> <OutPorts = 1>
ST_160 : Operation 798 [1/2] (0.79ns)   --->   "%layer2_weights_26_load = load i4 %layer2_weights_26_addr" [matmul.cpp:31]   --->   Operation 798 'load' 'layer2_weights_26_load' <Predicate = (!icmp_ln25)> <Delay = 0.79> <CoreInst = "ROM">   --->   Core 101 'ROM' <Latency = 1> <II = 1> <Delay = 0.79> <Storage> <Opcode : 'load'> <Ports = 0> <Width = 32> <Depth = 16> <ROM>
ST_160 : Operation 799 [4/4] (4.67ns)   --->   "%mul_i_25 = fmul i32 %temp_output_0_load_27, i32 %layer2_weights_26_load" [matmul.cpp:31]   --->   Operation 799 'fmul' 'mul_i_25' <Predicate = (!icmp_ln25)> <Delay = 4.67> <CoreInst = "FMul_maxdsp">   --->   Core 30 'FMul_maxdsp' <Latency = 3> <II = 1> <Delay = 4.67> <FuncUnit> <Opcode : 'fmul'> <InPorts = 2> <OutPorts = 1>

State 161 <SV = 158> <Delay = 6.01>
ST_161 : Operation 800 [3/5] (6.01ns)   --->   "%sum_1_24 = fadd i32 %sum_1_23, i32 %mul_i_24" [matmul.cpp:31]   --->   Operation 800 'fadd' 'sum_1_24' <Predicate = (!icmp_ln25)> <Delay = 6.01> <CoreInst = "FAddSub_fulldsp">   --->   Core 18 'FAddSub_fulldsp' <Latency = 4> <II = 1> <Delay = 6.01> <FuncUnit> <Opcode : 'fadd' 'fsub'> <InPorts = 2> <OutPorts = 1>
ST_161 : Operation 801 [3/4] (4.67ns)   --->   "%mul_i_25 = fmul i32 %temp_output_0_load_27, i32 %layer2_weights_26_load" [matmul.cpp:31]   --->   Operation 801 'fmul' 'mul_i_25' <Predicate = (!icmp_ln25)> <Delay = 4.67> <CoreInst = "FMul_maxdsp">   --->   Core 30 'FMul_maxdsp' <Latency = 3> <II = 1> <Delay = 4.67> <FuncUnit> <Opcode : 'fmul'> <InPorts = 2> <OutPorts = 1>

State 162 <SV = 159> <Delay = 6.01>
ST_162 : Operation 802 [2/5] (6.01ns)   --->   "%sum_1_24 = fadd i32 %sum_1_23, i32 %mul_i_24" [matmul.cpp:31]   --->   Operation 802 'fadd' 'sum_1_24' <Predicate = (!icmp_ln25)> <Delay = 6.01> <CoreInst = "FAddSub_fulldsp">   --->   Core 18 'FAddSub_fulldsp' <Latency = 4> <II = 1> <Delay = 6.01> <FuncUnit> <Opcode : 'fadd' 'fsub'> <InPorts = 2> <OutPorts = 1>
ST_162 : Operation 803 [2/4] (4.67ns)   --->   "%mul_i_25 = fmul i32 %temp_output_0_load_27, i32 %layer2_weights_26_load" [matmul.cpp:31]   --->   Operation 803 'fmul' 'mul_i_25' <Predicate = (!icmp_ln25)> <Delay = 4.67> <CoreInst = "FMul_maxdsp">   --->   Core 30 'FMul_maxdsp' <Latency = 3> <II = 1> <Delay = 4.67> <FuncUnit> <Opcode : 'fmul'> <InPorts = 2> <OutPorts = 1>

State 163 <SV = 160> <Delay = 6.01>
ST_163 : Operation 804 [1/5] (6.01ns)   --->   "%sum_1_24 = fadd i32 %sum_1_23, i32 %mul_i_24" [matmul.cpp:31]   --->   Operation 804 'fadd' 'sum_1_24' <Predicate = (!icmp_ln25)> <Delay = 6.01> <CoreInst = "FAddSub_fulldsp">   --->   Core 18 'FAddSub_fulldsp' <Latency = 4> <II = 1> <Delay = 6.01> <FuncUnit> <Opcode : 'fadd' 'fsub'> <InPorts = 2> <OutPorts = 1>
ST_163 : Operation 805 [1/4] (4.67ns)   --->   "%mul_i_25 = fmul i32 %temp_output_0_load_27, i32 %layer2_weights_26_load" [matmul.cpp:31]   --->   Operation 805 'fmul' 'mul_i_25' <Predicate = (!icmp_ln25)> <Delay = 4.67> <CoreInst = "FMul_maxdsp">   --->   Core 30 'FMul_maxdsp' <Latency = 3> <II = 1> <Delay = 4.67> <FuncUnit> <Opcode : 'fmul'> <InPorts = 2> <OutPorts = 1>

State 164 <SV = 161> <Delay = 6.01>
ST_164 : Operation 806 [5/5] (6.01ns)   --->   "%sum_1_25 = fadd i32 %sum_1_24, i32 %mul_i_25" [matmul.cpp:31]   --->   Operation 806 'fadd' 'sum_1_25' <Predicate = (!icmp_ln25)> <Delay = 6.01> <CoreInst = "FAddSub_fulldsp">   --->   Core 18 'FAddSub_fulldsp' <Latency = 4> <II = 1> <Delay = 6.01> <FuncUnit> <Opcode : 'fadd' 'fsub'> <InPorts = 2> <OutPorts = 1>
ST_164 : Operation 807 [1/1] (0.00ns)   --->   "%layer2_weights_27_addr = getelementptr i32 %layer2_weights_27, i64 0, i64 %j_cast" [matmul.cpp:31]   --->   Operation 807 'getelementptr' 'layer2_weights_27_addr' <Predicate = (!icmp_ln25)> <Delay = 0.00>
ST_164 : Operation 808 [2/2] (0.79ns)   --->   "%layer2_weights_27_load = load i4 %layer2_weights_27_addr" [matmul.cpp:31]   --->   Operation 808 'load' 'layer2_weights_27_load' <Predicate = (!icmp_ln25)> <Delay = 0.79> <CoreInst = "ROM">   --->   Core 101 'ROM' <Latency = 1> <II = 1> <Delay = 0.79> <Storage> <Opcode : 'load'> <Ports = 0> <Width = 32> <Depth = 16> <ROM>

State 165 <SV = 162> <Delay = 6.01>
ST_165 : Operation 809 [4/5] (6.01ns)   --->   "%sum_1_25 = fadd i32 %sum_1_24, i32 %mul_i_25" [matmul.cpp:31]   --->   Operation 809 'fadd' 'sum_1_25' <Predicate = (!icmp_ln25)> <Delay = 6.01> <CoreInst = "FAddSub_fulldsp">   --->   Core 18 'FAddSub_fulldsp' <Latency = 4> <II = 1> <Delay = 6.01> <FuncUnit> <Opcode : 'fadd' 'fsub'> <InPorts = 2> <OutPorts = 1>
ST_165 : Operation 810 [1/2] (0.79ns)   --->   "%layer2_weights_27_load = load i4 %layer2_weights_27_addr" [matmul.cpp:31]   --->   Operation 810 'load' 'layer2_weights_27_load' <Predicate = (!icmp_ln25)> <Delay = 0.79> <CoreInst = "ROM">   --->   Core 101 'ROM' <Latency = 1> <II = 1> <Delay = 0.79> <Storage> <Opcode : 'load'> <Ports = 0> <Width = 32> <Depth = 16> <ROM>
ST_165 : Operation 811 [4/4] (4.67ns)   --->   "%mul_i_26 = fmul i32 %temp_output_0_load_28, i32 %layer2_weights_27_load" [matmul.cpp:31]   --->   Operation 811 'fmul' 'mul_i_26' <Predicate = (!icmp_ln25)> <Delay = 4.67> <CoreInst = "FMul_maxdsp">   --->   Core 30 'FMul_maxdsp' <Latency = 3> <II = 1> <Delay = 4.67> <FuncUnit> <Opcode : 'fmul'> <InPorts = 2> <OutPorts = 1>

State 166 <SV = 163> <Delay = 6.01>
ST_166 : Operation 812 [3/5] (6.01ns)   --->   "%sum_1_25 = fadd i32 %sum_1_24, i32 %mul_i_25" [matmul.cpp:31]   --->   Operation 812 'fadd' 'sum_1_25' <Predicate = (!icmp_ln25)> <Delay = 6.01> <CoreInst = "FAddSub_fulldsp">   --->   Core 18 'FAddSub_fulldsp' <Latency = 4> <II = 1> <Delay = 6.01> <FuncUnit> <Opcode : 'fadd' 'fsub'> <InPorts = 2> <OutPorts = 1>
ST_166 : Operation 813 [3/4] (4.67ns)   --->   "%mul_i_26 = fmul i32 %temp_output_0_load_28, i32 %layer2_weights_27_load" [matmul.cpp:31]   --->   Operation 813 'fmul' 'mul_i_26' <Predicate = (!icmp_ln25)> <Delay = 4.67> <CoreInst = "FMul_maxdsp">   --->   Core 30 'FMul_maxdsp' <Latency = 3> <II = 1> <Delay = 4.67> <FuncUnit> <Opcode : 'fmul'> <InPorts = 2> <OutPorts = 1>

State 167 <SV = 164> <Delay = 6.01>
ST_167 : Operation 814 [2/5] (6.01ns)   --->   "%sum_1_25 = fadd i32 %sum_1_24, i32 %mul_i_25" [matmul.cpp:31]   --->   Operation 814 'fadd' 'sum_1_25' <Predicate = (!icmp_ln25)> <Delay = 6.01> <CoreInst = "FAddSub_fulldsp">   --->   Core 18 'FAddSub_fulldsp' <Latency = 4> <II = 1> <Delay = 6.01> <FuncUnit> <Opcode : 'fadd' 'fsub'> <InPorts = 2> <OutPorts = 1>
ST_167 : Operation 815 [2/4] (4.67ns)   --->   "%mul_i_26 = fmul i32 %temp_output_0_load_28, i32 %layer2_weights_27_load" [matmul.cpp:31]   --->   Operation 815 'fmul' 'mul_i_26' <Predicate = (!icmp_ln25)> <Delay = 4.67> <CoreInst = "FMul_maxdsp">   --->   Core 30 'FMul_maxdsp' <Latency = 3> <II = 1> <Delay = 4.67> <FuncUnit> <Opcode : 'fmul'> <InPorts = 2> <OutPorts = 1>

State 168 <SV = 165> <Delay = 6.01>
ST_168 : Operation 816 [1/5] (6.01ns)   --->   "%sum_1_25 = fadd i32 %sum_1_24, i32 %mul_i_25" [matmul.cpp:31]   --->   Operation 816 'fadd' 'sum_1_25' <Predicate = (!icmp_ln25)> <Delay = 6.01> <CoreInst = "FAddSub_fulldsp">   --->   Core 18 'FAddSub_fulldsp' <Latency = 4> <II = 1> <Delay = 6.01> <FuncUnit> <Opcode : 'fadd' 'fsub'> <InPorts = 2> <OutPorts = 1>
ST_168 : Operation 817 [1/4] (4.67ns)   --->   "%mul_i_26 = fmul i32 %temp_output_0_load_28, i32 %layer2_weights_27_load" [matmul.cpp:31]   --->   Operation 817 'fmul' 'mul_i_26' <Predicate = (!icmp_ln25)> <Delay = 4.67> <CoreInst = "FMul_maxdsp">   --->   Core 30 'FMul_maxdsp' <Latency = 3> <II = 1> <Delay = 4.67> <FuncUnit> <Opcode : 'fmul'> <InPorts = 2> <OutPorts = 1>

State 169 <SV = 166> <Delay = 6.01>
ST_169 : Operation 818 [5/5] (6.01ns)   --->   "%sum_1_26 = fadd i32 %sum_1_25, i32 %mul_i_26" [matmul.cpp:31]   --->   Operation 818 'fadd' 'sum_1_26' <Predicate = (!icmp_ln25)> <Delay = 6.01> <CoreInst = "FAddSub_fulldsp">   --->   Core 18 'FAddSub_fulldsp' <Latency = 4> <II = 1> <Delay = 6.01> <FuncUnit> <Opcode : 'fadd' 'fsub'> <InPorts = 2> <OutPorts = 1>
ST_169 : Operation 819 [1/1] (0.00ns)   --->   "%layer2_weights_28_addr = getelementptr i32 %layer2_weights_28, i64 0, i64 %j_cast" [matmul.cpp:31]   --->   Operation 819 'getelementptr' 'layer2_weights_28_addr' <Predicate = (!icmp_ln25)> <Delay = 0.00>
ST_169 : Operation 820 [2/2] (0.79ns)   --->   "%layer2_weights_28_load = load i4 %layer2_weights_28_addr" [matmul.cpp:31]   --->   Operation 820 'load' 'layer2_weights_28_load' <Predicate = (!icmp_ln25)> <Delay = 0.79> <CoreInst = "ROM">   --->   Core 101 'ROM' <Latency = 1> <II = 1> <Delay = 0.79> <Storage> <Opcode : 'load'> <Ports = 0> <Width = 32> <Depth = 16> <ROM>

State 170 <SV = 167> <Delay = 6.01>
ST_170 : Operation 821 [4/5] (6.01ns)   --->   "%sum_1_26 = fadd i32 %sum_1_25, i32 %mul_i_26" [matmul.cpp:31]   --->   Operation 821 'fadd' 'sum_1_26' <Predicate = (!icmp_ln25)> <Delay = 6.01> <CoreInst = "FAddSub_fulldsp">   --->   Core 18 'FAddSub_fulldsp' <Latency = 4> <II = 1> <Delay = 6.01> <FuncUnit> <Opcode : 'fadd' 'fsub'> <InPorts = 2> <OutPorts = 1>
ST_170 : Operation 822 [1/2] (0.79ns)   --->   "%layer2_weights_28_load = load i4 %layer2_weights_28_addr" [matmul.cpp:31]   --->   Operation 822 'load' 'layer2_weights_28_load' <Predicate = (!icmp_ln25)> <Delay = 0.79> <CoreInst = "ROM">   --->   Core 101 'ROM' <Latency = 1> <II = 1> <Delay = 0.79> <Storage> <Opcode : 'load'> <Ports = 0> <Width = 32> <Depth = 16> <ROM>
ST_170 : Operation 823 [4/4] (4.67ns)   --->   "%mul_i_27 = fmul i32 %temp_output_0_load_29, i32 %layer2_weights_28_load" [matmul.cpp:31]   --->   Operation 823 'fmul' 'mul_i_27' <Predicate = (!icmp_ln25)> <Delay = 4.67> <CoreInst = "FMul_maxdsp">   --->   Core 30 'FMul_maxdsp' <Latency = 3> <II = 1> <Delay = 4.67> <FuncUnit> <Opcode : 'fmul'> <InPorts = 2> <OutPorts = 1>

State 171 <SV = 168> <Delay = 6.01>
ST_171 : Operation 824 [3/5] (6.01ns)   --->   "%sum_1_26 = fadd i32 %sum_1_25, i32 %mul_i_26" [matmul.cpp:31]   --->   Operation 824 'fadd' 'sum_1_26' <Predicate = (!icmp_ln25)> <Delay = 6.01> <CoreInst = "FAddSub_fulldsp">   --->   Core 18 'FAddSub_fulldsp' <Latency = 4> <II = 1> <Delay = 6.01> <FuncUnit> <Opcode : 'fadd' 'fsub'> <InPorts = 2> <OutPorts = 1>
ST_171 : Operation 825 [3/4] (4.67ns)   --->   "%mul_i_27 = fmul i32 %temp_output_0_load_29, i32 %layer2_weights_28_load" [matmul.cpp:31]   --->   Operation 825 'fmul' 'mul_i_27' <Predicate = (!icmp_ln25)> <Delay = 4.67> <CoreInst = "FMul_maxdsp">   --->   Core 30 'FMul_maxdsp' <Latency = 3> <II = 1> <Delay = 4.67> <FuncUnit> <Opcode : 'fmul'> <InPorts = 2> <OutPorts = 1>

State 172 <SV = 169> <Delay = 6.01>
ST_172 : Operation 826 [2/5] (6.01ns)   --->   "%sum_1_26 = fadd i32 %sum_1_25, i32 %mul_i_26" [matmul.cpp:31]   --->   Operation 826 'fadd' 'sum_1_26' <Predicate = (!icmp_ln25)> <Delay = 6.01> <CoreInst = "FAddSub_fulldsp">   --->   Core 18 'FAddSub_fulldsp' <Latency = 4> <II = 1> <Delay = 6.01> <FuncUnit> <Opcode : 'fadd' 'fsub'> <InPorts = 2> <OutPorts = 1>
ST_172 : Operation 827 [2/4] (4.67ns)   --->   "%mul_i_27 = fmul i32 %temp_output_0_load_29, i32 %layer2_weights_28_load" [matmul.cpp:31]   --->   Operation 827 'fmul' 'mul_i_27' <Predicate = (!icmp_ln25)> <Delay = 4.67> <CoreInst = "FMul_maxdsp">   --->   Core 30 'FMul_maxdsp' <Latency = 3> <II = 1> <Delay = 4.67> <FuncUnit> <Opcode : 'fmul'> <InPorts = 2> <OutPorts = 1>

State 173 <SV = 170> <Delay = 6.01>
ST_173 : Operation 828 [1/5] (6.01ns)   --->   "%sum_1_26 = fadd i32 %sum_1_25, i32 %mul_i_26" [matmul.cpp:31]   --->   Operation 828 'fadd' 'sum_1_26' <Predicate = (!icmp_ln25)> <Delay = 6.01> <CoreInst = "FAddSub_fulldsp">   --->   Core 18 'FAddSub_fulldsp' <Latency = 4> <II = 1> <Delay = 6.01> <FuncUnit> <Opcode : 'fadd' 'fsub'> <InPorts = 2> <OutPorts = 1>
ST_173 : Operation 829 [1/4] (4.67ns)   --->   "%mul_i_27 = fmul i32 %temp_output_0_load_29, i32 %layer2_weights_28_load" [matmul.cpp:31]   --->   Operation 829 'fmul' 'mul_i_27' <Predicate = (!icmp_ln25)> <Delay = 4.67> <CoreInst = "FMul_maxdsp">   --->   Core 30 'FMul_maxdsp' <Latency = 3> <II = 1> <Delay = 4.67> <FuncUnit> <Opcode : 'fmul'> <InPorts = 2> <OutPorts = 1>

State 174 <SV = 171> <Delay = 6.01>
ST_174 : Operation 830 [5/5] (6.01ns)   --->   "%sum_1_27 = fadd i32 %sum_1_26, i32 %mul_i_27" [matmul.cpp:31]   --->   Operation 830 'fadd' 'sum_1_27' <Predicate = (!icmp_ln25)> <Delay = 6.01> <CoreInst = "FAddSub_fulldsp">   --->   Core 18 'FAddSub_fulldsp' <Latency = 4> <II = 1> <Delay = 6.01> <FuncUnit> <Opcode : 'fadd' 'fsub'> <InPorts = 2> <OutPorts = 1>
ST_174 : Operation 831 [1/1] (0.00ns)   --->   "%layer2_weights_29_addr = getelementptr i32 %layer2_weights_29, i64 0, i64 %j_cast" [matmul.cpp:31]   --->   Operation 831 'getelementptr' 'layer2_weights_29_addr' <Predicate = (!icmp_ln25)> <Delay = 0.00>
ST_174 : Operation 832 [2/2] (0.79ns)   --->   "%layer2_weights_29_load = load i4 %layer2_weights_29_addr" [matmul.cpp:31]   --->   Operation 832 'load' 'layer2_weights_29_load' <Predicate = (!icmp_ln25)> <Delay = 0.79> <CoreInst = "ROM">   --->   Core 101 'ROM' <Latency = 1> <II = 1> <Delay = 0.79> <Storage> <Opcode : 'load'> <Ports = 0> <Width = 32> <Depth = 16> <ROM>

State 175 <SV = 172> <Delay = 6.01>
ST_175 : Operation 833 [4/5] (6.01ns)   --->   "%sum_1_27 = fadd i32 %sum_1_26, i32 %mul_i_27" [matmul.cpp:31]   --->   Operation 833 'fadd' 'sum_1_27' <Predicate = (!icmp_ln25)> <Delay = 6.01> <CoreInst = "FAddSub_fulldsp">   --->   Core 18 'FAddSub_fulldsp' <Latency = 4> <II = 1> <Delay = 6.01> <FuncUnit> <Opcode : 'fadd' 'fsub'> <InPorts = 2> <OutPorts = 1>
ST_175 : Operation 834 [1/2] (0.79ns)   --->   "%layer2_weights_29_load = load i4 %layer2_weights_29_addr" [matmul.cpp:31]   --->   Operation 834 'load' 'layer2_weights_29_load' <Predicate = (!icmp_ln25)> <Delay = 0.79> <CoreInst = "ROM">   --->   Core 101 'ROM' <Latency = 1> <II = 1> <Delay = 0.79> <Storage> <Opcode : 'load'> <Ports = 0> <Width = 32> <Depth = 16> <ROM>
ST_175 : Operation 835 [4/4] (4.67ns)   --->   "%mul_i_28 = fmul i32 %temp_output_0_load_30, i32 %layer2_weights_29_load" [matmul.cpp:31]   --->   Operation 835 'fmul' 'mul_i_28' <Predicate = (!icmp_ln25)> <Delay = 4.67> <CoreInst = "FMul_maxdsp">   --->   Core 30 'FMul_maxdsp' <Latency = 3> <II = 1> <Delay = 4.67> <FuncUnit> <Opcode : 'fmul'> <InPorts = 2> <OutPorts = 1>

State 176 <SV = 173> <Delay = 6.01>
ST_176 : Operation 836 [3/5] (6.01ns)   --->   "%sum_1_27 = fadd i32 %sum_1_26, i32 %mul_i_27" [matmul.cpp:31]   --->   Operation 836 'fadd' 'sum_1_27' <Predicate = (!icmp_ln25)> <Delay = 6.01> <CoreInst = "FAddSub_fulldsp">   --->   Core 18 'FAddSub_fulldsp' <Latency = 4> <II = 1> <Delay = 6.01> <FuncUnit> <Opcode : 'fadd' 'fsub'> <InPorts = 2> <OutPorts = 1>
ST_176 : Operation 837 [3/4] (4.67ns)   --->   "%mul_i_28 = fmul i32 %temp_output_0_load_30, i32 %layer2_weights_29_load" [matmul.cpp:31]   --->   Operation 837 'fmul' 'mul_i_28' <Predicate = (!icmp_ln25)> <Delay = 4.67> <CoreInst = "FMul_maxdsp">   --->   Core 30 'FMul_maxdsp' <Latency = 3> <II = 1> <Delay = 4.67> <FuncUnit> <Opcode : 'fmul'> <InPorts = 2> <OutPorts = 1>

State 177 <SV = 174> <Delay = 6.01>
ST_177 : Operation 838 [2/5] (6.01ns)   --->   "%sum_1_27 = fadd i32 %sum_1_26, i32 %mul_i_27" [matmul.cpp:31]   --->   Operation 838 'fadd' 'sum_1_27' <Predicate = (!icmp_ln25)> <Delay = 6.01> <CoreInst = "FAddSub_fulldsp">   --->   Core 18 'FAddSub_fulldsp' <Latency = 4> <II = 1> <Delay = 6.01> <FuncUnit> <Opcode : 'fadd' 'fsub'> <InPorts = 2> <OutPorts = 1>
ST_177 : Operation 839 [2/4] (4.67ns)   --->   "%mul_i_28 = fmul i32 %temp_output_0_load_30, i32 %layer2_weights_29_load" [matmul.cpp:31]   --->   Operation 839 'fmul' 'mul_i_28' <Predicate = (!icmp_ln25)> <Delay = 4.67> <CoreInst = "FMul_maxdsp">   --->   Core 30 'FMul_maxdsp' <Latency = 3> <II = 1> <Delay = 4.67> <FuncUnit> <Opcode : 'fmul'> <InPorts = 2> <OutPorts = 1>

State 178 <SV = 175> <Delay = 6.01>
ST_178 : Operation 840 [1/5] (6.01ns)   --->   "%sum_1_27 = fadd i32 %sum_1_26, i32 %mul_i_27" [matmul.cpp:31]   --->   Operation 840 'fadd' 'sum_1_27' <Predicate = (!icmp_ln25)> <Delay = 6.01> <CoreInst = "FAddSub_fulldsp">   --->   Core 18 'FAddSub_fulldsp' <Latency = 4> <II = 1> <Delay = 6.01> <FuncUnit> <Opcode : 'fadd' 'fsub'> <InPorts = 2> <OutPorts = 1>
ST_178 : Operation 841 [1/4] (4.67ns)   --->   "%mul_i_28 = fmul i32 %temp_output_0_load_30, i32 %layer2_weights_29_load" [matmul.cpp:31]   --->   Operation 841 'fmul' 'mul_i_28' <Predicate = (!icmp_ln25)> <Delay = 4.67> <CoreInst = "FMul_maxdsp">   --->   Core 30 'FMul_maxdsp' <Latency = 3> <II = 1> <Delay = 4.67> <FuncUnit> <Opcode : 'fmul'> <InPorts = 2> <OutPorts = 1>

State 179 <SV = 176> <Delay = 6.01>
ST_179 : Operation 842 [5/5] (6.01ns)   --->   "%sum_1_28 = fadd i32 %sum_1_27, i32 %mul_i_28" [matmul.cpp:31]   --->   Operation 842 'fadd' 'sum_1_28' <Predicate = (!icmp_ln25)> <Delay = 6.01> <CoreInst = "FAddSub_fulldsp">   --->   Core 18 'FAddSub_fulldsp' <Latency = 4> <II = 1> <Delay = 6.01> <FuncUnit> <Opcode : 'fadd' 'fsub'> <InPorts = 2> <OutPorts = 1>
ST_179 : Operation 843 [1/1] (0.00ns)   --->   "%layer2_weights_30_addr = getelementptr i32 %layer2_weights_30, i64 0, i64 %j_cast" [matmul.cpp:31]   --->   Operation 843 'getelementptr' 'layer2_weights_30_addr' <Predicate = (!icmp_ln25)> <Delay = 0.00>
ST_179 : Operation 844 [2/2] (0.79ns)   --->   "%layer2_weights_30_load = load i4 %layer2_weights_30_addr" [matmul.cpp:31]   --->   Operation 844 'load' 'layer2_weights_30_load' <Predicate = (!icmp_ln25)> <Delay = 0.79> <CoreInst = "ROM">   --->   Core 101 'ROM' <Latency = 1> <II = 1> <Delay = 0.79> <Storage> <Opcode : 'load'> <Ports = 0> <Width = 32> <Depth = 16> <ROM>

State 180 <SV = 177> <Delay = 6.01>
ST_180 : Operation 845 [4/5] (6.01ns)   --->   "%sum_1_28 = fadd i32 %sum_1_27, i32 %mul_i_28" [matmul.cpp:31]   --->   Operation 845 'fadd' 'sum_1_28' <Predicate = (!icmp_ln25)> <Delay = 6.01> <CoreInst = "FAddSub_fulldsp">   --->   Core 18 'FAddSub_fulldsp' <Latency = 4> <II = 1> <Delay = 6.01> <FuncUnit> <Opcode : 'fadd' 'fsub'> <InPorts = 2> <OutPorts = 1>
ST_180 : Operation 846 [1/2] (0.79ns)   --->   "%layer2_weights_30_load = load i4 %layer2_weights_30_addr" [matmul.cpp:31]   --->   Operation 846 'load' 'layer2_weights_30_load' <Predicate = (!icmp_ln25)> <Delay = 0.79> <CoreInst = "ROM">   --->   Core 101 'ROM' <Latency = 1> <II = 1> <Delay = 0.79> <Storage> <Opcode : 'load'> <Ports = 0> <Width = 32> <Depth = 16> <ROM>
ST_180 : Operation 847 [4/4] (4.67ns)   --->   "%mul_i_29 = fmul i32 %temp_output_0_load_31, i32 %layer2_weights_30_load" [matmul.cpp:31]   --->   Operation 847 'fmul' 'mul_i_29' <Predicate = (!icmp_ln25)> <Delay = 4.67> <CoreInst = "FMul_maxdsp">   --->   Core 30 'FMul_maxdsp' <Latency = 3> <II = 1> <Delay = 4.67> <FuncUnit> <Opcode : 'fmul'> <InPorts = 2> <OutPorts = 1>

State 181 <SV = 178> <Delay = 6.01>
ST_181 : Operation 848 [3/5] (6.01ns)   --->   "%sum_1_28 = fadd i32 %sum_1_27, i32 %mul_i_28" [matmul.cpp:31]   --->   Operation 848 'fadd' 'sum_1_28' <Predicate = (!icmp_ln25)> <Delay = 6.01> <CoreInst = "FAddSub_fulldsp">   --->   Core 18 'FAddSub_fulldsp' <Latency = 4> <II = 1> <Delay = 6.01> <FuncUnit> <Opcode : 'fadd' 'fsub'> <InPorts = 2> <OutPorts = 1>
ST_181 : Operation 849 [3/4] (4.67ns)   --->   "%mul_i_29 = fmul i32 %temp_output_0_load_31, i32 %layer2_weights_30_load" [matmul.cpp:31]   --->   Operation 849 'fmul' 'mul_i_29' <Predicate = (!icmp_ln25)> <Delay = 4.67> <CoreInst = "FMul_maxdsp">   --->   Core 30 'FMul_maxdsp' <Latency = 3> <II = 1> <Delay = 4.67> <FuncUnit> <Opcode : 'fmul'> <InPorts = 2> <OutPorts = 1>

State 182 <SV = 179> <Delay = 6.01>
ST_182 : Operation 850 [2/5] (6.01ns)   --->   "%sum_1_28 = fadd i32 %sum_1_27, i32 %mul_i_28" [matmul.cpp:31]   --->   Operation 850 'fadd' 'sum_1_28' <Predicate = (!icmp_ln25)> <Delay = 6.01> <CoreInst = "FAddSub_fulldsp">   --->   Core 18 'FAddSub_fulldsp' <Latency = 4> <II = 1> <Delay = 6.01> <FuncUnit> <Opcode : 'fadd' 'fsub'> <InPorts = 2> <OutPorts = 1>
ST_182 : Operation 851 [2/4] (4.67ns)   --->   "%mul_i_29 = fmul i32 %temp_output_0_load_31, i32 %layer2_weights_30_load" [matmul.cpp:31]   --->   Operation 851 'fmul' 'mul_i_29' <Predicate = (!icmp_ln25)> <Delay = 4.67> <CoreInst = "FMul_maxdsp">   --->   Core 30 'FMul_maxdsp' <Latency = 3> <II = 1> <Delay = 4.67> <FuncUnit> <Opcode : 'fmul'> <InPorts = 2> <OutPorts = 1>

State 183 <SV = 180> <Delay = 6.01>
ST_183 : Operation 852 [1/5] (6.01ns)   --->   "%sum_1_28 = fadd i32 %sum_1_27, i32 %mul_i_28" [matmul.cpp:31]   --->   Operation 852 'fadd' 'sum_1_28' <Predicate = (!icmp_ln25)> <Delay = 6.01> <CoreInst = "FAddSub_fulldsp">   --->   Core 18 'FAddSub_fulldsp' <Latency = 4> <II = 1> <Delay = 6.01> <FuncUnit> <Opcode : 'fadd' 'fsub'> <InPorts = 2> <OutPorts = 1>
ST_183 : Operation 853 [1/4] (4.67ns)   --->   "%mul_i_29 = fmul i32 %temp_output_0_load_31, i32 %layer2_weights_30_load" [matmul.cpp:31]   --->   Operation 853 'fmul' 'mul_i_29' <Predicate = (!icmp_ln25)> <Delay = 4.67> <CoreInst = "FMul_maxdsp">   --->   Core 30 'FMul_maxdsp' <Latency = 3> <II = 1> <Delay = 4.67> <FuncUnit> <Opcode : 'fmul'> <InPorts = 2> <OutPorts = 1>

State 184 <SV = 181> <Delay = 6.01>
ST_184 : Operation 854 [5/5] (6.01ns)   --->   "%sum_1_29 = fadd i32 %sum_1_28, i32 %mul_i_29" [matmul.cpp:31]   --->   Operation 854 'fadd' 'sum_1_29' <Predicate = (!icmp_ln25)> <Delay = 6.01> <CoreInst = "FAddSub_fulldsp">   --->   Core 18 'FAddSub_fulldsp' <Latency = 4> <II = 1> <Delay = 6.01> <FuncUnit> <Opcode : 'fadd' 'fsub'> <InPorts = 2> <OutPorts = 1>
ST_184 : Operation 855 [1/1] (0.00ns)   --->   "%layer2_weights_31_addr = getelementptr i32 %layer2_weights_31, i64 0, i64 %j_cast" [matmul.cpp:31]   --->   Operation 855 'getelementptr' 'layer2_weights_31_addr' <Predicate = (!icmp_ln25)> <Delay = 0.00>
ST_184 : Operation 856 [2/2] (0.79ns)   --->   "%layer2_weights_31_load = load i4 %layer2_weights_31_addr" [matmul.cpp:31]   --->   Operation 856 'load' 'layer2_weights_31_load' <Predicate = (!icmp_ln25)> <Delay = 0.79> <CoreInst = "ROM">   --->   Core 101 'ROM' <Latency = 1> <II = 1> <Delay = 0.79> <Storage> <Opcode : 'load'> <Ports = 0> <Width = 32> <Depth = 16> <ROM>

State 185 <SV = 182> <Delay = 6.01>
ST_185 : Operation 857 [4/5] (6.01ns)   --->   "%sum_1_29 = fadd i32 %sum_1_28, i32 %mul_i_29" [matmul.cpp:31]   --->   Operation 857 'fadd' 'sum_1_29' <Predicate = (!icmp_ln25)> <Delay = 6.01> <CoreInst = "FAddSub_fulldsp">   --->   Core 18 'FAddSub_fulldsp' <Latency = 4> <II = 1> <Delay = 6.01> <FuncUnit> <Opcode : 'fadd' 'fsub'> <InPorts = 2> <OutPorts = 1>
ST_185 : Operation 858 [1/2] (0.79ns)   --->   "%layer2_weights_31_load = load i4 %layer2_weights_31_addr" [matmul.cpp:31]   --->   Operation 858 'load' 'layer2_weights_31_load' <Predicate = (!icmp_ln25)> <Delay = 0.79> <CoreInst = "ROM">   --->   Core 101 'ROM' <Latency = 1> <II = 1> <Delay = 0.79> <Storage> <Opcode : 'load'> <Ports = 0> <Width = 32> <Depth = 16> <ROM>
ST_185 : Operation 859 [4/4] (4.67ns)   --->   "%mul_i_30 = fmul i32 %temp_output_0_load_32, i32 %layer2_weights_31_load" [matmul.cpp:31]   --->   Operation 859 'fmul' 'mul_i_30' <Predicate = (!icmp_ln25)> <Delay = 4.67> <CoreInst = "FMul_maxdsp">   --->   Core 30 'FMul_maxdsp' <Latency = 3> <II = 1> <Delay = 4.67> <FuncUnit> <Opcode : 'fmul'> <InPorts = 2> <OutPorts = 1>

State 186 <SV = 183> <Delay = 6.01>
ST_186 : Operation 860 [3/5] (6.01ns)   --->   "%sum_1_29 = fadd i32 %sum_1_28, i32 %mul_i_29" [matmul.cpp:31]   --->   Operation 860 'fadd' 'sum_1_29' <Predicate = (!icmp_ln25)> <Delay = 6.01> <CoreInst = "FAddSub_fulldsp">   --->   Core 18 'FAddSub_fulldsp' <Latency = 4> <II = 1> <Delay = 6.01> <FuncUnit> <Opcode : 'fadd' 'fsub'> <InPorts = 2> <OutPorts = 1>
ST_186 : Operation 861 [3/4] (4.67ns)   --->   "%mul_i_30 = fmul i32 %temp_output_0_load_32, i32 %layer2_weights_31_load" [matmul.cpp:31]   --->   Operation 861 'fmul' 'mul_i_30' <Predicate = (!icmp_ln25)> <Delay = 4.67> <CoreInst = "FMul_maxdsp">   --->   Core 30 'FMul_maxdsp' <Latency = 3> <II = 1> <Delay = 4.67> <FuncUnit> <Opcode : 'fmul'> <InPorts = 2> <OutPorts = 1>

State 187 <SV = 184> <Delay = 6.01>
ST_187 : Operation 862 [2/5] (6.01ns)   --->   "%sum_1_29 = fadd i32 %sum_1_28, i32 %mul_i_29" [matmul.cpp:31]   --->   Operation 862 'fadd' 'sum_1_29' <Predicate = (!icmp_ln25)> <Delay = 6.01> <CoreInst = "FAddSub_fulldsp">   --->   Core 18 'FAddSub_fulldsp' <Latency = 4> <II = 1> <Delay = 6.01> <FuncUnit> <Opcode : 'fadd' 'fsub'> <InPorts = 2> <OutPorts = 1>
ST_187 : Operation 863 [2/4] (4.67ns)   --->   "%mul_i_30 = fmul i32 %temp_output_0_load_32, i32 %layer2_weights_31_load" [matmul.cpp:31]   --->   Operation 863 'fmul' 'mul_i_30' <Predicate = (!icmp_ln25)> <Delay = 4.67> <CoreInst = "FMul_maxdsp">   --->   Core 30 'FMul_maxdsp' <Latency = 3> <II = 1> <Delay = 4.67> <FuncUnit> <Opcode : 'fmul'> <InPorts = 2> <OutPorts = 1>

State 188 <SV = 185> <Delay = 6.01>
ST_188 : Operation 864 [1/5] (6.01ns)   --->   "%sum_1_29 = fadd i32 %sum_1_28, i32 %mul_i_29" [matmul.cpp:31]   --->   Operation 864 'fadd' 'sum_1_29' <Predicate = (!icmp_ln25)> <Delay = 6.01> <CoreInst = "FAddSub_fulldsp">   --->   Core 18 'FAddSub_fulldsp' <Latency = 4> <II = 1> <Delay = 6.01> <FuncUnit> <Opcode : 'fadd' 'fsub'> <InPorts = 2> <OutPorts = 1>
ST_188 : Operation 865 [1/4] (4.67ns)   --->   "%mul_i_30 = fmul i32 %temp_output_0_load_32, i32 %layer2_weights_31_load" [matmul.cpp:31]   --->   Operation 865 'fmul' 'mul_i_30' <Predicate = (!icmp_ln25)> <Delay = 4.67> <CoreInst = "FMul_maxdsp">   --->   Core 30 'FMul_maxdsp' <Latency = 3> <II = 1> <Delay = 4.67> <FuncUnit> <Opcode : 'fmul'> <InPorts = 2> <OutPorts = 1>

State 189 <SV = 186> <Delay = 6.01>
ST_189 : Operation 866 [5/5] (6.01ns)   --->   "%sum_1_30 = fadd i32 %sum_1_29, i32 %mul_i_30" [matmul.cpp:31]   --->   Operation 866 'fadd' 'sum_1_30' <Predicate = (!icmp_ln25)> <Delay = 6.01> <CoreInst = "FAddSub_fulldsp">   --->   Core 18 'FAddSub_fulldsp' <Latency = 4> <II = 1> <Delay = 6.01> <FuncUnit> <Opcode : 'fadd' 'fsub'> <InPorts = 2> <OutPorts = 1>

State 190 <SV = 187> <Delay = 6.01>
ST_190 : Operation 867 [4/5] (6.01ns)   --->   "%sum_1_30 = fadd i32 %sum_1_29, i32 %mul_i_30" [matmul.cpp:31]   --->   Operation 867 'fadd' 'sum_1_30' <Predicate = (!icmp_ln25)> <Delay = 6.01> <CoreInst = "FAddSub_fulldsp">   --->   Core 18 'FAddSub_fulldsp' <Latency = 4> <II = 1> <Delay = 6.01> <FuncUnit> <Opcode : 'fadd' 'fsub'> <InPorts = 2> <OutPorts = 1>

State 191 <SV = 188> <Delay = 6.01>
ST_191 : Operation 868 [3/5] (6.01ns)   --->   "%sum_1_30 = fadd i32 %sum_1_29, i32 %mul_i_30" [matmul.cpp:31]   --->   Operation 868 'fadd' 'sum_1_30' <Predicate = (!icmp_ln25)> <Delay = 6.01> <CoreInst = "FAddSub_fulldsp">   --->   Core 18 'FAddSub_fulldsp' <Latency = 4> <II = 1> <Delay = 6.01> <FuncUnit> <Opcode : 'fadd' 'fsub'> <InPorts = 2> <OutPorts = 1>

State 192 <SV = 189> <Delay = 6.01>
ST_192 : Operation 869 [2/5] (6.01ns)   --->   "%sum_1_30 = fadd i32 %sum_1_29, i32 %mul_i_30" [matmul.cpp:31]   --->   Operation 869 'fadd' 'sum_1_30' <Predicate = (!icmp_ln25)> <Delay = 6.01> <CoreInst = "FAddSub_fulldsp">   --->   Core 18 'FAddSub_fulldsp' <Latency = 4> <II = 1> <Delay = 6.01> <FuncUnit> <Opcode : 'fadd' 'fsub'> <InPorts = 2> <OutPorts = 1>

State 193 <SV = 190> <Delay = 6.80>
ST_193 : Operation 870 [1/1] (0.00ns)   --->   "%specloopname_ln27 = specloopname void @_ssdm_op_SpecLoopName, void @empty_15" [matmul.cpp:27]   --->   Operation 870 'specloopname' 'specloopname_ln27' <Predicate = (!icmp_ln25)> <Delay = 0.00>
ST_193 : Operation 871 [1/5] (6.01ns)   --->   "%sum_1_30 = fadd i32 %sum_1_29, i32 %mul_i_30" [matmul.cpp:31]   --->   Operation 871 'fadd' 'sum_1_30' <Predicate = (!icmp_ln25)> <Delay = 6.01> <CoreInst = "FAddSub_fulldsp">   --->   Core 18 'FAddSub_fulldsp' <Latency = 4> <II = 1> <Delay = 6.01> <FuncUnit> <Opcode : 'fadd' 'fsub'> <InPorts = 2> <OutPorts = 1>
ST_193 : Operation 872 [1/1] (0.00ns)   --->   "%temp_output2_0_addr_2 = getelementptr i32 %temp_output2_0, i64 0, i64 %j_cast" [matmul.cpp:33]   --->   Operation 872 'getelementptr' 'temp_output2_0_addr_2' <Predicate = (!icmp_ln25)> <Delay = 0.00>
ST_193 : Operation 873 [1/1] (0.79ns)   --->   "%store_ln33 = store i32 %sum_1_30, i4 %temp_output2_0_addr_2" [matmul.cpp:33]   --->   Operation 873 'store' 'store_ln33' <Predicate = (!icmp_ln25)> <Delay = 0.79> <CoreInst = "RAM">   --->   Core 83 'RAM' <Latency = 1> <II = 1> <Delay = 0.79> <Storage> <Opcode : 'load' 'store'> <Ports = 2> <Width = 32> <Depth = 16> <RAM>
ST_193 : Operation 874 [1/1] (0.00ns)   --->   "%br_ln0 = br void %_Z13hw_act_layer1PA32_fS0_.exit"   --->   Operation 874 'br' 'br_ln0' <Predicate = (!icmp_ln25)> <Delay = 0.00>

State 194 <SV = 27> <Delay = 0.48>
ST_194 : Operation 875 [1/1] (0.48ns)   --->   "%br_ln0 = br void %_Z11hwmm_layer2PA32_fPA16_KfPA16_f.exit"   --->   Operation 875 'br' 'br_ln0' <Predicate = true> <Delay = 0.48>

State 195 <SV = 28> <Delay = 0.87>
ST_195 : Operation 876 [1/1] (0.00ns)   --->   "%i_1 = phi i5 %add_ln78, void %.split6._crit_edge, i5 0, void %_Z11hwmm_layer2PA32_fPA16_KfPA16_f.exit.preheader" [matmul.cpp:78]   --->   Operation 876 'phi' 'i_1' <Predicate = true> <Delay = 0.00>
ST_195 : Operation 877 [1/1] (0.87ns)   --->   "%add_ln78 = add i5 %i_1, i5 1" [matmul.cpp:78]   --->   Operation 877 'add' 'add_ln78' <Predicate = true> <Delay = 0.87> <CoreInst = "Adder">   --->   Core 1 'Adder' <Latency = 0> <II = 1> <Delay = 0.86> <FuncUnit> <Opcode : 'add' 'sub'> <InPorts = 2> <OutPorts = 1>
ST_195 : Operation 878 [1/1] (0.00ns)   --->   "%specpipeline_ln0 = specpipeline void @_ssdm_op_SpecPipeline, i32 4294967295, i32 0, i32 1, i32 0, void @p_str"   --->   Operation 878 'specpipeline' 'specpipeline_ln0' <Predicate = true> <Delay = 0.00>
ST_195 : Operation 879 [1/1] (0.87ns)   --->   "%icmp_ln78 = icmp_eq  i5 %i_1, i5 16" [matmul.cpp:78]   --->   Operation 879 'icmp' 'icmp_ln78' <Predicate = true> <Delay = 0.87> <CoreInst = "Cmp">   --->   Core 9 'Cmp' <Latency = 0> <II = 1> <Delay = 0.97> <FuncUnit> <Opcode : 'icmp'> <InPorts = 2> <OutPorts = 1>
ST_195 : Operation 880 [1/1] (0.00ns)   --->   "%empty_32 = speclooptripcount i32 @_ssdm_op_SpecLoopTripCount, i64 16, i64 16, i64 16"   --->   Operation 880 'speclooptripcount' 'empty_32' <Predicate = true> <Delay = 0.00>
ST_195 : Operation 881 [1/1] (0.00ns)   --->   "%br_ln78 = br i1 %icmp_ln78, void %.split6, void %_Z13hw_act_layer2PA16_fS0_.exit.preheader" [matmul.cpp:78]   --->   Operation 881 'br' 'br_ln78' <Predicate = true> <Delay = 0.00>
ST_195 : Operation 882 [1/1] (0.00ns)   --->   "%i_1_cast = zext i5 %i_1" [matmul.cpp:78]   --->   Operation 882 'zext' 'i_1_cast' <Predicate = (!icmp_ln78)> <Delay = 0.00>
ST_195 : Operation 883 [1/1] (0.00ns)   --->   "%temp_output2_0_addr_3 = getelementptr i32 %temp_output2_0, i64 0, i64 %i_1_cast" [matmul.cpp:80]   --->   Operation 883 'getelementptr' 'temp_output2_0_addr_3' <Predicate = (!icmp_ln78)> <Delay = 0.00>
ST_195 : Operation 884 [2/2] (0.79ns)   --->   "%temp_output2_0_load = load i4 %temp_output2_0_addr_3" [matmul.cpp:80]   --->   Operation 884 'load' 'temp_output2_0_load' <Predicate = (!icmp_ln78)> <Delay = 0.79> <CoreInst = "RAM">   --->   Core 83 'RAM' <Latency = 1> <II = 1> <Delay = 0.79> <Storage> <Opcode : 'load' 'store'> <Ports = 2> <Width = 32> <Depth = 16> <RAM>
ST_195 : Operation 885 [1/1] (0.00ns)   --->   "%br_ln0 = br void %_Z11hwmm_layer2PA32_fPA16_KfPA16_f.exit"   --->   Operation 885 'br' 'br_ln0' <Predicate = (!icmp_ln78)> <Delay = 0.00>

State 196 <SV = 29> <Delay = 4.13>
ST_196 : Operation 886 [1/2] (0.79ns)   --->   "%temp_output2_0_load = load i4 %temp_output2_0_addr_3" [matmul.cpp:80]   --->   Operation 886 'load' 'temp_output2_0_load' <Predicate = true> <Delay = 0.79> <CoreInst = "RAM">   --->   Core 83 'RAM' <Latency = 1> <II = 1> <Delay = 0.79> <Storage> <Opcode : 'load' 'store'> <Ports = 2> <Width = 32> <Depth = 16> <RAM>
ST_196 : Operation 887 [1/1] (0.00ns)   --->   "%bitcast_ln80 = bitcast i32 %temp_output2_0_load" [matmul.cpp:80]   --->   Operation 887 'bitcast' 'bitcast_ln80' <Predicate = true> <Delay = 0.00>
ST_196 : Operation 888 [1/1] (0.00ns)   --->   "%tmp_2 = partselect i8 @_ssdm_op_PartSelect.i8.i32.i32.i32, i32 %bitcast_ln80, i32 23, i32 30" [matmul.cpp:80]   --->   Operation 888 'partselect' 'tmp_2' <Predicate = true> <Delay = 0.00>
ST_196 : Operation 889 [1/1] (0.00ns)   --->   "%trunc_ln80 = trunc i32 %bitcast_ln80" [matmul.cpp:80]   --->   Operation 889 'trunc' 'trunc_ln80' <Predicate = true> <Delay = 0.00>
ST_196 : Operation 890 [1/1] (0.85ns)   --->   "%icmp_ln80 = icmp_ne  i8 %tmp_2, i8 255" [matmul.cpp:80]   --->   Operation 890 'icmp' 'icmp_ln80' <Predicate = true> <Delay = 0.85> <CoreInst = "Cmp">   --->   Core 9 'Cmp' <Latency = 0> <II = 1> <Delay = 0.97> <FuncUnit> <Opcode : 'icmp'> <InPorts = 2> <OutPorts = 1>
ST_196 : Operation 891 [1/1] (0.97ns)   --->   "%icmp_ln80_1 = icmp_eq  i23 %trunc_ln80, i23 0" [matmul.cpp:80]   --->   Operation 891 'icmp' 'icmp_ln80_1' <Predicate = true> <Delay = 0.97> <CoreInst = "Cmp">   --->   Core 9 'Cmp' <Latency = 0> <II = 1> <Delay = 0.97> <FuncUnit> <Opcode : 'icmp'> <InPorts = 2> <OutPorts = 1>
ST_196 : Operation 892 [2/2] (3.34ns)   --->   "%tmp_3 = fcmp_olt  i32 %temp_output2_0_load, i32 0" [matmul.cpp:80]   --->   Operation 892 'fcmp' 'tmp_3' <Predicate = true> <Delay = 3.34> <CoreInst = "FCompare">   --->   Core 19 'FCompare' <Latency = 1> <II = 1> <Delay = 3.34> <FuncUnit> <Opcode : 'fcmp'> <InPorts = 2> <OutPorts = 1>

State 197 <SV = 30> <Delay = 4.46>
ST_197 : Operation 893 [1/1] (0.00ns)   --->   "%specloopname_ln78 = specloopname void @_ssdm_op_SpecLoopName, void @empty_8" [matmul.cpp:78]   --->   Operation 893 'specloopname' 'specloopname_ln78' <Predicate = true> <Delay = 0.00>
ST_197 : Operation 894 [1/1] (0.00ns) (grouped into LUT with out node and_ln80)   --->   "%or_ln80 = or i1 %icmp_ln80_1, i1 %icmp_ln80" [matmul.cpp:80]   --->   Operation 894 'or' 'or_ln80' <Predicate = true> <Delay = 0.00> <CoreInst = "LogicGate">   --->   Core 74 'LogicGate' <Latency = 0> <II = 1> <Delay = 0.33> <FuncUnit> <Opcode : 'and' 'or' 'xor'> <InPorts = 2> <OutPorts = 1>
ST_197 : Operation 895 [1/2] (3.34ns)   --->   "%tmp_3 = fcmp_olt  i32 %temp_output2_0_load, i32 0" [matmul.cpp:80]   --->   Operation 895 'fcmp' 'tmp_3' <Predicate = true> <Delay = 3.34> <CoreInst = "FCompare">   --->   Core 19 'FCompare' <Latency = 1> <II = 1> <Delay = 3.34> <FuncUnit> <Opcode : 'fcmp'> <InPorts = 2> <OutPorts = 1>
ST_197 : Operation 896 [1/1] (0.33ns) (out node of the LUT)   --->   "%and_ln80 = and i1 %or_ln80, i1 %tmp_3" [matmul.cpp:80]   --->   Operation 896 'and' 'and_ln80' <Predicate = true> <Delay = 0.33> <CoreInst = "LogicGate">   --->   Core 74 'LogicGate' <Latency = 0> <II = 1> <Delay = 0.33> <FuncUnit> <Opcode : 'and' 'or' 'xor'> <InPorts = 2> <OutPorts = 1>
ST_197 : Operation 897 [1/1] (0.00ns)   --->   "%br_ln80 = br i1 %and_ln80, void %.split6._crit_edge, void" [matmul.cpp:80]   --->   Operation 897 'br' 'br_ln80' <Predicate = true> <Delay = 0.00>
ST_197 : Operation 898 [1/1] (0.79ns)   --->   "%store_ln81 = store i32 0, i4 %temp_output2_0_addr_3" [matmul.cpp:81]   --->   Operation 898 'store' 'store_ln81' <Predicate = (and_ln80)> <Delay = 0.79> <CoreInst = "RAM">   --->   Core 83 'RAM' <Latency = 1> <II = 1> <Delay = 0.79> <Storage> <Opcode : 'load' 'store'> <Ports = 2> <Width = 32> <Depth = 16> <RAM>
ST_197 : Operation 899 [1/1] (0.00ns)   --->   "%br_ln81 = br void %.split6._crit_edge" [matmul.cpp:81]   --->   Operation 899 'br' 'br_ln81' <Predicate = (and_ln80)> <Delay = 0.00>

State 198 <SV = 29> <Delay = 0.79>
ST_198 : Operation 900 [2/2] (0.79ns)   --->   "%temp_output2_0_load_1 = load i4 %temp_output2_0_addr" [matmul.cpp:51]   --->   Operation 900 'load' 'temp_output2_0_load_1' <Predicate = true> <Delay = 0.79> <CoreInst = "RAM">   --->   Core 83 'RAM' <Latency = 1> <II = 1> <Delay = 0.79> <Storage> <Opcode : 'load' 'store'> <Ports = 2> <Width = 32> <Depth = 16> <RAM>
ST_198 : Operation 901 [1/1] (0.00ns)   --->   "%temp_output2_0_addr_4 = getelementptr i32 %temp_output2_0, i64 0, i64 1" [matmul.cpp:51]   --->   Operation 901 'getelementptr' 'temp_output2_0_addr_4' <Predicate = true> <Delay = 0.00>
ST_198 : Operation 902 [2/2] (0.79ns)   --->   "%temp_output2_0_load_2 = load i4 %temp_output2_0_addr_4" [matmul.cpp:51]   --->   Operation 902 'load' 'temp_output2_0_load_2' <Predicate = true> <Delay = 0.79> <CoreInst = "RAM">   --->   Core 83 'RAM' <Latency = 1> <II = 1> <Delay = 0.79> <Storage> <Opcode : 'load' 'store'> <Ports = 2> <Width = 32> <Depth = 16> <RAM>

State 199 <SV = 30> <Delay = 0.79>
ST_199 : Operation 903 [1/2] (0.79ns)   --->   "%temp_output2_0_load_1 = load i4 %temp_output2_0_addr" [matmul.cpp:51]   --->   Operation 903 'load' 'temp_output2_0_load_1' <Predicate = true> <Delay = 0.79> <CoreInst = "RAM">   --->   Core 83 'RAM' <Latency = 1> <II = 1> <Delay = 0.79> <Storage> <Opcode : 'load' 'store'> <Ports = 2> <Width = 32> <Depth = 16> <RAM>
ST_199 : Operation 904 [1/2] (0.79ns)   --->   "%temp_output2_0_load_2 = load i4 %temp_output2_0_addr_4" [matmul.cpp:51]   --->   Operation 904 'load' 'temp_output2_0_load_2' <Predicate = true> <Delay = 0.79> <CoreInst = "RAM">   --->   Core 83 'RAM' <Latency = 1> <II = 1> <Delay = 0.79> <Storage> <Opcode : 'load' 'store'> <Ports = 2> <Width = 32> <Depth = 16> <RAM>
ST_199 : Operation 905 [1/1] (0.00ns)   --->   "%temp_output2_0_addr_5 = getelementptr i32 %temp_output2_0, i64 0, i64 2" [matmul.cpp:51]   --->   Operation 905 'getelementptr' 'temp_output2_0_addr_5' <Predicate = true> <Delay = 0.00>
ST_199 : Operation 906 [2/2] (0.79ns)   --->   "%temp_output2_0_load_3 = load i4 %temp_output2_0_addr_5" [matmul.cpp:51]   --->   Operation 906 'load' 'temp_output2_0_load_3' <Predicate = true> <Delay = 0.79> <CoreInst = "RAM">   --->   Core 83 'RAM' <Latency = 1> <II = 1> <Delay = 0.79> <Storage> <Opcode : 'load' 'store'> <Ports = 2> <Width = 32> <Depth = 16> <RAM>
ST_199 : Operation 907 [1/1] (0.00ns)   --->   "%temp_output2_0_addr_6 = getelementptr i32 %temp_output2_0, i64 0, i64 3" [matmul.cpp:51]   --->   Operation 907 'getelementptr' 'temp_output2_0_addr_6' <Predicate = true> <Delay = 0.00>
ST_199 : Operation 908 [2/2] (0.79ns)   --->   "%temp_output2_0_load_4 = load i4 %temp_output2_0_addr_6" [matmul.cpp:51]   --->   Operation 908 'load' 'temp_output2_0_load_4' <Predicate = true> <Delay = 0.79> <CoreInst = "RAM">   --->   Core 83 'RAM' <Latency = 1> <II = 1> <Delay = 0.79> <Storage> <Opcode : 'load' 'store'> <Ports = 2> <Width = 32> <Depth = 16> <RAM>

State 200 <SV = 31> <Delay = 0.79>
ST_200 : Operation 909 [1/2] (0.79ns)   --->   "%temp_output2_0_load_3 = load i4 %temp_output2_0_addr_5" [matmul.cpp:51]   --->   Operation 909 'load' 'temp_output2_0_load_3' <Predicate = true> <Delay = 0.79> <CoreInst = "RAM">   --->   Core 83 'RAM' <Latency = 1> <II = 1> <Delay = 0.79> <Storage> <Opcode : 'load' 'store'> <Ports = 2> <Width = 32> <Depth = 16> <RAM>
ST_200 : Operation 910 [1/2] (0.79ns)   --->   "%temp_output2_0_load_4 = load i4 %temp_output2_0_addr_6" [matmul.cpp:51]   --->   Operation 910 'load' 'temp_output2_0_load_4' <Predicate = true> <Delay = 0.79> <CoreInst = "RAM">   --->   Core 83 'RAM' <Latency = 1> <II = 1> <Delay = 0.79> <Storage> <Opcode : 'load' 'store'> <Ports = 2> <Width = 32> <Depth = 16> <RAM>
ST_200 : Operation 911 [1/1] (0.00ns)   --->   "%temp_output2_0_addr_7 = getelementptr i32 %temp_output2_0, i64 0, i64 4" [matmul.cpp:51]   --->   Operation 911 'getelementptr' 'temp_output2_0_addr_7' <Predicate = true> <Delay = 0.00>
ST_200 : Operation 912 [2/2] (0.79ns)   --->   "%temp_output2_0_load_5 = load i4 %temp_output2_0_addr_7" [matmul.cpp:51]   --->   Operation 912 'load' 'temp_output2_0_load_5' <Predicate = true> <Delay = 0.79> <CoreInst = "RAM">   --->   Core 83 'RAM' <Latency = 1> <II = 1> <Delay = 0.79> <Storage> <Opcode : 'load' 'store'> <Ports = 2> <Width = 32> <Depth = 16> <RAM>
ST_200 : Operation 913 [1/1] (0.00ns)   --->   "%temp_output2_0_addr_8 = getelementptr i32 %temp_output2_0, i64 0, i64 5" [matmul.cpp:51]   --->   Operation 913 'getelementptr' 'temp_output2_0_addr_8' <Predicate = true> <Delay = 0.00>
ST_200 : Operation 914 [2/2] (0.79ns)   --->   "%temp_output2_0_load_6 = load i4 %temp_output2_0_addr_8" [matmul.cpp:51]   --->   Operation 914 'load' 'temp_output2_0_load_6' <Predicate = true> <Delay = 0.79> <CoreInst = "RAM">   --->   Core 83 'RAM' <Latency = 1> <II = 1> <Delay = 0.79> <Storage> <Opcode : 'load' 'store'> <Ports = 2> <Width = 32> <Depth = 16> <RAM>

State 201 <SV = 32> <Delay = 0.79>
ST_201 : Operation 915 [1/2] (0.79ns)   --->   "%temp_output2_0_load_5 = load i4 %temp_output2_0_addr_7" [matmul.cpp:51]   --->   Operation 915 'load' 'temp_output2_0_load_5' <Predicate = true> <Delay = 0.79> <CoreInst = "RAM">   --->   Core 83 'RAM' <Latency = 1> <II = 1> <Delay = 0.79> <Storage> <Opcode : 'load' 'store'> <Ports = 2> <Width = 32> <Depth = 16> <RAM>
ST_201 : Operation 916 [1/2] (0.79ns)   --->   "%temp_output2_0_load_6 = load i4 %temp_output2_0_addr_8" [matmul.cpp:51]   --->   Operation 916 'load' 'temp_output2_0_load_6' <Predicate = true> <Delay = 0.79> <CoreInst = "RAM">   --->   Core 83 'RAM' <Latency = 1> <II = 1> <Delay = 0.79> <Storage> <Opcode : 'load' 'store'> <Ports = 2> <Width = 32> <Depth = 16> <RAM>
ST_201 : Operation 917 [1/1] (0.00ns)   --->   "%temp_output2_0_addr_9 = getelementptr i32 %temp_output2_0, i64 0, i64 6" [matmul.cpp:51]   --->   Operation 917 'getelementptr' 'temp_output2_0_addr_9' <Predicate = true> <Delay = 0.00>
ST_201 : Operation 918 [2/2] (0.79ns)   --->   "%temp_output2_0_load_7 = load i4 %temp_output2_0_addr_9" [matmul.cpp:51]   --->   Operation 918 'load' 'temp_output2_0_load_7' <Predicate = true> <Delay = 0.79> <CoreInst = "RAM">   --->   Core 83 'RAM' <Latency = 1> <II = 1> <Delay = 0.79> <Storage> <Opcode : 'load' 'store'> <Ports = 2> <Width = 32> <Depth = 16> <RAM>
ST_201 : Operation 919 [1/1] (0.00ns)   --->   "%temp_output2_0_addr_10 = getelementptr i32 %temp_output2_0, i64 0, i64 7" [matmul.cpp:51]   --->   Operation 919 'getelementptr' 'temp_output2_0_addr_10' <Predicate = true> <Delay = 0.00>
ST_201 : Operation 920 [2/2] (0.79ns)   --->   "%temp_output2_0_load_8 = load i4 %temp_output2_0_addr_10" [matmul.cpp:51]   --->   Operation 920 'load' 'temp_output2_0_load_8' <Predicate = true> <Delay = 0.79> <CoreInst = "RAM">   --->   Core 83 'RAM' <Latency = 1> <II = 1> <Delay = 0.79> <Storage> <Opcode : 'load' 'store'> <Ports = 2> <Width = 32> <Depth = 16> <RAM>

State 202 <SV = 33> <Delay = 0.79>
ST_202 : Operation 921 [1/2] (0.79ns)   --->   "%temp_output2_0_load_7 = load i4 %temp_output2_0_addr_9" [matmul.cpp:51]   --->   Operation 921 'load' 'temp_output2_0_load_7' <Predicate = true> <Delay = 0.79> <CoreInst = "RAM">   --->   Core 83 'RAM' <Latency = 1> <II = 1> <Delay = 0.79> <Storage> <Opcode : 'load' 'store'> <Ports = 2> <Width = 32> <Depth = 16> <RAM>
ST_202 : Operation 922 [1/2] (0.79ns)   --->   "%temp_output2_0_load_8 = load i4 %temp_output2_0_addr_10" [matmul.cpp:51]   --->   Operation 922 'load' 'temp_output2_0_load_8' <Predicate = true> <Delay = 0.79> <CoreInst = "RAM">   --->   Core 83 'RAM' <Latency = 1> <II = 1> <Delay = 0.79> <Storage> <Opcode : 'load' 'store'> <Ports = 2> <Width = 32> <Depth = 16> <RAM>
ST_202 : Operation 923 [1/1] (0.00ns)   --->   "%temp_output2_0_addr_11 = getelementptr i32 %temp_output2_0, i64 0, i64 8" [matmul.cpp:51]   --->   Operation 923 'getelementptr' 'temp_output2_0_addr_11' <Predicate = true> <Delay = 0.00>
ST_202 : Operation 924 [2/2] (0.79ns)   --->   "%temp_output2_0_load_9 = load i4 %temp_output2_0_addr_11" [matmul.cpp:51]   --->   Operation 924 'load' 'temp_output2_0_load_9' <Predicate = true> <Delay = 0.79> <CoreInst = "RAM">   --->   Core 83 'RAM' <Latency = 1> <II = 1> <Delay = 0.79> <Storage> <Opcode : 'load' 'store'> <Ports = 2> <Width = 32> <Depth = 16> <RAM>
ST_202 : Operation 925 [1/1] (0.00ns)   --->   "%temp_output2_0_addr_12 = getelementptr i32 %temp_output2_0, i64 0, i64 9" [matmul.cpp:51]   --->   Operation 925 'getelementptr' 'temp_output2_0_addr_12' <Predicate = true> <Delay = 0.00>
ST_202 : Operation 926 [2/2] (0.79ns)   --->   "%temp_output2_0_load_10 = load i4 %temp_output2_0_addr_12" [matmul.cpp:51]   --->   Operation 926 'load' 'temp_output2_0_load_10' <Predicate = true> <Delay = 0.79> <CoreInst = "RAM">   --->   Core 83 'RAM' <Latency = 1> <II = 1> <Delay = 0.79> <Storage> <Opcode : 'load' 'store'> <Ports = 2> <Width = 32> <Depth = 16> <RAM>

State 203 <SV = 34> <Delay = 0.79>
ST_203 : Operation 927 [1/2] (0.79ns)   --->   "%temp_output2_0_load_9 = load i4 %temp_output2_0_addr_11" [matmul.cpp:51]   --->   Operation 927 'load' 'temp_output2_0_load_9' <Predicate = true> <Delay = 0.79> <CoreInst = "RAM">   --->   Core 83 'RAM' <Latency = 1> <II = 1> <Delay = 0.79> <Storage> <Opcode : 'load' 'store'> <Ports = 2> <Width = 32> <Depth = 16> <RAM>
ST_203 : Operation 928 [1/2] (0.79ns)   --->   "%temp_output2_0_load_10 = load i4 %temp_output2_0_addr_12" [matmul.cpp:51]   --->   Operation 928 'load' 'temp_output2_0_load_10' <Predicate = true> <Delay = 0.79> <CoreInst = "RAM">   --->   Core 83 'RAM' <Latency = 1> <II = 1> <Delay = 0.79> <Storage> <Opcode : 'load' 'store'> <Ports = 2> <Width = 32> <Depth = 16> <RAM>
ST_203 : Operation 929 [1/1] (0.00ns)   --->   "%temp_output2_0_addr_13 = getelementptr i32 %temp_output2_0, i64 0, i64 10" [matmul.cpp:51]   --->   Operation 929 'getelementptr' 'temp_output2_0_addr_13' <Predicate = true> <Delay = 0.00>
ST_203 : Operation 930 [2/2] (0.79ns)   --->   "%temp_output2_0_load_11 = load i4 %temp_output2_0_addr_13" [matmul.cpp:51]   --->   Operation 930 'load' 'temp_output2_0_load_11' <Predicate = true> <Delay = 0.79> <CoreInst = "RAM">   --->   Core 83 'RAM' <Latency = 1> <II = 1> <Delay = 0.79> <Storage> <Opcode : 'load' 'store'> <Ports = 2> <Width = 32> <Depth = 16> <RAM>
ST_203 : Operation 931 [1/1] (0.00ns)   --->   "%temp_output2_0_addr_14 = getelementptr i32 %temp_output2_0, i64 0, i64 11" [matmul.cpp:51]   --->   Operation 931 'getelementptr' 'temp_output2_0_addr_14' <Predicate = true> <Delay = 0.00>
ST_203 : Operation 932 [2/2] (0.79ns)   --->   "%temp_output2_0_load_12 = load i4 %temp_output2_0_addr_14" [matmul.cpp:51]   --->   Operation 932 'load' 'temp_output2_0_load_12' <Predicate = true> <Delay = 0.79> <CoreInst = "RAM">   --->   Core 83 'RAM' <Latency = 1> <II = 1> <Delay = 0.79> <Storage> <Opcode : 'load' 'store'> <Ports = 2> <Width = 32> <Depth = 16> <RAM>

State 204 <SV = 35> <Delay = 0.79>
ST_204 : Operation 933 [1/2] (0.79ns)   --->   "%temp_output2_0_load_11 = load i4 %temp_output2_0_addr_13" [matmul.cpp:51]   --->   Operation 933 'load' 'temp_output2_0_load_11' <Predicate = true> <Delay = 0.79> <CoreInst = "RAM">   --->   Core 83 'RAM' <Latency = 1> <II = 1> <Delay = 0.79> <Storage> <Opcode : 'load' 'store'> <Ports = 2> <Width = 32> <Depth = 16> <RAM>
ST_204 : Operation 934 [1/2] (0.79ns)   --->   "%temp_output2_0_load_12 = load i4 %temp_output2_0_addr_14" [matmul.cpp:51]   --->   Operation 934 'load' 'temp_output2_0_load_12' <Predicate = true> <Delay = 0.79> <CoreInst = "RAM">   --->   Core 83 'RAM' <Latency = 1> <II = 1> <Delay = 0.79> <Storage> <Opcode : 'load' 'store'> <Ports = 2> <Width = 32> <Depth = 16> <RAM>
ST_204 : Operation 935 [1/1] (0.00ns)   --->   "%temp_output2_0_addr_15 = getelementptr i32 %temp_output2_0, i64 0, i64 12" [matmul.cpp:51]   --->   Operation 935 'getelementptr' 'temp_output2_0_addr_15' <Predicate = true> <Delay = 0.00>
ST_204 : Operation 936 [2/2] (0.79ns)   --->   "%temp_output2_0_load_13 = load i4 %temp_output2_0_addr_15" [matmul.cpp:51]   --->   Operation 936 'load' 'temp_output2_0_load_13' <Predicate = true> <Delay = 0.79> <CoreInst = "RAM">   --->   Core 83 'RAM' <Latency = 1> <II = 1> <Delay = 0.79> <Storage> <Opcode : 'load' 'store'> <Ports = 2> <Width = 32> <Depth = 16> <RAM>
ST_204 : Operation 937 [1/1] (0.00ns)   --->   "%temp_output2_0_addr_16 = getelementptr i32 %temp_output2_0, i64 0, i64 13" [matmul.cpp:51]   --->   Operation 937 'getelementptr' 'temp_output2_0_addr_16' <Predicate = true> <Delay = 0.00>
ST_204 : Operation 938 [2/2] (0.79ns)   --->   "%temp_output2_0_load_14 = load i4 %temp_output2_0_addr_16" [matmul.cpp:51]   --->   Operation 938 'load' 'temp_output2_0_load_14' <Predicate = true> <Delay = 0.79> <CoreInst = "RAM">   --->   Core 83 'RAM' <Latency = 1> <II = 1> <Delay = 0.79> <Storage> <Opcode : 'load' 'store'> <Ports = 2> <Width = 32> <Depth = 16> <RAM>

State 205 <SV = 36> <Delay = 0.79>
ST_205 : Operation 939 [1/2] (0.79ns)   --->   "%temp_output2_0_load_13 = load i4 %temp_output2_0_addr_15" [matmul.cpp:51]   --->   Operation 939 'load' 'temp_output2_0_load_13' <Predicate = true> <Delay = 0.79> <CoreInst = "RAM">   --->   Core 83 'RAM' <Latency = 1> <II = 1> <Delay = 0.79> <Storage> <Opcode : 'load' 'store'> <Ports = 2> <Width = 32> <Depth = 16> <RAM>
ST_205 : Operation 940 [1/2] (0.79ns)   --->   "%temp_output2_0_load_14 = load i4 %temp_output2_0_addr_16" [matmul.cpp:51]   --->   Operation 940 'load' 'temp_output2_0_load_14' <Predicate = true> <Delay = 0.79> <CoreInst = "RAM">   --->   Core 83 'RAM' <Latency = 1> <II = 1> <Delay = 0.79> <Storage> <Opcode : 'load' 'store'> <Ports = 2> <Width = 32> <Depth = 16> <RAM>
ST_205 : Operation 941 [1/1] (0.00ns)   --->   "%temp_output2_0_addr_17 = getelementptr i32 %temp_output2_0, i64 0, i64 14" [matmul.cpp:51]   --->   Operation 941 'getelementptr' 'temp_output2_0_addr_17' <Predicate = true> <Delay = 0.00>
ST_205 : Operation 942 [2/2] (0.79ns)   --->   "%temp_output2_0_load_15 = load i4 %temp_output2_0_addr_17" [matmul.cpp:51]   --->   Operation 942 'load' 'temp_output2_0_load_15' <Predicate = true> <Delay = 0.79> <CoreInst = "RAM">   --->   Core 83 'RAM' <Latency = 1> <II = 1> <Delay = 0.79> <Storage> <Opcode : 'load' 'store'> <Ports = 2> <Width = 32> <Depth = 16> <RAM>
ST_205 : Operation 943 [1/1] (0.00ns)   --->   "%temp_output2_0_addr_18 = getelementptr i32 %temp_output2_0, i64 0, i64 15" [matmul.cpp:51]   --->   Operation 943 'getelementptr' 'temp_output2_0_addr_18' <Predicate = true> <Delay = 0.00>
ST_205 : Operation 944 [2/2] (0.79ns)   --->   "%temp_output2_0_load_16 = load i4 %temp_output2_0_addr_18" [matmul.cpp:51]   --->   Operation 944 'load' 'temp_output2_0_load_16' <Predicate = true> <Delay = 0.79> <CoreInst = "RAM">   --->   Core 83 'RAM' <Latency = 1> <II = 1> <Delay = 0.79> <Storage> <Opcode : 'load' 'store'> <Ports = 2> <Width = 32> <Depth = 16> <RAM>

State 206 <SV = 37> <Delay = 0.79>
ST_206 : Operation 945 [1/2] (0.79ns)   --->   "%temp_output2_0_load_15 = load i4 %temp_output2_0_addr_17" [matmul.cpp:51]   --->   Operation 945 'load' 'temp_output2_0_load_15' <Predicate = true> <Delay = 0.79> <CoreInst = "RAM">   --->   Core 83 'RAM' <Latency = 1> <II = 1> <Delay = 0.79> <Storage> <Opcode : 'load' 'store'> <Ports = 2> <Width = 32> <Depth = 16> <RAM>
ST_206 : Operation 946 [1/2] (0.79ns)   --->   "%temp_output2_0_load_16 = load i4 %temp_output2_0_addr_18" [matmul.cpp:51]   --->   Operation 946 'load' 'temp_output2_0_load_16' <Predicate = true> <Delay = 0.79> <CoreInst = "RAM">   --->   Core 83 'RAM' <Latency = 1> <II = 1> <Delay = 0.79> <Storage> <Opcode : 'load' 'store'> <Ports = 2> <Width = 32> <Depth = 16> <RAM>
ST_206 : Operation 947 [1/1] (0.48ns)   --->   "%br_ln0 = br void %_Z13hw_act_layer2PA16_fS0_.exit"   --->   Operation 947 'br' 'br_ln0' <Predicate = true> <Delay = 0.48>

State 207 <SV = 38> <Delay = 0.88>
ST_207 : Operation 948 [1/1] (0.00ns)   --->   "%j_1 = phi i4 %add_ln45, void %.split4, i4 0, void %_Z13hw_act_layer2PA16_fS0_.exit.preheader" [matmul.cpp:45]   --->   Operation 948 'phi' 'j_1' <Predicate = true> <Delay = 0.00>
ST_207 : Operation 949 [1/1] (0.86ns)   --->   "%add_ln45 = add i4 %j_1, i4 1" [matmul.cpp:45]   --->   Operation 949 'add' 'add_ln45' <Predicate = true> <Delay = 0.86> <CoreInst = "Adder">   --->   Core 1 'Adder' <Latency = 0> <II = 1> <Delay = 0.86> <FuncUnit> <Opcode : 'add' 'sub'> <InPorts = 2> <OutPorts = 1>
ST_207 : Operation 950 [1/1] (0.00ns)   --->   "%specpipeline_ln0 = specpipeline void @_ssdm_op_SpecPipeline, i32 4294967295, i32 0, i32 1, i32 0, void @p_str"   --->   Operation 950 'specpipeline' 'specpipeline_ln0' <Predicate = true> <Delay = 0.00>
ST_207 : Operation 951 [1/1] (0.88ns)   --->   "%icmp_ln45 = icmp_eq  i4 %j_1, i4 10" [matmul.cpp:45]   --->   Operation 951 'icmp' 'icmp_ln45' <Predicate = true> <Delay = 0.88> <CoreInst = "Cmp">   --->   Core 9 'Cmp' <Latency = 0> <II = 1> <Delay = 0.97> <FuncUnit> <Opcode : 'icmp'> <InPorts = 2> <OutPorts = 1>
ST_207 : Operation 952 [1/1] (0.00ns)   --->   "%empty_33 = speclooptripcount i32 @_ssdm_op_SpecLoopTripCount, i64 10, i64 10, i64 10"   --->   Operation 952 'speclooptripcount' 'empty_33' <Predicate = true> <Delay = 0.00>
ST_207 : Operation 953 [1/1] (0.00ns)   --->   "%br_ln45 = br i1 %icmp_ln45, void %.split4, void %_Z11hwmm_layer3PA16_fPA10_KfPA10_f.exit.preheader" [matmul.cpp:45]   --->   Operation 953 'br' 'br_ln45' <Predicate = true> <Delay = 0.00>
ST_207 : Operation 954 [1/1] (0.00ns)   --->   "%j_1_cast = zext i4 %j_1" [matmul.cpp:45]   --->   Operation 954 'zext' 'j_1_cast' <Predicate = (!icmp_ln45)> <Delay = 0.00>
ST_207 : Operation 955 [1/1] (0.00ns)   --->   "%layer3_weights_0_addr = getelementptr i32 %layer3_weights_0, i64 0, i64 %j_1_cast" [matmul.cpp:51]   --->   Operation 955 'getelementptr' 'layer3_weights_0_addr' <Predicate = (!icmp_ln45)> <Delay = 0.00>
ST_207 : Operation 956 [2/2] (0.79ns)   --->   "%layer3_weights_0_load = load i4 %layer3_weights_0_addr" [matmul.cpp:51]   --->   Operation 956 'load' 'layer3_weights_0_load' <Predicate = (!icmp_ln45)> <Delay = 0.79> <CoreInst = "ROM">   --->   Core 101 'ROM' <Latency = 1> <II = 1> <Delay = 0.79> <Storage> <Opcode : 'load'> <Ports = 0> <Width = 32> <Depth = 10> <ROM>

State 208 <SV = 39> <Delay = 5.46>
ST_208 : Operation 957 [1/2] (0.79ns)   --->   "%layer3_weights_0_load = load i4 %layer3_weights_0_addr" [matmul.cpp:51]   --->   Operation 957 'load' 'layer3_weights_0_load' <Predicate = (!icmp_ln45)> <Delay = 0.79> <CoreInst = "ROM">   --->   Core 101 'ROM' <Latency = 1> <II = 1> <Delay = 0.79> <Storage> <Opcode : 'load'> <Ports = 0> <Width = 32> <Depth = 10> <ROM>
ST_208 : Operation 958 [4/4] (4.67ns)   --->   "%mul_i1 = fmul i32 %temp_output2_0_load_1, i32 %layer3_weights_0_load" [matmul.cpp:51]   --->   Operation 958 'fmul' 'mul_i1' <Predicate = (!icmp_ln45)> <Delay = 4.67> <CoreInst = "FMul_maxdsp">   --->   Core 30 'FMul_maxdsp' <Latency = 3> <II = 1> <Delay = 4.67> <FuncUnit> <Opcode : 'fmul'> <InPorts = 2> <OutPorts = 1>

State 209 <SV = 40> <Delay = 4.67>
ST_209 : Operation 959 [3/4] (4.67ns)   --->   "%mul_i1 = fmul i32 %temp_output2_0_load_1, i32 %layer3_weights_0_load" [matmul.cpp:51]   --->   Operation 959 'fmul' 'mul_i1' <Predicate = (!icmp_ln45)> <Delay = 4.67> <CoreInst = "FMul_maxdsp">   --->   Core 30 'FMul_maxdsp' <Latency = 3> <II = 1> <Delay = 4.67> <FuncUnit> <Opcode : 'fmul'> <InPorts = 2> <OutPorts = 1>

State 210 <SV = 41> <Delay = 4.67>
ST_210 : Operation 960 [2/4] (4.67ns)   --->   "%mul_i1 = fmul i32 %temp_output2_0_load_1, i32 %layer3_weights_0_load" [matmul.cpp:51]   --->   Operation 960 'fmul' 'mul_i1' <Predicate = (!icmp_ln45)> <Delay = 4.67> <CoreInst = "FMul_maxdsp">   --->   Core 30 'FMul_maxdsp' <Latency = 3> <II = 1> <Delay = 4.67> <FuncUnit> <Opcode : 'fmul'> <InPorts = 2> <OutPorts = 1>

State 211 <SV = 42> <Delay = 4.67>
ST_211 : Operation 961 [1/4] (4.67ns)   --->   "%mul_i1 = fmul i32 %temp_output2_0_load_1, i32 %layer3_weights_0_load" [matmul.cpp:51]   --->   Operation 961 'fmul' 'mul_i1' <Predicate = (!icmp_ln45)> <Delay = 4.67> <CoreInst = "FMul_maxdsp">   --->   Core 30 'FMul_maxdsp' <Latency = 3> <II = 1> <Delay = 4.67> <FuncUnit> <Opcode : 'fmul'> <InPorts = 2> <OutPorts = 1>

State 212 <SV = 43> <Delay = 6.01>
ST_212 : Operation 962 [5/5] (6.01ns)   --->   "%sum_3 = fadd i32 %mul_i1, i32 0" [matmul.cpp:51]   --->   Operation 962 'fadd' 'sum_3' <Predicate = (!icmp_ln45)> <Delay = 6.01> <CoreInst = "FAddSub_fulldsp">   --->   Core 18 'FAddSub_fulldsp' <Latency = 4> <II = 1> <Delay = 6.01> <FuncUnit> <Opcode : 'fadd' 'fsub'> <InPorts = 2> <OutPorts = 1>
ST_212 : Operation 963 [1/1] (0.00ns)   --->   "%layer3_weights_1_addr = getelementptr i32 %layer3_weights_1, i64 0, i64 %j_1_cast" [matmul.cpp:51]   --->   Operation 963 'getelementptr' 'layer3_weights_1_addr' <Predicate = (!icmp_ln45)> <Delay = 0.00>
ST_212 : Operation 964 [2/2] (0.79ns)   --->   "%layer3_weights_1_load = load i4 %layer3_weights_1_addr" [matmul.cpp:51]   --->   Operation 964 'load' 'layer3_weights_1_load' <Predicate = (!icmp_ln45)> <Delay = 0.79> <CoreInst = "ROM">   --->   Core 101 'ROM' <Latency = 1> <II = 1> <Delay = 0.79> <Storage> <Opcode : 'load'> <Ports = 0> <Width = 32> <Depth = 10> <ROM>

State 213 <SV = 44> <Delay = 6.01>
ST_213 : Operation 965 [4/5] (6.01ns)   --->   "%sum_3 = fadd i32 %mul_i1, i32 0" [matmul.cpp:51]   --->   Operation 965 'fadd' 'sum_3' <Predicate = (!icmp_ln45)> <Delay = 6.01> <CoreInst = "FAddSub_fulldsp">   --->   Core 18 'FAddSub_fulldsp' <Latency = 4> <II = 1> <Delay = 6.01> <FuncUnit> <Opcode : 'fadd' 'fsub'> <InPorts = 2> <OutPorts = 1>
ST_213 : Operation 966 [1/2] (0.79ns)   --->   "%layer3_weights_1_load = load i4 %layer3_weights_1_addr" [matmul.cpp:51]   --->   Operation 966 'load' 'layer3_weights_1_load' <Predicate = (!icmp_ln45)> <Delay = 0.79> <CoreInst = "ROM">   --->   Core 101 'ROM' <Latency = 1> <II = 1> <Delay = 0.79> <Storage> <Opcode : 'load'> <Ports = 0> <Width = 32> <Depth = 10> <ROM>
ST_213 : Operation 967 [4/4] (4.67ns)   --->   "%mul_i1_1 = fmul i32 %temp_output2_0_load_2, i32 %layer3_weights_1_load" [matmul.cpp:51]   --->   Operation 967 'fmul' 'mul_i1_1' <Predicate = (!icmp_ln45)> <Delay = 4.67> <CoreInst = "FMul_maxdsp">   --->   Core 30 'FMul_maxdsp' <Latency = 3> <II = 1> <Delay = 4.67> <FuncUnit> <Opcode : 'fmul'> <InPorts = 2> <OutPorts = 1>

State 214 <SV = 45> <Delay = 6.01>
ST_214 : Operation 968 [3/5] (6.01ns)   --->   "%sum_3 = fadd i32 %mul_i1, i32 0" [matmul.cpp:51]   --->   Operation 968 'fadd' 'sum_3' <Predicate = (!icmp_ln45)> <Delay = 6.01> <CoreInst = "FAddSub_fulldsp">   --->   Core 18 'FAddSub_fulldsp' <Latency = 4> <II = 1> <Delay = 6.01> <FuncUnit> <Opcode : 'fadd' 'fsub'> <InPorts = 2> <OutPorts = 1>
ST_214 : Operation 969 [3/4] (4.67ns)   --->   "%mul_i1_1 = fmul i32 %temp_output2_0_load_2, i32 %layer3_weights_1_load" [matmul.cpp:51]   --->   Operation 969 'fmul' 'mul_i1_1' <Predicate = (!icmp_ln45)> <Delay = 4.67> <CoreInst = "FMul_maxdsp">   --->   Core 30 'FMul_maxdsp' <Latency = 3> <II = 1> <Delay = 4.67> <FuncUnit> <Opcode : 'fmul'> <InPorts = 2> <OutPorts = 1>

State 215 <SV = 46> <Delay = 6.01>
ST_215 : Operation 970 [2/5] (6.01ns)   --->   "%sum_3 = fadd i32 %mul_i1, i32 0" [matmul.cpp:51]   --->   Operation 970 'fadd' 'sum_3' <Predicate = (!icmp_ln45)> <Delay = 6.01> <CoreInst = "FAddSub_fulldsp">   --->   Core 18 'FAddSub_fulldsp' <Latency = 4> <II = 1> <Delay = 6.01> <FuncUnit> <Opcode : 'fadd' 'fsub'> <InPorts = 2> <OutPorts = 1>
ST_215 : Operation 971 [2/4] (4.67ns)   --->   "%mul_i1_1 = fmul i32 %temp_output2_0_load_2, i32 %layer3_weights_1_load" [matmul.cpp:51]   --->   Operation 971 'fmul' 'mul_i1_1' <Predicate = (!icmp_ln45)> <Delay = 4.67> <CoreInst = "FMul_maxdsp">   --->   Core 30 'FMul_maxdsp' <Latency = 3> <II = 1> <Delay = 4.67> <FuncUnit> <Opcode : 'fmul'> <InPorts = 2> <OutPorts = 1>

State 216 <SV = 47> <Delay = 6.01>
ST_216 : Operation 972 [1/5] (6.01ns)   --->   "%sum_3 = fadd i32 %mul_i1, i32 0" [matmul.cpp:51]   --->   Operation 972 'fadd' 'sum_3' <Predicate = (!icmp_ln45)> <Delay = 6.01> <CoreInst = "FAddSub_fulldsp">   --->   Core 18 'FAddSub_fulldsp' <Latency = 4> <II = 1> <Delay = 6.01> <FuncUnit> <Opcode : 'fadd' 'fsub'> <InPorts = 2> <OutPorts = 1>
ST_216 : Operation 973 [1/4] (4.67ns)   --->   "%mul_i1_1 = fmul i32 %temp_output2_0_load_2, i32 %layer3_weights_1_load" [matmul.cpp:51]   --->   Operation 973 'fmul' 'mul_i1_1' <Predicate = (!icmp_ln45)> <Delay = 4.67> <CoreInst = "FMul_maxdsp">   --->   Core 30 'FMul_maxdsp' <Latency = 3> <II = 1> <Delay = 4.67> <FuncUnit> <Opcode : 'fmul'> <InPorts = 2> <OutPorts = 1>

State 217 <SV = 48> <Delay = 6.01>
ST_217 : Operation 974 [5/5] (6.01ns)   --->   "%sum_3_1 = fadd i32 %sum_3, i32 %mul_i1_1" [matmul.cpp:51]   --->   Operation 974 'fadd' 'sum_3_1' <Predicate = (!icmp_ln45)> <Delay = 6.01> <CoreInst = "FAddSub_fulldsp">   --->   Core 18 'FAddSub_fulldsp' <Latency = 4> <II = 1> <Delay = 6.01> <FuncUnit> <Opcode : 'fadd' 'fsub'> <InPorts = 2> <OutPorts = 1>
ST_217 : Operation 975 [1/1] (0.00ns)   --->   "%layer3_weights_2_addr = getelementptr i32 %layer3_weights_2, i64 0, i64 %j_1_cast" [matmul.cpp:51]   --->   Operation 975 'getelementptr' 'layer3_weights_2_addr' <Predicate = (!icmp_ln45)> <Delay = 0.00>
ST_217 : Operation 976 [2/2] (0.79ns)   --->   "%layer3_weights_2_load = load i4 %layer3_weights_2_addr" [matmul.cpp:51]   --->   Operation 976 'load' 'layer3_weights_2_load' <Predicate = (!icmp_ln45)> <Delay = 0.79> <CoreInst = "ROM">   --->   Core 101 'ROM' <Latency = 1> <II = 1> <Delay = 0.79> <Storage> <Opcode : 'load'> <Ports = 0> <Width = 32> <Depth = 10> <ROM>

State 218 <SV = 49> <Delay = 6.01>
ST_218 : Operation 977 [4/5] (6.01ns)   --->   "%sum_3_1 = fadd i32 %sum_3, i32 %mul_i1_1" [matmul.cpp:51]   --->   Operation 977 'fadd' 'sum_3_1' <Predicate = (!icmp_ln45)> <Delay = 6.01> <CoreInst = "FAddSub_fulldsp">   --->   Core 18 'FAddSub_fulldsp' <Latency = 4> <II = 1> <Delay = 6.01> <FuncUnit> <Opcode : 'fadd' 'fsub'> <InPorts = 2> <OutPorts = 1>
ST_218 : Operation 978 [1/2] (0.79ns)   --->   "%layer3_weights_2_load = load i4 %layer3_weights_2_addr" [matmul.cpp:51]   --->   Operation 978 'load' 'layer3_weights_2_load' <Predicate = (!icmp_ln45)> <Delay = 0.79> <CoreInst = "ROM">   --->   Core 101 'ROM' <Latency = 1> <II = 1> <Delay = 0.79> <Storage> <Opcode : 'load'> <Ports = 0> <Width = 32> <Depth = 10> <ROM>
ST_218 : Operation 979 [4/4] (4.67ns)   --->   "%mul_i1_2 = fmul i32 %temp_output2_0_load_3, i32 %layer3_weights_2_load" [matmul.cpp:51]   --->   Operation 979 'fmul' 'mul_i1_2' <Predicate = (!icmp_ln45)> <Delay = 4.67> <CoreInst = "FMul_maxdsp">   --->   Core 30 'FMul_maxdsp' <Latency = 3> <II = 1> <Delay = 4.67> <FuncUnit> <Opcode : 'fmul'> <InPorts = 2> <OutPorts = 1>

State 219 <SV = 50> <Delay = 6.01>
ST_219 : Operation 980 [3/5] (6.01ns)   --->   "%sum_3_1 = fadd i32 %sum_3, i32 %mul_i1_1" [matmul.cpp:51]   --->   Operation 980 'fadd' 'sum_3_1' <Predicate = (!icmp_ln45)> <Delay = 6.01> <CoreInst = "FAddSub_fulldsp">   --->   Core 18 'FAddSub_fulldsp' <Latency = 4> <II = 1> <Delay = 6.01> <FuncUnit> <Opcode : 'fadd' 'fsub'> <InPorts = 2> <OutPorts = 1>
ST_219 : Operation 981 [3/4] (4.67ns)   --->   "%mul_i1_2 = fmul i32 %temp_output2_0_load_3, i32 %layer3_weights_2_load" [matmul.cpp:51]   --->   Operation 981 'fmul' 'mul_i1_2' <Predicate = (!icmp_ln45)> <Delay = 4.67> <CoreInst = "FMul_maxdsp">   --->   Core 30 'FMul_maxdsp' <Latency = 3> <II = 1> <Delay = 4.67> <FuncUnit> <Opcode : 'fmul'> <InPorts = 2> <OutPorts = 1>

State 220 <SV = 51> <Delay = 6.01>
ST_220 : Operation 982 [2/5] (6.01ns)   --->   "%sum_3_1 = fadd i32 %sum_3, i32 %mul_i1_1" [matmul.cpp:51]   --->   Operation 982 'fadd' 'sum_3_1' <Predicate = (!icmp_ln45)> <Delay = 6.01> <CoreInst = "FAddSub_fulldsp">   --->   Core 18 'FAddSub_fulldsp' <Latency = 4> <II = 1> <Delay = 6.01> <FuncUnit> <Opcode : 'fadd' 'fsub'> <InPorts = 2> <OutPorts = 1>
ST_220 : Operation 983 [2/4] (4.67ns)   --->   "%mul_i1_2 = fmul i32 %temp_output2_0_load_3, i32 %layer3_weights_2_load" [matmul.cpp:51]   --->   Operation 983 'fmul' 'mul_i1_2' <Predicate = (!icmp_ln45)> <Delay = 4.67> <CoreInst = "FMul_maxdsp">   --->   Core 30 'FMul_maxdsp' <Latency = 3> <II = 1> <Delay = 4.67> <FuncUnit> <Opcode : 'fmul'> <InPorts = 2> <OutPorts = 1>

State 221 <SV = 52> <Delay = 6.01>
ST_221 : Operation 984 [1/5] (6.01ns)   --->   "%sum_3_1 = fadd i32 %sum_3, i32 %mul_i1_1" [matmul.cpp:51]   --->   Operation 984 'fadd' 'sum_3_1' <Predicate = (!icmp_ln45)> <Delay = 6.01> <CoreInst = "FAddSub_fulldsp">   --->   Core 18 'FAddSub_fulldsp' <Latency = 4> <II = 1> <Delay = 6.01> <FuncUnit> <Opcode : 'fadd' 'fsub'> <InPorts = 2> <OutPorts = 1>
ST_221 : Operation 985 [1/4] (4.67ns)   --->   "%mul_i1_2 = fmul i32 %temp_output2_0_load_3, i32 %layer3_weights_2_load" [matmul.cpp:51]   --->   Operation 985 'fmul' 'mul_i1_2' <Predicate = (!icmp_ln45)> <Delay = 4.67> <CoreInst = "FMul_maxdsp">   --->   Core 30 'FMul_maxdsp' <Latency = 3> <II = 1> <Delay = 4.67> <FuncUnit> <Opcode : 'fmul'> <InPorts = 2> <OutPorts = 1>

State 222 <SV = 53> <Delay = 6.01>
ST_222 : Operation 986 [5/5] (6.01ns)   --->   "%sum_3_2 = fadd i32 %sum_3_1, i32 %mul_i1_2" [matmul.cpp:51]   --->   Operation 986 'fadd' 'sum_3_2' <Predicate = (!icmp_ln45)> <Delay = 6.01> <CoreInst = "FAddSub_fulldsp">   --->   Core 18 'FAddSub_fulldsp' <Latency = 4> <II = 1> <Delay = 6.01> <FuncUnit> <Opcode : 'fadd' 'fsub'> <InPorts = 2> <OutPorts = 1>
ST_222 : Operation 987 [1/1] (0.00ns)   --->   "%layer3_weights_3_addr = getelementptr i32 %layer3_weights_3, i64 0, i64 %j_1_cast" [matmul.cpp:51]   --->   Operation 987 'getelementptr' 'layer3_weights_3_addr' <Predicate = (!icmp_ln45)> <Delay = 0.00>
ST_222 : Operation 988 [2/2] (0.79ns)   --->   "%layer3_weights_3_load = load i4 %layer3_weights_3_addr" [matmul.cpp:51]   --->   Operation 988 'load' 'layer3_weights_3_load' <Predicate = (!icmp_ln45)> <Delay = 0.79> <CoreInst = "ROM">   --->   Core 101 'ROM' <Latency = 1> <II = 1> <Delay = 0.79> <Storage> <Opcode : 'load'> <Ports = 0> <Width = 32> <Depth = 10> <ROM>

State 223 <SV = 54> <Delay = 6.01>
ST_223 : Operation 989 [4/5] (6.01ns)   --->   "%sum_3_2 = fadd i32 %sum_3_1, i32 %mul_i1_2" [matmul.cpp:51]   --->   Operation 989 'fadd' 'sum_3_2' <Predicate = (!icmp_ln45)> <Delay = 6.01> <CoreInst = "FAddSub_fulldsp">   --->   Core 18 'FAddSub_fulldsp' <Latency = 4> <II = 1> <Delay = 6.01> <FuncUnit> <Opcode : 'fadd' 'fsub'> <InPorts = 2> <OutPorts = 1>
ST_223 : Operation 990 [1/2] (0.79ns)   --->   "%layer3_weights_3_load = load i4 %layer3_weights_3_addr" [matmul.cpp:51]   --->   Operation 990 'load' 'layer3_weights_3_load' <Predicate = (!icmp_ln45)> <Delay = 0.79> <CoreInst = "ROM">   --->   Core 101 'ROM' <Latency = 1> <II = 1> <Delay = 0.79> <Storage> <Opcode : 'load'> <Ports = 0> <Width = 32> <Depth = 10> <ROM>
ST_223 : Operation 991 [4/4] (4.67ns)   --->   "%mul_i1_3 = fmul i32 %temp_output2_0_load_4, i32 %layer3_weights_3_load" [matmul.cpp:51]   --->   Operation 991 'fmul' 'mul_i1_3' <Predicate = (!icmp_ln45)> <Delay = 4.67> <CoreInst = "FMul_maxdsp">   --->   Core 30 'FMul_maxdsp' <Latency = 3> <II = 1> <Delay = 4.67> <FuncUnit> <Opcode : 'fmul'> <InPorts = 2> <OutPorts = 1>

State 224 <SV = 55> <Delay = 6.01>
ST_224 : Operation 992 [3/5] (6.01ns)   --->   "%sum_3_2 = fadd i32 %sum_3_1, i32 %mul_i1_2" [matmul.cpp:51]   --->   Operation 992 'fadd' 'sum_3_2' <Predicate = (!icmp_ln45)> <Delay = 6.01> <CoreInst = "FAddSub_fulldsp">   --->   Core 18 'FAddSub_fulldsp' <Latency = 4> <II = 1> <Delay = 6.01> <FuncUnit> <Opcode : 'fadd' 'fsub'> <InPorts = 2> <OutPorts = 1>
ST_224 : Operation 993 [3/4] (4.67ns)   --->   "%mul_i1_3 = fmul i32 %temp_output2_0_load_4, i32 %layer3_weights_3_load" [matmul.cpp:51]   --->   Operation 993 'fmul' 'mul_i1_3' <Predicate = (!icmp_ln45)> <Delay = 4.67> <CoreInst = "FMul_maxdsp">   --->   Core 30 'FMul_maxdsp' <Latency = 3> <II = 1> <Delay = 4.67> <FuncUnit> <Opcode : 'fmul'> <InPorts = 2> <OutPorts = 1>

State 225 <SV = 56> <Delay = 6.01>
ST_225 : Operation 994 [2/5] (6.01ns)   --->   "%sum_3_2 = fadd i32 %sum_3_1, i32 %mul_i1_2" [matmul.cpp:51]   --->   Operation 994 'fadd' 'sum_3_2' <Predicate = (!icmp_ln45)> <Delay = 6.01> <CoreInst = "FAddSub_fulldsp">   --->   Core 18 'FAddSub_fulldsp' <Latency = 4> <II = 1> <Delay = 6.01> <FuncUnit> <Opcode : 'fadd' 'fsub'> <InPorts = 2> <OutPorts = 1>
ST_225 : Operation 995 [2/4] (4.67ns)   --->   "%mul_i1_3 = fmul i32 %temp_output2_0_load_4, i32 %layer3_weights_3_load" [matmul.cpp:51]   --->   Operation 995 'fmul' 'mul_i1_3' <Predicate = (!icmp_ln45)> <Delay = 4.67> <CoreInst = "FMul_maxdsp">   --->   Core 30 'FMul_maxdsp' <Latency = 3> <II = 1> <Delay = 4.67> <FuncUnit> <Opcode : 'fmul'> <InPorts = 2> <OutPorts = 1>

State 226 <SV = 57> <Delay = 6.01>
ST_226 : Operation 996 [1/5] (6.01ns)   --->   "%sum_3_2 = fadd i32 %sum_3_1, i32 %mul_i1_2" [matmul.cpp:51]   --->   Operation 996 'fadd' 'sum_3_2' <Predicate = (!icmp_ln45)> <Delay = 6.01> <CoreInst = "FAddSub_fulldsp">   --->   Core 18 'FAddSub_fulldsp' <Latency = 4> <II = 1> <Delay = 6.01> <FuncUnit> <Opcode : 'fadd' 'fsub'> <InPorts = 2> <OutPorts = 1>
ST_226 : Operation 997 [1/4] (4.67ns)   --->   "%mul_i1_3 = fmul i32 %temp_output2_0_load_4, i32 %layer3_weights_3_load" [matmul.cpp:51]   --->   Operation 997 'fmul' 'mul_i1_3' <Predicate = (!icmp_ln45)> <Delay = 4.67> <CoreInst = "FMul_maxdsp">   --->   Core 30 'FMul_maxdsp' <Latency = 3> <II = 1> <Delay = 4.67> <FuncUnit> <Opcode : 'fmul'> <InPorts = 2> <OutPorts = 1>

State 227 <SV = 58> <Delay = 6.01>
ST_227 : Operation 998 [5/5] (6.01ns)   --->   "%sum_3_3 = fadd i32 %sum_3_2, i32 %mul_i1_3" [matmul.cpp:51]   --->   Operation 998 'fadd' 'sum_3_3' <Predicate = (!icmp_ln45)> <Delay = 6.01> <CoreInst = "FAddSub_fulldsp">   --->   Core 18 'FAddSub_fulldsp' <Latency = 4> <II = 1> <Delay = 6.01> <FuncUnit> <Opcode : 'fadd' 'fsub'> <InPorts = 2> <OutPorts = 1>
ST_227 : Operation 999 [1/1] (0.00ns)   --->   "%layer3_weights_4_addr = getelementptr i32 %layer3_weights_4, i64 0, i64 %j_1_cast" [matmul.cpp:51]   --->   Operation 999 'getelementptr' 'layer3_weights_4_addr' <Predicate = (!icmp_ln45)> <Delay = 0.00>
ST_227 : Operation 1000 [2/2] (0.79ns)   --->   "%layer3_weights_4_load = load i4 %layer3_weights_4_addr" [matmul.cpp:51]   --->   Operation 1000 'load' 'layer3_weights_4_load' <Predicate = (!icmp_ln45)> <Delay = 0.79> <CoreInst = "ROM">   --->   Core 101 'ROM' <Latency = 1> <II = 1> <Delay = 0.79> <Storage> <Opcode : 'load'> <Ports = 0> <Width = 32> <Depth = 10> <ROM>

State 228 <SV = 59> <Delay = 6.01>
ST_228 : Operation 1001 [4/5] (6.01ns)   --->   "%sum_3_3 = fadd i32 %sum_3_2, i32 %mul_i1_3" [matmul.cpp:51]   --->   Operation 1001 'fadd' 'sum_3_3' <Predicate = (!icmp_ln45)> <Delay = 6.01> <CoreInst = "FAddSub_fulldsp">   --->   Core 18 'FAddSub_fulldsp' <Latency = 4> <II = 1> <Delay = 6.01> <FuncUnit> <Opcode : 'fadd' 'fsub'> <InPorts = 2> <OutPorts = 1>
ST_228 : Operation 1002 [1/2] (0.79ns)   --->   "%layer3_weights_4_load = load i4 %layer3_weights_4_addr" [matmul.cpp:51]   --->   Operation 1002 'load' 'layer3_weights_4_load' <Predicate = (!icmp_ln45)> <Delay = 0.79> <CoreInst = "ROM">   --->   Core 101 'ROM' <Latency = 1> <II = 1> <Delay = 0.79> <Storage> <Opcode : 'load'> <Ports = 0> <Width = 32> <Depth = 10> <ROM>
ST_228 : Operation 1003 [4/4] (4.67ns)   --->   "%mul_i1_4 = fmul i32 %temp_output2_0_load_5, i32 %layer3_weights_4_load" [matmul.cpp:51]   --->   Operation 1003 'fmul' 'mul_i1_4' <Predicate = (!icmp_ln45)> <Delay = 4.67> <CoreInst = "FMul_maxdsp">   --->   Core 30 'FMul_maxdsp' <Latency = 3> <II = 1> <Delay = 4.67> <FuncUnit> <Opcode : 'fmul'> <InPorts = 2> <OutPorts = 1>

State 229 <SV = 60> <Delay = 6.01>
ST_229 : Operation 1004 [3/5] (6.01ns)   --->   "%sum_3_3 = fadd i32 %sum_3_2, i32 %mul_i1_3" [matmul.cpp:51]   --->   Operation 1004 'fadd' 'sum_3_3' <Predicate = (!icmp_ln45)> <Delay = 6.01> <CoreInst = "FAddSub_fulldsp">   --->   Core 18 'FAddSub_fulldsp' <Latency = 4> <II = 1> <Delay = 6.01> <FuncUnit> <Opcode : 'fadd' 'fsub'> <InPorts = 2> <OutPorts = 1>
ST_229 : Operation 1005 [3/4] (4.67ns)   --->   "%mul_i1_4 = fmul i32 %temp_output2_0_load_5, i32 %layer3_weights_4_load" [matmul.cpp:51]   --->   Operation 1005 'fmul' 'mul_i1_4' <Predicate = (!icmp_ln45)> <Delay = 4.67> <CoreInst = "FMul_maxdsp">   --->   Core 30 'FMul_maxdsp' <Latency = 3> <II = 1> <Delay = 4.67> <FuncUnit> <Opcode : 'fmul'> <InPorts = 2> <OutPorts = 1>

State 230 <SV = 61> <Delay = 6.01>
ST_230 : Operation 1006 [2/5] (6.01ns)   --->   "%sum_3_3 = fadd i32 %sum_3_2, i32 %mul_i1_3" [matmul.cpp:51]   --->   Operation 1006 'fadd' 'sum_3_3' <Predicate = (!icmp_ln45)> <Delay = 6.01> <CoreInst = "FAddSub_fulldsp">   --->   Core 18 'FAddSub_fulldsp' <Latency = 4> <II = 1> <Delay = 6.01> <FuncUnit> <Opcode : 'fadd' 'fsub'> <InPorts = 2> <OutPorts = 1>
ST_230 : Operation 1007 [2/4] (4.67ns)   --->   "%mul_i1_4 = fmul i32 %temp_output2_0_load_5, i32 %layer3_weights_4_load" [matmul.cpp:51]   --->   Operation 1007 'fmul' 'mul_i1_4' <Predicate = (!icmp_ln45)> <Delay = 4.67> <CoreInst = "FMul_maxdsp">   --->   Core 30 'FMul_maxdsp' <Latency = 3> <II = 1> <Delay = 4.67> <FuncUnit> <Opcode : 'fmul'> <InPorts = 2> <OutPorts = 1>

State 231 <SV = 62> <Delay = 6.01>
ST_231 : Operation 1008 [1/5] (6.01ns)   --->   "%sum_3_3 = fadd i32 %sum_3_2, i32 %mul_i1_3" [matmul.cpp:51]   --->   Operation 1008 'fadd' 'sum_3_3' <Predicate = (!icmp_ln45)> <Delay = 6.01> <CoreInst = "FAddSub_fulldsp">   --->   Core 18 'FAddSub_fulldsp' <Latency = 4> <II = 1> <Delay = 6.01> <FuncUnit> <Opcode : 'fadd' 'fsub'> <InPorts = 2> <OutPorts = 1>
ST_231 : Operation 1009 [1/4] (4.67ns)   --->   "%mul_i1_4 = fmul i32 %temp_output2_0_load_5, i32 %layer3_weights_4_load" [matmul.cpp:51]   --->   Operation 1009 'fmul' 'mul_i1_4' <Predicate = (!icmp_ln45)> <Delay = 4.67> <CoreInst = "FMul_maxdsp">   --->   Core 30 'FMul_maxdsp' <Latency = 3> <II = 1> <Delay = 4.67> <FuncUnit> <Opcode : 'fmul'> <InPorts = 2> <OutPorts = 1>

State 232 <SV = 63> <Delay = 6.01>
ST_232 : Operation 1010 [5/5] (6.01ns)   --->   "%sum_3_4 = fadd i32 %sum_3_3, i32 %mul_i1_4" [matmul.cpp:51]   --->   Operation 1010 'fadd' 'sum_3_4' <Predicate = (!icmp_ln45)> <Delay = 6.01> <CoreInst = "FAddSub_fulldsp">   --->   Core 18 'FAddSub_fulldsp' <Latency = 4> <II = 1> <Delay = 6.01> <FuncUnit> <Opcode : 'fadd' 'fsub'> <InPorts = 2> <OutPorts = 1>
ST_232 : Operation 1011 [1/1] (0.00ns)   --->   "%layer3_weights_5_addr = getelementptr i32 %layer3_weights_5, i64 0, i64 %j_1_cast" [matmul.cpp:51]   --->   Operation 1011 'getelementptr' 'layer3_weights_5_addr' <Predicate = (!icmp_ln45)> <Delay = 0.00>
ST_232 : Operation 1012 [2/2] (0.79ns)   --->   "%layer3_weights_5_load = load i4 %layer3_weights_5_addr" [matmul.cpp:51]   --->   Operation 1012 'load' 'layer3_weights_5_load' <Predicate = (!icmp_ln45)> <Delay = 0.79> <CoreInst = "ROM">   --->   Core 101 'ROM' <Latency = 1> <II = 1> <Delay = 0.79> <Storage> <Opcode : 'load'> <Ports = 0> <Width = 32> <Depth = 10> <ROM>

State 233 <SV = 64> <Delay = 6.01>
ST_233 : Operation 1013 [4/5] (6.01ns)   --->   "%sum_3_4 = fadd i32 %sum_3_3, i32 %mul_i1_4" [matmul.cpp:51]   --->   Operation 1013 'fadd' 'sum_3_4' <Predicate = (!icmp_ln45)> <Delay = 6.01> <CoreInst = "FAddSub_fulldsp">   --->   Core 18 'FAddSub_fulldsp' <Latency = 4> <II = 1> <Delay = 6.01> <FuncUnit> <Opcode : 'fadd' 'fsub'> <InPorts = 2> <OutPorts = 1>
ST_233 : Operation 1014 [1/2] (0.79ns)   --->   "%layer3_weights_5_load = load i4 %layer3_weights_5_addr" [matmul.cpp:51]   --->   Operation 1014 'load' 'layer3_weights_5_load' <Predicate = (!icmp_ln45)> <Delay = 0.79> <CoreInst = "ROM">   --->   Core 101 'ROM' <Latency = 1> <II = 1> <Delay = 0.79> <Storage> <Opcode : 'load'> <Ports = 0> <Width = 32> <Depth = 10> <ROM>
ST_233 : Operation 1015 [4/4] (4.67ns)   --->   "%mul_i1_5 = fmul i32 %temp_output2_0_load_6, i32 %layer3_weights_5_load" [matmul.cpp:51]   --->   Operation 1015 'fmul' 'mul_i1_5' <Predicate = (!icmp_ln45)> <Delay = 4.67> <CoreInst = "FMul_maxdsp">   --->   Core 30 'FMul_maxdsp' <Latency = 3> <II = 1> <Delay = 4.67> <FuncUnit> <Opcode : 'fmul'> <InPorts = 2> <OutPorts = 1>

State 234 <SV = 65> <Delay = 6.01>
ST_234 : Operation 1016 [3/5] (6.01ns)   --->   "%sum_3_4 = fadd i32 %sum_3_3, i32 %mul_i1_4" [matmul.cpp:51]   --->   Operation 1016 'fadd' 'sum_3_4' <Predicate = (!icmp_ln45)> <Delay = 6.01> <CoreInst = "FAddSub_fulldsp">   --->   Core 18 'FAddSub_fulldsp' <Latency = 4> <II = 1> <Delay = 6.01> <FuncUnit> <Opcode : 'fadd' 'fsub'> <InPorts = 2> <OutPorts = 1>
ST_234 : Operation 1017 [3/4] (4.67ns)   --->   "%mul_i1_5 = fmul i32 %temp_output2_0_load_6, i32 %layer3_weights_5_load" [matmul.cpp:51]   --->   Operation 1017 'fmul' 'mul_i1_5' <Predicate = (!icmp_ln45)> <Delay = 4.67> <CoreInst = "FMul_maxdsp">   --->   Core 30 'FMul_maxdsp' <Latency = 3> <II = 1> <Delay = 4.67> <FuncUnit> <Opcode : 'fmul'> <InPorts = 2> <OutPorts = 1>

State 235 <SV = 66> <Delay = 6.01>
ST_235 : Operation 1018 [2/5] (6.01ns)   --->   "%sum_3_4 = fadd i32 %sum_3_3, i32 %mul_i1_4" [matmul.cpp:51]   --->   Operation 1018 'fadd' 'sum_3_4' <Predicate = (!icmp_ln45)> <Delay = 6.01> <CoreInst = "FAddSub_fulldsp">   --->   Core 18 'FAddSub_fulldsp' <Latency = 4> <II = 1> <Delay = 6.01> <FuncUnit> <Opcode : 'fadd' 'fsub'> <InPorts = 2> <OutPorts = 1>
ST_235 : Operation 1019 [2/4] (4.67ns)   --->   "%mul_i1_5 = fmul i32 %temp_output2_0_load_6, i32 %layer3_weights_5_load" [matmul.cpp:51]   --->   Operation 1019 'fmul' 'mul_i1_5' <Predicate = (!icmp_ln45)> <Delay = 4.67> <CoreInst = "FMul_maxdsp">   --->   Core 30 'FMul_maxdsp' <Latency = 3> <II = 1> <Delay = 4.67> <FuncUnit> <Opcode : 'fmul'> <InPorts = 2> <OutPorts = 1>

State 236 <SV = 67> <Delay = 6.01>
ST_236 : Operation 1020 [1/5] (6.01ns)   --->   "%sum_3_4 = fadd i32 %sum_3_3, i32 %mul_i1_4" [matmul.cpp:51]   --->   Operation 1020 'fadd' 'sum_3_4' <Predicate = (!icmp_ln45)> <Delay = 6.01> <CoreInst = "FAddSub_fulldsp">   --->   Core 18 'FAddSub_fulldsp' <Latency = 4> <II = 1> <Delay = 6.01> <FuncUnit> <Opcode : 'fadd' 'fsub'> <InPorts = 2> <OutPorts = 1>
ST_236 : Operation 1021 [1/4] (4.67ns)   --->   "%mul_i1_5 = fmul i32 %temp_output2_0_load_6, i32 %layer3_weights_5_load" [matmul.cpp:51]   --->   Operation 1021 'fmul' 'mul_i1_5' <Predicate = (!icmp_ln45)> <Delay = 4.67> <CoreInst = "FMul_maxdsp">   --->   Core 30 'FMul_maxdsp' <Latency = 3> <II = 1> <Delay = 4.67> <FuncUnit> <Opcode : 'fmul'> <InPorts = 2> <OutPorts = 1>

State 237 <SV = 68> <Delay = 6.01>
ST_237 : Operation 1022 [5/5] (6.01ns)   --->   "%sum_3_5 = fadd i32 %sum_3_4, i32 %mul_i1_5" [matmul.cpp:51]   --->   Operation 1022 'fadd' 'sum_3_5' <Predicate = (!icmp_ln45)> <Delay = 6.01> <CoreInst = "FAddSub_fulldsp">   --->   Core 18 'FAddSub_fulldsp' <Latency = 4> <II = 1> <Delay = 6.01> <FuncUnit> <Opcode : 'fadd' 'fsub'> <InPorts = 2> <OutPorts = 1>
ST_237 : Operation 1023 [1/1] (0.00ns)   --->   "%layer3_weights_6_addr = getelementptr i32 %layer3_weights_6, i64 0, i64 %j_1_cast" [matmul.cpp:51]   --->   Operation 1023 'getelementptr' 'layer3_weights_6_addr' <Predicate = (!icmp_ln45)> <Delay = 0.00>
ST_237 : Operation 1024 [2/2] (0.79ns)   --->   "%layer3_weights_6_load = load i4 %layer3_weights_6_addr" [matmul.cpp:51]   --->   Operation 1024 'load' 'layer3_weights_6_load' <Predicate = (!icmp_ln45)> <Delay = 0.79> <CoreInst = "ROM">   --->   Core 101 'ROM' <Latency = 1> <II = 1> <Delay = 0.79> <Storage> <Opcode : 'load'> <Ports = 0> <Width = 32> <Depth = 10> <ROM>

State 238 <SV = 69> <Delay = 6.01>
ST_238 : Operation 1025 [4/5] (6.01ns)   --->   "%sum_3_5 = fadd i32 %sum_3_4, i32 %mul_i1_5" [matmul.cpp:51]   --->   Operation 1025 'fadd' 'sum_3_5' <Predicate = (!icmp_ln45)> <Delay = 6.01> <CoreInst = "FAddSub_fulldsp">   --->   Core 18 'FAddSub_fulldsp' <Latency = 4> <II = 1> <Delay = 6.01> <FuncUnit> <Opcode : 'fadd' 'fsub'> <InPorts = 2> <OutPorts = 1>
ST_238 : Operation 1026 [1/2] (0.79ns)   --->   "%layer3_weights_6_load = load i4 %layer3_weights_6_addr" [matmul.cpp:51]   --->   Operation 1026 'load' 'layer3_weights_6_load' <Predicate = (!icmp_ln45)> <Delay = 0.79> <CoreInst = "ROM">   --->   Core 101 'ROM' <Latency = 1> <II = 1> <Delay = 0.79> <Storage> <Opcode : 'load'> <Ports = 0> <Width = 32> <Depth = 10> <ROM>
ST_238 : Operation 1027 [4/4] (4.67ns)   --->   "%mul_i1_6 = fmul i32 %temp_output2_0_load_7, i32 %layer3_weights_6_load" [matmul.cpp:51]   --->   Operation 1027 'fmul' 'mul_i1_6' <Predicate = (!icmp_ln45)> <Delay = 4.67> <CoreInst = "FMul_maxdsp">   --->   Core 30 'FMul_maxdsp' <Latency = 3> <II = 1> <Delay = 4.67> <FuncUnit> <Opcode : 'fmul'> <InPorts = 2> <OutPorts = 1>

State 239 <SV = 70> <Delay = 6.01>
ST_239 : Operation 1028 [3/5] (6.01ns)   --->   "%sum_3_5 = fadd i32 %sum_3_4, i32 %mul_i1_5" [matmul.cpp:51]   --->   Operation 1028 'fadd' 'sum_3_5' <Predicate = (!icmp_ln45)> <Delay = 6.01> <CoreInst = "FAddSub_fulldsp">   --->   Core 18 'FAddSub_fulldsp' <Latency = 4> <II = 1> <Delay = 6.01> <FuncUnit> <Opcode : 'fadd' 'fsub'> <InPorts = 2> <OutPorts = 1>
ST_239 : Operation 1029 [3/4] (4.67ns)   --->   "%mul_i1_6 = fmul i32 %temp_output2_0_load_7, i32 %layer3_weights_6_load" [matmul.cpp:51]   --->   Operation 1029 'fmul' 'mul_i1_6' <Predicate = (!icmp_ln45)> <Delay = 4.67> <CoreInst = "FMul_maxdsp">   --->   Core 30 'FMul_maxdsp' <Latency = 3> <II = 1> <Delay = 4.67> <FuncUnit> <Opcode : 'fmul'> <InPorts = 2> <OutPorts = 1>

State 240 <SV = 71> <Delay = 6.01>
ST_240 : Operation 1030 [2/5] (6.01ns)   --->   "%sum_3_5 = fadd i32 %sum_3_4, i32 %mul_i1_5" [matmul.cpp:51]   --->   Operation 1030 'fadd' 'sum_3_5' <Predicate = (!icmp_ln45)> <Delay = 6.01> <CoreInst = "FAddSub_fulldsp">   --->   Core 18 'FAddSub_fulldsp' <Latency = 4> <II = 1> <Delay = 6.01> <FuncUnit> <Opcode : 'fadd' 'fsub'> <InPorts = 2> <OutPorts = 1>
ST_240 : Operation 1031 [2/4] (4.67ns)   --->   "%mul_i1_6 = fmul i32 %temp_output2_0_load_7, i32 %layer3_weights_6_load" [matmul.cpp:51]   --->   Operation 1031 'fmul' 'mul_i1_6' <Predicate = (!icmp_ln45)> <Delay = 4.67> <CoreInst = "FMul_maxdsp">   --->   Core 30 'FMul_maxdsp' <Latency = 3> <II = 1> <Delay = 4.67> <FuncUnit> <Opcode : 'fmul'> <InPorts = 2> <OutPorts = 1>

State 241 <SV = 72> <Delay = 6.01>
ST_241 : Operation 1032 [1/5] (6.01ns)   --->   "%sum_3_5 = fadd i32 %sum_3_4, i32 %mul_i1_5" [matmul.cpp:51]   --->   Operation 1032 'fadd' 'sum_3_5' <Predicate = (!icmp_ln45)> <Delay = 6.01> <CoreInst = "FAddSub_fulldsp">   --->   Core 18 'FAddSub_fulldsp' <Latency = 4> <II = 1> <Delay = 6.01> <FuncUnit> <Opcode : 'fadd' 'fsub'> <InPorts = 2> <OutPorts = 1>
ST_241 : Operation 1033 [1/4] (4.67ns)   --->   "%mul_i1_6 = fmul i32 %temp_output2_0_load_7, i32 %layer3_weights_6_load" [matmul.cpp:51]   --->   Operation 1033 'fmul' 'mul_i1_6' <Predicate = (!icmp_ln45)> <Delay = 4.67> <CoreInst = "FMul_maxdsp">   --->   Core 30 'FMul_maxdsp' <Latency = 3> <II = 1> <Delay = 4.67> <FuncUnit> <Opcode : 'fmul'> <InPorts = 2> <OutPorts = 1>

State 242 <SV = 73> <Delay = 6.01>
ST_242 : Operation 1034 [5/5] (6.01ns)   --->   "%sum_3_6 = fadd i32 %sum_3_5, i32 %mul_i1_6" [matmul.cpp:51]   --->   Operation 1034 'fadd' 'sum_3_6' <Predicate = (!icmp_ln45)> <Delay = 6.01> <CoreInst = "FAddSub_fulldsp">   --->   Core 18 'FAddSub_fulldsp' <Latency = 4> <II = 1> <Delay = 6.01> <FuncUnit> <Opcode : 'fadd' 'fsub'> <InPorts = 2> <OutPorts = 1>
ST_242 : Operation 1035 [1/1] (0.00ns)   --->   "%layer3_weights_7_addr = getelementptr i32 %layer3_weights_7, i64 0, i64 %j_1_cast" [matmul.cpp:51]   --->   Operation 1035 'getelementptr' 'layer3_weights_7_addr' <Predicate = (!icmp_ln45)> <Delay = 0.00>
ST_242 : Operation 1036 [2/2] (0.79ns)   --->   "%layer3_weights_7_load = load i4 %layer3_weights_7_addr" [matmul.cpp:51]   --->   Operation 1036 'load' 'layer3_weights_7_load' <Predicate = (!icmp_ln45)> <Delay = 0.79> <CoreInst = "ROM">   --->   Core 101 'ROM' <Latency = 1> <II = 1> <Delay = 0.79> <Storage> <Opcode : 'load'> <Ports = 0> <Width = 32> <Depth = 10> <ROM>

State 243 <SV = 74> <Delay = 6.01>
ST_243 : Operation 1037 [4/5] (6.01ns)   --->   "%sum_3_6 = fadd i32 %sum_3_5, i32 %mul_i1_6" [matmul.cpp:51]   --->   Operation 1037 'fadd' 'sum_3_6' <Predicate = (!icmp_ln45)> <Delay = 6.01> <CoreInst = "FAddSub_fulldsp">   --->   Core 18 'FAddSub_fulldsp' <Latency = 4> <II = 1> <Delay = 6.01> <FuncUnit> <Opcode : 'fadd' 'fsub'> <InPorts = 2> <OutPorts = 1>
ST_243 : Operation 1038 [1/2] (0.79ns)   --->   "%layer3_weights_7_load = load i4 %layer3_weights_7_addr" [matmul.cpp:51]   --->   Operation 1038 'load' 'layer3_weights_7_load' <Predicate = (!icmp_ln45)> <Delay = 0.79> <CoreInst = "ROM">   --->   Core 101 'ROM' <Latency = 1> <II = 1> <Delay = 0.79> <Storage> <Opcode : 'load'> <Ports = 0> <Width = 32> <Depth = 10> <ROM>
ST_243 : Operation 1039 [4/4] (4.67ns)   --->   "%mul_i1_7 = fmul i32 %temp_output2_0_load_8, i32 %layer3_weights_7_load" [matmul.cpp:51]   --->   Operation 1039 'fmul' 'mul_i1_7' <Predicate = (!icmp_ln45)> <Delay = 4.67> <CoreInst = "FMul_maxdsp">   --->   Core 30 'FMul_maxdsp' <Latency = 3> <II = 1> <Delay = 4.67> <FuncUnit> <Opcode : 'fmul'> <InPorts = 2> <OutPorts = 1>

State 244 <SV = 75> <Delay = 6.01>
ST_244 : Operation 1040 [3/5] (6.01ns)   --->   "%sum_3_6 = fadd i32 %sum_3_5, i32 %mul_i1_6" [matmul.cpp:51]   --->   Operation 1040 'fadd' 'sum_3_6' <Predicate = (!icmp_ln45)> <Delay = 6.01> <CoreInst = "FAddSub_fulldsp">   --->   Core 18 'FAddSub_fulldsp' <Latency = 4> <II = 1> <Delay = 6.01> <FuncUnit> <Opcode : 'fadd' 'fsub'> <InPorts = 2> <OutPorts = 1>
ST_244 : Operation 1041 [3/4] (4.67ns)   --->   "%mul_i1_7 = fmul i32 %temp_output2_0_load_8, i32 %layer3_weights_7_load" [matmul.cpp:51]   --->   Operation 1041 'fmul' 'mul_i1_7' <Predicate = (!icmp_ln45)> <Delay = 4.67> <CoreInst = "FMul_maxdsp">   --->   Core 30 'FMul_maxdsp' <Latency = 3> <II = 1> <Delay = 4.67> <FuncUnit> <Opcode : 'fmul'> <InPorts = 2> <OutPorts = 1>

State 245 <SV = 76> <Delay = 6.01>
ST_245 : Operation 1042 [2/5] (6.01ns)   --->   "%sum_3_6 = fadd i32 %sum_3_5, i32 %mul_i1_6" [matmul.cpp:51]   --->   Operation 1042 'fadd' 'sum_3_6' <Predicate = (!icmp_ln45)> <Delay = 6.01> <CoreInst = "FAddSub_fulldsp">   --->   Core 18 'FAddSub_fulldsp' <Latency = 4> <II = 1> <Delay = 6.01> <FuncUnit> <Opcode : 'fadd' 'fsub'> <InPorts = 2> <OutPorts = 1>
ST_245 : Operation 1043 [2/4] (4.67ns)   --->   "%mul_i1_7 = fmul i32 %temp_output2_0_load_8, i32 %layer3_weights_7_load" [matmul.cpp:51]   --->   Operation 1043 'fmul' 'mul_i1_7' <Predicate = (!icmp_ln45)> <Delay = 4.67> <CoreInst = "FMul_maxdsp">   --->   Core 30 'FMul_maxdsp' <Latency = 3> <II = 1> <Delay = 4.67> <FuncUnit> <Opcode : 'fmul'> <InPorts = 2> <OutPorts = 1>

State 246 <SV = 77> <Delay = 6.01>
ST_246 : Operation 1044 [1/5] (6.01ns)   --->   "%sum_3_6 = fadd i32 %sum_3_5, i32 %mul_i1_6" [matmul.cpp:51]   --->   Operation 1044 'fadd' 'sum_3_6' <Predicate = (!icmp_ln45)> <Delay = 6.01> <CoreInst = "FAddSub_fulldsp">   --->   Core 18 'FAddSub_fulldsp' <Latency = 4> <II = 1> <Delay = 6.01> <FuncUnit> <Opcode : 'fadd' 'fsub'> <InPorts = 2> <OutPorts = 1>
ST_246 : Operation 1045 [1/4] (4.67ns)   --->   "%mul_i1_7 = fmul i32 %temp_output2_0_load_8, i32 %layer3_weights_7_load" [matmul.cpp:51]   --->   Operation 1045 'fmul' 'mul_i1_7' <Predicate = (!icmp_ln45)> <Delay = 4.67> <CoreInst = "FMul_maxdsp">   --->   Core 30 'FMul_maxdsp' <Latency = 3> <II = 1> <Delay = 4.67> <FuncUnit> <Opcode : 'fmul'> <InPorts = 2> <OutPorts = 1>

State 247 <SV = 78> <Delay = 6.01>
ST_247 : Operation 1046 [5/5] (6.01ns)   --->   "%sum_3_7 = fadd i32 %sum_3_6, i32 %mul_i1_7" [matmul.cpp:51]   --->   Operation 1046 'fadd' 'sum_3_7' <Predicate = (!icmp_ln45)> <Delay = 6.01> <CoreInst = "FAddSub_fulldsp">   --->   Core 18 'FAddSub_fulldsp' <Latency = 4> <II = 1> <Delay = 6.01> <FuncUnit> <Opcode : 'fadd' 'fsub'> <InPorts = 2> <OutPorts = 1>
ST_247 : Operation 1047 [1/1] (0.00ns)   --->   "%layer3_weights_8_addr = getelementptr i32 %layer3_weights_8, i64 0, i64 %j_1_cast" [matmul.cpp:51]   --->   Operation 1047 'getelementptr' 'layer3_weights_8_addr' <Predicate = (!icmp_ln45)> <Delay = 0.00>
ST_247 : Operation 1048 [2/2] (0.79ns)   --->   "%layer3_weights_8_load = load i4 %layer3_weights_8_addr" [matmul.cpp:51]   --->   Operation 1048 'load' 'layer3_weights_8_load' <Predicate = (!icmp_ln45)> <Delay = 0.79> <CoreInst = "ROM">   --->   Core 101 'ROM' <Latency = 1> <II = 1> <Delay = 0.79> <Storage> <Opcode : 'load'> <Ports = 0> <Width = 32> <Depth = 10> <ROM>

State 248 <SV = 79> <Delay = 6.01>
ST_248 : Operation 1049 [4/5] (6.01ns)   --->   "%sum_3_7 = fadd i32 %sum_3_6, i32 %mul_i1_7" [matmul.cpp:51]   --->   Operation 1049 'fadd' 'sum_3_7' <Predicate = (!icmp_ln45)> <Delay = 6.01> <CoreInst = "FAddSub_fulldsp">   --->   Core 18 'FAddSub_fulldsp' <Latency = 4> <II = 1> <Delay = 6.01> <FuncUnit> <Opcode : 'fadd' 'fsub'> <InPorts = 2> <OutPorts = 1>
ST_248 : Operation 1050 [1/2] (0.79ns)   --->   "%layer3_weights_8_load = load i4 %layer3_weights_8_addr" [matmul.cpp:51]   --->   Operation 1050 'load' 'layer3_weights_8_load' <Predicate = (!icmp_ln45)> <Delay = 0.79> <CoreInst = "ROM">   --->   Core 101 'ROM' <Latency = 1> <II = 1> <Delay = 0.79> <Storage> <Opcode : 'load'> <Ports = 0> <Width = 32> <Depth = 10> <ROM>
ST_248 : Operation 1051 [4/4] (4.67ns)   --->   "%mul_i1_8 = fmul i32 %temp_output2_0_load_9, i32 %layer3_weights_8_load" [matmul.cpp:51]   --->   Operation 1051 'fmul' 'mul_i1_8' <Predicate = (!icmp_ln45)> <Delay = 4.67> <CoreInst = "FMul_maxdsp">   --->   Core 30 'FMul_maxdsp' <Latency = 3> <II = 1> <Delay = 4.67> <FuncUnit> <Opcode : 'fmul'> <InPorts = 2> <OutPorts = 1>

State 249 <SV = 80> <Delay = 6.01>
ST_249 : Operation 1052 [3/5] (6.01ns)   --->   "%sum_3_7 = fadd i32 %sum_3_6, i32 %mul_i1_7" [matmul.cpp:51]   --->   Operation 1052 'fadd' 'sum_3_7' <Predicate = (!icmp_ln45)> <Delay = 6.01> <CoreInst = "FAddSub_fulldsp">   --->   Core 18 'FAddSub_fulldsp' <Latency = 4> <II = 1> <Delay = 6.01> <FuncUnit> <Opcode : 'fadd' 'fsub'> <InPorts = 2> <OutPorts = 1>
ST_249 : Operation 1053 [3/4] (4.67ns)   --->   "%mul_i1_8 = fmul i32 %temp_output2_0_load_9, i32 %layer3_weights_8_load" [matmul.cpp:51]   --->   Operation 1053 'fmul' 'mul_i1_8' <Predicate = (!icmp_ln45)> <Delay = 4.67> <CoreInst = "FMul_maxdsp">   --->   Core 30 'FMul_maxdsp' <Latency = 3> <II = 1> <Delay = 4.67> <FuncUnit> <Opcode : 'fmul'> <InPorts = 2> <OutPorts = 1>

State 250 <SV = 81> <Delay = 6.01>
ST_250 : Operation 1054 [2/5] (6.01ns)   --->   "%sum_3_7 = fadd i32 %sum_3_6, i32 %mul_i1_7" [matmul.cpp:51]   --->   Operation 1054 'fadd' 'sum_3_7' <Predicate = (!icmp_ln45)> <Delay = 6.01> <CoreInst = "FAddSub_fulldsp">   --->   Core 18 'FAddSub_fulldsp' <Latency = 4> <II = 1> <Delay = 6.01> <FuncUnit> <Opcode : 'fadd' 'fsub'> <InPorts = 2> <OutPorts = 1>
ST_250 : Operation 1055 [2/4] (4.67ns)   --->   "%mul_i1_8 = fmul i32 %temp_output2_0_load_9, i32 %layer3_weights_8_load" [matmul.cpp:51]   --->   Operation 1055 'fmul' 'mul_i1_8' <Predicate = (!icmp_ln45)> <Delay = 4.67> <CoreInst = "FMul_maxdsp">   --->   Core 30 'FMul_maxdsp' <Latency = 3> <II = 1> <Delay = 4.67> <FuncUnit> <Opcode : 'fmul'> <InPorts = 2> <OutPorts = 1>

State 251 <SV = 82> <Delay = 6.01>
ST_251 : Operation 1056 [1/5] (6.01ns)   --->   "%sum_3_7 = fadd i32 %sum_3_6, i32 %mul_i1_7" [matmul.cpp:51]   --->   Operation 1056 'fadd' 'sum_3_7' <Predicate = (!icmp_ln45)> <Delay = 6.01> <CoreInst = "FAddSub_fulldsp">   --->   Core 18 'FAddSub_fulldsp' <Latency = 4> <II = 1> <Delay = 6.01> <FuncUnit> <Opcode : 'fadd' 'fsub'> <InPorts = 2> <OutPorts = 1>
ST_251 : Operation 1057 [1/4] (4.67ns)   --->   "%mul_i1_8 = fmul i32 %temp_output2_0_load_9, i32 %layer3_weights_8_load" [matmul.cpp:51]   --->   Operation 1057 'fmul' 'mul_i1_8' <Predicate = (!icmp_ln45)> <Delay = 4.67> <CoreInst = "FMul_maxdsp">   --->   Core 30 'FMul_maxdsp' <Latency = 3> <II = 1> <Delay = 4.67> <FuncUnit> <Opcode : 'fmul'> <InPorts = 2> <OutPorts = 1>

State 252 <SV = 83> <Delay = 6.01>
ST_252 : Operation 1058 [5/5] (6.01ns)   --->   "%sum_3_8 = fadd i32 %sum_3_7, i32 %mul_i1_8" [matmul.cpp:51]   --->   Operation 1058 'fadd' 'sum_3_8' <Predicate = (!icmp_ln45)> <Delay = 6.01> <CoreInst = "FAddSub_fulldsp">   --->   Core 18 'FAddSub_fulldsp' <Latency = 4> <II = 1> <Delay = 6.01> <FuncUnit> <Opcode : 'fadd' 'fsub'> <InPorts = 2> <OutPorts = 1>
ST_252 : Operation 1059 [1/1] (0.00ns)   --->   "%layer3_weights_9_addr = getelementptr i32 %layer3_weights_9, i64 0, i64 %j_1_cast" [matmul.cpp:51]   --->   Operation 1059 'getelementptr' 'layer3_weights_9_addr' <Predicate = (!icmp_ln45)> <Delay = 0.00>
ST_252 : Operation 1060 [2/2] (0.79ns)   --->   "%layer3_weights_9_load = load i4 %layer3_weights_9_addr" [matmul.cpp:51]   --->   Operation 1060 'load' 'layer3_weights_9_load' <Predicate = (!icmp_ln45)> <Delay = 0.79> <CoreInst = "ROM">   --->   Core 101 'ROM' <Latency = 1> <II = 1> <Delay = 0.79> <Storage> <Opcode : 'load'> <Ports = 0> <Width = 32> <Depth = 10> <ROM>

State 253 <SV = 84> <Delay = 6.01>
ST_253 : Operation 1061 [4/5] (6.01ns)   --->   "%sum_3_8 = fadd i32 %sum_3_7, i32 %mul_i1_8" [matmul.cpp:51]   --->   Operation 1061 'fadd' 'sum_3_8' <Predicate = (!icmp_ln45)> <Delay = 6.01> <CoreInst = "FAddSub_fulldsp">   --->   Core 18 'FAddSub_fulldsp' <Latency = 4> <II = 1> <Delay = 6.01> <FuncUnit> <Opcode : 'fadd' 'fsub'> <InPorts = 2> <OutPorts = 1>
ST_253 : Operation 1062 [1/2] (0.79ns)   --->   "%layer3_weights_9_load = load i4 %layer3_weights_9_addr" [matmul.cpp:51]   --->   Operation 1062 'load' 'layer3_weights_9_load' <Predicate = (!icmp_ln45)> <Delay = 0.79> <CoreInst = "ROM">   --->   Core 101 'ROM' <Latency = 1> <II = 1> <Delay = 0.79> <Storage> <Opcode : 'load'> <Ports = 0> <Width = 32> <Depth = 10> <ROM>
ST_253 : Operation 1063 [4/4] (4.67ns)   --->   "%mul_i1_9 = fmul i32 %temp_output2_0_load_10, i32 %layer3_weights_9_load" [matmul.cpp:51]   --->   Operation 1063 'fmul' 'mul_i1_9' <Predicate = (!icmp_ln45)> <Delay = 4.67> <CoreInst = "FMul_maxdsp">   --->   Core 30 'FMul_maxdsp' <Latency = 3> <II = 1> <Delay = 4.67> <FuncUnit> <Opcode : 'fmul'> <InPorts = 2> <OutPorts = 1>

State 254 <SV = 85> <Delay = 6.01>
ST_254 : Operation 1064 [3/5] (6.01ns)   --->   "%sum_3_8 = fadd i32 %sum_3_7, i32 %mul_i1_8" [matmul.cpp:51]   --->   Operation 1064 'fadd' 'sum_3_8' <Predicate = (!icmp_ln45)> <Delay = 6.01> <CoreInst = "FAddSub_fulldsp">   --->   Core 18 'FAddSub_fulldsp' <Latency = 4> <II = 1> <Delay = 6.01> <FuncUnit> <Opcode : 'fadd' 'fsub'> <InPorts = 2> <OutPorts = 1>
ST_254 : Operation 1065 [3/4] (4.67ns)   --->   "%mul_i1_9 = fmul i32 %temp_output2_0_load_10, i32 %layer3_weights_9_load" [matmul.cpp:51]   --->   Operation 1065 'fmul' 'mul_i1_9' <Predicate = (!icmp_ln45)> <Delay = 4.67> <CoreInst = "FMul_maxdsp">   --->   Core 30 'FMul_maxdsp' <Latency = 3> <II = 1> <Delay = 4.67> <FuncUnit> <Opcode : 'fmul'> <InPorts = 2> <OutPorts = 1>

State 255 <SV = 86> <Delay = 6.01>
ST_255 : Operation 1066 [2/5] (6.01ns)   --->   "%sum_3_8 = fadd i32 %sum_3_7, i32 %mul_i1_8" [matmul.cpp:51]   --->   Operation 1066 'fadd' 'sum_3_8' <Predicate = (!icmp_ln45)> <Delay = 6.01> <CoreInst = "FAddSub_fulldsp">   --->   Core 18 'FAddSub_fulldsp' <Latency = 4> <II = 1> <Delay = 6.01> <FuncUnit> <Opcode : 'fadd' 'fsub'> <InPorts = 2> <OutPorts = 1>
ST_255 : Operation 1067 [2/4] (4.67ns)   --->   "%mul_i1_9 = fmul i32 %temp_output2_0_load_10, i32 %layer3_weights_9_load" [matmul.cpp:51]   --->   Operation 1067 'fmul' 'mul_i1_9' <Predicate = (!icmp_ln45)> <Delay = 4.67> <CoreInst = "FMul_maxdsp">   --->   Core 30 'FMul_maxdsp' <Latency = 3> <II = 1> <Delay = 4.67> <FuncUnit> <Opcode : 'fmul'> <InPorts = 2> <OutPorts = 1>

State 256 <SV = 87> <Delay = 6.01>
ST_256 : Operation 1068 [1/5] (6.01ns)   --->   "%sum_3_8 = fadd i32 %sum_3_7, i32 %mul_i1_8" [matmul.cpp:51]   --->   Operation 1068 'fadd' 'sum_3_8' <Predicate = (!icmp_ln45)> <Delay = 6.01> <CoreInst = "FAddSub_fulldsp">   --->   Core 18 'FAddSub_fulldsp' <Latency = 4> <II = 1> <Delay = 6.01> <FuncUnit> <Opcode : 'fadd' 'fsub'> <InPorts = 2> <OutPorts = 1>
ST_256 : Operation 1069 [1/4] (4.67ns)   --->   "%mul_i1_9 = fmul i32 %temp_output2_0_load_10, i32 %layer3_weights_9_load" [matmul.cpp:51]   --->   Operation 1069 'fmul' 'mul_i1_9' <Predicate = (!icmp_ln45)> <Delay = 4.67> <CoreInst = "FMul_maxdsp">   --->   Core 30 'FMul_maxdsp' <Latency = 3> <II = 1> <Delay = 4.67> <FuncUnit> <Opcode : 'fmul'> <InPorts = 2> <OutPorts = 1>

State 257 <SV = 88> <Delay = 6.01>
ST_257 : Operation 1070 [5/5] (6.01ns)   --->   "%sum_3_9 = fadd i32 %sum_3_8, i32 %mul_i1_9" [matmul.cpp:51]   --->   Operation 1070 'fadd' 'sum_3_9' <Predicate = (!icmp_ln45)> <Delay = 6.01> <CoreInst = "FAddSub_fulldsp">   --->   Core 18 'FAddSub_fulldsp' <Latency = 4> <II = 1> <Delay = 6.01> <FuncUnit> <Opcode : 'fadd' 'fsub'> <InPorts = 2> <OutPorts = 1>
ST_257 : Operation 1071 [1/1] (0.00ns)   --->   "%layer3_weights_10_addr = getelementptr i32 %layer3_weights_10, i64 0, i64 %j_1_cast" [matmul.cpp:51]   --->   Operation 1071 'getelementptr' 'layer3_weights_10_addr' <Predicate = (!icmp_ln45)> <Delay = 0.00>
ST_257 : Operation 1072 [2/2] (0.79ns)   --->   "%layer3_weights_10_load = load i4 %layer3_weights_10_addr" [matmul.cpp:51]   --->   Operation 1072 'load' 'layer3_weights_10_load' <Predicate = (!icmp_ln45)> <Delay = 0.79> <CoreInst = "ROM">   --->   Core 101 'ROM' <Latency = 1> <II = 1> <Delay = 0.79> <Storage> <Opcode : 'load'> <Ports = 0> <Width = 32> <Depth = 10> <ROM>

State 258 <SV = 89> <Delay = 6.01>
ST_258 : Operation 1073 [4/5] (6.01ns)   --->   "%sum_3_9 = fadd i32 %sum_3_8, i32 %mul_i1_9" [matmul.cpp:51]   --->   Operation 1073 'fadd' 'sum_3_9' <Predicate = (!icmp_ln45)> <Delay = 6.01> <CoreInst = "FAddSub_fulldsp">   --->   Core 18 'FAddSub_fulldsp' <Latency = 4> <II = 1> <Delay = 6.01> <FuncUnit> <Opcode : 'fadd' 'fsub'> <InPorts = 2> <OutPorts = 1>
ST_258 : Operation 1074 [1/2] (0.79ns)   --->   "%layer3_weights_10_load = load i4 %layer3_weights_10_addr" [matmul.cpp:51]   --->   Operation 1074 'load' 'layer3_weights_10_load' <Predicate = (!icmp_ln45)> <Delay = 0.79> <CoreInst = "ROM">   --->   Core 101 'ROM' <Latency = 1> <II = 1> <Delay = 0.79> <Storage> <Opcode : 'load'> <Ports = 0> <Width = 32> <Depth = 10> <ROM>
ST_258 : Operation 1075 [4/4] (4.67ns)   --->   "%mul_i1_s = fmul i32 %temp_output2_0_load_11, i32 %layer3_weights_10_load" [matmul.cpp:51]   --->   Operation 1075 'fmul' 'mul_i1_s' <Predicate = (!icmp_ln45)> <Delay = 4.67> <CoreInst = "FMul_maxdsp">   --->   Core 30 'FMul_maxdsp' <Latency = 3> <II = 1> <Delay = 4.67> <FuncUnit> <Opcode : 'fmul'> <InPorts = 2> <OutPorts = 1>

State 259 <SV = 90> <Delay = 6.01>
ST_259 : Operation 1076 [3/5] (6.01ns)   --->   "%sum_3_9 = fadd i32 %sum_3_8, i32 %mul_i1_9" [matmul.cpp:51]   --->   Operation 1076 'fadd' 'sum_3_9' <Predicate = (!icmp_ln45)> <Delay = 6.01> <CoreInst = "FAddSub_fulldsp">   --->   Core 18 'FAddSub_fulldsp' <Latency = 4> <II = 1> <Delay = 6.01> <FuncUnit> <Opcode : 'fadd' 'fsub'> <InPorts = 2> <OutPorts = 1>
ST_259 : Operation 1077 [3/4] (4.67ns)   --->   "%mul_i1_s = fmul i32 %temp_output2_0_load_11, i32 %layer3_weights_10_load" [matmul.cpp:51]   --->   Operation 1077 'fmul' 'mul_i1_s' <Predicate = (!icmp_ln45)> <Delay = 4.67> <CoreInst = "FMul_maxdsp">   --->   Core 30 'FMul_maxdsp' <Latency = 3> <II = 1> <Delay = 4.67> <FuncUnit> <Opcode : 'fmul'> <InPorts = 2> <OutPorts = 1>

State 260 <SV = 91> <Delay = 6.01>
ST_260 : Operation 1078 [2/5] (6.01ns)   --->   "%sum_3_9 = fadd i32 %sum_3_8, i32 %mul_i1_9" [matmul.cpp:51]   --->   Operation 1078 'fadd' 'sum_3_9' <Predicate = (!icmp_ln45)> <Delay = 6.01> <CoreInst = "FAddSub_fulldsp">   --->   Core 18 'FAddSub_fulldsp' <Latency = 4> <II = 1> <Delay = 6.01> <FuncUnit> <Opcode : 'fadd' 'fsub'> <InPorts = 2> <OutPorts = 1>
ST_260 : Operation 1079 [2/4] (4.67ns)   --->   "%mul_i1_s = fmul i32 %temp_output2_0_load_11, i32 %layer3_weights_10_load" [matmul.cpp:51]   --->   Operation 1079 'fmul' 'mul_i1_s' <Predicate = (!icmp_ln45)> <Delay = 4.67> <CoreInst = "FMul_maxdsp">   --->   Core 30 'FMul_maxdsp' <Latency = 3> <II = 1> <Delay = 4.67> <FuncUnit> <Opcode : 'fmul'> <InPorts = 2> <OutPorts = 1>

State 261 <SV = 92> <Delay = 6.01>
ST_261 : Operation 1080 [1/5] (6.01ns)   --->   "%sum_3_9 = fadd i32 %sum_3_8, i32 %mul_i1_9" [matmul.cpp:51]   --->   Operation 1080 'fadd' 'sum_3_9' <Predicate = (!icmp_ln45)> <Delay = 6.01> <CoreInst = "FAddSub_fulldsp">   --->   Core 18 'FAddSub_fulldsp' <Latency = 4> <II = 1> <Delay = 6.01> <FuncUnit> <Opcode : 'fadd' 'fsub'> <InPorts = 2> <OutPorts = 1>
ST_261 : Operation 1081 [1/4] (4.67ns)   --->   "%mul_i1_s = fmul i32 %temp_output2_0_load_11, i32 %layer3_weights_10_load" [matmul.cpp:51]   --->   Operation 1081 'fmul' 'mul_i1_s' <Predicate = (!icmp_ln45)> <Delay = 4.67> <CoreInst = "FMul_maxdsp">   --->   Core 30 'FMul_maxdsp' <Latency = 3> <II = 1> <Delay = 4.67> <FuncUnit> <Opcode : 'fmul'> <InPorts = 2> <OutPorts = 1>

State 262 <SV = 93> <Delay = 6.01>
ST_262 : Operation 1082 [5/5] (6.01ns)   --->   "%sum_3_s = fadd i32 %sum_3_9, i32 %mul_i1_s" [matmul.cpp:51]   --->   Operation 1082 'fadd' 'sum_3_s' <Predicate = (!icmp_ln45)> <Delay = 6.01> <CoreInst = "FAddSub_fulldsp">   --->   Core 18 'FAddSub_fulldsp' <Latency = 4> <II = 1> <Delay = 6.01> <FuncUnit> <Opcode : 'fadd' 'fsub'> <InPorts = 2> <OutPorts = 1>
ST_262 : Operation 1083 [1/1] (0.00ns)   --->   "%layer3_weights_11_addr = getelementptr i32 %layer3_weights_11, i64 0, i64 %j_1_cast" [matmul.cpp:51]   --->   Operation 1083 'getelementptr' 'layer3_weights_11_addr' <Predicate = (!icmp_ln45)> <Delay = 0.00>
ST_262 : Operation 1084 [2/2] (0.79ns)   --->   "%layer3_weights_11_load = load i4 %layer3_weights_11_addr" [matmul.cpp:51]   --->   Operation 1084 'load' 'layer3_weights_11_load' <Predicate = (!icmp_ln45)> <Delay = 0.79> <CoreInst = "ROM">   --->   Core 101 'ROM' <Latency = 1> <II = 1> <Delay = 0.79> <Storage> <Opcode : 'load'> <Ports = 0> <Width = 32> <Depth = 10> <ROM>

State 263 <SV = 94> <Delay = 6.01>
ST_263 : Operation 1085 [4/5] (6.01ns)   --->   "%sum_3_s = fadd i32 %sum_3_9, i32 %mul_i1_s" [matmul.cpp:51]   --->   Operation 1085 'fadd' 'sum_3_s' <Predicate = (!icmp_ln45)> <Delay = 6.01> <CoreInst = "FAddSub_fulldsp">   --->   Core 18 'FAddSub_fulldsp' <Latency = 4> <II = 1> <Delay = 6.01> <FuncUnit> <Opcode : 'fadd' 'fsub'> <InPorts = 2> <OutPorts = 1>
ST_263 : Operation 1086 [1/2] (0.79ns)   --->   "%layer3_weights_11_load = load i4 %layer3_weights_11_addr" [matmul.cpp:51]   --->   Operation 1086 'load' 'layer3_weights_11_load' <Predicate = (!icmp_ln45)> <Delay = 0.79> <CoreInst = "ROM">   --->   Core 101 'ROM' <Latency = 1> <II = 1> <Delay = 0.79> <Storage> <Opcode : 'load'> <Ports = 0> <Width = 32> <Depth = 10> <ROM>
ST_263 : Operation 1087 [4/4] (4.67ns)   --->   "%mul_i1_10 = fmul i32 %temp_output2_0_load_12, i32 %layer3_weights_11_load" [matmul.cpp:51]   --->   Operation 1087 'fmul' 'mul_i1_10' <Predicate = (!icmp_ln45)> <Delay = 4.67> <CoreInst = "FMul_maxdsp">   --->   Core 30 'FMul_maxdsp' <Latency = 3> <II = 1> <Delay = 4.67> <FuncUnit> <Opcode : 'fmul'> <InPorts = 2> <OutPorts = 1>

State 264 <SV = 95> <Delay = 6.01>
ST_264 : Operation 1088 [3/5] (6.01ns)   --->   "%sum_3_s = fadd i32 %sum_3_9, i32 %mul_i1_s" [matmul.cpp:51]   --->   Operation 1088 'fadd' 'sum_3_s' <Predicate = (!icmp_ln45)> <Delay = 6.01> <CoreInst = "FAddSub_fulldsp">   --->   Core 18 'FAddSub_fulldsp' <Latency = 4> <II = 1> <Delay = 6.01> <FuncUnit> <Opcode : 'fadd' 'fsub'> <InPorts = 2> <OutPorts = 1>
ST_264 : Operation 1089 [3/4] (4.67ns)   --->   "%mul_i1_10 = fmul i32 %temp_output2_0_load_12, i32 %layer3_weights_11_load" [matmul.cpp:51]   --->   Operation 1089 'fmul' 'mul_i1_10' <Predicate = (!icmp_ln45)> <Delay = 4.67> <CoreInst = "FMul_maxdsp">   --->   Core 30 'FMul_maxdsp' <Latency = 3> <II = 1> <Delay = 4.67> <FuncUnit> <Opcode : 'fmul'> <InPorts = 2> <OutPorts = 1>

State 265 <SV = 96> <Delay = 6.01>
ST_265 : Operation 1090 [2/5] (6.01ns)   --->   "%sum_3_s = fadd i32 %sum_3_9, i32 %mul_i1_s" [matmul.cpp:51]   --->   Operation 1090 'fadd' 'sum_3_s' <Predicate = (!icmp_ln45)> <Delay = 6.01> <CoreInst = "FAddSub_fulldsp">   --->   Core 18 'FAddSub_fulldsp' <Latency = 4> <II = 1> <Delay = 6.01> <FuncUnit> <Opcode : 'fadd' 'fsub'> <InPorts = 2> <OutPorts = 1>
ST_265 : Operation 1091 [2/4] (4.67ns)   --->   "%mul_i1_10 = fmul i32 %temp_output2_0_load_12, i32 %layer3_weights_11_load" [matmul.cpp:51]   --->   Operation 1091 'fmul' 'mul_i1_10' <Predicate = (!icmp_ln45)> <Delay = 4.67> <CoreInst = "FMul_maxdsp">   --->   Core 30 'FMul_maxdsp' <Latency = 3> <II = 1> <Delay = 4.67> <FuncUnit> <Opcode : 'fmul'> <InPorts = 2> <OutPorts = 1>

State 266 <SV = 97> <Delay = 6.01>
ST_266 : Operation 1092 [1/5] (6.01ns)   --->   "%sum_3_s = fadd i32 %sum_3_9, i32 %mul_i1_s" [matmul.cpp:51]   --->   Operation 1092 'fadd' 'sum_3_s' <Predicate = (!icmp_ln45)> <Delay = 6.01> <CoreInst = "FAddSub_fulldsp">   --->   Core 18 'FAddSub_fulldsp' <Latency = 4> <II = 1> <Delay = 6.01> <FuncUnit> <Opcode : 'fadd' 'fsub'> <InPorts = 2> <OutPorts = 1>
ST_266 : Operation 1093 [1/4] (4.67ns)   --->   "%mul_i1_10 = fmul i32 %temp_output2_0_load_12, i32 %layer3_weights_11_load" [matmul.cpp:51]   --->   Operation 1093 'fmul' 'mul_i1_10' <Predicate = (!icmp_ln45)> <Delay = 4.67> <CoreInst = "FMul_maxdsp">   --->   Core 30 'FMul_maxdsp' <Latency = 3> <II = 1> <Delay = 4.67> <FuncUnit> <Opcode : 'fmul'> <InPorts = 2> <OutPorts = 1>

State 267 <SV = 98> <Delay = 6.01>
ST_267 : Operation 1094 [5/5] (6.01ns)   --->   "%sum_3_10 = fadd i32 %sum_3_s, i32 %mul_i1_10" [matmul.cpp:51]   --->   Operation 1094 'fadd' 'sum_3_10' <Predicate = (!icmp_ln45)> <Delay = 6.01> <CoreInst = "FAddSub_fulldsp">   --->   Core 18 'FAddSub_fulldsp' <Latency = 4> <II = 1> <Delay = 6.01> <FuncUnit> <Opcode : 'fadd' 'fsub'> <InPorts = 2> <OutPorts = 1>
ST_267 : Operation 1095 [1/1] (0.00ns)   --->   "%layer3_weights_12_addr = getelementptr i32 %layer3_weights_12, i64 0, i64 %j_1_cast" [matmul.cpp:51]   --->   Operation 1095 'getelementptr' 'layer3_weights_12_addr' <Predicate = (!icmp_ln45)> <Delay = 0.00>
ST_267 : Operation 1096 [2/2] (0.79ns)   --->   "%layer3_weights_12_load = load i4 %layer3_weights_12_addr" [matmul.cpp:51]   --->   Operation 1096 'load' 'layer3_weights_12_load' <Predicate = (!icmp_ln45)> <Delay = 0.79> <CoreInst = "ROM">   --->   Core 101 'ROM' <Latency = 1> <II = 1> <Delay = 0.79> <Storage> <Opcode : 'load'> <Ports = 0> <Width = 32> <Depth = 10> <ROM>

State 268 <SV = 99> <Delay = 6.01>
ST_268 : Operation 1097 [4/5] (6.01ns)   --->   "%sum_3_10 = fadd i32 %sum_3_s, i32 %mul_i1_10" [matmul.cpp:51]   --->   Operation 1097 'fadd' 'sum_3_10' <Predicate = (!icmp_ln45)> <Delay = 6.01> <CoreInst = "FAddSub_fulldsp">   --->   Core 18 'FAddSub_fulldsp' <Latency = 4> <II = 1> <Delay = 6.01> <FuncUnit> <Opcode : 'fadd' 'fsub'> <InPorts = 2> <OutPorts = 1>
ST_268 : Operation 1098 [1/2] (0.79ns)   --->   "%layer3_weights_12_load = load i4 %layer3_weights_12_addr" [matmul.cpp:51]   --->   Operation 1098 'load' 'layer3_weights_12_load' <Predicate = (!icmp_ln45)> <Delay = 0.79> <CoreInst = "ROM">   --->   Core 101 'ROM' <Latency = 1> <II = 1> <Delay = 0.79> <Storage> <Opcode : 'load'> <Ports = 0> <Width = 32> <Depth = 10> <ROM>
ST_268 : Operation 1099 [4/4] (4.67ns)   --->   "%mul_i1_11 = fmul i32 %temp_output2_0_load_13, i32 %layer3_weights_12_load" [matmul.cpp:51]   --->   Operation 1099 'fmul' 'mul_i1_11' <Predicate = (!icmp_ln45)> <Delay = 4.67> <CoreInst = "FMul_maxdsp">   --->   Core 30 'FMul_maxdsp' <Latency = 3> <II = 1> <Delay = 4.67> <FuncUnit> <Opcode : 'fmul'> <InPorts = 2> <OutPorts = 1>

State 269 <SV = 100> <Delay = 6.01>
ST_269 : Operation 1100 [3/5] (6.01ns)   --->   "%sum_3_10 = fadd i32 %sum_3_s, i32 %mul_i1_10" [matmul.cpp:51]   --->   Operation 1100 'fadd' 'sum_3_10' <Predicate = (!icmp_ln45)> <Delay = 6.01> <CoreInst = "FAddSub_fulldsp">   --->   Core 18 'FAddSub_fulldsp' <Latency = 4> <II = 1> <Delay = 6.01> <FuncUnit> <Opcode : 'fadd' 'fsub'> <InPorts = 2> <OutPorts = 1>
ST_269 : Operation 1101 [3/4] (4.67ns)   --->   "%mul_i1_11 = fmul i32 %temp_output2_0_load_13, i32 %layer3_weights_12_load" [matmul.cpp:51]   --->   Operation 1101 'fmul' 'mul_i1_11' <Predicate = (!icmp_ln45)> <Delay = 4.67> <CoreInst = "FMul_maxdsp">   --->   Core 30 'FMul_maxdsp' <Latency = 3> <II = 1> <Delay = 4.67> <FuncUnit> <Opcode : 'fmul'> <InPorts = 2> <OutPorts = 1>

State 270 <SV = 101> <Delay = 6.01>
ST_270 : Operation 1102 [2/5] (6.01ns)   --->   "%sum_3_10 = fadd i32 %sum_3_s, i32 %mul_i1_10" [matmul.cpp:51]   --->   Operation 1102 'fadd' 'sum_3_10' <Predicate = (!icmp_ln45)> <Delay = 6.01> <CoreInst = "FAddSub_fulldsp">   --->   Core 18 'FAddSub_fulldsp' <Latency = 4> <II = 1> <Delay = 6.01> <FuncUnit> <Opcode : 'fadd' 'fsub'> <InPorts = 2> <OutPorts = 1>
ST_270 : Operation 1103 [2/4] (4.67ns)   --->   "%mul_i1_11 = fmul i32 %temp_output2_0_load_13, i32 %layer3_weights_12_load" [matmul.cpp:51]   --->   Operation 1103 'fmul' 'mul_i1_11' <Predicate = (!icmp_ln45)> <Delay = 4.67> <CoreInst = "FMul_maxdsp">   --->   Core 30 'FMul_maxdsp' <Latency = 3> <II = 1> <Delay = 4.67> <FuncUnit> <Opcode : 'fmul'> <InPorts = 2> <OutPorts = 1>

State 271 <SV = 102> <Delay = 6.01>
ST_271 : Operation 1104 [1/5] (6.01ns)   --->   "%sum_3_10 = fadd i32 %sum_3_s, i32 %mul_i1_10" [matmul.cpp:51]   --->   Operation 1104 'fadd' 'sum_3_10' <Predicate = (!icmp_ln45)> <Delay = 6.01> <CoreInst = "FAddSub_fulldsp">   --->   Core 18 'FAddSub_fulldsp' <Latency = 4> <II = 1> <Delay = 6.01> <FuncUnit> <Opcode : 'fadd' 'fsub'> <InPorts = 2> <OutPorts = 1>
ST_271 : Operation 1105 [1/4] (4.67ns)   --->   "%mul_i1_11 = fmul i32 %temp_output2_0_load_13, i32 %layer3_weights_12_load" [matmul.cpp:51]   --->   Operation 1105 'fmul' 'mul_i1_11' <Predicate = (!icmp_ln45)> <Delay = 4.67> <CoreInst = "FMul_maxdsp">   --->   Core 30 'FMul_maxdsp' <Latency = 3> <II = 1> <Delay = 4.67> <FuncUnit> <Opcode : 'fmul'> <InPorts = 2> <OutPorts = 1>

State 272 <SV = 103> <Delay = 6.01>
ST_272 : Operation 1106 [5/5] (6.01ns)   --->   "%sum_3_11 = fadd i32 %sum_3_10, i32 %mul_i1_11" [matmul.cpp:51]   --->   Operation 1106 'fadd' 'sum_3_11' <Predicate = (!icmp_ln45)> <Delay = 6.01> <CoreInst = "FAddSub_fulldsp">   --->   Core 18 'FAddSub_fulldsp' <Latency = 4> <II = 1> <Delay = 6.01> <FuncUnit> <Opcode : 'fadd' 'fsub'> <InPorts = 2> <OutPorts = 1>
ST_272 : Operation 1107 [1/1] (0.00ns)   --->   "%layer3_weights_13_addr = getelementptr i32 %layer3_weights_13, i64 0, i64 %j_1_cast" [matmul.cpp:51]   --->   Operation 1107 'getelementptr' 'layer3_weights_13_addr' <Predicate = (!icmp_ln45)> <Delay = 0.00>
ST_272 : Operation 1108 [2/2] (0.79ns)   --->   "%layer3_weights_13_load = load i4 %layer3_weights_13_addr" [matmul.cpp:51]   --->   Operation 1108 'load' 'layer3_weights_13_load' <Predicate = (!icmp_ln45)> <Delay = 0.79> <CoreInst = "ROM">   --->   Core 101 'ROM' <Latency = 1> <II = 1> <Delay = 0.79> <Storage> <Opcode : 'load'> <Ports = 0> <Width = 32> <Depth = 10> <ROM>

State 273 <SV = 104> <Delay = 6.01>
ST_273 : Operation 1109 [4/5] (6.01ns)   --->   "%sum_3_11 = fadd i32 %sum_3_10, i32 %mul_i1_11" [matmul.cpp:51]   --->   Operation 1109 'fadd' 'sum_3_11' <Predicate = (!icmp_ln45)> <Delay = 6.01> <CoreInst = "FAddSub_fulldsp">   --->   Core 18 'FAddSub_fulldsp' <Latency = 4> <II = 1> <Delay = 6.01> <FuncUnit> <Opcode : 'fadd' 'fsub'> <InPorts = 2> <OutPorts = 1>
ST_273 : Operation 1110 [1/2] (0.79ns)   --->   "%layer3_weights_13_load = load i4 %layer3_weights_13_addr" [matmul.cpp:51]   --->   Operation 1110 'load' 'layer3_weights_13_load' <Predicate = (!icmp_ln45)> <Delay = 0.79> <CoreInst = "ROM">   --->   Core 101 'ROM' <Latency = 1> <II = 1> <Delay = 0.79> <Storage> <Opcode : 'load'> <Ports = 0> <Width = 32> <Depth = 10> <ROM>
ST_273 : Operation 1111 [4/4] (4.67ns)   --->   "%mul_i1_12 = fmul i32 %temp_output2_0_load_14, i32 %layer3_weights_13_load" [matmul.cpp:51]   --->   Operation 1111 'fmul' 'mul_i1_12' <Predicate = (!icmp_ln45)> <Delay = 4.67> <CoreInst = "FMul_maxdsp">   --->   Core 30 'FMul_maxdsp' <Latency = 3> <II = 1> <Delay = 4.67> <FuncUnit> <Opcode : 'fmul'> <InPorts = 2> <OutPorts = 1>

State 274 <SV = 105> <Delay = 6.01>
ST_274 : Operation 1112 [3/5] (6.01ns)   --->   "%sum_3_11 = fadd i32 %sum_3_10, i32 %mul_i1_11" [matmul.cpp:51]   --->   Operation 1112 'fadd' 'sum_3_11' <Predicate = (!icmp_ln45)> <Delay = 6.01> <CoreInst = "FAddSub_fulldsp">   --->   Core 18 'FAddSub_fulldsp' <Latency = 4> <II = 1> <Delay = 6.01> <FuncUnit> <Opcode : 'fadd' 'fsub'> <InPorts = 2> <OutPorts = 1>
ST_274 : Operation 1113 [3/4] (4.67ns)   --->   "%mul_i1_12 = fmul i32 %temp_output2_0_load_14, i32 %layer3_weights_13_load" [matmul.cpp:51]   --->   Operation 1113 'fmul' 'mul_i1_12' <Predicate = (!icmp_ln45)> <Delay = 4.67> <CoreInst = "FMul_maxdsp">   --->   Core 30 'FMul_maxdsp' <Latency = 3> <II = 1> <Delay = 4.67> <FuncUnit> <Opcode : 'fmul'> <InPorts = 2> <OutPorts = 1>

State 275 <SV = 106> <Delay = 6.01>
ST_275 : Operation 1114 [2/5] (6.01ns)   --->   "%sum_3_11 = fadd i32 %sum_3_10, i32 %mul_i1_11" [matmul.cpp:51]   --->   Operation 1114 'fadd' 'sum_3_11' <Predicate = (!icmp_ln45)> <Delay = 6.01> <CoreInst = "FAddSub_fulldsp">   --->   Core 18 'FAddSub_fulldsp' <Latency = 4> <II = 1> <Delay = 6.01> <FuncUnit> <Opcode : 'fadd' 'fsub'> <InPorts = 2> <OutPorts = 1>
ST_275 : Operation 1115 [2/4] (4.67ns)   --->   "%mul_i1_12 = fmul i32 %temp_output2_0_load_14, i32 %layer3_weights_13_load" [matmul.cpp:51]   --->   Operation 1115 'fmul' 'mul_i1_12' <Predicate = (!icmp_ln45)> <Delay = 4.67> <CoreInst = "FMul_maxdsp">   --->   Core 30 'FMul_maxdsp' <Latency = 3> <II = 1> <Delay = 4.67> <FuncUnit> <Opcode : 'fmul'> <InPorts = 2> <OutPorts = 1>

State 276 <SV = 107> <Delay = 6.01>
ST_276 : Operation 1116 [1/5] (6.01ns)   --->   "%sum_3_11 = fadd i32 %sum_3_10, i32 %mul_i1_11" [matmul.cpp:51]   --->   Operation 1116 'fadd' 'sum_3_11' <Predicate = (!icmp_ln45)> <Delay = 6.01> <CoreInst = "FAddSub_fulldsp">   --->   Core 18 'FAddSub_fulldsp' <Latency = 4> <II = 1> <Delay = 6.01> <FuncUnit> <Opcode : 'fadd' 'fsub'> <InPorts = 2> <OutPorts = 1>
ST_276 : Operation 1117 [1/4] (4.67ns)   --->   "%mul_i1_12 = fmul i32 %temp_output2_0_load_14, i32 %layer3_weights_13_load" [matmul.cpp:51]   --->   Operation 1117 'fmul' 'mul_i1_12' <Predicate = (!icmp_ln45)> <Delay = 4.67> <CoreInst = "FMul_maxdsp">   --->   Core 30 'FMul_maxdsp' <Latency = 3> <II = 1> <Delay = 4.67> <FuncUnit> <Opcode : 'fmul'> <InPorts = 2> <OutPorts = 1>

State 277 <SV = 108> <Delay = 6.01>
ST_277 : Operation 1118 [5/5] (6.01ns)   --->   "%sum_3_12 = fadd i32 %sum_3_11, i32 %mul_i1_12" [matmul.cpp:51]   --->   Operation 1118 'fadd' 'sum_3_12' <Predicate = (!icmp_ln45)> <Delay = 6.01> <CoreInst = "FAddSub_fulldsp">   --->   Core 18 'FAddSub_fulldsp' <Latency = 4> <II = 1> <Delay = 6.01> <FuncUnit> <Opcode : 'fadd' 'fsub'> <InPorts = 2> <OutPorts = 1>
ST_277 : Operation 1119 [1/1] (0.00ns)   --->   "%layer3_weights_14_addr = getelementptr i32 %layer3_weights_14, i64 0, i64 %j_1_cast" [matmul.cpp:51]   --->   Operation 1119 'getelementptr' 'layer3_weights_14_addr' <Predicate = (!icmp_ln45)> <Delay = 0.00>
ST_277 : Operation 1120 [2/2] (0.79ns)   --->   "%layer3_weights_14_load = load i4 %layer3_weights_14_addr" [matmul.cpp:51]   --->   Operation 1120 'load' 'layer3_weights_14_load' <Predicate = (!icmp_ln45)> <Delay = 0.79> <CoreInst = "ROM">   --->   Core 101 'ROM' <Latency = 1> <II = 1> <Delay = 0.79> <Storage> <Opcode : 'load'> <Ports = 0> <Width = 32> <Depth = 10> <ROM>

State 278 <SV = 109> <Delay = 6.01>
ST_278 : Operation 1121 [4/5] (6.01ns)   --->   "%sum_3_12 = fadd i32 %sum_3_11, i32 %mul_i1_12" [matmul.cpp:51]   --->   Operation 1121 'fadd' 'sum_3_12' <Predicate = (!icmp_ln45)> <Delay = 6.01> <CoreInst = "FAddSub_fulldsp">   --->   Core 18 'FAddSub_fulldsp' <Latency = 4> <II = 1> <Delay = 6.01> <FuncUnit> <Opcode : 'fadd' 'fsub'> <InPorts = 2> <OutPorts = 1>
ST_278 : Operation 1122 [1/2] (0.79ns)   --->   "%layer3_weights_14_load = load i4 %layer3_weights_14_addr" [matmul.cpp:51]   --->   Operation 1122 'load' 'layer3_weights_14_load' <Predicate = (!icmp_ln45)> <Delay = 0.79> <CoreInst = "ROM">   --->   Core 101 'ROM' <Latency = 1> <II = 1> <Delay = 0.79> <Storage> <Opcode : 'load'> <Ports = 0> <Width = 32> <Depth = 10> <ROM>
ST_278 : Operation 1123 [4/4] (4.67ns)   --->   "%mul_i1_13 = fmul i32 %temp_output2_0_load_15, i32 %layer3_weights_14_load" [matmul.cpp:51]   --->   Operation 1123 'fmul' 'mul_i1_13' <Predicate = (!icmp_ln45)> <Delay = 4.67> <CoreInst = "FMul_maxdsp">   --->   Core 30 'FMul_maxdsp' <Latency = 3> <II = 1> <Delay = 4.67> <FuncUnit> <Opcode : 'fmul'> <InPorts = 2> <OutPorts = 1>

State 279 <SV = 110> <Delay = 6.01>
ST_279 : Operation 1124 [3/5] (6.01ns)   --->   "%sum_3_12 = fadd i32 %sum_3_11, i32 %mul_i1_12" [matmul.cpp:51]   --->   Operation 1124 'fadd' 'sum_3_12' <Predicate = (!icmp_ln45)> <Delay = 6.01> <CoreInst = "FAddSub_fulldsp">   --->   Core 18 'FAddSub_fulldsp' <Latency = 4> <II = 1> <Delay = 6.01> <FuncUnit> <Opcode : 'fadd' 'fsub'> <InPorts = 2> <OutPorts = 1>
ST_279 : Operation 1125 [3/4] (4.67ns)   --->   "%mul_i1_13 = fmul i32 %temp_output2_0_load_15, i32 %layer3_weights_14_load" [matmul.cpp:51]   --->   Operation 1125 'fmul' 'mul_i1_13' <Predicate = (!icmp_ln45)> <Delay = 4.67> <CoreInst = "FMul_maxdsp">   --->   Core 30 'FMul_maxdsp' <Latency = 3> <II = 1> <Delay = 4.67> <FuncUnit> <Opcode : 'fmul'> <InPorts = 2> <OutPorts = 1>

State 280 <SV = 111> <Delay = 6.01>
ST_280 : Operation 1126 [2/5] (6.01ns)   --->   "%sum_3_12 = fadd i32 %sum_3_11, i32 %mul_i1_12" [matmul.cpp:51]   --->   Operation 1126 'fadd' 'sum_3_12' <Predicate = (!icmp_ln45)> <Delay = 6.01> <CoreInst = "FAddSub_fulldsp">   --->   Core 18 'FAddSub_fulldsp' <Latency = 4> <II = 1> <Delay = 6.01> <FuncUnit> <Opcode : 'fadd' 'fsub'> <InPorts = 2> <OutPorts = 1>
ST_280 : Operation 1127 [2/4] (4.67ns)   --->   "%mul_i1_13 = fmul i32 %temp_output2_0_load_15, i32 %layer3_weights_14_load" [matmul.cpp:51]   --->   Operation 1127 'fmul' 'mul_i1_13' <Predicate = (!icmp_ln45)> <Delay = 4.67> <CoreInst = "FMul_maxdsp">   --->   Core 30 'FMul_maxdsp' <Latency = 3> <II = 1> <Delay = 4.67> <FuncUnit> <Opcode : 'fmul'> <InPorts = 2> <OutPorts = 1>

State 281 <SV = 112> <Delay = 6.01>
ST_281 : Operation 1128 [1/5] (6.01ns)   --->   "%sum_3_12 = fadd i32 %sum_3_11, i32 %mul_i1_12" [matmul.cpp:51]   --->   Operation 1128 'fadd' 'sum_3_12' <Predicate = (!icmp_ln45)> <Delay = 6.01> <CoreInst = "FAddSub_fulldsp">   --->   Core 18 'FAddSub_fulldsp' <Latency = 4> <II = 1> <Delay = 6.01> <FuncUnit> <Opcode : 'fadd' 'fsub'> <InPorts = 2> <OutPorts = 1>
ST_281 : Operation 1129 [1/4] (4.67ns)   --->   "%mul_i1_13 = fmul i32 %temp_output2_0_load_15, i32 %layer3_weights_14_load" [matmul.cpp:51]   --->   Operation 1129 'fmul' 'mul_i1_13' <Predicate = (!icmp_ln45)> <Delay = 4.67> <CoreInst = "FMul_maxdsp">   --->   Core 30 'FMul_maxdsp' <Latency = 3> <II = 1> <Delay = 4.67> <FuncUnit> <Opcode : 'fmul'> <InPorts = 2> <OutPorts = 1>

State 282 <SV = 113> <Delay = 6.01>
ST_282 : Operation 1130 [5/5] (6.01ns)   --->   "%sum_3_13 = fadd i32 %sum_3_12, i32 %mul_i1_13" [matmul.cpp:51]   --->   Operation 1130 'fadd' 'sum_3_13' <Predicate = (!icmp_ln45)> <Delay = 6.01> <CoreInst = "FAddSub_fulldsp">   --->   Core 18 'FAddSub_fulldsp' <Latency = 4> <II = 1> <Delay = 6.01> <FuncUnit> <Opcode : 'fadd' 'fsub'> <InPorts = 2> <OutPorts = 1>
ST_282 : Operation 1131 [1/1] (0.00ns)   --->   "%layer3_weights_15_addr = getelementptr i32 %layer3_weights_15, i64 0, i64 %j_1_cast" [matmul.cpp:51]   --->   Operation 1131 'getelementptr' 'layer3_weights_15_addr' <Predicate = (!icmp_ln45)> <Delay = 0.00>
ST_282 : Operation 1132 [2/2] (0.79ns)   --->   "%layer3_weights_15_load = load i4 %layer3_weights_15_addr" [matmul.cpp:51]   --->   Operation 1132 'load' 'layer3_weights_15_load' <Predicate = (!icmp_ln45)> <Delay = 0.79> <CoreInst = "ROM">   --->   Core 101 'ROM' <Latency = 1> <II = 1> <Delay = 0.79> <Storage> <Opcode : 'load'> <Ports = 0> <Width = 32> <Depth = 10> <ROM>

State 283 <SV = 114> <Delay = 6.01>
ST_283 : Operation 1133 [4/5] (6.01ns)   --->   "%sum_3_13 = fadd i32 %sum_3_12, i32 %mul_i1_13" [matmul.cpp:51]   --->   Operation 1133 'fadd' 'sum_3_13' <Predicate = (!icmp_ln45)> <Delay = 6.01> <CoreInst = "FAddSub_fulldsp">   --->   Core 18 'FAddSub_fulldsp' <Latency = 4> <II = 1> <Delay = 6.01> <FuncUnit> <Opcode : 'fadd' 'fsub'> <InPorts = 2> <OutPorts = 1>
ST_283 : Operation 1134 [1/2] (0.79ns)   --->   "%layer3_weights_15_load = load i4 %layer3_weights_15_addr" [matmul.cpp:51]   --->   Operation 1134 'load' 'layer3_weights_15_load' <Predicate = (!icmp_ln45)> <Delay = 0.79> <CoreInst = "ROM">   --->   Core 101 'ROM' <Latency = 1> <II = 1> <Delay = 0.79> <Storage> <Opcode : 'load'> <Ports = 0> <Width = 32> <Depth = 10> <ROM>
ST_283 : Operation 1135 [4/4] (4.67ns)   --->   "%mul_i1_14 = fmul i32 %temp_output2_0_load_16, i32 %layer3_weights_15_load" [matmul.cpp:51]   --->   Operation 1135 'fmul' 'mul_i1_14' <Predicate = (!icmp_ln45)> <Delay = 4.67> <CoreInst = "FMul_maxdsp">   --->   Core 30 'FMul_maxdsp' <Latency = 3> <II = 1> <Delay = 4.67> <FuncUnit> <Opcode : 'fmul'> <InPorts = 2> <OutPorts = 1>

State 284 <SV = 115> <Delay = 6.01>
ST_284 : Operation 1136 [3/5] (6.01ns)   --->   "%sum_3_13 = fadd i32 %sum_3_12, i32 %mul_i1_13" [matmul.cpp:51]   --->   Operation 1136 'fadd' 'sum_3_13' <Predicate = (!icmp_ln45)> <Delay = 6.01> <CoreInst = "FAddSub_fulldsp">   --->   Core 18 'FAddSub_fulldsp' <Latency = 4> <II = 1> <Delay = 6.01> <FuncUnit> <Opcode : 'fadd' 'fsub'> <InPorts = 2> <OutPorts = 1>
ST_284 : Operation 1137 [3/4] (4.67ns)   --->   "%mul_i1_14 = fmul i32 %temp_output2_0_load_16, i32 %layer3_weights_15_load" [matmul.cpp:51]   --->   Operation 1137 'fmul' 'mul_i1_14' <Predicate = (!icmp_ln45)> <Delay = 4.67> <CoreInst = "FMul_maxdsp">   --->   Core 30 'FMul_maxdsp' <Latency = 3> <II = 1> <Delay = 4.67> <FuncUnit> <Opcode : 'fmul'> <InPorts = 2> <OutPorts = 1>

State 285 <SV = 116> <Delay = 6.01>
ST_285 : Operation 1138 [2/5] (6.01ns)   --->   "%sum_3_13 = fadd i32 %sum_3_12, i32 %mul_i1_13" [matmul.cpp:51]   --->   Operation 1138 'fadd' 'sum_3_13' <Predicate = (!icmp_ln45)> <Delay = 6.01> <CoreInst = "FAddSub_fulldsp">   --->   Core 18 'FAddSub_fulldsp' <Latency = 4> <II = 1> <Delay = 6.01> <FuncUnit> <Opcode : 'fadd' 'fsub'> <InPorts = 2> <OutPorts = 1>
ST_285 : Operation 1139 [2/4] (4.67ns)   --->   "%mul_i1_14 = fmul i32 %temp_output2_0_load_16, i32 %layer3_weights_15_load" [matmul.cpp:51]   --->   Operation 1139 'fmul' 'mul_i1_14' <Predicate = (!icmp_ln45)> <Delay = 4.67> <CoreInst = "FMul_maxdsp">   --->   Core 30 'FMul_maxdsp' <Latency = 3> <II = 1> <Delay = 4.67> <FuncUnit> <Opcode : 'fmul'> <InPorts = 2> <OutPorts = 1>

State 286 <SV = 117> <Delay = 6.01>
ST_286 : Operation 1140 [1/5] (6.01ns)   --->   "%sum_3_13 = fadd i32 %sum_3_12, i32 %mul_i1_13" [matmul.cpp:51]   --->   Operation 1140 'fadd' 'sum_3_13' <Predicate = (!icmp_ln45)> <Delay = 6.01> <CoreInst = "FAddSub_fulldsp">   --->   Core 18 'FAddSub_fulldsp' <Latency = 4> <II = 1> <Delay = 6.01> <FuncUnit> <Opcode : 'fadd' 'fsub'> <InPorts = 2> <OutPorts = 1>
ST_286 : Operation 1141 [1/4] (4.67ns)   --->   "%mul_i1_14 = fmul i32 %temp_output2_0_load_16, i32 %layer3_weights_15_load" [matmul.cpp:51]   --->   Operation 1141 'fmul' 'mul_i1_14' <Predicate = (!icmp_ln45)> <Delay = 4.67> <CoreInst = "FMul_maxdsp">   --->   Core 30 'FMul_maxdsp' <Latency = 3> <II = 1> <Delay = 4.67> <FuncUnit> <Opcode : 'fmul'> <InPorts = 2> <OutPorts = 1>

State 287 <SV = 118> <Delay = 6.01>
ST_287 : Operation 1142 [5/5] (6.01ns)   --->   "%sum_3_14 = fadd i32 %sum_3_13, i32 %mul_i1_14" [matmul.cpp:51]   --->   Operation 1142 'fadd' 'sum_3_14' <Predicate = (!icmp_ln45)> <Delay = 6.01> <CoreInst = "FAddSub_fulldsp">   --->   Core 18 'FAddSub_fulldsp' <Latency = 4> <II = 1> <Delay = 6.01> <FuncUnit> <Opcode : 'fadd' 'fsub'> <InPorts = 2> <OutPorts = 1>

State 288 <SV = 119> <Delay = 6.01>
ST_288 : Operation 1143 [4/5] (6.01ns)   --->   "%sum_3_14 = fadd i32 %sum_3_13, i32 %mul_i1_14" [matmul.cpp:51]   --->   Operation 1143 'fadd' 'sum_3_14' <Predicate = (!icmp_ln45)> <Delay = 6.01> <CoreInst = "FAddSub_fulldsp">   --->   Core 18 'FAddSub_fulldsp' <Latency = 4> <II = 1> <Delay = 6.01> <FuncUnit> <Opcode : 'fadd' 'fsub'> <InPorts = 2> <OutPorts = 1>

State 289 <SV = 120> <Delay = 6.01>
ST_289 : Operation 1144 [3/5] (6.01ns)   --->   "%sum_3_14 = fadd i32 %sum_3_13, i32 %mul_i1_14" [matmul.cpp:51]   --->   Operation 1144 'fadd' 'sum_3_14' <Predicate = (!icmp_ln45)> <Delay = 6.01> <CoreInst = "FAddSub_fulldsp">   --->   Core 18 'FAddSub_fulldsp' <Latency = 4> <II = 1> <Delay = 6.01> <FuncUnit> <Opcode : 'fadd' 'fsub'> <InPorts = 2> <OutPorts = 1>

State 290 <SV = 121> <Delay = 6.01>
ST_290 : Operation 1145 [2/5] (6.01ns)   --->   "%sum_3_14 = fadd i32 %sum_3_13, i32 %mul_i1_14" [matmul.cpp:51]   --->   Operation 1145 'fadd' 'sum_3_14' <Predicate = (!icmp_ln45)> <Delay = 6.01> <CoreInst = "FAddSub_fulldsp">   --->   Core 18 'FAddSub_fulldsp' <Latency = 4> <II = 1> <Delay = 6.01> <FuncUnit> <Opcode : 'fadd' 'fsub'> <InPorts = 2> <OutPorts = 1>

State 291 <SV = 122> <Delay = 6.80>
ST_291 : Operation 1146 [1/1] (0.00ns)   --->   "%specloopname_ln47 = specloopname void @_ssdm_op_SpecLoopName, void @empty_14" [matmul.cpp:47]   --->   Operation 1146 'specloopname' 'specloopname_ln47' <Predicate = (!icmp_ln45)> <Delay = 0.00>
ST_291 : Operation 1147 [1/5] (6.01ns)   --->   "%sum_3_14 = fadd i32 %sum_3_13, i32 %mul_i1_14" [matmul.cpp:51]   --->   Operation 1147 'fadd' 'sum_3_14' <Predicate = (!icmp_ln45)> <Delay = 6.01> <CoreInst = "FAddSub_fulldsp">   --->   Core 18 'FAddSub_fulldsp' <Latency = 4> <II = 1> <Delay = 6.01> <FuncUnit> <Opcode : 'fadd' 'fsub'> <InPorts = 2> <OutPorts = 1>
ST_291 : Operation 1148 [1/1] (0.00ns)   --->   "%temp_output3_0_addr_2 = getelementptr i32 %temp_output3_0, i64 0, i64 %j_1_cast" [matmul.cpp:53]   --->   Operation 1148 'getelementptr' 'temp_output3_0_addr_2' <Predicate = (!icmp_ln45)> <Delay = 0.00>
ST_291 : Operation 1149 [1/1] (0.79ns)   --->   "%store_ln53 = store i32 %sum_3_14, i4 %temp_output3_0_addr_2" [matmul.cpp:53]   --->   Operation 1149 'store' 'store_ln53' <Predicate = (!icmp_ln45)> <Delay = 0.79> <CoreInst = "RAM">   --->   Core 83 'RAM' <Latency = 1> <II = 1> <Delay = 0.79> <Storage> <Opcode : 'load' 'store'> <Ports = 2> <Width = 32> <Depth = 10> <RAM>
ST_291 : Operation 1150 [1/1] (0.00ns)   --->   "%br_ln0 = br void %_Z13hw_act_layer2PA16_fS0_.exit"   --->   Operation 1150 'br' 'br_ln0' <Predicate = (!icmp_ln45)> <Delay = 0.00>

State 292 <SV = 39> <Delay = 0.48>
ST_292 : Operation 1151 [1/1] (0.48ns)   --->   "%br_ln95 = br void %_Z11hwmm_layer3PA16_fPA10_KfPA10_f.exit" [matmul.cpp:95]   --->   Operation 1151 'br' 'br_ln95' <Predicate = true> <Delay = 0.48>

State 293 <SV = 40> <Delay = 0.88>
ST_293 : Operation 1152 [1/1] (0.00ns)   --->   "%i_3 = phi i4 %add_ln95, void %.split, i4 0, void %_Z11hwmm_layer3PA16_fPA10_KfPA10_f.exit.preheader" [matmul.cpp:98]   --->   Operation 1152 'phi' 'i_3' <Predicate = true> <Delay = 0.00>
ST_293 : Operation 1153 [1/1] (0.88ns)   --->   "%icmp_ln95 = icmp_eq  i4 %i_3, i4 10" [matmul.cpp:95]   --->   Operation 1153 'icmp' 'icmp_ln95' <Predicate = true> <Delay = 0.88> <CoreInst = "Cmp">   --->   Core 9 'Cmp' <Latency = 0> <II = 1> <Delay = 0.97> <FuncUnit> <Opcode : 'icmp'> <InPorts = 2> <OutPorts = 1>
ST_293 : Operation 1154 [1/1] (0.00ns)   --->   "%br_ln95 = br i1 %icmp_ln95, void %.split, void %_Z13hw_act_layer3PA10_fRi.exit" [matmul.cpp:95]   --->   Operation 1154 'br' 'br_ln95' <Predicate = true> <Delay = 0.00>
ST_293 : Operation 1155 [1/1] (0.00ns)   --->   "%zext_ln95 = zext i4 %i_3" [matmul.cpp:95]   --->   Operation 1155 'zext' 'zext_ln95' <Predicate = (!icmp_ln95)> <Delay = 0.00>
ST_293 : Operation 1156 [1/1] (0.00ns)   --->   "%temp_output3_0_addr_3 = getelementptr i32 %temp_output3_0, i64 0, i64 %zext_ln95" [matmul.cpp:98]   --->   Operation 1156 'getelementptr' 'temp_output3_0_addr_3' <Predicate = (!icmp_ln95)> <Delay = 0.00>
ST_293 : Operation 1157 [2/2] (0.79ns)   --->   "%max_val_1 = load i4 %temp_output3_0_addr_3" [matmul.cpp:98]   --->   Operation 1157 'load' 'max_val_1' <Predicate = (!icmp_ln95)> <Delay = 0.79> <CoreInst = "RAM">   --->   Core 83 'RAM' <Latency = 1> <II = 1> <Delay = 0.79> <Storage> <Opcode : 'load' 'store'> <Ports = 2> <Width = 32> <Depth = 10> <RAM>

State 294 <SV = 41> <Delay = 4.13>
ST_294 : Operation 1158 [1/1] (0.00ns)   --->   "%max_val = phi i32 %max_val_2, void %.split, i32 -1, void %_Z11hwmm_layer3PA16_fPA10_KfPA10_f.exit.preheader"   --->   Operation 1158 'phi' 'max_val' <Predicate = true> <Delay = 0.00>
ST_294 : Operation 1159 [1/1] (0.00ns)   --->   "%max_idx = phi i32 %max_idx_2, void %.split, i32 4294967295, void %_Z11hwmm_layer3PA16_fPA10_KfPA10_f.exit.preheader"   --->   Operation 1159 'phi' 'max_idx' <Predicate = true> <Delay = 0.00>
ST_294 : Operation 1160 [1/1] (0.86ns)   --->   "%add_ln95 = add i4 %i_3, i4 1" [matmul.cpp:95]   --->   Operation 1160 'add' 'add_ln95' <Predicate = true> <Delay = 0.86> <CoreInst = "Adder">   --->   Core 1 'Adder' <Latency = 0> <II = 1> <Delay = 0.86> <FuncUnit> <Opcode : 'add' 'sub'> <InPorts = 2> <OutPorts = 1>
ST_294 : Operation 1161 [1/1] (0.00ns)   --->   "%empty_34 = speclooptripcount i32 @_ssdm_op_SpecLoopTripCount, i64 10, i64 10, i64 10"   --->   Operation 1161 'speclooptripcount' 'empty_34' <Predicate = true> <Delay = 0.00>
ST_294 : Operation 1162 [1/2] (0.79ns)   --->   "%max_val_1 = load i4 %temp_output3_0_addr_3" [matmul.cpp:98]   --->   Operation 1162 'load' 'max_val_1' <Predicate = (!icmp_ln95)> <Delay = 0.79> <CoreInst = "RAM">   --->   Core 83 'RAM' <Latency = 1> <II = 1> <Delay = 0.79> <Storage> <Opcode : 'load' 'store'> <Ports = 2> <Width = 32> <Depth = 10> <RAM>
ST_294 : Operation 1163 [1/1] (0.00ns)   --->   "%bitcast_ln98_1 = bitcast i32 %max_val" [matmul.cpp:98]   --->   Operation 1163 'bitcast' 'bitcast_ln98_1' <Predicate = (!icmp_ln95)> <Delay = 0.00>
ST_294 : Operation 1164 [1/1] (0.00ns)   --->   "%tmp_5 = partselect i8 @_ssdm_op_PartSelect.i8.i32.i32.i32, i32 %bitcast_ln98_1, i32 23, i32 30" [matmul.cpp:98]   --->   Operation 1164 'partselect' 'tmp_5' <Predicate = (!icmp_ln95)> <Delay = 0.00>
ST_294 : Operation 1165 [1/1] (0.00ns)   --->   "%trunc_ln98_1 = trunc i32 %bitcast_ln98_1" [matmul.cpp:98]   --->   Operation 1165 'trunc' 'trunc_ln98_1' <Predicate = (!icmp_ln95)> <Delay = 0.00>
ST_294 : Operation 1166 [1/1] (0.85ns)   --->   "%icmp_ln98_2 = icmp_ne  i8 %tmp_5, i8 255" [matmul.cpp:98]   --->   Operation 1166 'icmp' 'icmp_ln98_2' <Predicate = (!icmp_ln95)> <Delay = 0.85> <CoreInst = "Cmp">   --->   Core 9 'Cmp' <Latency = 0> <II = 1> <Delay = 0.97> <FuncUnit> <Opcode : 'icmp'> <InPorts = 2> <OutPorts = 1>
ST_294 : Operation 1167 [1/1] (0.97ns)   --->   "%icmp_ln98_3 = icmp_eq  i23 %trunc_ln98_1, i23 0" [matmul.cpp:98]   --->   Operation 1167 'icmp' 'icmp_ln98_3' <Predicate = (!icmp_ln95)> <Delay = 0.97> <CoreInst = "Cmp">   --->   Core 9 'Cmp' <Latency = 0> <II = 1> <Delay = 0.97> <FuncUnit> <Opcode : 'icmp'> <InPorts = 2> <OutPorts = 1>
ST_294 : Operation 1168 [2/2] (3.34ns)   --->   "%tmp_6 = fcmp_ogt  i32 %max_val_1, i32 %max_val" [matmul.cpp:98]   --->   Operation 1168 'fcmp' 'tmp_6' <Predicate = (!icmp_ln95)> <Delay = 3.34> <CoreInst = "FCompare">   --->   Core 19 'FCompare' <Latency = 1> <II = 1> <Delay = 3.34> <FuncUnit> <Opcode : 'fcmp'> <InPorts = 2> <OutPorts = 1>

State 295 <SV = 42> <Delay = 4.20>
ST_295 : Operation 1169 [1/1] (0.00ns)   --->   "%specpipeline_ln93 = specpipeline void @_ssdm_op_SpecPipeline, i32 2, i32 0, i32 0, i32 0, void @empty_0" [matmul.cpp:93]   --->   Operation 1169 'specpipeline' 'specpipeline_ln93' <Predicate = (!icmp_ln95)> <Delay = 0.00>
ST_295 : Operation 1170 [1/1] (0.00ns)   --->   "%specloopname_ln93 = specloopname void @_ssdm_op_SpecLoopName, void @empty_7" [matmul.cpp:93]   --->   Operation 1170 'specloopname' 'specloopname_ln93' <Predicate = (!icmp_ln95)> <Delay = 0.00>
ST_295 : Operation 1171 [1/1] (0.00ns)   --->   "%bitcast_ln98 = bitcast i32 %max_val_1" [matmul.cpp:98]   --->   Operation 1171 'bitcast' 'bitcast_ln98' <Predicate = (!icmp_ln95)> <Delay = 0.00>
ST_295 : Operation 1172 [1/1] (0.00ns)   --->   "%tmp_4 = partselect i8 @_ssdm_op_PartSelect.i8.i32.i32.i32, i32 %bitcast_ln98, i32 23, i32 30" [matmul.cpp:98]   --->   Operation 1172 'partselect' 'tmp_4' <Predicate = (!icmp_ln95)> <Delay = 0.00>
ST_295 : Operation 1173 [1/1] (0.00ns)   --->   "%trunc_ln98 = trunc i32 %bitcast_ln98" [matmul.cpp:98]   --->   Operation 1173 'trunc' 'trunc_ln98' <Predicate = (!icmp_ln95)> <Delay = 0.00>
ST_295 : Operation 1174 [1/1] (0.85ns)   --->   "%icmp_ln98 = icmp_ne  i8 %tmp_4, i8 255" [matmul.cpp:98]   --->   Operation 1174 'icmp' 'icmp_ln98' <Predicate = (!icmp_ln95)> <Delay = 0.85> <CoreInst = "Cmp">   --->   Core 9 'Cmp' <Latency = 0> <II = 1> <Delay = 0.97> <FuncUnit> <Opcode : 'icmp'> <InPorts = 2> <OutPorts = 1>
ST_295 : Operation 1175 [1/1] (0.97ns)   --->   "%icmp_ln98_1 = icmp_eq  i23 %trunc_ln98, i23 0" [matmul.cpp:98]   --->   Operation 1175 'icmp' 'icmp_ln98_1' <Predicate = (!icmp_ln95)> <Delay = 0.97> <CoreInst = "Cmp">   --->   Core 9 'Cmp' <Latency = 0> <II = 1> <Delay = 0.97> <FuncUnit> <Opcode : 'icmp'> <InPorts = 2> <OutPorts = 1>
ST_295 : Operation 1176 [1/1] (0.00ns) (grouped into LUT with out node and_ln98_1)   --->   "%or_ln98 = or i1 %icmp_ln98_1, i1 %icmp_ln98" [matmul.cpp:98]   --->   Operation 1176 'or' 'or_ln98' <Predicate = (!icmp_ln95)> <Delay = 0.00> <CoreInst = "LogicGate">   --->   Core 74 'LogicGate' <Latency = 0> <II = 1> <Delay = 0.33> <FuncUnit> <Opcode : 'and' 'or' 'xor'> <InPorts = 2> <OutPorts = 1>
ST_295 : Operation 1177 [1/1] (0.00ns) (grouped into LUT with out node and_ln98_1)   --->   "%or_ln98_1 = or i1 %icmp_ln98_3, i1 %icmp_ln98_2" [matmul.cpp:98]   --->   Operation 1177 'or' 'or_ln98_1' <Predicate = (!icmp_ln95)> <Delay = 0.00> <CoreInst = "LogicGate">   --->   Core 74 'LogicGate' <Latency = 0> <II = 1> <Delay = 0.33> <FuncUnit> <Opcode : 'and' 'or' 'xor'> <InPorts = 2> <OutPorts = 1>
ST_295 : Operation 1178 [1/1] (0.00ns) (grouped into LUT with out node and_ln98_1)   --->   "%and_ln98 = and i1 %or_ln98, i1 %or_ln98_1" [matmul.cpp:98]   --->   Operation 1178 'and' 'and_ln98' <Predicate = (!icmp_ln95)> <Delay = 0.00> <CoreInst = "LogicGate">   --->   Core 74 'LogicGate' <Latency = 0> <II = 1> <Delay = 0.33> <FuncUnit> <Opcode : 'and' 'or' 'xor'> <InPorts = 2> <OutPorts = 1>
ST_295 : Operation 1179 [1/2] (3.34ns)   --->   "%tmp_6 = fcmp_ogt  i32 %max_val_1, i32 %max_val" [matmul.cpp:98]   --->   Operation 1179 'fcmp' 'tmp_6' <Predicate = (!icmp_ln95)> <Delay = 3.34> <CoreInst = "FCompare">   --->   Core 19 'FCompare' <Latency = 1> <II = 1> <Delay = 3.34> <FuncUnit> <Opcode : 'fcmp'> <InPorts = 2> <OutPorts = 1>
ST_295 : Operation 1180 [1/1] (0.33ns) (out node of the LUT)   --->   "%and_ln98_1 = and i1 %and_ln98, i1 %tmp_6" [matmul.cpp:98]   --->   Operation 1180 'and' 'and_ln98_1' <Predicate = (!icmp_ln95)> <Delay = 0.33> <CoreInst = "LogicGate">   --->   Core 74 'LogicGate' <Latency = 0> <II = 1> <Delay = 0.33> <FuncUnit> <Opcode : 'and' 'or' 'xor'> <InPorts = 2> <OutPorts = 1>
ST_295 : Operation 1181 [1/1] (0.00ns)   --->   "%zext_ln98 = zext i4 %i_3" [matmul.cpp:98]   --->   Operation 1181 'zext' 'zext_ln98' <Predicate = (!icmp_ln95)> <Delay = 0.00>
ST_295 : Operation 1182 [1/1] (0.52ns)   --->   "%max_idx_2 = select i1 %and_ln98_1, i32 %zext_ln98, i32 %max_idx" [matmul.cpp:98]   --->   Operation 1182 'select' 'max_idx_2' <Predicate = (!icmp_ln95)> <Delay = 0.52> <CoreInst = "Sel">   --->   Core 73 'Sel' <Latency = 0> <II = 1> <Delay = 0.52> <FuncUnit> <Opcode : 'select'> <InPorts = 3> <OutPorts = 1>
ST_295 : Operation 1183 [1/1] (0.52ns)   --->   "%max_val_2 = select i1 %and_ln98_1, i32 %max_val_1, i32 %max_val" [matmul.cpp:98]   --->   Operation 1183 'select' 'max_val_2' <Predicate = (!icmp_ln95)> <Delay = 0.52> <CoreInst = "Sel">   --->   Core 73 'Sel' <Latency = 0> <II = 1> <Delay = 0.52> <FuncUnit> <Opcode : 'select'> <InPorts = 3> <OutPorts = 1>
ST_295 : Operation 1184 [1/1] (0.00ns)   --->   "%br_ln0 = br void %_Z11hwmm_layer3PA16_fPA10_KfPA10_f.exit"   --->   Operation 1184 'br' 'br_ln0' <Predicate = (!icmp_ln95)> <Delay = 0.00>

State 296 <SV = 42> <Delay = 7.30>
ST_296 : Operation 1185 [1/1] (0.00ns)   --->   "%trunc_ln131 = trunc i32 %max_idx" [matmul.cpp:131]   --->   Operation 1185 'trunc' 'trunc_ln131' <Predicate = true> <Delay = 0.00>
ST_296 : Operation 1186 [1/1] (0.00ns)   --->   "%AXI_DATA_addr = getelementptr i8 %AXI_DATA, i64 %output_bus_read" [matmul.cpp:131]   --->   Operation 1186 'getelementptr' 'AXI_DATA_addr' <Predicate = true> <Delay = 0.00>
ST_296 : Operation 1187 [1/1] (7.30ns)   --->   "%AXI_DATA_addr_req = writereq i1 @_ssdm_op_WriteReq.m_axi.i8P1A, i8 %AXI_DATA_addr, i32 1" [matmul.cpp:131]   --->   Operation 1187 'writereq' 'AXI_DATA_addr_req' <Predicate = true> <Delay = 7.30> <CoreInst = "m_axi">   --->   Core 121 'm_axi' <Latency = 6> <II = 1> <Delay = 1.00> <Adapter> <Opcode : 'read' 'write' 'readreq' 'writereq' 'writeresp'>
ST_296 : Operation 1188 [1/1] (0.00ns)   --->   "%write_ln132 = write void @_ssdm_op_Write.ap_ovld.volatile.i8P0A, i8 %out_wire, i8 %trunc_ln131" [matmul.cpp:132]   --->   Operation 1188 'write' 'write_ln132' <Predicate = true> <Delay = 0.00>

State 297 <SV = 43> <Delay = 7.30>
ST_297 : Operation 1189 [1/1] (7.30ns)   --->   "%write_ln131 = write void @_ssdm_op_Write.m_axi.i8P1A, i8 %AXI_DATA_addr, i8 %trunc_ln131, i1 1" [matmul.cpp:131]   --->   Operation 1189 'write' 'write_ln131' <Predicate = true> <Delay = 7.30> <CoreInst = "m_axi">   --->   Core 121 'm_axi' <Latency = 6> <II = 1> <Delay = 1.00> <Adapter> <Opcode : 'read' 'write' 'readreq' 'writereq' 'writeresp'>

State 298 <SV = 44> <Delay = 7.30>
ST_298 : Operation 1190 [5/5] (7.30ns)   --->   "%AXI_DATA_addr_resp = writeresp i1 @_ssdm_op_WriteResp.m_axi.i8P1A, i8 %AXI_DATA_addr" [matmul.cpp:131]   --->   Operation 1190 'writeresp' 'AXI_DATA_addr_resp' <Predicate = true> <Delay = 7.30> <CoreInst = "m_axi">   --->   Core 121 'm_axi' <Latency = 6> <II = 1> <Delay = 1.00> <Adapter> <Opcode : 'read' 'write' 'readreq' 'writereq' 'writeresp'>

State 299 <SV = 45> <Delay = 7.30>
ST_299 : Operation 1191 [4/5] (7.30ns)   --->   "%AXI_DATA_addr_resp = writeresp i1 @_ssdm_op_WriteResp.m_axi.i8P1A, i8 %AXI_DATA_addr" [matmul.cpp:131]   --->   Operation 1191 'writeresp' 'AXI_DATA_addr_resp' <Predicate = true> <Delay = 7.30> <CoreInst = "m_axi">   --->   Core 121 'm_axi' <Latency = 6> <II = 1> <Delay = 1.00> <Adapter> <Opcode : 'read' 'write' 'readreq' 'writereq' 'writeresp'>

State 300 <SV = 46> <Delay = 7.30>
ST_300 : Operation 1192 [3/5] (7.30ns)   --->   "%AXI_DATA_addr_resp = writeresp i1 @_ssdm_op_WriteResp.m_axi.i8P1A, i8 %AXI_DATA_addr" [matmul.cpp:131]   --->   Operation 1192 'writeresp' 'AXI_DATA_addr_resp' <Predicate = true> <Delay = 7.30> <CoreInst = "m_axi">   --->   Core 121 'm_axi' <Latency = 6> <II = 1> <Delay = 1.00> <Adapter> <Opcode : 'read' 'write' 'readreq' 'writereq' 'writeresp'>

State 301 <SV = 47> <Delay = 7.30>
ST_301 : Operation 1193 [2/5] (7.30ns)   --->   "%AXI_DATA_addr_resp = writeresp i1 @_ssdm_op_WriteResp.m_axi.i8P1A, i8 %AXI_DATA_addr" [matmul.cpp:131]   --->   Operation 1193 'writeresp' 'AXI_DATA_addr_resp' <Predicate = true> <Delay = 7.30> <CoreInst = "m_axi">   --->   Core 121 'm_axi' <Latency = 6> <II = 1> <Delay = 1.00> <Adapter> <Opcode : 'read' 'write' 'readreq' 'writereq' 'writeresp'>

State 302 <SV = 48> <Delay = 7.30>
ST_302 : Operation 1194 [1/5] (7.30ns)   --->   "%AXI_DATA_addr_resp = writeresp i1 @_ssdm_op_WriteResp.m_axi.i8P1A, i8 %AXI_DATA_addr" [matmul.cpp:131]   --->   Operation 1194 'writeresp' 'AXI_DATA_addr_resp' <Predicate = true> <Delay = 7.30> <CoreInst = "m_axi">   --->   Core 121 'm_axi' <Latency = 6> <II = 1> <Delay = 1.00> <Adapter> <Opcode : 'read' 'write' 'readreq' 'writereq' 'writeresp'>
ST_302 : Operation 1195 [1/1] (0.00ns)   --->   "%ret_ln134 = ret" [matmul.cpp:134]   --->   Operation 1195 'ret' 'ret_ln134' <Predicate = true> <Delay = 0.00>


============================================================
+ Verbose Summary: Timing violations
============================================================
Target clock period: 10ns, clock uncertainty: 2.7ns.

 <State 1>: 1ns
The critical path consists of the following:
	s_axi read on port 'output_bus' [175]  (1 ns)

 <State 2>: 2.22ns
The critical path consists of the following:
	'phi' operation ('empty') with incoming values : ('empty_22') [182]  (0 ns)
	'getelementptr' operation ('temp_output_0_addr_1') [190]  (0 ns)
	'store' operation ('store_ln0') of constant 0 on array 'temp_output[0]', matmul.cpp:119 [191]  (1.35 ns)
	blocking operation 0.87 ns on control path)

 <State 3>: 1.35ns
The critical path consists of the following:
	'getelementptr' operation ('temp_output_0_addr', matmul.cpp:119) [194]  (0 ns)
	'store' operation ('store_ln119', matmul.cpp:119) of constant 1 on array 'temp_output[0]', matmul.cpp:119 [195]  (1.35 ns)

 <State 4>: 1.67ns
The critical path consists of the following:
	'phi' operation ('empty_24') with incoming values : ('empty_25') [198]  (0 ns)
	'add' operation ('empty_25') [199]  (0.878 ns)
	blocking operation 0.789 ns on control path)

 <State 5>: 0.79ns
The critical path consists of the following:
	'getelementptr' operation ('temp_output2_0_addr', matmul.cpp:120) [210]  (0 ns)
	'store' operation ('store_ln120', matmul.cpp:120) of constant 1 on array 'temp_output2[0]', matmul.cpp:120 [211]  (0.79 ns)

 <State 6>: 1.67ns
The critical path consists of the following:
	'phi' operation ('empty_27') with incoming values : ('empty_28') [214]  (0 ns)
	'icmp' operation ('exitcond6114') [217]  (0.884 ns)
	blocking operation 0.79 ns on control path)

 <State 7>: 7.3ns
The critical path consists of the following:
	'call' operation ('call_ln124', matmul.cpp:124) to 'hwmm_layer1' [228]  (7.3 ns)

 <State 8>: 0.79ns
The critical path consists of the following:
	'getelementptr' operation ('temp_output3_0_addr', matmul.cpp:121) [226]  (0 ns)
	'store' operation ('store_ln121', matmul.cpp:121) of constant 1 on array 'temp_output3[0]', matmul.cpp:121 [227]  (0.79 ns)

 <State 9>: 1.35ns
The critical path consists of the following:
	'phi' operation ('i', matmul.cpp:63) with incoming values : ('add_ln63', matmul.cpp:63) [231]  (0 ns)
	'getelementptr' operation ('temp_output_0_addr_2', matmul.cpp:65) [240]  (0 ns)
	'load' operation ('temp_output_0_load', matmul.cpp:65) on array 'temp_output[0]', matmul.cpp:119 [241]  (1.35 ns)

 <State 10>: 4.7ns
The critical path consists of the following:
	'load' operation ('temp_output_0_load', matmul.cpp:65) on array 'temp_output[0]', matmul.cpp:119 [241]  (1.35 ns)
	'fcmp' operation ('tmp_1', matmul.cpp:65) [248]  (3.35 ns)

 <State 11>: 5.03ns
The critical path consists of the following:
	'fcmp' operation ('tmp_1', matmul.cpp:65) [248]  (3.35 ns)
	'and' operation ('and_ln65', matmul.cpp:65) [249]  (0.331 ns)
	blocking operation 1.35 ns on control path)

 <State 12>: 1.35ns
The critical path consists of the following:
	'load' operation ('temp_output_0_load_1', matmul.cpp:31) on array 'temp_output[0]', matmul.cpp:119 [257]  (1.35 ns)

 <State 13>: 1.35ns
The critical path consists of the following:
	'load' operation ('temp_output_0_load_1', matmul.cpp:31) on array 'temp_output[0]', matmul.cpp:119 [257]  (1.35 ns)

 <State 14>: 1.35ns
The critical path consists of the following:
	'load' operation ('temp_output_0_load_3', matmul.cpp:31) on array 'temp_output[0]', matmul.cpp:119 [261]  (1.35 ns)

 <State 15>: 1.35ns
The critical path consists of the following:
	'load' operation ('temp_output_0_load_5', matmul.cpp:31) on array 'temp_output[0]', matmul.cpp:119 [265]  (1.35 ns)

 <State 16>: 1.35ns
The critical path consists of the following:
	'load' operation ('temp_output_0_load_7', matmul.cpp:31) on array 'temp_output[0]', matmul.cpp:119 [269]  (1.35 ns)

 <State 17>: 1.35ns
The critical path consists of the following:
	'load' operation ('temp_output_0_load_9', matmul.cpp:31) on array 'temp_output[0]', matmul.cpp:119 [273]  (1.35 ns)

 <State 18>: 1.35ns
The critical path consists of the following:
	'load' operation ('temp_output_0_load_11', matmul.cpp:31) on array 'temp_output[0]', matmul.cpp:119 [277]  (1.35 ns)

 <State 19>: 1.35ns
The critical path consists of the following:
	'load' operation ('temp_output_0_load_13', matmul.cpp:31) on array 'temp_output[0]', matmul.cpp:119 [281]  (1.35 ns)

 <State 20>: 1.35ns
The critical path consists of the following:
	'load' operation ('temp_output_0_load_15', matmul.cpp:31) on array 'temp_output[0]', matmul.cpp:119 [285]  (1.35 ns)

 <State 21>: 1.35ns
The critical path consists of the following:
	'load' operation ('temp_output_0_load_17', matmul.cpp:31) on array 'temp_output[0]', matmul.cpp:119 [289]  (1.35 ns)

 <State 22>: 1.35ns
The critical path consists of the following:
	'load' operation ('temp_output_0_load_19', matmul.cpp:31) on array 'temp_output[0]', matmul.cpp:119 [293]  (1.35 ns)

 <State 23>: 1.35ns
The critical path consists of the following:
	'load' operation ('temp_output_0_load_21', matmul.cpp:31) on array 'temp_output[0]', matmul.cpp:119 [297]  (1.35 ns)

 <State 24>: 1.35ns
The critical path consists of the following:
	'load' operation ('temp_output_0_load_23', matmul.cpp:31) on array 'temp_output[0]', matmul.cpp:119 [301]  (1.35 ns)

 <State 25>: 1.35ns
The critical path consists of the following:
	'load' operation ('temp_output_0_load_25', matmul.cpp:31) on array 'temp_output[0]', matmul.cpp:119 [305]  (1.35 ns)

 <State 26>: 1.35ns
The critical path consists of the following:
	'load' operation ('temp_output_0_load_27', matmul.cpp:31) on array 'temp_output[0]', matmul.cpp:119 [309]  (1.35 ns)

 <State 27>: 1.35ns
The critical path consists of the following:
	'load' operation ('temp_output_0_load_29', matmul.cpp:31) on array 'temp_output[0]', matmul.cpp:119 [313]  (1.35 ns)

 <State 28>: 1.35ns
The critical path consists of the following:
	'load' operation ('temp_output_0_load_31', matmul.cpp:31) on array 'temp_output[0]', matmul.cpp:119 [317]  (1.35 ns)

 <State 29>: 0.878ns
The critical path consists of the following:
	'phi' operation ('j', matmul.cpp:25) with incoming values : ('add_ln25', matmul.cpp:25) [322]  (0 ns)
	'add' operation ('add_ln25', matmul.cpp:25) [323]  (0.878 ns)

 <State 30>: 5.46ns
The critical path consists of the following:
	'load' operation ('layer2_weights_0_load', matmul.cpp:31) on array 'layer2_weights_0' [332]  (0.79 ns)
	'fmul' operation ('mul_i', matmul.cpp:31) [333]  (4.67 ns)

 <State 31>: 4.67ns
The critical path consists of the following:
	'fmul' operation ('mul_i', matmul.cpp:31) [333]  (4.67 ns)

 <State 32>: 4.67ns
The critical path consists of the following:
	'fmul' operation ('mul_i', matmul.cpp:31) [333]  (4.67 ns)

 <State 33>: 4.67ns
The critical path consists of the following:
	'fmul' operation ('mul_i', matmul.cpp:31) [333]  (4.67 ns)

 <State 34>: 6.02ns
The critical path consists of the following:
	'fadd' operation ('sum_1', matmul.cpp:31) [334]  (6.02 ns)

 <State 35>: 6.02ns
The critical path consists of the following:
	'fadd' operation ('sum_1', matmul.cpp:31) [334]  (6.02 ns)

 <State 36>: 6.02ns
The critical path consists of the following:
	'fadd' operation ('sum_1', matmul.cpp:31) [334]  (6.02 ns)

 <State 37>: 6.02ns
The critical path consists of the following:
	'fadd' operation ('sum_1', matmul.cpp:31) [334]  (6.02 ns)

 <State 38>: 6.02ns
The critical path consists of the following:
	'fadd' operation ('sum_1', matmul.cpp:31) [334]  (6.02 ns)

 <State 39>: 6.02ns
The critical path consists of the following:
	'fadd' operation ('sum_1_1', matmul.cpp:31) [338]  (6.02 ns)

 <State 40>: 6.02ns
The critical path consists of the following:
	'fadd' operation ('sum_1_1', matmul.cpp:31) [338]  (6.02 ns)

 <State 41>: 6.02ns
The critical path consists of the following:
	'fadd' operation ('sum_1_1', matmul.cpp:31) [338]  (6.02 ns)

 <State 42>: 6.02ns
The critical path consists of the following:
	'fadd' operation ('sum_1_1', matmul.cpp:31) [338]  (6.02 ns)

 <State 43>: 6.02ns
The critical path consists of the following:
	'fadd' operation ('sum_1_1', matmul.cpp:31) [338]  (6.02 ns)

 <State 44>: 6.02ns
The critical path consists of the following:
	'fadd' operation ('sum_1_2', matmul.cpp:31) [342]  (6.02 ns)

 <State 45>: 6.02ns
The critical path consists of the following:
	'fadd' operation ('sum_1_2', matmul.cpp:31) [342]  (6.02 ns)

 <State 46>: 6.02ns
The critical path consists of the following:
	'fadd' operation ('sum_1_2', matmul.cpp:31) [342]  (6.02 ns)

 <State 47>: 6.02ns
The critical path consists of the following:
	'fadd' operation ('sum_1_2', matmul.cpp:31) [342]  (6.02 ns)

 <State 48>: 6.02ns
The critical path consists of the following:
	'fadd' operation ('sum_1_2', matmul.cpp:31) [342]  (6.02 ns)

 <State 49>: 6.02ns
The critical path consists of the following:
	'fadd' operation ('sum_1_3', matmul.cpp:31) [346]  (6.02 ns)

 <State 50>: 6.02ns
The critical path consists of the following:
	'fadd' operation ('sum_1_3', matmul.cpp:31) [346]  (6.02 ns)

 <State 51>: 6.02ns
The critical path consists of the following:
	'fadd' operation ('sum_1_3', matmul.cpp:31) [346]  (6.02 ns)

 <State 52>: 6.02ns
The critical path consists of the following:
	'fadd' operation ('sum_1_3', matmul.cpp:31) [346]  (6.02 ns)

 <State 53>: 6.02ns
The critical path consists of the following:
	'fadd' operation ('sum_1_3', matmul.cpp:31) [346]  (6.02 ns)

 <State 54>: 6.02ns
The critical path consists of the following:
	'fadd' operation ('sum_1_4', matmul.cpp:31) [350]  (6.02 ns)

 <State 55>: 6.02ns
The critical path consists of the following:
	'fadd' operation ('sum_1_4', matmul.cpp:31) [350]  (6.02 ns)

 <State 56>: 6.02ns
The critical path consists of the following:
	'fadd' operation ('sum_1_4', matmul.cpp:31) [350]  (6.02 ns)

 <State 57>: 6.02ns
The critical path consists of the following:
	'fadd' operation ('sum_1_4', matmul.cpp:31) [350]  (6.02 ns)

 <State 58>: 6.02ns
The critical path consists of the following:
	'fadd' operation ('sum_1_4', matmul.cpp:31) [350]  (6.02 ns)

 <State 59>: 6.02ns
The critical path consists of the following:
	'fadd' operation ('sum_1_5', matmul.cpp:31) [354]  (6.02 ns)

 <State 60>: 6.02ns
The critical path consists of the following:
	'fadd' operation ('sum_1_5', matmul.cpp:31) [354]  (6.02 ns)

 <State 61>: 6.02ns
The critical path consists of the following:
	'fadd' operation ('sum_1_5', matmul.cpp:31) [354]  (6.02 ns)

 <State 62>: 6.02ns
The critical path consists of the following:
	'fadd' operation ('sum_1_5', matmul.cpp:31) [354]  (6.02 ns)

 <State 63>: 6.02ns
The critical path consists of the following:
	'fadd' operation ('sum_1_5', matmul.cpp:31) [354]  (6.02 ns)

 <State 64>: 6.02ns
The critical path consists of the following:
	'fadd' operation ('sum_1_6', matmul.cpp:31) [358]  (6.02 ns)

 <State 65>: 6.02ns
The critical path consists of the following:
	'fadd' operation ('sum_1_6', matmul.cpp:31) [358]  (6.02 ns)

 <State 66>: 6.02ns
The critical path consists of the following:
	'fadd' operation ('sum_1_6', matmul.cpp:31) [358]  (6.02 ns)

 <State 67>: 6.02ns
The critical path consists of the following:
	'fadd' operation ('sum_1_6', matmul.cpp:31) [358]  (6.02 ns)

 <State 68>: 6.02ns
The critical path consists of the following:
	'fadd' operation ('sum_1_6', matmul.cpp:31) [358]  (6.02 ns)

 <State 69>: 6.02ns
The critical path consists of the following:
	'fadd' operation ('sum_1_7', matmul.cpp:31) [362]  (6.02 ns)

 <State 70>: 6.02ns
The critical path consists of the following:
	'fadd' operation ('sum_1_7', matmul.cpp:31) [362]  (6.02 ns)

 <State 71>: 6.02ns
The critical path consists of the following:
	'fadd' operation ('sum_1_7', matmul.cpp:31) [362]  (6.02 ns)

 <State 72>: 6.02ns
The critical path consists of the following:
	'fadd' operation ('sum_1_7', matmul.cpp:31) [362]  (6.02 ns)

 <State 73>: 6.02ns
The critical path consists of the following:
	'fadd' operation ('sum_1_7', matmul.cpp:31) [362]  (6.02 ns)

 <State 74>: 6.02ns
The critical path consists of the following:
	'fadd' operation ('sum_1_8', matmul.cpp:31) [366]  (6.02 ns)

 <State 75>: 6.02ns
The critical path consists of the following:
	'fadd' operation ('sum_1_8', matmul.cpp:31) [366]  (6.02 ns)

 <State 76>: 6.02ns
The critical path consists of the following:
	'fadd' operation ('sum_1_8', matmul.cpp:31) [366]  (6.02 ns)

 <State 77>: 6.02ns
The critical path consists of the following:
	'fadd' operation ('sum_1_8', matmul.cpp:31) [366]  (6.02 ns)

 <State 78>: 6.02ns
The critical path consists of the following:
	'fadd' operation ('sum_1_8', matmul.cpp:31) [366]  (6.02 ns)

 <State 79>: 6.02ns
The critical path consists of the following:
	'fadd' operation ('sum_1_9', matmul.cpp:31) [370]  (6.02 ns)

 <State 80>: 6.02ns
The critical path consists of the following:
	'fadd' operation ('sum_1_9', matmul.cpp:31) [370]  (6.02 ns)

 <State 81>: 6.02ns
The critical path consists of the following:
	'fadd' operation ('sum_1_9', matmul.cpp:31) [370]  (6.02 ns)

 <State 82>: 6.02ns
The critical path consists of the following:
	'fadd' operation ('sum_1_9', matmul.cpp:31) [370]  (6.02 ns)

 <State 83>: 6.02ns
The critical path consists of the following:
	'fadd' operation ('sum_1_9', matmul.cpp:31) [370]  (6.02 ns)

 <State 84>: 6.02ns
The critical path consists of the following:
	'fadd' operation ('sum_1_s', matmul.cpp:31) [374]  (6.02 ns)

 <State 85>: 6.02ns
The critical path consists of the following:
	'fadd' operation ('sum_1_s', matmul.cpp:31) [374]  (6.02 ns)

 <State 86>: 6.02ns
The critical path consists of the following:
	'fadd' operation ('sum_1_s', matmul.cpp:31) [374]  (6.02 ns)

 <State 87>: 6.02ns
The critical path consists of the following:
	'fadd' operation ('sum_1_s', matmul.cpp:31) [374]  (6.02 ns)

 <State 88>: 6.02ns
The critical path consists of the following:
	'fadd' operation ('sum_1_s', matmul.cpp:31) [374]  (6.02 ns)

 <State 89>: 6.02ns
The critical path consists of the following:
	'fadd' operation ('sum_1_10', matmul.cpp:31) [378]  (6.02 ns)

 <State 90>: 6.02ns
The critical path consists of the following:
	'fadd' operation ('sum_1_10', matmul.cpp:31) [378]  (6.02 ns)

 <State 91>: 6.02ns
The critical path consists of the following:
	'fadd' operation ('sum_1_10', matmul.cpp:31) [378]  (6.02 ns)

 <State 92>: 6.02ns
The critical path consists of the following:
	'fadd' operation ('sum_1_10', matmul.cpp:31) [378]  (6.02 ns)

 <State 93>: 6.02ns
The critical path consists of the following:
	'fadd' operation ('sum_1_10', matmul.cpp:31) [378]  (6.02 ns)

 <State 94>: 6.02ns
The critical path consists of the following:
	'fadd' operation ('sum_1_11', matmul.cpp:31) [382]  (6.02 ns)

 <State 95>: 6.02ns
The critical path consists of the following:
	'fadd' operation ('sum_1_11', matmul.cpp:31) [382]  (6.02 ns)

 <State 96>: 6.02ns
The critical path consists of the following:
	'fadd' operation ('sum_1_11', matmul.cpp:31) [382]  (6.02 ns)

 <State 97>: 6.02ns
The critical path consists of the following:
	'fadd' operation ('sum_1_11', matmul.cpp:31) [382]  (6.02 ns)

 <State 98>: 6.02ns
The critical path consists of the following:
	'fadd' operation ('sum_1_11', matmul.cpp:31) [382]  (6.02 ns)

 <State 99>: 6.02ns
The critical path consists of the following:
	'fadd' operation ('sum_1_12', matmul.cpp:31) [386]  (6.02 ns)

 <State 100>: 6.02ns
The critical path consists of the following:
	'fadd' operation ('sum_1_12', matmul.cpp:31) [386]  (6.02 ns)

 <State 101>: 6.02ns
The critical path consists of the following:
	'fadd' operation ('sum_1_12', matmul.cpp:31) [386]  (6.02 ns)

 <State 102>: 6.02ns
The critical path consists of the following:
	'fadd' operation ('sum_1_12', matmul.cpp:31) [386]  (6.02 ns)

 <State 103>: 6.02ns
The critical path consists of the following:
	'fadd' operation ('sum_1_12', matmul.cpp:31) [386]  (6.02 ns)

 <State 104>: 6.02ns
The critical path consists of the following:
	'fadd' operation ('sum_1_13', matmul.cpp:31) [390]  (6.02 ns)

 <State 105>: 6.02ns
The critical path consists of the following:
	'fadd' operation ('sum_1_13', matmul.cpp:31) [390]  (6.02 ns)

 <State 106>: 6.02ns
The critical path consists of the following:
	'fadd' operation ('sum_1_13', matmul.cpp:31) [390]  (6.02 ns)

 <State 107>: 6.02ns
The critical path consists of the following:
	'fadd' operation ('sum_1_13', matmul.cpp:31) [390]  (6.02 ns)

 <State 108>: 6.02ns
The critical path consists of the following:
	'fadd' operation ('sum_1_13', matmul.cpp:31) [390]  (6.02 ns)

 <State 109>: 6.02ns
The critical path consists of the following:
	'fadd' operation ('sum_1_14', matmul.cpp:31) [394]  (6.02 ns)

 <State 110>: 6.02ns
The critical path consists of the following:
	'fadd' operation ('sum_1_14', matmul.cpp:31) [394]  (6.02 ns)

 <State 111>: 6.02ns
The critical path consists of the following:
	'fadd' operation ('sum_1_14', matmul.cpp:31) [394]  (6.02 ns)

 <State 112>: 6.02ns
The critical path consists of the following:
	'fadd' operation ('sum_1_14', matmul.cpp:31) [394]  (6.02 ns)

 <State 113>: 6.02ns
The critical path consists of the following:
	'fadd' operation ('sum_1_14', matmul.cpp:31) [394]  (6.02 ns)

 <State 114>: 6.02ns
The critical path consists of the following:
	'fadd' operation ('sum_1_15', matmul.cpp:31) [398]  (6.02 ns)

 <State 115>: 6.02ns
The critical path consists of the following:
	'fadd' operation ('sum_1_15', matmul.cpp:31) [398]  (6.02 ns)

 <State 116>: 6.02ns
The critical path consists of the following:
	'fadd' operation ('sum_1_15', matmul.cpp:31) [398]  (6.02 ns)

 <State 117>: 6.02ns
The critical path consists of the following:
	'fadd' operation ('sum_1_15', matmul.cpp:31) [398]  (6.02 ns)

 <State 118>: 6.02ns
The critical path consists of the following:
	'fadd' operation ('sum_1_15', matmul.cpp:31) [398]  (6.02 ns)

 <State 119>: 6.02ns
The critical path consists of the following:
	'fadd' operation ('sum_1_16', matmul.cpp:31) [402]  (6.02 ns)

 <State 120>: 6.02ns
The critical path consists of the following:
	'fadd' operation ('sum_1_16', matmul.cpp:31) [402]  (6.02 ns)

 <State 121>: 6.02ns
The critical path consists of the following:
	'fadd' operation ('sum_1_16', matmul.cpp:31) [402]  (6.02 ns)

 <State 122>: 6.02ns
The critical path consists of the following:
	'fadd' operation ('sum_1_16', matmul.cpp:31) [402]  (6.02 ns)

 <State 123>: 6.02ns
The critical path consists of the following:
	'fadd' operation ('sum_1_16', matmul.cpp:31) [402]  (6.02 ns)

 <State 124>: 6.02ns
The critical path consists of the following:
	'fadd' operation ('sum_1_17', matmul.cpp:31) [406]  (6.02 ns)

 <State 125>: 6.02ns
The critical path consists of the following:
	'fadd' operation ('sum_1_17', matmul.cpp:31) [406]  (6.02 ns)

 <State 126>: 6.02ns
The critical path consists of the following:
	'fadd' operation ('sum_1_17', matmul.cpp:31) [406]  (6.02 ns)

 <State 127>: 6.02ns
The critical path consists of the following:
	'fadd' operation ('sum_1_17', matmul.cpp:31) [406]  (6.02 ns)

 <State 128>: 6.02ns
The critical path consists of the following:
	'fadd' operation ('sum_1_17', matmul.cpp:31) [406]  (6.02 ns)

 <State 129>: 6.02ns
The critical path consists of the following:
	'fadd' operation ('sum_1_18', matmul.cpp:31) [410]  (6.02 ns)

 <State 130>: 6.02ns
The critical path consists of the following:
	'fadd' operation ('sum_1_18', matmul.cpp:31) [410]  (6.02 ns)

 <State 131>: 6.02ns
The critical path consists of the following:
	'fadd' operation ('sum_1_18', matmul.cpp:31) [410]  (6.02 ns)

 <State 132>: 6.02ns
The critical path consists of the following:
	'fadd' operation ('sum_1_18', matmul.cpp:31) [410]  (6.02 ns)

 <State 133>: 6.02ns
The critical path consists of the following:
	'fadd' operation ('sum_1_18', matmul.cpp:31) [410]  (6.02 ns)

 <State 134>: 6.02ns
The critical path consists of the following:
	'fadd' operation ('sum_1_19', matmul.cpp:31) [414]  (6.02 ns)

 <State 135>: 6.02ns
The critical path consists of the following:
	'fadd' operation ('sum_1_19', matmul.cpp:31) [414]  (6.02 ns)

 <State 136>: 6.02ns
The critical path consists of the following:
	'fadd' operation ('sum_1_19', matmul.cpp:31) [414]  (6.02 ns)

 <State 137>: 6.02ns
The critical path consists of the following:
	'fadd' operation ('sum_1_19', matmul.cpp:31) [414]  (6.02 ns)

 <State 138>: 6.02ns
The critical path consists of the following:
	'fadd' operation ('sum_1_19', matmul.cpp:31) [414]  (6.02 ns)

 <State 139>: 6.02ns
The critical path consists of the following:
	'fadd' operation ('sum_1_20', matmul.cpp:31) [418]  (6.02 ns)

 <State 140>: 6.02ns
The critical path consists of the following:
	'fadd' operation ('sum_1_20', matmul.cpp:31) [418]  (6.02 ns)

 <State 141>: 6.02ns
The critical path consists of the following:
	'fadd' operation ('sum_1_20', matmul.cpp:31) [418]  (6.02 ns)

 <State 142>: 6.02ns
The critical path consists of the following:
	'fadd' operation ('sum_1_20', matmul.cpp:31) [418]  (6.02 ns)

 <State 143>: 6.02ns
The critical path consists of the following:
	'fadd' operation ('sum_1_20', matmul.cpp:31) [418]  (6.02 ns)

 <State 144>: 6.02ns
The critical path consists of the following:
	'fadd' operation ('sum_1_21', matmul.cpp:31) [422]  (6.02 ns)

 <State 145>: 6.02ns
The critical path consists of the following:
	'fadd' operation ('sum_1_21', matmul.cpp:31) [422]  (6.02 ns)

 <State 146>: 6.02ns
The critical path consists of the following:
	'fadd' operation ('sum_1_21', matmul.cpp:31) [422]  (6.02 ns)

 <State 147>: 6.02ns
The critical path consists of the following:
	'fadd' operation ('sum_1_21', matmul.cpp:31) [422]  (6.02 ns)

 <State 148>: 6.02ns
The critical path consists of the following:
	'fadd' operation ('sum_1_21', matmul.cpp:31) [422]  (6.02 ns)

 <State 149>: 6.02ns
The critical path consists of the following:
	'fadd' operation ('sum_1_22', matmul.cpp:31) [426]  (6.02 ns)

 <State 150>: 6.02ns
The critical path consists of the following:
	'fadd' operation ('sum_1_22', matmul.cpp:31) [426]  (6.02 ns)

 <State 151>: 6.02ns
The critical path consists of the following:
	'fadd' operation ('sum_1_22', matmul.cpp:31) [426]  (6.02 ns)

 <State 152>: 6.02ns
The critical path consists of the following:
	'fadd' operation ('sum_1_22', matmul.cpp:31) [426]  (6.02 ns)

 <State 153>: 6.02ns
The critical path consists of the following:
	'fadd' operation ('sum_1_22', matmul.cpp:31) [426]  (6.02 ns)

 <State 154>: 6.02ns
The critical path consists of the following:
	'fadd' operation ('sum_1_23', matmul.cpp:31) [430]  (6.02 ns)

 <State 155>: 6.02ns
The critical path consists of the following:
	'fadd' operation ('sum_1_23', matmul.cpp:31) [430]  (6.02 ns)

 <State 156>: 6.02ns
The critical path consists of the following:
	'fadd' operation ('sum_1_23', matmul.cpp:31) [430]  (6.02 ns)

 <State 157>: 6.02ns
The critical path consists of the following:
	'fadd' operation ('sum_1_23', matmul.cpp:31) [430]  (6.02 ns)

 <State 158>: 6.02ns
The critical path consists of the following:
	'fadd' operation ('sum_1_23', matmul.cpp:31) [430]  (6.02 ns)

 <State 159>: 6.02ns
The critical path consists of the following:
	'fadd' operation ('sum_1_24', matmul.cpp:31) [434]  (6.02 ns)

 <State 160>: 6.02ns
The critical path consists of the following:
	'fadd' operation ('sum_1_24', matmul.cpp:31) [434]  (6.02 ns)

 <State 161>: 6.02ns
The critical path consists of the following:
	'fadd' operation ('sum_1_24', matmul.cpp:31) [434]  (6.02 ns)

 <State 162>: 6.02ns
The critical path consists of the following:
	'fadd' operation ('sum_1_24', matmul.cpp:31) [434]  (6.02 ns)

 <State 163>: 6.02ns
The critical path consists of the following:
	'fadd' operation ('sum_1_24', matmul.cpp:31) [434]  (6.02 ns)

 <State 164>: 6.02ns
The critical path consists of the following:
	'fadd' operation ('sum_1_25', matmul.cpp:31) [438]  (6.02 ns)

 <State 165>: 6.02ns
The critical path consists of the following:
	'fadd' operation ('sum_1_25', matmul.cpp:31) [438]  (6.02 ns)

 <State 166>: 6.02ns
The critical path consists of the following:
	'fadd' operation ('sum_1_25', matmul.cpp:31) [438]  (6.02 ns)

 <State 167>: 6.02ns
The critical path consists of the following:
	'fadd' operation ('sum_1_25', matmul.cpp:31) [438]  (6.02 ns)

 <State 168>: 6.02ns
The critical path consists of the following:
	'fadd' operation ('sum_1_25', matmul.cpp:31) [438]  (6.02 ns)

 <State 169>: 6.02ns
The critical path consists of the following:
	'fadd' operation ('sum_1_26', matmul.cpp:31) [442]  (6.02 ns)

 <State 170>: 6.02ns
The critical path consists of the following:
	'fadd' operation ('sum_1_26', matmul.cpp:31) [442]  (6.02 ns)

 <State 171>: 6.02ns
The critical path consists of the following:
	'fadd' operation ('sum_1_26', matmul.cpp:31) [442]  (6.02 ns)

 <State 172>: 6.02ns
The critical path consists of the following:
	'fadd' operation ('sum_1_26', matmul.cpp:31) [442]  (6.02 ns)

 <State 173>: 6.02ns
The critical path consists of the following:
	'fadd' operation ('sum_1_26', matmul.cpp:31) [442]  (6.02 ns)

 <State 174>: 6.02ns
The critical path consists of the following:
	'fadd' operation ('sum_1_27', matmul.cpp:31) [446]  (6.02 ns)

 <State 175>: 6.02ns
The critical path consists of the following:
	'fadd' operation ('sum_1_27', matmul.cpp:31) [446]  (6.02 ns)

 <State 176>: 6.02ns
The critical path consists of the following:
	'fadd' operation ('sum_1_27', matmul.cpp:31) [446]  (6.02 ns)

 <State 177>: 6.02ns
The critical path consists of the following:
	'fadd' operation ('sum_1_27', matmul.cpp:31) [446]  (6.02 ns)

 <State 178>: 6.02ns
The critical path consists of the following:
	'fadd' operation ('sum_1_27', matmul.cpp:31) [446]  (6.02 ns)

 <State 179>: 6.02ns
The critical path consists of the following:
	'fadd' operation ('sum_1_28', matmul.cpp:31) [450]  (6.02 ns)

 <State 180>: 6.02ns
The critical path consists of the following:
	'fadd' operation ('sum_1_28', matmul.cpp:31) [450]  (6.02 ns)

 <State 181>: 6.02ns
The critical path consists of the following:
	'fadd' operation ('sum_1_28', matmul.cpp:31) [450]  (6.02 ns)

 <State 182>: 6.02ns
The critical path consists of the following:
	'fadd' operation ('sum_1_28', matmul.cpp:31) [450]  (6.02 ns)

 <State 183>: 6.02ns
The critical path consists of the following:
	'fadd' operation ('sum_1_28', matmul.cpp:31) [450]  (6.02 ns)

 <State 184>: 6.02ns
The critical path consists of the following:
	'fadd' operation ('sum_1_29', matmul.cpp:31) [454]  (6.02 ns)

 <State 185>: 6.02ns
The critical path consists of the following:
	'fadd' operation ('sum_1_29', matmul.cpp:31) [454]  (6.02 ns)

 <State 186>: 6.02ns
The critical path consists of the following:
	'fadd' operation ('sum_1_29', matmul.cpp:31) [454]  (6.02 ns)

 <State 187>: 6.02ns
The critical path consists of the following:
	'fadd' operation ('sum_1_29', matmul.cpp:31) [454]  (6.02 ns)

 <State 188>: 6.02ns
The critical path consists of the following:
	'fadd' operation ('sum_1_29', matmul.cpp:31) [454]  (6.02 ns)

 <State 189>: 6.02ns
The critical path consists of the following:
	'fadd' operation ('sum_1_30', matmul.cpp:31) [458]  (6.02 ns)

 <State 190>: 6.02ns
The critical path consists of the following:
	'fadd' operation ('sum_1_30', matmul.cpp:31) [458]  (6.02 ns)

 <State 191>: 6.02ns
The critical path consists of the following:
	'fadd' operation ('sum_1_30', matmul.cpp:31) [458]  (6.02 ns)

 <State 192>: 6.02ns
The critical path consists of the following:
	'fadd' operation ('sum_1_30', matmul.cpp:31) [458]  (6.02 ns)

 <State 193>: 6.81ns
The critical path consists of the following:
	'fadd' operation ('sum_1_30', matmul.cpp:31) [458]  (6.02 ns)
	'store' operation ('store_ln33', matmul.cpp:33) of variable 'sum_1_30', matmul.cpp:31 on array 'temp_output2[0]', matmul.cpp:120 [460]  (0.79 ns)

 <State 194>: 0.489ns
The critical path consists of the following:
	multiplexor before 'phi' operation ('i', matmul.cpp:78) with incoming values : ('add_ln78', matmul.cpp:78) [465]  (0.489 ns)

 <State 195>: 0.878ns
The critical path consists of the following:
	'phi' operation ('i', matmul.cpp:78) with incoming values : ('add_ln78', matmul.cpp:78) [465]  (0 ns)
	'add' operation ('add_ln78', matmul.cpp:78) [466]  (0.878 ns)

 <State 196>: 4.14ns
The critical path consists of the following:
	'load' operation ('temp_output2_0_load', matmul.cpp:80) on array 'temp_output2[0]', matmul.cpp:120 [475]  (0.79 ns)
	'fcmp' operation ('tmp_3', matmul.cpp:80) [482]  (3.35 ns)

 <State 197>: 4.47ns
The critical path consists of the following:
	'fcmp' operation ('tmp_3', matmul.cpp:80) [482]  (3.35 ns)
	'and' operation ('and_ln80', matmul.cpp:80) [483]  (0.331 ns)
	blocking operation 0.79 ns on control path)

 <State 198>: 0.79ns
The critical path consists of the following:
	'load' operation ('temp_output2_0_load_1', matmul.cpp:51) on array 'temp_output2[0]', matmul.cpp:120 [491]  (0.79 ns)

 <State 199>: 0.79ns
The critical path consists of the following:
	'load' operation ('temp_output2_0_load_1', matmul.cpp:51) on array 'temp_output2[0]', matmul.cpp:120 [491]  (0.79 ns)

 <State 200>: 0.79ns
The critical path consists of the following:
	'load' operation ('temp_output2_0_load_3', matmul.cpp:51) on array 'temp_output2[0]', matmul.cpp:120 [495]  (0.79 ns)

 <State 201>: 0.79ns
The critical path consists of the following:
	'load' operation ('temp_output2_0_load_5', matmul.cpp:51) on array 'temp_output2[0]', matmul.cpp:120 [499]  (0.79 ns)

 <State 202>: 0.79ns
The critical path consists of the following:
	'load' operation ('temp_output2_0_load_7', matmul.cpp:51) on array 'temp_output2[0]', matmul.cpp:120 [503]  (0.79 ns)

 <State 203>: 0.79ns
The critical path consists of the following:
	'load' operation ('temp_output2_0_load_9', matmul.cpp:51) on array 'temp_output2[0]', matmul.cpp:120 [507]  (0.79 ns)

 <State 204>: 0.79ns
The critical path consists of the following:
	'load' operation ('temp_output2_0_load_11', matmul.cpp:51) on array 'temp_output2[0]', matmul.cpp:120 [511]  (0.79 ns)

 <State 205>: 0.79ns
The critical path consists of the following:
	'load' operation ('temp_output2_0_load_13', matmul.cpp:51) on array 'temp_output2[0]', matmul.cpp:120 [515]  (0.79 ns)

 <State 206>: 0.79ns
The critical path consists of the following:
	'load' operation ('temp_output2_0_load_15', matmul.cpp:51) on array 'temp_output2[0]', matmul.cpp:120 [519]  (0.79 ns)

 <State 207>: 0.884ns
The critical path consists of the following:
	'phi' operation ('j', matmul.cpp:45) with incoming values : ('add_ln45', matmul.cpp:45) [524]  (0 ns)
	'icmp' operation ('icmp_ln45', matmul.cpp:45) [527]  (0.884 ns)

 <State 208>: 5.46ns
The critical path consists of the following:
	'load' operation ('layer3_weights_0_load', matmul.cpp:51) on array 'layer3_weights_0' [534]  (0.79 ns)
	'fmul' operation ('mul_i1', matmul.cpp:51) [535]  (4.67 ns)

 <State 209>: 4.67ns
The critical path consists of the following:
	'fmul' operation ('mul_i1', matmul.cpp:51) [535]  (4.67 ns)

 <State 210>: 4.67ns
The critical path consists of the following:
	'fmul' operation ('mul_i1', matmul.cpp:51) [535]  (4.67 ns)

 <State 211>: 4.67ns
The critical path consists of the following:
	'fmul' operation ('mul_i1', matmul.cpp:51) [535]  (4.67 ns)

 <State 212>: 6.02ns
The critical path consists of the following:
	'fadd' operation ('sum_3', matmul.cpp:51) [536]  (6.02 ns)

 <State 213>: 6.02ns
The critical path consists of the following:
	'fadd' operation ('sum_3', matmul.cpp:51) [536]  (6.02 ns)

 <State 214>: 6.02ns
The critical path consists of the following:
	'fadd' operation ('sum_3', matmul.cpp:51) [536]  (6.02 ns)

 <State 215>: 6.02ns
The critical path consists of the following:
	'fadd' operation ('sum_3', matmul.cpp:51) [536]  (6.02 ns)

 <State 216>: 6.02ns
The critical path consists of the following:
	'fadd' operation ('sum_3', matmul.cpp:51) [536]  (6.02 ns)

 <State 217>: 6.02ns
The critical path consists of the following:
	'fadd' operation ('sum_3_1', matmul.cpp:51) [540]  (6.02 ns)

 <State 218>: 6.02ns
The critical path consists of the following:
	'fadd' operation ('sum_3_1', matmul.cpp:51) [540]  (6.02 ns)

 <State 219>: 6.02ns
The critical path consists of the following:
	'fadd' operation ('sum_3_1', matmul.cpp:51) [540]  (6.02 ns)

 <State 220>: 6.02ns
The critical path consists of the following:
	'fadd' operation ('sum_3_1', matmul.cpp:51) [540]  (6.02 ns)

 <State 221>: 6.02ns
The critical path consists of the following:
	'fadd' operation ('sum_3_1', matmul.cpp:51) [540]  (6.02 ns)

 <State 222>: 6.02ns
The critical path consists of the following:
	'fadd' operation ('sum_3_2', matmul.cpp:51) [544]  (6.02 ns)

 <State 223>: 6.02ns
The critical path consists of the following:
	'fadd' operation ('sum_3_2', matmul.cpp:51) [544]  (6.02 ns)

 <State 224>: 6.02ns
The critical path consists of the following:
	'fadd' operation ('sum_3_2', matmul.cpp:51) [544]  (6.02 ns)

 <State 225>: 6.02ns
The critical path consists of the following:
	'fadd' operation ('sum_3_2', matmul.cpp:51) [544]  (6.02 ns)

 <State 226>: 6.02ns
The critical path consists of the following:
	'fadd' operation ('sum_3_2', matmul.cpp:51) [544]  (6.02 ns)

 <State 227>: 6.02ns
The critical path consists of the following:
	'fadd' operation ('sum_3_3', matmul.cpp:51) [548]  (6.02 ns)

 <State 228>: 6.02ns
The critical path consists of the following:
	'fadd' operation ('sum_3_3', matmul.cpp:51) [548]  (6.02 ns)

 <State 229>: 6.02ns
The critical path consists of the following:
	'fadd' operation ('sum_3_3', matmul.cpp:51) [548]  (6.02 ns)

 <State 230>: 6.02ns
The critical path consists of the following:
	'fadd' operation ('sum_3_3', matmul.cpp:51) [548]  (6.02 ns)

 <State 231>: 6.02ns
The critical path consists of the following:
	'fadd' operation ('sum_3_3', matmul.cpp:51) [548]  (6.02 ns)

 <State 232>: 6.02ns
The critical path consists of the following:
	'fadd' operation ('sum_3_4', matmul.cpp:51) [552]  (6.02 ns)

 <State 233>: 6.02ns
The critical path consists of the following:
	'fadd' operation ('sum_3_4', matmul.cpp:51) [552]  (6.02 ns)

 <State 234>: 6.02ns
The critical path consists of the following:
	'fadd' operation ('sum_3_4', matmul.cpp:51) [552]  (6.02 ns)

 <State 235>: 6.02ns
The critical path consists of the following:
	'fadd' operation ('sum_3_4', matmul.cpp:51) [552]  (6.02 ns)

 <State 236>: 6.02ns
The critical path consists of the following:
	'fadd' operation ('sum_3_4', matmul.cpp:51) [552]  (6.02 ns)

 <State 237>: 6.02ns
The critical path consists of the following:
	'fadd' operation ('sum_3_5', matmul.cpp:51) [556]  (6.02 ns)

 <State 238>: 6.02ns
The critical path consists of the following:
	'fadd' operation ('sum_3_5', matmul.cpp:51) [556]  (6.02 ns)

 <State 239>: 6.02ns
The critical path consists of the following:
	'fadd' operation ('sum_3_5', matmul.cpp:51) [556]  (6.02 ns)

 <State 240>: 6.02ns
The critical path consists of the following:
	'fadd' operation ('sum_3_5', matmul.cpp:51) [556]  (6.02 ns)

 <State 241>: 6.02ns
The critical path consists of the following:
	'fadd' operation ('sum_3_5', matmul.cpp:51) [556]  (6.02 ns)

 <State 242>: 6.02ns
The critical path consists of the following:
	'fadd' operation ('sum_3_6', matmul.cpp:51) [560]  (6.02 ns)

 <State 243>: 6.02ns
The critical path consists of the following:
	'fadd' operation ('sum_3_6', matmul.cpp:51) [560]  (6.02 ns)

 <State 244>: 6.02ns
The critical path consists of the following:
	'fadd' operation ('sum_3_6', matmul.cpp:51) [560]  (6.02 ns)

 <State 245>: 6.02ns
The critical path consists of the following:
	'fadd' operation ('sum_3_6', matmul.cpp:51) [560]  (6.02 ns)

 <State 246>: 6.02ns
The critical path consists of the following:
	'fadd' operation ('sum_3_6', matmul.cpp:51) [560]  (6.02 ns)

 <State 247>: 6.02ns
The critical path consists of the following:
	'fadd' operation ('sum_3_7', matmul.cpp:51) [564]  (6.02 ns)

 <State 248>: 6.02ns
The critical path consists of the following:
	'fadd' operation ('sum_3_7', matmul.cpp:51) [564]  (6.02 ns)

 <State 249>: 6.02ns
The critical path consists of the following:
	'fadd' operation ('sum_3_7', matmul.cpp:51) [564]  (6.02 ns)

 <State 250>: 6.02ns
The critical path consists of the following:
	'fadd' operation ('sum_3_7', matmul.cpp:51) [564]  (6.02 ns)

 <State 251>: 6.02ns
The critical path consists of the following:
	'fadd' operation ('sum_3_7', matmul.cpp:51) [564]  (6.02 ns)

 <State 252>: 6.02ns
The critical path consists of the following:
	'fadd' operation ('sum_3_8', matmul.cpp:51) [568]  (6.02 ns)

 <State 253>: 6.02ns
The critical path consists of the following:
	'fadd' operation ('sum_3_8', matmul.cpp:51) [568]  (6.02 ns)

 <State 254>: 6.02ns
The critical path consists of the following:
	'fadd' operation ('sum_3_8', matmul.cpp:51) [568]  (6.02 ns)

 <State 255>: 6.02ns
The critical path consists of the following:
	'fadd' operation ('sum_3_8', matmul.cpp:51) [568]  (6.02 ns)

 <State 256>: 6.02ns
The critical path consists of the following:
	'fadd' operation ('sum_3_8', matmul.cpp:51) [568]  (6.02 ns)

 <State 257>: 6.02ns
The critical path consists of the following:
	'fadd' operation ('sum_3_9', matmul.cpp:51) [572]  (6.02 ns)

 <State 258>: 6.02ns
The critical path consists of the following:
	'fadd' operation ('sum_3_9', matmul.cpp:51) [572]  (6.02 ns)

 <State 259>: 6.02ns
The critical path consists of the following:
	'fadd' operation ('sum_3_9', matmul.cpp:51) [572]  (6.02 ns)

 <State 260>: 6.02ns
The critical path consists of the following:
	'fadd' operation ('sum_3_9', matmul.cpp:51) [572]  (6.02 ns)

 <State 261>: 6.02ns
The critical path consists of the following:
	'fadd' operation ('sum_3_9', matmul.cpp:51) [572]  (6.02 ns)

 <State 262>: 6.02ns
The critical path consists of the following:
	'fadd' operation ('sum_3_s', matmul.cpp:51) [576]  (6.02 ns)

 <State 263>: 6.02ns
The critical path consists of the following:
	'fadd' operation ('sum_3_s', matmul.cpp:51) [576]  (6.02 ns)

 <State 264>: 6.02ns
The critical path consists of the following:
	'fadd' operation ('sum_3_s', matmul.cpp:51) [576]  (6.02 ns)

 <State 265>: 6.02ns
The critical path consists of the following:
	'fadd' operation ('sum_3_s', matmul.cpp:51) [576]  (6.02 ns)

 <State 266>: 6.02ns
The critical path consists of the following:
	'fadd' operation ('sum_3_s', matmul.cpp:51) [576]  (6.02 ns)

 <State 267>: 6.02ns
The critical path consists of the following:
	'fadd' operation ('sum_3_10', matmul.cpp:51) [580]  (6.02 ns)

 <State 268>: 6.02ns
The critical path consists of the following:
	'fadd' operation ('sum_3_10', matmul.cpp:51) [580]  (6.02 ns)

 <State 269>: 6.02ns
The critical path consists of the following:
	'fadd' operation ('sum_3_10', matmul.cpp:51) [580]  (6.02 ns)

 <State 270>: 6.02ns
The critical path consists of the following:
	'fadd' operation ('sum_3_10', matmul.cpp:51) [580]  (6.02 ns)

 <State 271>: 6.02ns
The critical path consists of the following:
	'fadd' operation ('sum_3_10', matmul.cpp:51) [580]  (6.02 ns)

 <State 272>: 6.02ns
The critical path consists of the following:
	'fadd' operation ('sum_3_11', matmul.cpp:51) [584]  (6.02 ns)

 <State 273>: 6.02ns
The critical path consists of the following:
	'fadd' operation ('sum_3_11', matmul.cpp:51) [584]  (6.02 ns)

 <State 274>: 6.02ns
The critical path consists of the following:
	'fadd' operation ('sum_3_11', matmul.cpp:51) [584]  (6.02 ns)

 <State 275>: 6.02ns
The critical path consists of the following:
	'fadd' operation ('sum_3_11', matmul.cpp:51) [584]  (6.02 ns)

 <State 276>: 6.02ns
The critical path consists of the following:
	'fadd' operation ('sum_3_11', matmul.cpp:51) [584]  (6.02 ns)

 <State 277>: 6.02ns
The critical path consists of the following:
	'fadd' operation ('sum_3_12', matmul.cpp:51) [588]  (6.02 ns)

 <State 278>: 6.02ns
The critical path consists of the following:
	'fadd' operation ('sum_3_12', matmul.cpp:51) [588]  (6.02 ns)

 <State 279>: 6.02ns
The critical path consists of the following:
	'fadd' operation ('sum_3_12', matmul.cpp:51) [588]  (6.02 ns)

 <State 280>: 6.02ns
The critical path consists of the following:
	'fadd' operation ('sum_3_12', matmul.cpp:51) [588]  (6.02 ns)

 <State 281>: 6.02ns
The critical path consists of the following:
	'fadd' operation ('sum_3_12', matmul.cpp:51) [588]  (6.02 ns)

 <State 282>: 6.02ns
The critical path consists of the following:
	'fadd' operation ('sum_3_13', matmul.cpp:51) [592]  (6.02 ns)

 <State 283>: 6.02ns
The critical path consists of the following:
	'fadd' operation ('sum_3_13', matmul.cpp:51) [592]  (6.02 ns)

 <State 284>: 6.02ns
The critical path consists of the following:
	'fadd' operation ('sum_3_13', matmul.cpp:51) [592]  (6.02 ns)

 <State 285>: 6.02ns
The critical path consists of the following:
	'fadd' operation ('sum_3_13', matmul.cpp:51) [592]  (6.02 ns)

 <State 286>: 6.02ns
The critical path consists of the following:
	'fadd' operation ('sum_3_13', matmul.cpp:51) [592]  (6.02 ns)

 <State 287>: 6.02ns
The critical path consists of the following:
	'fadd' operation ('sum_3_14', matmul.cpp:51) [596]  (6.02 ns)

 <State 288>: 6.02ns
The critical path consists of the following:
	'fadd' operation ('sum_3_14', matmul.cpp:51) [596]  (6.02 ns)

 <State 289>: 6.02ns
The critical path consists of the following:
	'fadd' operation ('sum_3_14', matmul.cpp:51) [596]  (6.02 ns)

 <State 290>: 6.02ns
The critical path consists of the following:
	'fadd' operation ('sum_3_14', matmul.cpp:51) [596]  (6.02 ns)

 <State 291>: 6.81ns
The critical path consists of the following:
	'fadd' operation ('sum_3_14', matmul.cpp:51) [596]  (6.02 ns)
	'store' operation ('store_ln53', matmul.cpp:53) of variable 'sum_3_14', matmul.cpp:51 on array 'temp_output3[0]', matmul.cpp:121 [598]  (0.79 ns)

 <State 292>: 0.489ns
The critical path consists of the following:
	multiplexor before 'phi' operation ('i', matmul.cpp:98) with incoming values : ('add_ln95', matmul.cpp:95) [603]  (0.489 ns)

 <State 293>: 0.884ns
The critical path consists of the following:
	'phi' operation ('i', matmul.cpp:98) with incoming values : ('add_ln95', matmul.cpp:95) [603]  (0 ns)
	'icmp' operation ('icmp_ln95', matmul.cpp:95) [607]  (0.884 ns)

 <State 294>: 4.14ns
The critical path consists of the following:
	'load' operation ('max_val', matmul.cpp:98) on array 'temp_output3[0]', matmul.cpp:121 [615]  (0.79 ns)
	'fcmp' operation ('tmp_6', matmul.cpp:98) [629]  (3.35 ns)

 <State 295>: 4.2ns
The critical path consists of the following:
	'fcmp' operation ('tmp_6', matmul.cpp:98) [629]  (3.35 ns)
	'and' operation ('and_ln98_1', matmul.cpp:98) [630]  (0.331 ns)
	'select' operation ('max_idx', matmul.cpp:98) [632]  (0.525 ns)

 <State 296>: 7.3ns
The critical path consists of the following:
	'getelementptr' operation ('AXI_DATA_addr', matmul.cpp:131) [637]  (0 ns)
	bus request on port 'AXI_DATA' (matmul.cpp:131) [638]  (7.3 ns)

 <State 297>: 7.3ns
The critical path consists of the following:
	bus write on port 'AXI_DATA' (matmul.cpp:131) [639]  (7.3 ns)

 <State 298>: 7.3ns
The critical path consists of the following:
	bus response on port 'AXI_DATA' (matmul.cpp:131) [640]  (7.3 ns)

 <State 299>: 7.3ns
The critical path consists of the following:
	bus response on port 'AXI_DATA' (matmul.cpp:131) [640]  (7.3 ns)

 <State 300>: 7.3ns
The critical path consists of the following:
	bus response on port 'AXI_DATA' (matmul.cpp:131) [640]  (7.3 ns)

 <State 301>: 7.3ns
The critical path consists of the following:
	bus response on port 'AXI_DATA' (matmul.cpp:131) [640]  (7.3 ns)

 <State 302>: 7.3ns
The critical path consists of the following:
	bus response on port 'AXI_DATA' (matmul.cpp:131) [640]  (7.3 ns)


============================================================
+ Verbose Summary: Binding
============================================================
N/A
* FSMD analyzer results:
  - Output states:
 - Input state : 
  - Chain level:
	State 1
	State 2
	State 3
	State 4
	State 5
	State 6
	State 7
	State 8
	State 9
	State 10
	State 11
	State 12
	State 13
	State 14
	State 15
	State 16
	State 17
	State 18
	State 19
	State 20
	State 21
	State 22
	State 23
	State 24
	State 25
	State 26
	State 27
	State 28
	State 29
	State 30
	State 31
	State 32
	State 33
	State 34
	State 35
	State 36
	State 37
	State 38
	State 39
	State 40
	State 41
	State 42
	State 43
	State 44
	State 45
	State 46
	State 47
	State 48
	State 49
	State 50
	State 51
	State 52
	State 53
	State 54
	State 55
	State 56
	State 57
	State 58
	State 59
	State 60
	State 61
	State 62
	State 63
	State 64
	State 65
	State 66
	State 67
	State 68
	State 69
	State 70
	State 71
	State 72
	State 73
	State 74
	State 75
	State 76
	State 77
	State 78
	State 79
	State 80
	State 81
	State 82
	State 83
	State 84
	State 85
	State 86
	State 87
	State 88
	State 89
	State 90
	State 91
	State 92
	State 93
	State 94
	State 95
	State 96
	State 97
	State 98
	State 99
	State 100
	State 101
	State 102
	State 103
	State 104
	State 105
	State 106
	State 107
	State 108
	State 109
	State 110
	State 111
	State 112
	State 113
	State 114
	State 115
	State 116
	State 117
	State 118
	State 119
	State 120
	State 121
	State 122
	State 123
	State 124
	State 125
	State 126
	State 127
	State 128
	State 129
	State 130
	State 131
	State 132
	State 133
	State 134
	State 135
	State 136
	State 137
	State 138
	State 139
	State 140
	State 141
	State 142
	State 143
	State 144
	State 145
	State 146
	State 147
	State 148
	State 149
	State 150
	State 151
	State 152
	State 153
	State 154
	State 155
	State 156
	State 157
	State 158
	State 159
	State 160
	State 161
	State 162
	State 163
	State 164
	State 165
	State 166
	State 167
	State 168
	State 169
	State 170
	State 171
	State 172
	State 173
	State 174
	State 175
	State 176
	State 177
	State 178
	State 179
	State 180
	State 181
	State 182
	State 183
	State 184
	State 185
	State 186
	State 187
	State 188
	State 189
	State 190
	State 191
	State 192
	State 193
	State 194
	State 195
	State 196
	State 197
	State 198
	State 199
	State 200
	State 201
	State 202
	State 203
	State 204
	State 205
	State 206
	State 207
	State 208
	State 209
	State 210
	State 211
	State 212
	State 213
	State 214
	State 215
	State 216
	State 217
	State 218
	State 219
	State 220
	State 221
	State 222
	State 223
	State 224
	State 225
	State 226
	State 227
	State 228
	State 229
	State 230
	State 231
	State 232
	State 233
	State 234
	State 235
	State 236
	State 237
	State 238
	State 239
	State 240
	State 241
	State 242
	State 243
	State 244
	State 245
	State 246
	State 247
	State 248
	State 249
	State 250
	State 251
	State 252
	State 253
	State 254
	State 255
	State 256
	State 257
	State 258
	State 259
	State 260
	State 261
	State 262
	State 263
	State 264
	State 265
	State 266
	State 267
	State 268
	State 269
	State 270
	State 271
	State 272
	State 273
	State 274
	State 275
	State 276
	State 277
	State 278
	State 279
	State 280
	State 281
	State 282
	State 283
	State 284
	State 285
	State 286
	State 287
	State 288
	State 289
	State 290
	State 291
	State 292
	State 293
	State 294
	State 295
	State 296
	State 297
	State 298
	State 299
	State 300
	State 301
	State 302


============================================================
+ Verbose Summary: Datapath Resource usage 
============================================================
N/A
